==== Metallum diag start ====
11:56:12.554 buffers total=42 | usage=0x82 count=15 req=0.0MB alloc=0.0MB | usage=0x22 count=6 req=0.0MB alloc=0.0MB | usage=0x3 count=2 req=1.5MB alloc=1.5MB | usage=0x88 count=15 req=0.0MB alloc=0.0MB | usage=0x28 count=3 req=0.0MB alloc=0.0MB | usage=0x48 count=1 req=0.0MB alloc=0.0MB | sum count=42 req=1.5MB alloc=1.5MB
11:56:12.603 frame_time samples=1 avg=50.4ms max=50.4ms gpuBehind=0
11:56:17.613 frame_time samples=141 avg=106.6ms max=2648.1ms gpuBehind=0
11:56:22.629 frame_time samples=301 avg=50.0ms max=50.1ms gpuBehind=0
11:56:27.645 frame_time samples=301 avg=50.0ms max=50.3ms gpuBehind=0
11:56:32.661 frame_time samples=301 avg=50.0ms max=50.3ms gpuBehind=0
11:56:37.677 frame_time samples=301 avg=50.0ms max=50.1ms gpuBehind=0
11:56:42.693 frame_time samples=301 avg=50.0ms max=50.7ms gpuBehind=0
11:56:47.411 visibleSections=0 smartCull=true
11:56:47.694 frame_time samples=230 avg=65.2ms max=629.9ms gpuBehind=0
11:56:52.418 visibleSections=15 smartCull=true
11:56:52.713 frame_time samples=249 avg=60.1ms max=194.4ms gpuBehind=0
11:56:57.427 visibleSections=1852 smartCull=true
11:56:57.726 frame_time samples=281 avg=53.9ms max=123.2ms gpuBehind=0
11:57:02.427 visibleSections=2426 smartCull=true
11:57:02.742 frame_time samples=295 avg=51.0ms max=146.7ms gpuBehind=0
11:57:07.446 visibleSections=1727 smartCull=true
11:57:07.743 frame_time samples=290 avg=51.7ms max=107.4ms gpuBehind=0
11:57:12.452 visibleSections=521 smartCull=true
11:57:12.601 buffers total=20343 | usage=0x82 count=81 req=6.0MB alloc=6.0MB | usage=0x22 count=42 req=0.6MB alloc=0.6MB | usage=0x102 count=3 req=2.0MB alloc=2.0MB | usage=0x3 count=1320 req=730.3MB alloc=730.3MB | usage=0x88 count=42 req=0.9MB alloc=0.9MB | usage=0x28 count=15452 req=815.2MB alloc=815.2MB | usage=0x48 count=3403 req=11.5MB alloc=11.5MB | sum count=20343 req=1566.5MB alloc=1566.5MB
11:57:12.761 frame_time samples=281 avg=53.5ms max=135.6ms gpuBehind=0
11:57:17.458 visibleSections=618 smartCull=true
11:57:17.773 frame_time samples=281 avg=53.7ms max=219.6ms gpuBehind=0
11:57:22.473 visibleSections=722 smartCull=true
11:57:22.777 frame_time samples=290 avg=51.7ms max=126.2ms gpuBehind=0
11:57:27.487 visibleSections=791 smartCull=true
11:57:27.789 frame_time samples=283 avg=53.2ms max=159.0ms gpuBehind=0
11:57:32.491 visibleSections=1170 smartCull=true
11:57:32.789 frame_time samples=293 avg=51.2ms max=113.4ms gpuBehind=0
11:57:37.508 visibleSections=1198 smartCull=true
11:57:37.804 frame_time samples=278 avg=54.1ms max=191.8ms gpuBehind=0
11:57:42.576 visibleSections=1267 smartCull=true
11:57:42.822 frame_time samples=281 avg=53.6ms max=154.8ms gpuBehind=0
11:57:47.588 visibleSections=1897 smartCull=true
11:57:47.837 frame_time samples=285 avg=52.8ms max=138.1ms gpuBehind=0
==== Metallum diag start ====
12:03:04.525 buffers total=42 | usage=0x82 count=15 req=0.0MB alloc=0.0MB | usage=0x22 count=6 req=0.0MB alloc=0.0MB | usage=0x3 count=2 req=1.5MB alloc=1.5MB | usage=0x88 count=15 req=0.0MB alloc=0.0MB | usage=0x28 count=3 req=0.0MB alloc=0.0MB | usage=0x48 count=1 req=0.0MB alloc=0.0MB | sum count=42 req=1.5MB alloc=1.5MB
12:03:04.577 frame_time samples=1 avg=52.7ms max=52.7ms gpuBehind=0
12:03:09.591 frame_time samples=146 avg=103.1ms max=2564.7ms gpuBehind=0
12:03:13.156 visibleSections=0 smartCull=true
12:03:14.608 frame_time samples=216 avg=69.5ms max=589.6ms gpuBehind=0
12:03:18.163 visibleSections=1288 smartCull=true
12:03:19.608 frame_time samples=256 avg=58.8ms max=187.6ms gpuBehind=0
12:03:23.176 visibleSections=1217 smartCull=true
12:03:24.632 frame_time samples=286 avg=52.3ms max=153.0ms gpuBehind=0
12:03:28.193 visibleSections=1383 smartCull=true
12:03:29.640 frame_time samples=282 avg=53.7ms max=149.7ms gpuBehind=0
12:03:33.208 visibleSections=1772 smartCull=true
12:03:34.655 frame_time samples=284 avg=53.0ms max=115.3ms gpuBehind=0
12:03:38.223 visibleSections=1451 smartCull=true
12:03:39.672 frame_time samples=295 avg=51.0ms max=113.5ms gpuBehind=0
12:03:43.223 visibleSections=1489 smartCull=true
12:03:44.688 frame_time samples=289 avg=52.1ms max=132.4ms gpuBehind=0
12:03:49.695 frame_time samples=296 avg=50.7ms max=92.4ms gpuBehind=0
==== Metallum diag start ====
12:19:21.601 createBuffer stack sample #1:
  knot//net.minecraft.class_11285.<init>(class_11285.java:29)
  knot//net.minecraft.class_11280.<init>(class_11280.java:33)
  knot//net.minecraft.class_11282.<init>(class_11282.java:34)
  knot//com.mojang.blaze3d.systems.RenderSystem.handler$zza000$metallum$createMetalDevice(RenderSystem.java:553)
  knot//com.mojang.blaze3d.systems.RenderSystem.initRenderer(RenderSystem.java)
  knot//net.minecraft.class_310.<init>(class_310.java:533)
  knot//net.minecraft.client.main.Main.main(Main.java:234)
  net.fabricmc.loader.impl.game.minecraft.MinecraftGameProvider.launch(MinecraftGameProvider.java:514)
  net.fabricmc.loader.impl.launch.knot.Knot.launch(Knot.java:72)
  net.fabricmc.loader.impl.launch.knot.KnotClient.main(KnotClient.java:23)
  java.base/jdk.internal.reflect.DirectMethodHandleAccessor.invoke(Unknown Source)
  java.base/java.lang.reflect.Method.invoke(Unknown Source)
12:19:21.602 createBuffer stack sample #2:
  knot//net.minecraft.class_11285.<init>(class_11285.java:29)
  knot//net.minecraft.class_11280.<init>(class_11280.java:33)
  knot//net.minecraft.class_11282.<init>(class_11282.java:34)
  knot//com.mojang.blaze3d.systems.RenderSystem.handler$zza000$metallum$createMetalDevice(RenderSystem.java:553)
  knot//com.mojang.blaze3d.systems.RenderSystem.initRenderer(RenderSystem.java)
  knot//net.minecraft.class_310.<init>(class_310.java:533)
  knot//net.minecraft.client.main.Main.main(Main.java:234)
  net.fabricmc.loader.impl.game.minecraft.MinecraftGameProvider.launch(MinecraftGameProvider.java:514)
  net.fabricmc.loader.impl.launch.knot.Knot.launch(Knot.java:72)
  net.fabricmc.loader.impl.launch.knot.KnotClient.main(KnotClient.java:23)
  java.base/jdk.internal.reflect.DirectMethodHandleAccessor.invoke(Unknown Source)
  java.base/java.lang.reflect.Method.invoke(Unknown Source)
12:19:21.602 createBuffer stack sample #3:
  knot//net.minecraft.class_11285.<init>(class_11285.java:29)
  knot//net.minecraft.class_11280.<init>(class_11280.java:33)
  knot//net.minecraft.class_11282.<init>(class_11282.java:34)
  knot//com.mojang.blaze3d.systems.RenderSystem.handler$zza000$metallum$createMetalDevice(RenderSystem.java:553)
  knot//com.mojang.blaze3d.systems.RenderSystem.initRenderer(RenderSystem.java)
  knot//net.minecraft.class_310.<init>(class_310.java:533)
  knot//net.minecraft.client.main.Main.main(Main.java:234)
  net.fabricmc.loader.impl.game.minecraft.MinecraftGameProvider.launch(MinecraftGameProvider.java:514)
  net.fabricmc.loader.impl.launch.knot.Knot.launch(Knot.java:72)
  net.fabricmc.loader.impl.launch.knot.KnotClient.main(KnotClient.java:23)
  java.base/jdk.internal.reflect.DirectMethodHandleAccessor.invoke(Unknown Source)
  java.base/java.lang.reflect.Method.invoke(Unknown Source)
12:19:21.602 createBuffer stack sample #4:
  knot//net.minecraft.class_11285.<init>(class_11285.java:29)
  knot//net.minecraft.class_11280.<init>(class_11280.java:33)
  knot//net.minecraft.class_11282.<init>(class_11282.java:35)
  knot//com.mojang.blaze3d.systems.RenderSystem.handler$zza000$metallum$createMetalDevice(RenderSystem.java:553)
  knot//com.mojang.blaze3d.systems.RenderSystem.initRenderer(RenderSystem.java)
  knot//net.minecraft.class_310.<init>(class_310.java:533)
  knot//net.minecraft.client.main.Main.main(Main.java:234)
  net.fabricmc.loader.impl.game.minecraft.MinecraftGameProvider.launch(MinecraftGameProvider.java:514)
  net.fabricmc.loader.impl.launch.knot.Knot.launch(Knot.java:72)
  net.fabricmc.loader.impl.launch.knot.KnotClient.main(KnotClient.java:23)
  java.base/jdk.internal.reflect.DirectMethodHandleAccessor.invoke(Unknown Source)
  java.base/java.lang.reflect.Method.invoke(Unknown Source)
12:19:21.603 createBuffer stack sample #5:
  knot//net.minecraft.class_11285.<init>(class_11285.java:29)
  knot//net.minecraft.class_11280.<init>(class_11280.java:33)
  knot//net.minecraft.class_11282.<init>(class_11282.java:35)
  knot//com.mojang.blaze3d.systems.RenderSystem.handler$zza000$metallum$createMetalDevice(RenderSystem.java:553)
  knot//com.mojang.blaze3d.systems.RenderSystem.initRenderer(RenderSystem.java)
  knot//net.minecraft.class_310.<init>(class_310.java:533)
  knot//net.minecraft.client.main.Main.main(Main.java:234)
  net.fabricmc.loader.impl.game.minecraft.MinecraftGameProvider.launch(MinecraftGameProvider.java:514)
  net.fabricmc.loader.impl.launch.knot.Knot.launch(Knot.java:72)
  net.fabricmc.loader.impl.launch.knot.KnotClient.main(KnotClient.java:23)
  java.base/jdk.internal.reflect.DirectMethodHandleAccessor.invoke(Unknown Source)
  java.base/java.lang.reflect.Method.invoke(Unknown Source)
12:19:22.058 buffers total=42 | usage=0x82 count=15 req=0.0MB alloc=0.0MB | usage=0x22 count=6 req=0.0MB alloc=0.0MB | usage=0x3 count=2 req=1.5MB alloc=1.5MB | usage=0x88 count=15 req=0.0MB alloc=0.0MB | usage=0x28 count=3 req=0.0MB alloc=0.0MB | usage=0x48 count=1 req=0.0MB alloc=0.0MB | sum count=42 req=1.5MB alloc=1.5MB | poolHit=0 poolMiss=42 poolReturn=0 poolHitRate=0%
12:19:27.060 frame_time fps=55.5 avg=18.02ms max=136.35ms gpuBehind=0
12:19:31.470 visibleSections=0 smartCull=true
12:19:32.063 frame_time fps=50.9 avg=19.66ms max=172.17ms gpuBehind=0
12:19:36.482 visibleSections=1059 smartCull=true
12:19:37.076 frame_time fps=52.9 avg=18.92ms max=91.17ms gpuBehind=0
12:19:41.495 visibleSections=983 smartCull=true
12:19:42.092 frame_time fps=57.2 avg=17.48ms max=111.75ms gpuBehind=0
12:19:46.508 visibleSections=949 smartCull=true
12:19:47.108 frame_time fps=59.0 avg=16.95ms max=64.69ms gpuBehind=0
12:19:51.508 visibleSections=1159 smartCull=true
12:19:52.124 frame_time fps=60.0 avg=16.67ms max=17.04ms gpuBehind=0
==== Metallum diag start ====
12:20:07.062 createBuffer stack sample #1:
  knot//net.minecraft.class_11285.<init>(class_11285.java:29)
  knot//net.minecraft.class_11280.<init>(class_11280.java:33)
  knot//net.minecraft.class_11282.<init>(class_11282.java:34)
  knot//com.mojang.blaze3d.systems.RenderSystem.handler$zza000$metallum$createMetalDevice(RenderSystem.java:553)
  knot//com.mojang.blaze3d.systems.RenderSystem.initRenderer(RenderSystem.java)
  knot//net.minecraft.class_310.<init>(class_310.java:533)
  knot//net.minecraft.client.main.Main.main(Main.java:234)
  net.fabricmc.loader.impl.game.minecraft.MinecraftGameProvider.launch(MinecraftGameProvider.java:514)
  net.fabricmc.loader.impl.launch.knot.Knot.launch(Knot.java:72)
  net.fabricmc.loader.impl.launch.knot.KnotClient.main(KnotClient.java:23)
  java.base/jdk.internal.reflect.DirectMethodHandleAccessor.invoke(Unknown Source)
  java.base/java.lang.reflect.Method.invoke(Unknown Source)
12:20:07.063 createBuffer stack sample #2:
  knot//net.minecraft.class_11285.<init>(class_11285.java:29)
  knot//net.minecraft.class_11280.<init>(class_11280.java:33)
  knot//net.minecraft.class_11282.<init>(class_11282.java:34)
  knot//com.mojang.blaze3d.systems.RenderSystem.handler$zza000$metallum$createMetalDevice(RenderSystem.java:553)
  knot//com.mojang.blaze3d.systems.RenderSystem.initRenderer(RenderSystem.java)
  knot//net.minecraft.class_310.<init>(class_310.java:533)
  knot//net.minecraft.client.main.Main.main(Main.java:234)
  net.fabricmc.loader.impl.game.minecraft.MinecraftGameProvider.launch(MinecraftGameProvider.java:514)
  net.fabricmc.loader.impl.launch.knot.Knot.launch(Knot.java:72)
  net.fabricmc.loader.impl.launch.knot.KnotClient.main(KnotClient.java:23)
  java.base/jdk.internal.reflect.DirectMethodHandleAccessor.invoke(Unknown Source)
  java.base/java.lang.reflect.Method.invoke(Unknown Source)
12:20:07.064 createBuffer stack sample #3:
  knot//net.minecraft.class_11285.<init>(class_11285.java:29)
  knot//net.minecraft.class_11280.<init>(class_11280.java:33)
  knot//net.minecraft.class_11282.<init>(class_11282.java:34)
  knot//com.mojang.blaze3d.systems.RenderSystem.handler$zza000$metallum$createMetalDevice(RenderSystem.java:553)
  knot//com.mojang.blaze3d.systems.RenderSystem.initRenderer(RenderSystem.java)
  knot//net.minecraft.class_310.<init>(class_310.java:533)
  knot//net.minecraft.client.main.Main.main(Main.java:234)
  net.fabricmc.loader.impl.game.minecraft.MinecraftGameProvider.launch(MinecraftGameProvider.java:514)
  net.fabricmc.loader.impl.launch.knot.Knot.launch(Knot.java:72)
  net.fabricmc.loader.impl.launch.knot.KnotClient.main(KnotClient.java:23)
  java.base/jdk.internal.reflect.DirectMethodHandleAccessor.invoke(Unknown Source)
  java.base/java.lang.reflect.Method.invoke(Unknown Source)
12:20:07.064 createBuffer stack sample #4:
  knot//net.minecraft.class_11285.<init>(class_11285.java:29)
  knot//net.minecraft.class_11280.<init>(class_11280.java:33)
  knot//net.minecraft.class_11282.<init>(class_11282.java:35)
  knot//com.mojang.blaze3d.systems.RenderSystem.handler$zza000$metallum$createMetalDevice(RenderSystem.java:553)
  knot//com.mojang.blaze3d.systems.RenderSystem.initRenderer(RenderSystem.java)
  knot//net.minecraft.class_310.<init>(class_310.java:533)
  knot//net.minecraft.client.main.Main.main(Main.java:234)
  net.fabricmc.loader.impl.game.minecraft.MinecraftGameProvider.launch(MinecraftGameProvider.java:514)
  net.fabricmc.loader.impl.launch.knot.Knot.launch(Knot.java:72)
  net.fabricmc.loader.impl.launch.knot.KnotClient.main(KnotClient.java:23)
  java.base/jdk.internal.reflect.DirectMethodHandleAccessor.invoke(Unknown Source)
  java.base/java.lang.reflect.Method.invoke(Unknown Source)
12:20:07.064 createBuffer stack sample #5:
  knot//net.minecraft.class_11285.<init>(class_11285.java:29)
  knot//net.minecraft.class_11280.<init>(class_11280.java:33)
  knot//net.minecraft.class_11282.<init>(class_11282.java:35)
  knot//com.mojang.blaze3d.systems.RenderSystem.handler$zza000$metallum$createMetalDevice(RenderSystem.java:553)
  knot//com.mojang.blaze3d.systems.RenderSystem.initRenderer(RenderSystem.java)
  knot//net.minecraft.class_310.<init>(class_310.java:533)
  knot//net.minecraft.client.main.Main.main(Main.java:234)
  net.fabricmc.loader.impl.game.minecraft.MinecraftGameProvider.launch(MinecraftGameProvider.java:514)
  net.fabricmc.loader.impl.launch.knot.Knot.launch(Knot.java:72)
  net.fabricmc.loader.impl.launch.knot.KnotClient.main(KnotClient.java:23)
  java.base/jdk.internal.reflect.DirectMethodHandleAccessor.invoke(Unknown Source)
  java.base/java.lang.reflect.Method.invoke(Unknown Source)
12:20:07.488 buffers total=42 | usage=0x82 count=15 req=0.0MB alloc=0.0MB | usage=0x22 count=6 req=0.0MB alloc=0.0MB | usage=0x3 count=2 req=1.5MB alloc=1.5MB | usage=0x88 count=15 req=0.0MB alloc=0.0MB | usage=0x28 count=3 req=0.0MB alloc=0.0MB | usage=0x48 count=1 req=0.0MB alloc=0.0MB | sum count=42 req=1.5MB alloc=1.5MB | poolHit=0 poolMiss=42 poolReturn=0 poolHitRate=0%
12:20:12.489 frame_time fps=55.0 avg=18.18ms max=144.00ms gpuBehind=0
12:20:17.314 visibleSections=0 smartCull=true
12:20:17.500 frame_time fps=50.8 avg=19.69ms max=173.75ms gpuBehind=0
12:20:22.325 visibleSections=1447 smartCull=true
12:20:22.514 frame_time fps=50.5 avg=19.82ms max=77.17ms gpuBehind=0
12:20:27.337 visibleSections=1490 smartCull=true
12:20:27.520 frame_time fps=58.5 avg=17.09ms max=106.28ms gpuBehind=0
12:20:32.355 visibleSections=1490 smartCull=true
12:20:32.536 frame_time fps=60.0 avg=16.67ms max=16.82ms gpuBehind=0
12:20:37.369 visibleSections=1490 smartCull=true
12:20:37.553 frame_time fps=60.0 avg=16.67ms max=18.15ms gpuBehind=0
12:20:42.385 visibleSections=1490 smartCull=true
12:20:42.569 frame_time fps=60.0 avg=16.67ms max=16.88ms gpuBehind=0
12:20:47.387 visibleSections=51 smartCull=true
12:20:47.585 frame_time fps=60.0 avg=16.67ms max=24.98ms gpuBehind=0
12:20:52.403 visibleSections=1574 smartCull=true
12:20:52.601 frame_time fps=60.0 avg=16.67ms max=21.47ms gpuBehind=0
12:20:57.463 visibleSections=1359 smartCull=true
12:20:57.618 frame_time fps=58.8 avg=17.00ms max=93.52ms gpuBehind=0
12:21:02.471 visibleSections=1266 smartCull=true
12:21:02.625 frame_time fps=57.8 avg=17.30ms max=57.66ms gpuBehind=0
12:21:07.483 visibleSections=1692 smartCull=true
12:21:07.500 buffers total=16918 | usage=0x82 count=78 req=3.0MB alloc=3.0MB | usage=0x22 count=147 req=1.6MB alloc=1.6MB | usage=0x102 count=3 req=2.0MB alloc=2.0MB | usage=0x3 count=786 req=418.3MB alloc=418.3MB | usage=0x88 count=42 req=0.9MB alloc=0.9MB | usage=0x28 count=13139 req=519.5MB alloc=519.5MB | usage=0x48 count=2721 req=9.0MB alloc=9.0MB | usage=0x9 count=2 req=29.5MB alloc=29.5MB | sum count=16918 req=983.9MB alloc=983.9MB | poolHit=3286 poolMiss=16918 poolReturn=4278 poolHitRate=16%
12:21:07.633 frame_time fps=58.2 avg=17.17ms max=69.04ms gpuBehind=0
12:21:12.483 visibleSections=1711 smartCull=true
12:21:12.649 frame_time fps=58.4 avg=17.12ms max=55.06ms gpuBehind=0
12:21:17.500 visibleSections=504 smartCull=true
12:21:17.666 frame_time fps=58.6 avg=17.06ms max=57.51ms gpuBehind=0
12:21:22.589 visibleSections=397 smartCull=true
12:21:22.682 frame_time fps=54.8 avg=18.24ms max=276.02ms gpuBehind=0
12:21:27.599 visibleSections=1233 smartCull=true
12:21:27.697 frame_time fps=59.4 avg=16.83ms max=55.25ms gpuBehind=0
12:21:32.601 visibleSections=947 smartCull=true
12:21:32.699 frame_time fps=60.0 avg=16.67ms max=18.64ms gpuBehind=0
12:21:37.613 visibleSections=1484 smartCull=true
12:21:37.713 frame_time fps=60.0 avg=16.66ms max=18.36ms gpuBehind=0
12:21:42.630 visibleSections=1336 smartCull=true
12:21:42.729 frame_time fps=60.0 avg=16.67ms max=18.19ms gpuBehind=0
12:21:47.648 visibleSections=1237 smartCull=true
12:21:47.746 frame_time fps=60.0 avg=16.67ms max=18.52ms gpuBehind=0
==== Metallum diag start ====
00:26:09.764 createBuffer stack sample #1:
  knot//net.minecraft.class_11285.<init>(class_11285.java:29)
  knot//net.minecraft.class_11280.<init>(class_11280.java:33)
  knot//net.minecraft.class_11282.<init>(class_11282.java:34)
  knot//com.mojang.blaze3d.systems.RenderSystem.handler$zep000$metallum$createMetalDevice(RenderSystem.java:553)
  knot//com.mojang.blaze3d.systems.RenderSystem.initRenderer(RenderSystem.java)
  knot//net.minecraft.class_310.<init>(class_310.java:533)
  knot//net.minecraft.client.main.Main.main(Main.java:234)
  net.fabricmc.loader.impl.game.minecraft.MinecraftGameProvider.launch(MinecraftGameProvider.java:514)
  net.fabricmc.loader.impl.launch.knot.Knot.launch(Knot.java:72)
  net.fabricmc.loader.impl.launch.knot.KnotClient.main(KnotClient.java:23)
  java.base/jdk.internal.reflect.DirectMethodHandleAccessor.invoke(Unknown Source)
  java.base/java.lang.reflect.Method.invoke(Unknown Source)
00:26:09.766 createBuffer stack sample #2:
  knot//net.minecraft.class_11285.<init>(class_11285.java:29)
  knot//net.minecraft.class_11280.<init>(class_11280.java:33)
  knot//net.minecraft.class_11282.<init>(class_11282.java:34)
  knot//com.mojang.blaze3d.systems.RenderSystem.handler$zep000$metallum$createMetalDevice(RenderSystem.java:553)
  knot//com.mojang.blaze3d.systems.RenderSystem.initRenderer(RenderSystem.java)
  knot//net.minecraft.class_310.<init>(class_310.java:533)
  knot//net.minecraft.client.main.Main.main(Main.java:234)
  net.fabricmc.loader.impl.game.minecraft.MinecraftGameProvider.launch(MinecraftGameProvider.java:514)
  net.fabricmc.loader.impl.launch.knot.Knot.launch(Knot.java:72)
  net.fabricmc.loader.impl.launch.knot.KnotClient.main(KnotClient.java:23)
  java.base/jdk.internal.reflect.DirectMethodHandleAccessor.invoke(Unknown Source)
  java.base/java.lang.reflect.Method.invoke(Unknown Source)
00:26:09.766 createBuffer stack sample #3:
  knot//net.minecraft.class_11285.<init>(class_11285.java:29)
  knot//net.minecraft.class_11280.<init>(class_11280.java:33)
  knot//net.minecraft.class_11282.<init>(class_11282.java:34)
  knot//com.mojang.blaze3d.systems.RenderSystem.handler$zep000$metallum$createMetalDevice(RenderSystem.java:553)
  knot//com.mojang.blaze3d.systems.RenderSystem.initRenderer(RenderSystem.java)
  knot//net.minecraft.class_310.<init>(class_310.java:533)
  knot//net.minecraft.client.main.Main.main(Main.java:234)
  net.fabricmc.loader.impl.game.minecraft.MinecraftGameProvider.launch(MinecraftGameProvider.java:514)
  net.fabricmc.loader.impl.launch.knot.Knot.launch(Knot.java:72)
  net.fabricmc.loader.impl.launch.knot.KnotClient.main(KnotClient.java:23)
  java.base/jdk.internal.reflect.DirectMethodHandleAccessor.invoke(Unknown Source)
  java.base/java.lang.reflect.Method.invoke(Unknown Source)
00:26:09.766 createBuffer stack sample #4:
  knot//net.minecraft.class_11285.<init>(class_11285.java:29)
  knot//net.minecraft.class_11280.<init>(class_11280.java:33)
  knot//net.minecraft.class_11282.<init>(class_11282.java:35)
  knot//com.mojang.blaze3d.systems.RenderSystem.handler$zep000$metallum$createMetalDevice(RenderSystem.java:553)
  knot//com.mojang.blaze3d.systems.RenderSystem.initRenderer(RenderSystem.java)
  knot//net.minecraft.class_310.<init>(class_310.java:533)
  knot//net.minecraft.client.main.Main.main(Main.java:234)
  net.fabricmc.loader.impl.game.minecraft.MinecraftGameProvider.launch(MinecraftGameProvider.java:514)
  net.fabricmc.loader.impl.launch.knot.Knot.launch(Knot.java:72)
  net.fabricmc.loader.impl.launch.knot.KnotClient.main(KnotClient.java:23)
  java.base/jdk.internal.reflect.DirectMethodHandleAccessor.invoke(Unknown Source)
  java.base/java.lang.reflect.Method.invoke(Unknown Source)
00:26:09.766 createBuffer stack sample #5:
  knot//net.minecraft.class_11285.<init>(class_11285.java:29)
  knot//net.minecraft.class_11280.<init>(class_11280.java:33)
  knot//net.minecraft.class_11282.<init>(class_11282.java:35)
  knot//com.mojang.blaze3d.systems.RenderSystem.handler$zep000$metallum$createMetalDevice(RenderSystem.java:553)
  knot//com.mojang.blaze3d.systems.RenderSystem.initRenderer(RenderSystem.java)
  knot//net.minecraft.class_310.<init>(class_310.java:533)
  knot//net.minecraft.client.main.Main.main(Main.java:234)
  net.fabricmc.loader.impl.game.minecraft.MinecraftGameProvider.launch(MinecraftGameProvider.java:514)
  net.fabricmc.loader.impl.launch.knot.Knot.launch(Knot.java:72)
  net.fabricmc.loader.impl.launch.knot.KnotClient.main(KnotClient.java:23)
  java.base/jdk.internal.reflect.DirectMethodHandleAccessor.invoke(Unknown Source)
  java.base/java.lang.reflect.Method.invoke(Unknown Source)
00:26:10.311 buffers total=42 | usage=0x82 count=15 req=0.0MB alloc=0.0MB | usage=0x22 count=6 req=0.0MB alloc=0.0MB | usage=0x3 count=2 req=1.5MB alloc=1.5MB | usage=0x88 count=15 req=0.0MB alloc=0.0MB | usage=0x28 count=3 req=0.0MB alloc=0.0MB | usage=0x48 count=1 req=0.0MB alloc=0.0MB | sum count=42 req=1.5MB alloc=1.5MB | poolHit=0 poolMiss=42 poolReturn=0 poolHitRate=0%
==== Metallum diag start ====
00:38:08.580 createBuffer stack sample #1:
  knot//net.minecraft.class_11285.<init>(class_11285.java:29)
  knot//net.minecraft.class_11280.<init>(class_11280.java:33)
  knot//net.minecraft.class_11282.<init>(class_11282.java:34)
  knot//com.mojang.blaze3d.systems.RenderSystem.handler$zep000$metallum$createMetalDevice(RenderSystem.java:553)
  knot//com.mojang.blaze3d.systems.RenderSystem.initRenderer(RenderSystem.java)
  knot//net.minecraft.class_310.<init>(class_310.java:533)
  knot//net.minecraft.client.main.Main.main(Main.java:234)
  net.fabricmc.loader.impl.game.minecraft.MinecraftGameProvider.launch(MinecraftGameProvider.java:514)
  net.fabricmc.loader.impl.launch.knot.Knot.launch(Knot.java:72)
  net.fabricmc.loader.impl.launch.knot.KnotClient.main(KnotClient.java:23)
  java.base/jdk.internal.reflect.DirectMethodHandleAccessor.invoke(Unknown Source)
  java.base/java.lang.reflect.Method.invoke(Unknown Source)
00:38:08.582 createBuffer stack sample #2:
  knot//net.minecraft.class_11285.<init>(class_11285.java:29)
  knot//net.minecraft.class_11280.<init>(class_11280.java:33)
  knot//net.minecraft.class_11282.<init>(class_11282.java:34)
  knot//com.mojang.blaze3d.systems.RenderSystem.handler$zep000$metallum$createMetalDevice(RenderSystem.java:553)
  knot//com.mojang.blaze3d.systems.RenderSystem.initRenderer(RenderSystem.java)
  knot//net.minecraft.class_310.<init>(class_310.java:533)
  knot//net.minecraft.client.main.Main.main(Main.java:234)
  net.fabricmc.loader.impl.game.minecraft.MinecraftGameProvider.launch(MinecraftGameProvider.java:514)
  net.fabricmc.loader.impl.launch.knot.Knot.launch(Knot.java:72)
  net.fabricmc.loader.impl.launch.knot.KnotClient.main(KnotClient.java:23)
  java.base/jdk.internal.reflect.DirectMethodHandleAccessor.invoke(Unknown Source)
  java.base/java.lang.reflect.Method.invoke(Unknown Source)
00:38:08.582 createBuffer stack sample #3:
  knot//net.minecraft.class_11285.<init>(class_11285.java:29)
  knot//net.minecraft.class_11280.<init>(class_11280.java:33)
  knot//net.minecraft.class_11282.<init>(class_11282.java:34)
  knot//com.mojang.blaze3d.systems.RenderSystem.handler$zep000$metallum$createMetalDevice(RenderSystem.java:553)
  knot//com.mojang.blaze3d.systems.RenderSystem.initRenderer(RenderSystem.java)
  knot//net.minecraft.class_310.<init>(class_310.java:533)
  knot//net.minecraft.client.main.Main.main(Main.java:234)
  net.fabricmc.loader.impl.game.minecraft.MinecraftGameProvider.launch(MinecraftGameProvider.java:514)
  net.fabricmc.loader.impl.launch.knot.Knot.launch(Knot.java:72)
  net.fabricmc.loader.impl.launch.knot.KnotClient.main(KnotClient.java:23)
  java.base/jdk.internal.reflect.DirectMethodHandleAccessor.invoke(Unknown Source)
  java.base/java.lang.reflect.Method.invoke(Unknown Source)
00:38:08.582 createBuffer stack sample #4:
  knot//net.minecraft.class_11285.<init>(class_11285.java:29)
  knot//net.minecraft.class_11280.<init>(class_11280.java:33)
  knot//net.minecraft.class_11282.<init>(class_11282.java:35)
  knot//com.mojang.blaze3d.systems.RenderSystem.handler$zep000$metallum$createMetalDevice(RenderSystem.java:553)
  knot//com.mojang.blaze3d.systems.RenderSystem.initRenderer(RenderSystem.java)
  knot//net.minecraft.class_310.<init>(class_310.java:533)
  knot//net.minecraft.client.main.Main.main(Main.java:234)
  net.fabricmc.loader.impl.game.minecraft.MinecraftGameProvider.launch(MinecraftGameProvider.java:514)
  net.fabricmc.loader.impl.launch.knot.Knot.launch(Knot.java:72)
  net.fabricmc.loader.impl.launch.knot.KnotClient.main(KnotClient.java:23)
  java.base/jdk.internal.reflect.DirectMethodHandleAccessor.invoke(Unknown Source)
  java.base/java.lang.reflect.Method.invoke(Unknown Source)
00:38:08.582 createBuffer stack sample #5:
  knot//net.minecraft.class_11285.<init>(class_11285.java:29)
  knot//net.minecraft.class_11280.<init>(class_11280.java:33)
  knot//net.minecraft.class_11282.<init>(class_11282.java:35)
  knot//com.mojang.blaze3d.systems.RenderSystem.handler$zep000$metallum$createMetalDevice(RenderSystem.java:553)
  knot//com.mojang.blaze3d.systems.RenderSystem.initRenderer(RenderSystem.java)
  knot//net.minecraft.class_310.<init>(class_310.java:533)
  knot//net.minecraft.client.main.Main.main(Main.java:234)
  net.fabricmc.loader.impl.game.minecraft.MinecraftGameProvider.launch(MinecraftGameProvider.java:514)
  net.fabricmc.loader.impl.launch.knot.Knot.launch(Knot.java:72)
  net.fabricmc.loader.impl.launch.knot.KnotClient.main(KnotClient.java:23)
  java.base/jdk.internal.reflect.DirectMethodHandleAccessor.invoke(Unknown Source)
  java.base/java.lang.reflect.Method.invoke(Unknown Source)
00:38:09.117 buffers total=42 | usage=0x82 count=15 req=0.0MB alloc=0.0MB | usage=0x22 count=6 req=0.0MB alloc=0.0MB | usage=0x3 count=2 req=1.5MB alloc=1.5MB | usage=0x88 count=15 req=0.0MB alloc=0.0MB | usage=0x28 count=3 req=0.0MB alloc=0.0MB | usage=0x48 count=1 req=0.0MB alloc=0.0MB | sum count=42 req=1.5MB alloc=1.5MB | poolHit=0 poolMiss=42 poolReturn=0 poolHitRate=0%
==== Metallum diag start ====
00:58:21.536 createBuffer stack sample #1:
  knot//net.minecraft.class_11285.<init>(class_11285.java:29)
  knot//net.minecraft.class_11280.<init>(class_11280.java:33)
  knot//net.minecraft.class_11282.<init>(class_11282.java:34)
  knot//com.mojang.blaze3d.systems.RenderSystem.handler$zep000$metallum$createMetalDevice(RenderSystem.java:553)
  knot//com.mojang.blaze3d.systems.RenderSystem.initRenderer(RenderSystem.java)
  knot//net.minecraft.class_310.<init>(class_310.java:533)
  knot//net.minecraft.client.main.Main.main(Main.java:234)
  net.fabricmc.loader.impl.game.minecraft.MinecraftGameProvider.launch(MinecraftGameProvider.java:514)
  net.fabricmc.loader.impl.launch.knot.Knot.launch(Knot.java:72)
  net.fabricmc.loader.impl.launch.knot.KnotClient.main(KnotClient.java:23)
  java.base/jdk.internal.reflect.DirectMethodHandleAccessor.invoke(Unknown Source)
  java.base/java.lang.reflect.Method.invoke(Unknown Source)
00:58:21.537 createBuffer stack sample #2:
  knot//net.minecraft.class_11285.<init>(class_11285.java:29)
  knot//net.minecraft.class_11280.<init>(class_11280.java:33)
  knot//net.minecraft.class_11282.<init>(class_11282.java:34)
  knot//com.mojang.blaze3d.systems.RenderSystem.handler$zep000$metallum$createMetalDevice(RenderSystem.java:553)
  knot//com.mojang.blaze3d.systems.RenderSystem.initRenderer(RenderSystem.java)
  knot//net.minecraft.class_310.<init>(class_310.java:533)
  knot//net.minecraft.client.main.Main.main(Main.java:234)
  net.fabricmc.loader.impl.game.minecraft.MinecraftGameProvider.launch(MinecraftGameProvider.java:514)
  net.fabricmc.loader.impl.launch.knot.Knot.launch(Knot.java:72)
  net.fabricmc.loader.impl.launch.knot.KnotClient.main(KnotClient.java:23)
  java.base/jdk.internal.reflect.DirectMethodHandleAccessor.invoke(Unknown Source)
  java.base/java.lang.reflect.Method.invoke(Unknown Source)
00:58:21.537 createBuffer stack sample #3:
  knot//net.minecraft.class_11285.<init>(class_11285.java:29)
  knot//net.minecraft.class_11280.<init>(class_11280.java:33)
  knot//net.minecraft.class_11282.<init>(class_11282.java:34)
  knot//com.mojang.blaze3d.systems.RenderSystem.handler$zep000$metallum$createMetalDevice(RenderSystem.java:553)
  knot//com.mojang.blaze3d.systems.RenderSystem.initRenderer(RenderSystem.java)
  knot//net.minecraft.class_310.<init>(class_310.java:533)
  knot//net.minecraft.client.main.Main.main(Main.java:234)
  net.fabricmc.loader.impl.game.minecraft.MinecraftGameProvider.launch(MinecraftGameProvider.java:514)
  net.fabricmc.loader.impl.launch.knot.Knot.launch(Knot.java:72)
  net.fabricmc.loader.impl.launch.knot.KnotClient.main(KnotClient.java:23)
  java.base/jdk.internal.reflect.DirectMethodHandleAccessor.invoke(Unknown Source)
  java.base/java.lang.reflect.Method.invoke(Unknown Source)
00:58:21.537 createBuffer stack sample #4:
  knot//net.minecraft.class_11285.<init>(class_11285.java:29)
  knot//net.minecraft.class_11280.<init>(class_11280.java:33)
  knot//net.minecraft.class_11282.<init>(class_11282.java:35)
  knot//com.mojang.blaze3d.systems.RenderSystem.handler$zep000$metallum$createMetalDevice(RenderSystem.java:553)
  knot//com.mojang.blaze3d.systems.RenderSystem.initRenderer(RenderSystem.java)
  knot//net.minecraft.class_310.<init>(class_310.java:533)
  knot//net.minecraft.client.main.Main.main(Main.java:234)
  net.fabricmc.loader.impl.game.minecraft.MinecraftGameProvider.launch(MinecraftGameProvider.java:514)
  net.fabricmc.loader.impl.launch.knot.Knot.launch(Knot.java:72)
  net.fabricmc.loader.impl.launch.knot.KnotClient.main(KnotClient.java:23)
  java.base/jdk.internal.reflect.DirectMethodHandleAccessor.invoke(Unknown Source)
  java.base/java.lang.reflect.Method.invoke(Unknown Source)
00:58:21.538 createBuffer stack sample #5:
  knot//net.minecraft.class_11285.<init>(class_11285.java:29)
  knot//net.minecraft.class_11280.<init>(class_11280.java:33)
  knot//net.minecraft.class_11282.<init>(class_11282.java:35)
  knot//com.mojang.blaze3d.systems.RenderSystem.handler$zep000$metallum$createMetalDevice(RenderSystem.java:553)
  knot//com.mojang.blaze3d.systems.RenderSystem.initRenderer(RenderSystem.java)
  knot//net.minecraft.class_310.<init>(class_310.java:533)
  knot//net.minecraft.client.main.Main.main(Main.java:234)
  net.fabricmc.loader.impl.game.minecraft.MinecraftGameProvider.launch(MinecraftGameProvider.java:514)
  net.fabricmc.loader.impl.launch.knot.Knot.launch(Knot.java:72)
  net.fabricmc.loader.impl.launch.knot.KnotClient.main(KnotClient.java:23)
  java.base/jdk.internal.reflect.DirectMethodHandleAccessor.invoke(Unknown Source)
  java.base/java.lang.reflect.Method.invoke(Unknown Source)
00:58:22.077 buffers total=42 | usage=0x82 count=15 req=0.0MB alloc=0.0MB | usage=0x22 count=6 req=0.0MB alloc=0.0MB | usage=0x3 count=2 req=1.5MB alloc=1.5MB | usage=0x88 count=15 req=0.0MB alloc=0.0MB | usage=0x28 count=3 req=0.0MB alloc=0.0MB | usage=0x48 count=1 req=0.0MB alloc=0.0MB | sum count=42 req=1.5MB alloc=1.5MB | poolHit=0 poolMiss=42 poolReturn=0 poolHitRate=0%
==== Metallum diag start ====
01:16:12.256 createBuffer stack sample #1:
  knot//net.minecraft.class_11285.<init>(class_11285.java:29)
  knot//net.minecraft.class_11280.<init>(class_11280.java:33)
  knot//net.minecraft.class_11282.<init>(class_11282.java:34)
  knot//com.mojang.blaze3d.systems.RenderSystem.handler$zep000$metallum$createMetalDevice(RenderSystem.java:553)
  knot//com.mojang.blaze3d.systems.RenderSystem.initRenderer(RenderSystem.java)
  knot//net.minecraft.class_310.<init>(class_310.java:533)
  knot//net.minecraft.client.main.Main.main(Main.java:234)
  net.fabricmc.loader.impl.game.minecraft.MinecraftGameProvider.launch(MinecraftGameProvider.java:514)
  net.fabricmc.loader.impl.launch.knot.Knot.launch(Knot.java:72)
  net.fabricmc.loader.impl.launch.knot.KnotClient.main(KnotClient.java:23)
  java.base/jdk.internal.reflect.DirectMethodHandleAccessor.invoke(Unknown Source)
  java.base/java.lang.reflect.Method.invoke(Unknown Source)
01:16:12.257 createBuffer stack sample #2:
  knot//net.minecraft.class_11285.<init>(class_11285.java:29)
  knot//net.minecraft.class_11280.<init>(class_11280.java:33)
  knot//net.minecraft.class_11282.<init>(class_11282.java:34)
  knot//com.mojang.blaze3d.systems.RenderSystem.handler$zep000$metallum$createMetalDevice(RenderSystem.java:553)
  knot//com.mojang.blaze3d.systems.RenderSystem.initRenderer(RenderSystem.java)
  knot//net.minecraft.class_310.<init>(class_310.java:533)
  knot//net.minecraft.client.main.Main.main(Main.java:234)
  net.fabricmc.loader.impl.game.minecraft.MinecraftGameProvider.launch(MinecraftGameProvider.java:514)
  net.fabricmc.loader.impl.launch.knot.Knot.launch(Knot.java:72)
  net.fabricmc.loader.impl.launch.knot.KnotClient.main(KnotClient.java:23)
  java.base/jdk.internal.reflect.DirectMethodHandleAccessor.invoke(Unknown Source)
  java.base/java.lang.reflect.Method.invoke(Unknown Source)
01:16:12.257 createBuffer stack sample #3:
  knot//net.minecraft.class_11285.<init>(class_11285.java:29)
  knot//net.minecraft.class_11280.<init>(class_11280.java:33)
  knot//net.minecraft.class_11282.<init>(class_11282.java:34)
  knot//com.mojang.blaze3d.systems.RenderSystem.handler$zep000$metallum$createMetalDevice(RenderSystem.java:553)
  knot//com.mojang.blaze3d.systems.RenderSystem.initRenderer(RenderSystem.java)
  knot//net.minecraft.class_310.<init>(class_310.java:533)
  knot//net.minecraft.client.main.Main.main(Main.java:234)
  net.fabricmc.loader.impl.game.minecraft.MinecraftGameProvider.launch(MinecraftGameProvider.java:514)
  net.fabricmc.loader.impl.launch.knot.Knot.launch(Knot.java:72)
  net.fabricmc.loader.impl.launch.knot.KnotClient.main(KnotClient.java:23)
  java.base/jdk.internal.reflect.DirectMethodHandleAccessor.invoke(Unknown Source)
  java.base/java.lang.reflect.Method.invoke(Unknown Source)
01:16:12.257 createBuffer stack sample #4:
  knot//net.minecraft.class_11285.<init>(class_11285.java:29)
  knot//net.minecraft.class_11280.<init>(class_11280.java:33)
  knot//net.minecraft.class_11282.<init>(class_11282.java:35)
  knot//com.mojang.blaze3d.systems.RenderSystem.handler$zep000$metallum$createMetalDevice(RenderSystem.java:553)
  knot//com.mojang.blaze3d.systems.RenderSystem.initRenderer(RenderSystem.java)
  knot//net.minecraft.class_310.<init>(class_310.java:533)
  knot//net.minecraft.client.main.Main.main(Main.java:234)
  net.fabricmc.loader.impl.game.minecraft.MinecraftGameProvider.launch(MinecraftGameProvider.java:514)
  net.fabricmc.loader.impl.launch.knot.Knot.launch(Knot.java:72)
  net.fabricmc.loader.impl.launch.knot.KnotClient.main(KnotClient.java:23)
  java.base/jdk.internal.reflect.DirectMethodHandleAccessor.invoke(Unknown Source)
  java.base/java.lang.reflect.Method.invoke(Unknown Source)
01:16:12.258 createBuffer stack sample #5:
  knot//net.minecraft.class_11285.<init>(class_11285.java:29)
  knot//net.minecraft.class_11280.<init>(class_11280.java:33)
  knot//net.minecraft.class_11282.<init>(class_11282.java:35)
  knot//com.mojang.blaze3d.systems.RenderSystem.handler$zep000$metallum$createMetalDevice(RenderSystem.java:553)
  knot//com.mojang.blaze3d.systems.RenderSystem.initRenderer(RenderSystem.java)
  knot//net.minecraft.class_310.<init>(class_310.java:533)
  knot//net.minecraft.client.main.Main.main(Main.java:234)
  net.fabricmc.loader.impl.game.minecraft.MinecraftGameProvider.launch(MinecraftGameProvider.java:514)
  net.fabricmc.loader.impl.launch.knot.Knot.launch(Knot.java:72)
  net.fabricmc.loader.impl.launch.knot.KnotClient.main(KnotClient.java:23)
  java.base/jdk.internal.reflect.DirectMethodHandleAccessor.invoke(Unknown Source)
  java.base/java.lang.reflect.Method.invoke(Unknown Source)
01:16:12.773 buffers total=42 | usage=0x82 count=15 req=0.0MB alloc=0.0MB | usage=0x22 count=6 req=0.0MB alloc=0.0MB | usage=0x3 count=2 req=1.5MB alloc=1.5MB | usage=0x88 count=15 req=0.0MB alloc=0.0MB | usage=0x28 count=3 req=0.0MB alloc=0.0MB | usage=0x48 count=1 req=0.0MB alloc=0.0MB | sum count=42 req=1.5MB alloc=1.5MB | poolHit=0 poolMiss=42 poolReturn=0 poolHitRate=0%
01:16:17.783 frame_time fps=53.4 avg=18.73ms max=153.27ms gpuBehind=0
01:16:22.799 frame_time fps=58.0 avg=17.24ms max=189.66ms gpuBehind=0
01:16:25.495 visibleSections=0 smartCull=true
==== Metallum diag start ====
01:45:48.341 createBuffer stack sample #1:
  knot//net.minecraft.class_11285.<init>(class_11285.java:29)
  knot//net.minecraft.class_11280.<init>(class_11280.java:33)
  knot//net.minecraft.class_11282.<init>(class_11282.java:34)
  knot//com.mojang.blaze3d.systems.RenderSystem.handler$zep000$metallum$createMetalDevice(RenderSystem.java:553)
  knot//com.mojang.blaze3d.systems.RenderSystem.initRenderer(RenderSystem.java)
  knot//net.minecraft.class_310.<init>(class_310.java:533)
  knot//net.minecraft.client.main.Main.main(Main.java:234)
  net.fabricmc.loader.impl.game.minecraft.MinecraftGameProvider.launch(MinecraftGameProvider.java:514)
  net.fabricmc.loader.impl.launch.knot.Knot.launch(Knot.java:72)
  net.fabricmc.loader.impl.launch.knot.KnotClient.main(KnotClient.java:23)
  java.base/jdk.internal.reflect.DirectMethodHandleAccessor.invoke(Unknown Source)
  java.base/java.lang.reflect.Method.invoke(Unknown Source)
01:45:48.342 createBuffer stack sample #2:
  knot//net.minecraft.class_11285.<init>(class_11285.java:29)
  knot//net.minecraft.class_11280.<init>(class_11280.java:33)
  knot//net.minecraft.class_11282.<init>(class_11282.java:34)
  knot//com.mojang.blaze3d.systems.RenderSystem.handler$zep000$metallum$createMetalDevice(RenderSystem.java:553)
  knot//com.mojang.blaze3d.systems.RenderSystem.initRenderer(RenderSystem.java)
  knot//net.minecraft.class_310.<init>(class_310.java:533)
  knot//net.minecraft.client.main.Main.main(Main.java:234)
  net.fabricmc.loader.impl.game.minecraft.MinecraftGameProvider.launch(MinecraftGameProvider.java:514)
  net.fabricmc.loader.impl.launch.knot.Knot.launch(Knot.java:72)
  net.fabricmc.loader.impl.launch.knot.KnotClient.main(KnotClient.java:23)
  java.base/jdk.internal.reflect.DirectMethodHandleAccessor.invoke(Unknown Source)
  java.base/java.lang.reflect.Method.invoke(Unknown Source)
01:45:48.342 createBuffer stack sample #3:
  knot//net.minecraft.class_11285.<init>(class_11285.java:29)
  knot//net.minecraft.class_11280.<init>(class_11280.java:33)
  knot//net.minecraft.class_11282.<init>(class_11282.java:34)
  knot//com.mojang.blaze3d.systems.RenderSystem.handler$zep000$metallum$createMetalDevice(RenderSystem.java:553)
  knot//com.mojang.blaze3d.systems.RenderSystem.initRenderer(RenderSystem.java)
  knot//net.minecraft.class_310.<init>(class_310.java:533)
  knot//net.minecraft.client.main.Main.main(Main.java:234)
  net.fabricmc.loader.impl.game.minecraft.MinecraftGameProvider.launch(MinecraftGameProvider.java:514)
  net.fabricmc.loader.impl.launch.knot.Knot.launch(Knot.java:72)
  net.fabricmc.loader.impl.launch.knot.KnotClient.main(KnotClient.java:23)
  java.base/jdk.internal.reflect.DirectMethodHandleAccessor.invoke(Unknown Source)
  java.base/java.lang.reflect.Method.invoke(Unknown Source)
01:45:48.342 createBuffer stack sample #4:
  knot//net.minecraft.class_11285.<init>(class_11285.java:29)
  knot//net.minecraft.class_11280.<init>(class_11280.java:33)
  knot//net.minecraft.class_11282.<init>(class_11282.java:35)
  knot//com.mojang.blaze3d.systems.RenderSystem.handler$zep000$metallum$createMetalDevice(RenderSystem.java:553)
  knot//com.mojang.blaze3d.systems.RenderSystem.initRenderer(RenderSystem.java)
  knot//net.minecraft.class_310.<init>(class_310.java:533)
  knot//net.minecraft.client.main.Main.main(Main.java:234)
  net.fabricmc.loader.impl.game.minecraft.MinecraftGameProvider.launch(MinecraftGameProvider.java:514)
  net.fabricmc.loader.impl.launch.knot.Knot.launch(Knot.java:72)
  net.fabricmc.loader.impl.launch.knot.KnotClient.main(KnotClient.java:23)
  java.base/jdk.internal.reflect.DirectMethodHandleAccessor.invoke(Unknown Source)
  java.base/java.lang.reflect.Method.invoke(Unknown Source)
01:45:48.343 createBuffer stack sample #5:
  knot//net.minecraft.class_11285.<init>(class_11285.java:29)
  knot//net.minecraft.class_11280.<init>(class_11280.java:33)
  knot//net.minecraft.class_11282.<init>(class_11282.java:35)
  knot//com.mojang.blaze3d.systems.RenderSystem.handler$zep000$metallum$createMetalDevice(RenderSystem.java:553)
  knot//com.mojang.blaze3d.systems.RenderSystem.initRenderer(RenderSystem.java)
  knot//net.minecraft.class_310.<init>(class_310.java:533)
  knot//net.minecraft.client.main.Main.main(Main.java:234)
  net.fabricmc.loader.impl.game.minecraft.MinecraftGameProvider.launch(MinecraftGameProvider.java:514)
  net.fabricmc.loader.impl.launch.knot.Knot.launch(Knot.java:72)
  net.fabricmc.loader.impl.launch.knot.KnotClient.main(KnotClient.java:23)
  java.base/jdk.internal.reflect.DirectMethodHandleAccessor.invoke(Unknown Source)
  java.base/java.lang.reflect.Method.invoke(Unknown Source)
01:45:48.896 buffers total=42 | usage=0x82 count=15 req=0.0MB alloc=0.0MB | usage=0x22 count=6 req=0.0MB alloc=0.0MB | usage=0x3 count=2 req=1.5MB alloc=1.5MB | usage=0x88 count=15 req=0.0MB alloc=0.0MB | usage=0x28 count=3 req=0.0MB alloc=0.0MB | usage=0x48 count=1 req=0.0MB alloc=0.0MB | sum count=42 req=1.5MB alloc=1.5MB | poolHit=0 poolMiss=42 poolReturn=0 poolHitRate=0%
01:45:53.902 frame_time fps=54.1 avg=18.49ms max=143.14ms gpuBehind=0
01:45:57.615 visibleSections=0 smartCull=true
==== Metallum diag start ====
01:56:03.118 createBuffer stack sample #1:
  knot//net.minecraft.class_11285.<init>(class_11285.java:29)
  knot//net.minecraft.class_11280.<init>(class_11280.java:33)
  knot//net.minecraft.class_11282.<init>(class_11282.java:34)
  knot//com.mojang.blaze3d.systems.RenderSystem.handler$zep000$metallum$createMetalDevice(RenderSystem.java:553)
  knot//com.mojang.blaze3d.systems.RenderSystem.initRenderer(RenderSystem.java)
  knot//net.minecraft.class_310.<init>(class_310.java:533)
  knot//net.minecraft.client.main.Main.main(Main.java:234)
  net.fabricmc.loader.impl.game.minecraft.MinecraftGameProvider.launch(MinecraftGameProvider.java:514)
  net.fabricmc.loader.impl.launch.knot.Knot.launch(Knot.java:72)
  net.fabricmc.loader.impl.launch.knot.KnotClient.main(KnotClient.java:23)
  java.base/jdk.internal.reflect.DirectMethodHandleAccessor.invoke(Unknown Source)
  java.base/java.lang.reflect.Method.invoke(Unknown Source)
01:56:03.120 createBuffer stack sample #2:
  knot//net.minecraft.class_11285.<init>(class_11285.java:29)
  knot//net.minecraft.class_11280.<init>(class_11280.java:33)
  knot//net.minecraft.class_11282.<init>(class_11282.java:34)
  knot//com.mojang.blaze3d.systems.RenderSystem.handler$zep000$metallum$createMetalDevice(RenderSystem.java:553)
  knot//com.mojang.blaze3d.systems.RenderSystem.initRenderer(RenderSystem.java)
  knot//net.minecraft.class_310.<init>(class_310.java:533)
  knot//net.minecraft.client.main.Main.main(Main.java:234)
  net.fabricmc.loader.impl.game.minecraft.MinecraftGameProvider.launch(MinecraftGameProvider.java:514)
  net.fabricmc.loader.impl.launch.knot.Knot.launch(Knot.java:72)
  net.fabricmc.loader.impl.launch.knot.KnotClient.main(KnotClient.java:23)
  java.base/jdk.internal.reflect.DirectMethodHandleAccessor.invoke(Unknown Source)
  java.base/java.lang.reflect.Method.invoke(Unknown Source)
01:56:03.120 createBuffer stack sample #3:
  knot//net.minecraft.class_11285.<init>(class_11285.java:29)
  knot//net.minecraft.class_11280.<init>(class_11280.java:33)
  knot//net.minecraft.class_11282.<init>(class_11282.java:34)
  knot//com.mojang.blaze3d.systems.RenderSystem.handler$zep000$metallum$createMetalDevice(RenderSystem.java:553)
  knot//com.mojang.blaze3d.systems.RenderSystem.initRenderer(RenderSystem.java)
  knot//net.minecraft.class_310.<init>(class_310.java:533)
  knot//net.minecraft.client.main.Main.main(Main.java:234)
  net.fabricmc.loader.impl.game.minecraft.MinecraftGameProvider.launch(MinecraftGameProvider.java:514)
  net.fabricmc.loader.impl.launch.knot.Knot.launch(Knot.java:72)
  net.fabricmc.loader.impl.launch.knot.KnotClient.main(KnotClient.java:23)
  java.base/jdk.internal.reflect.DirectMethodHandleAccessor.invoke(Unknown Source)
  java.base/java.lang.reflect.Method.invoke(Unknown Source)
01:56:03.120 createBuffer stack sample #4:
  knot//net.minecraft.class_11285.<init>(class_11285.java:29)
  knot//net.minecraft.class_11280.<init>(class_11280.java:33)
  knot//net.minecraft.class_11282.<init>(class_11282.java:35)
  knot//com.mojang.blaze3d.systems.RenderSystem.handler$zep000$metallum$createMetalDevice(RenderSystem.java:553)
  knot//com.mojang.blaze3d.systems.RenderSystem.initRenderer(RenderSystem.java)
  knot//net.minecraft.class_310.<init>(class_310.java:533)
  knot//net.minecraft.client.main.Main.main(Main.java:234)
  net.fabricmc.loader.impl.game.minecraft.MinecraftGameProvider.launch(MinecraftGameProvider.java:514)
  net.fabricmc.loader.impl.launch.knot.Knot.launch(Knot.java:72)
  net.fabricmc.loader.impl.launch.knot.KnotClient.main(KnotClient.java:23)
  java.base/jdk.internal.reflect.DirectMethodHandleAccessor.invoke(Unknown Source)
  java.base/java.lang.reflect.Method.invoke(Unknown Source)
01:56:03.120 createBuffer stack sample #5:
  knot//net.minecraft.class_11285.<init>(class_11285.java:29)
  knot//net.minecraft.class_11280.<init>(class_11280.java:33)
  knot//net.minecraft.class_11282.<init>(class_11282.java:35)
  knot//com.mojang.blaze3d.systems.RenderSystem.handler$zep000$metallum$createMetalDevice(RenderSystem.java:553)
  knot//com.mojang.blaze3d.systems.RenderSystem.initRenderer(RenderSystem.java)
  knot//net.minecraft.class_310.<init>(class_310.java:533)
  knot//net.minecraft.client.main.Main.main(Main.java:234)
  net.fabricmc.loader.impl.game.minecraft.MinecraftGameProvider.launch(MinecraftGameProvider.java:514)
  net.fabricmc.loader.impl.launch.knot.Knot.launch(Knot.java:72)
  net.fabricmc.loader.impl.launch.knot.KnotClient.main(KnotClient.java:23)
  java.base/jdk.internal.reflect.DirectMethodHandleAccessor.invoke(Unknown Source)
  java.base/java.lang.reflect.Method.invoke(Unknown Source)
01:56:03.677 buffers total=42 | usage=0x82 count=15 req=0.0MB alloc=0.0MB | usage=0x22 count=6 req=0.0MB alloc=0.0MB | usage=0x3 count=2 req=1.5MB alloc=1.5MB | usage=0x88 count=15 req=0.0MB alloc=0.0MB | usage=0x28 count=3 req=0.0MB alloc=0.0MB | usage=0x48 count=1 req=0.0MB alloc=0.0MB | sum count=42 req=1.5MB alloc=1.5MB | poolHit=0 poolMiss=42 poolReturn=0 poolHitRate=0%
01:56:08.688 frame_time fps=53.7 avg=18.63ms max=127.19ms gpuBehind=0
01:56:12.570 visibleSections=0 smartCull=true
==== Metallum diag start ====
02:18:38.183 createBuffer stack sample #1:
  knot//net.minecraft.class_11285.<init>(class_11285.java:29)
  knot//net.minecraft.class_11280.<init>(class_11280.java:33)
  knot//net.minecraft.class_11282.<init>(class_11282.java:34)
  knot//com.mojang.blaze3d.systems.RenderSystem.handler$zep000$metallum$createMetalDevice(RenderSystem.java:553)
  knot//com.mojang.blaze3d.systems.RenderSystem.initRenderer(RenderSystem.java)
  knot//net.minecraft.class_310.<init>(class_310.java:533)
  knot//net.minecraft.client.main.Main.main(Main.java:234)
  net.fabricmc.loader.impl.game.minecraft.MinecraftGameProvider.launch(MinecraftGameProvider.java:514)
  net.fabricmc.loader.impl.launch.knot.Knot.launch(Knot.java:72)
  net.fabricmc.loader.impl.launch.knot.KnotClient.main(KnotClient.java:23)
  java.base/jdk.internal.reflect.DirectMethodHandleAccessor.invoke(Unknown Source)
  java.base/java.lang.reflect.Method.invoke(Unknown Source)
02:18:38.184 createBuffer stack sample #2:
  knot//net.minecraft.class_11285.<init>(class_11285.java:29)
  knot//net.minecraft.class_11280.<init>(class_11280.java:33)
  knot//net.minecraft.class_11282.<init>(class_11282.java:34)
  knot//com.mojang.blaze3d.systems.RenderSystem.handler$zep000$metallum$createMetalDevice(RenderSystem.java:553)
  knot//com.mojang.blaze3d.systems.RenderSystem.initRenderer(RenderSystem.java)
  knot//net.minecraft.class_310.<init>(class_310.java:533)
  knot//net.minecraft.client.main.Main.main(Main.java:234)
  net.fabricmc.loader.impl.game.minecraft.MinecraftGameProvider.launch(MinecraftGameProvider.java:514)
  net.fabricmc.loader.impl.launch.knot.Knot.launch(Knot.java:72)
  net.fabricmc.loader.impl.launch.knot.KnotClient.main(KnotClient.java:23)
  java.base/jdk.internal.reflect.DirectMethodHandleAccessor.invoke(Unknown Source)
  java.base/java.lang.reflect.Method.invoke(Unknown Source)
02:18:38.184 createBuffer stack sample #3:
  knot//net.minecraft.class_11285.<init>(class_11285.java:29)
  knot//net.minecraft.class_11280.<init>(class_11280.java:33)
  knot//net.minecraft.class_11282.<init>(class_11282.java:34)
  knot//com.mojang.blaze3d.systems.RenderSystem.handler$zep000$metallum$createMetalDevice(RenderSystem.java:553)
  knot//com.mojang.blaze3d.systems.RenderSystem.initRenderer(RenderSystem.java)
  knot//net.minecraft.class_310.<init>(class_310.java:533)
  knot//net.minecraft.client.main.Main.main(Main.java:234)
  net.fabricmc.loader.impl.game.minecraft.MinecraftGameProvider.launch(MinecraftGameProvider.java:514)
  net.fabricmc.loader.impl.launch.knot.Knot.launch(Knot.java:72)
  net.fabricmc.loader.impl.launch.knot.KnotClient.main(KnotClient.java:23)
  java.base/jdk.internal.reflect.DirectMethodHandleAccessor.invoke(Unknown Source)
  java.base/java.lang.reflect.Method.invoke(Unknown Source)
02:18:38.185 createBuffer stack sample #4:
  knot//net.minecraft.class_11285.<init>(class_11285.java:29)
  knot//net.minecraft.class_11280.<init>(class_11280.java:33)
  knot//net.minecraft.class_11282.<init>(class_11282.java:35)
  knot//com.mojang.blaze3d.systems.RenderSystem.handler$zep000$metallum$createMetalDevice(RenderSystem.java:553)
  knot//com.mojang.blaze3d.systems.RenderSystem.initRenderer(RenderSystem.java)
  knot//net.minecraft.class_310.<init>(class_310.java:533)
  knot//net.minecraft.client.main.Main.main(Main.java:234)
  net.fabricmc.loader.impl.game.minecraft.MinecraftGameProvider.launch(MinecraftGameProvider.java:514)
  net.fabricmc.loader.impl.launch.knot.Knot.launch(Knot.java:72)
  net.fabricmc.loader.impl.launch.knot.KnotClient.main(KnotClient.java:23)
  java.base/jdk.internal.reflect.DirectMethodHandleAccessor.invoke(Unknown Source)
  java.base/java.lang.reflect.Method.invoke(Unknown Source)
02:18:38.185 createBuffer stack sample #5:
  knot//net.minecraft.class_11285.<init>(class_11285.java:29)
  knot//net.minecraft.class_11280.<init>(class_11280.java:33)
  knot//net.minecraft.class_11282.<init>(class_11282.java:35)
  knot//com.mojang.blaze3d.systems.RenderSystem.handler$zep000$metallum$createMetalDevice(RenderSystem.java:553)
  knot//com.mojang.blaze3d.systems.RenderSystem.initRenderer(RenderSystem.java)
  knot//net.minecraft.class_310.<init>(class_310.java:533)
  knot//net.minecraft.client.main.Main.main(Main.java:234)
  net.fabricmc.loader.impl.game.minecraft.MinecraftGameProvider.launch(MinecraftGameProvider.java:514)
  net.fabricmc.loader.impl.launch.knot.Knot.launch(Knot.java:72)
  net.fabricmc.loader.impl.launch.knot.KnotClient.main(KnotClient.java:23)
  java.base/jdk.internal.reflect.DirectMethodHandleAccessor.invoke(Unknown Source)
  java.base/java.lang.reflect.Method.invoke(Unknown Source)
02:18:38.727 buffers total=42 | usage=0x82 count=15 req=0.0MB alloc=0.0MB | usage=0x22 count=6 req=0.0MB alloc=0.0MB | usage=0x3 count=2 req=1.5MB alloc=1.5MB | usage=0x88 count=15 req=0.0MB alloc=0.0MB | usage=0x28 count=3 req=0.0MB alloc=0.0MB | usage=0x48 count=1 req=0.0MB alloc=0.0MB | sum count=42 req=1.5MB alloc=1.5MB | poolHit=0 poolMiss=42 poolReturn=0 poolHitRate=0%
02:18:43.727 frame_time fps=54.1 avg=18.48ms max=160.20ms gpuBehind=0
02:18:48.743 frame_time fps=60.0 avg=16.67ms max=16.77ms gpuBehind=0
02:18:53.578 visibleSections=0 smartCull=true
02:18:54.144 frame_time fps=45.3 avg=22.10ms max=405.05ms gpuBehind=0
02:18:58.602 visibleSections=0 smartCull=true
02:18:59.143 frame_time fps=48.0 avg=20.84ms max=256.87ms gpuBehind=0
==== Metallum diag start ====
02:19:14.991 createBuffer stack sample #1:
  knot//net.minecraft.class_11285.<init>(class_11285.java:29)
  knot//net.minecraft.class_11280.<init>(class_11280.java:33)
  knot//net.minecraft.class_11282.<init>(class_11282.java:34)
  knot//com.mojang.blaze3d.systems.RenderSystem.handler$zep000$metallum$createMetalDevice(RenderSystem.java:553)
  knot//com.mojang.blaze3d.systems.RenderSystem.initRenderer(RenderSystem.java)
  knot//net.minecraft.class_310.<init>(class_310.java:533)
  knot//net.minecraft.client.main.Main.main(Main.java:234)
  net.fabricmc.loader.impl.game.minecraft.MinecraftGameProvider.launch(MinecraftGameProvider.java:514)
  net.fabricmc.loader.impl.launch.knot.Knot.launch(Knot.java:72)
  net.fabricmc.loader.impl.launch.knot.KnotClient.main(KnotClient.java:23)
  java.base/jdk.internal.reflect.DirectMethodHandleAccessor.invoke(Unknown Source)
  java.base/java.lang.reflect.Method.invoke(Unknown Source)
02:19:14.993 createBuffer stack sample #2:
  knot//net.minecraft.class_11285.<init>(class_11285.java:29)
  knot//net.minecraft.class_11280.<init>(class_11280.java:33)
  knot//net.minecraft.class_11282.<init>(class_11282.java:34)
  knot//com.mojang.blaze3d.systems.RenderSystem.handler$zep000$metallum$createMetalDevice(RenderSystem.java:553)
  knot//com.mojang.blaze3d.systems.RenderSystem.initRenderer(RenderSystem.java)
  knot//net.minecraft.class_310.<init>(class_310.java:533)
  knot//net.minecraft.client.main.Main.main(Main.java:234)
  net.fabricmc.loader.impl.game.minecraft.MinecraftGameProvider.launch(MinecraftGameProvider.java:514)
  net.fabricmc.loader.impl.launch.knot.Knot.launch(Knot.java:72)
  net.fabricmc.loader.impl.launch.knot.KnotClient.main(KnotClient.java:23)
  java.base/jdk.internal.reflect.DirectMethodHandleAccessor.invoke(Unknown Source)
  java.base/java.lang.reflect.Method.invoke(Unknown Source)
02:19:14.993 createBuffer stack sample #3:
  knot//net.minecraft.class_11285.<init>(class_11285.java:29)
  knot//net.minecraft.class_11280.<init>(class_11280.java:33)
  knot//net.minecraft.class_11282.<init>(class_11282.java:34)
  knot//com.mojang.blaze3d.systems.RenderSystem.handler$zep000$metallum$createMetalDevice(RenderSystem.java:553)
  knot//com.mojang.blaze3d.systems.RenderSystem.initRenderer(RenderSystem.java)
  knot//net.minecraft.class_310.<init>(class_310.java:533)
  knot//net.minecraft.client.main.Main.main(Main.java:234)
  net.fabricmc.loader.impl.game.minecraft.MinecraftGameProvider.launch(MinecraftGameProvider.java:514)
  net.fabricmc.loader.impl.launch.knot.Knot.launch(Knot.java:72)
  net.fabricmc.loader.impl.launch.knot.KnotClient.main(KnotClient.java:23)
  java.base/jdk.internal.reflect.DirectMethodHandleAccessor.invoke(Unknown Source)
  java.base/java.lang.reflect.Method.invoke(Unknown Source)
02:19:14.993 createBuffer stack sample #4:
  knot//net.minecraft.class_11285.<init>(class_11285.java:29)
  knot//net.minecraft.class_11280.<init>(class_11280.java:33)
  knot//net.minecraft.class_11282.<init>(class_11282.java:35)
  knot//com.mojang.blaze3d.systems.RenderSystem.handler$zep000$metallum$createMetalDevice(RenderSystem.java:553)
  knot//com.mojang.blaze3d.systems.RenderSystem.initRenderer(RenderSystem.java)
  knot//net.minecraft.class_310.<init>(class_310.java:533)
  knot//net.minecraft.client.main.Main.main(Main.java:234)
  net.fabricmc.loader.impl.game.minecraft.MinecraftGameProvider.launch(MinecraftGameProvider.java:514)
  net.fabricmc.loader.impl.launch.knot.Knot.launch(Knot.java:72)
  net.fabricmc.loader.impl.launch.knot.KnotClient.main(KnotClient.java:23)
  java.base/jdk.internal.reflect.DirectMethodHandleAccessor.invoke(Unknown Source)
  java.base/java.lang.reflect.Method.invoke(Unknown Source)
02:19:14.993 createBuffer stack sample #5:
  knot//net.minecraft.class_11285.<init>(class_11285.java:29)
  knot//net.minecraft.class_11280.<init>(class_11280.java:33)
  knot//net.minecraft.class_11282.<init>(class_11282.java:35)
  knot//com.mojang.blaze3d.systems.RenderSystem.handler$zep000$metallum$createMetalDevice(RenderSystem.java:553)
  knot//com.mojang.blaze3d.systems.RenderSystem.initRenderer(RenderSystem.java)
  knot//net.minecraft.class_310.<init>(class_310.java:533)
  knot//net.minecraft.client.main.Main.main(Main.java:234)
  net.fabricmc.loader.impl.game.minecraft.MinecraftGameProvider.launch(MinecraftGameProvider.java:514)
  net.fabricmc.loader.impl.launch.knot.Knot.launch(Knot.java:72)
  net.fabricmc.loader.impl.launch.knot.KnotClient.main(KnotClient.java:23)
  java.base/jdk.internal.reflect.DirectMethodHandleAccessor.invoke(Unknown Source)
  java.base/java.lang.reflect.Method.invoke(Unknown Source)
02:19:15.572 buffers total=42 | usage=0x82 count=15 req=0.0MB alloc=0.0MB | usage=0x22 count=6 req=0.0MB alloc=0.0MB | usage=0x3 count=2 req=1.5MB alloc=1.5MB | usage=0x88 count=15 req=0.0MB alloc=0.0MB | usage=0x28 count=3 req=0.0MB alloc=0.0MB | usage=0x48 count=1 req=0.0MB alloc=0.0MB | sum count=42 req=1.5MB alloc=1.5MB | poolHit=0 poolMiss=42 poolReturn=0 poolHitRate=0%
02:19:20.575 frame_time fps=54.0 avg=18.53ms max=131.16ms gpuBehind=0
02:19:24.484 visibleSections=0 smartCull=true
02:19:25.577 frame_time fps=46.5 avg=21.51ms max=181.61ms gpuBehind=0
==== Metallum diag start ====
02:41:48.370 createBuffer stack sample #1:
  knot//net.minecraft.class_11285.<init>(class_11285.java:29)
  knot//net.minecraft.class_11280.<init>(class_11280.java:33)
  knot//net.minecraft.class_11282.<init>(class_11282.java:34)
  knot//com.mojang.blaze3d.systems.RenderSystem.handler$zep000$metallum$createMetalDevice(RenderSystem.java:553)
  knot//com.mojang.blaze3d.systems.RenderSystem.initRenderer(RenderSystem.java)
  knot//net.minecraft.class_310.<init>(class_310.java:533)
  knot//net.minecraft.client.main.Main.main(Main.java:234)
  net.fabricmc.loader.impl.game.minecraft.MinecraftGameProvider.launch(MinecraftGameProvider.java:514)
  net.fabricmc.loader.impl.launch.knot.Knot.launch(Knot.java:72)
  net.fabricmc.loader.impl.launch.knot.KnotClient.main(KnotClient.java:23)
  java.base/jdk.internal.reflect.DirectMethodHandleAccessor.invoke(Unknown Source)
  java.base/java.lang.reflect.Method.invoke(Unknown Source)
02:41:48.371 createBuffer stack sample #2:
  knot//net.minecraft.class_11285.<init>(class_11285.java:29)
  knot//net.minecraft.class_11280.<init>(class_11280.java:33)
  knot//net.minecraft.class_11282.<init>(class_11282.java:34)
  knot//com.mojang.blaze3d.systems.RenderSystem.handler$zep000$metallum$createMetalDevice(RenderSystem.java:553)
  knot//com.mojang.blaze3d.systems.RenderSystem.initRenderer(RenderSystem.java)
  knot//net.minecraft.class_310.<init>(class_310.java:533)
  knot//net.minecraft.client.main.Main.main(Main.java:234)
  net.fabricmc.loader.impl.game.minecraft.MinecraftGameProvider.launch(MinecraftGameProvider.java:514)
  net.fabricmc.loader.impl.launch.knot.Knot.launch(Knot.java:72)
  net.fabricmc.loader.impl.launch.knot.KnotClient.main(KnotClient.java:23)
  java.base/jdk.internal.reflect.DirectMethodHandleAccessor.invoke(Unknown Source)
  java.base/java.lang.reflect.Method.invoke(Unknown Source)
02:41:48.372 createBuffer stack sample #3:
  knot//net.minecraft.class_11285.<init>(class_11285.java:29)
  knot//net.minecraft.class_11280.<init>(class_11280.java:33)
  knot//net.minecraft.class_11282.<init>(class_11282.java:34)
  knot//com.mojang.blaze3d.systems.RenderSystem.handler$zep000$metallum$createMetalDevice(RenderSystem.java:553)
  knot//com.mojang.blaze3d.systems.RenderSystem.initRenderer(RenderSystem.java)
  knot//net.minecraft.class_310.<init>(class_310.java:533)
  knot//net.minecraft.client.main.Main.main(Main.java:234)
  net.fabricmc.loader.impl.game.minecraft.MinecraftGameProvider.launch(MinecraftGameProvider.java:514)
  net.fabricmc.loader.impl.launch.knot.Knot.launch(Knot.java:72)
  net.fabricmc.loader.impl.launch.knot.KnotClient.main(KnotClient.java:23)
  java.base/jdk.internal.reflect.DirectMethodHandleAccessor.invoke(Unknown Source)
  java.base/java.lang.reflect.Method.invoke(Unknown Source)
02:41:48.372 createBuffer stack sample #4:
  knot//net.minecraft.class_11285.<init>(class_11285.java:29)
  knot//net.minecraft.class_11280.<init>(class_11280.java:33)
  knot//net.minecraft.class_11282.<init>(class_11282.java:35)
  knot//com.mojang.blaze3d.systems.RenderSystem.handler$zep000$metallum$createMetalDevice(RenderSystem.java:553)
  knot//com.mojang.blaze3d.systems.RenderSystem.initRenderer(RenderSystem.java)
  knot//net.minecraft.class_310.<init>(class_310.java:533)
  knot//net.minecraft.client.main.Main.main(Main.java:234)
  net.fabricmc.loader.impl.game.minecraft.MinecraftGameProvider.launch(MinecraftGameProvider.java:514)
  net.fabricmc.loader.impl.launch.knot.Knot.launch(Knot.java:72)
  net.fabricmc.loader.impl.launch.knot.KnotClient.main(KnotClient.java:23)
  java.base/jdk.internal.reflect.DirectMethodHandleAccessor.invoke(Unknown Source)
  java.base/java.lang.reflect.Method.invoke(Unknown Source)
02:41:48.372 createBuffer stack sample #5:
  knot//net.minecraft.class_11285.<init>(class_11285.java:29)
  knot//net.minecraft.class_11280.<init>(class_11280.java:33)
  knot//net.minecraft.class_11282.<init>(class_11282.java:35)
  knot//com.mojang.blaze3d.systems.RenderSystem.handler$zep000$metallum$createMetalDevice(RenderSystem.java:553)
  knot//com.mojang.blaze3d.systems.RenderSystem.initRenderer(RenderSystem.java)
  knot//net.minecraft.class_310.<init>(class_310.java:533)
  knot//net.minecraft.client.main.Main.main(Main.java:234)
  net.fabricmc.loader.impl.game.minecraft.MinecraftGameProvider.launch(MinecraftGameProvider.java:514)
  net.fabricmc.loader.impl.launch.knot.Knot.launch(Knot.java:72)
  net.fabricmc.loader.impl.launch.knot.KnotClient.main(KnotClient.java:23)
  java.base/jdk.internal.reflect.DirectMethodHandleAccessor.invoke(Unknown Source)
  java.base/java.lang.reflect.Method.invoke(Unknown Source)
02:41:48.982 buffers total=42 | usage=0x82 count=15 req=0.0MB alloc=0.0MB | usage=0x22 count=6 req=0.0MB alloc=0.0MB | usage=0x3 count=2 req=1.5MB alloc=1.5MB | usage=0x88 count=15 req=0.0MB alloc=0.0MB | usage=0x28 count=3 req=0.0MB alloc=0.0MB | usage=0x48 count=1 req=0.0MB alloc=0.0MB | sum count=42 req=1.5MB alloc=1.5MB | poolHit=0 poolMiss=42 poolReturn=0 poolHitRate=0%
02:41:53.987 frame_time fps=54.5 avg=18.36ms max=160.11ms gpuBehind=0
02:41:58.090 visibleSections=0 smartCull=true
02:41:59.010 frame_time fps=46.4 avg=21.56ms max=328.23ms gpuBehind=0
02:42:04.020 frame_time fps=51.1 avg=19.57ms max=143.33ms gpuBehind=0
==== Metallum diag start ====
02:52:49.277 createBuffer stack sample #1:
  knot//net.minecraft.class_11285.<init>(class_11285.java:29)
  knot//net.minecraft.class_11280.<init>(class_11280.java:33)
  knot//net.minecraft.class_11282.<init>(class_11282.java:34)
  knot//com.mojang.blaze3d.systems.RenderSystem.handler$zep000$metallum$createMetalDevice(RenderSystem.java:553)
  knot//com.mojang.blaze3d.systems.RenderSystem.initRenderer(RenderSystem.java)
  knot//net.minecraft.class_310.<init>(class_310.java:533)
  knot//net.minecraft.client.main.Main.main(Main.java:234)
  net.fabricmc.loader.impl.game.minecraft.MinecraftGameProvider.launch(MinecraftGameProvider.java:514)
  net.fabricmc.loader.impl.launch.knot.Knot.launch(Knot.java:72)
  net.fabricmc.loader.impl.launch.knot.KnotClient.main(KnotClient.java:23)
  java.base/jdk.internal.reflect.DirectMethodHandleAccessor.invoke(Unknown Source)
  java.base/java.lang.reflect.Method.invoke(Unknown Source)
02:52:49.278 createBuffer stack sample #2:
  knot//net.minecraft.class_11285.<init>(class_11285.java:29)
  knot//net.minecraft.class_11280.<init>(class_11280.java:33)
  knot//net.minecraft.class_11282.<init>(class_11282.java:34)
  knot//com.mojang.blaze3d.systems.RenderSystem.handler$zep000$metallum$createMetalDevice(RenderSystem.java:553)
  knot//com.mojang.blaze3d.systems.RenderSystem.initRenderer(RenderSystem.java)
  knot//net.minecraft.class_310.<init>(class_310.java:533)
  knot//net.minecraft.client.main.Main.main(Main.java:234)
  net.fabricmc.loader.impl.game.minecraft.MinecraftGameProvider.launch(MinecraftGameProvider.java:514)
  net.fabricmc.loader.impl.launch.knot.Knot.launch(Knot.java:72)
  net.fabricmc.loader.impl.launch.knot.KnotClient.main(KnotClient.java:23)
  java.base/jdk.internal.reflect.DirectMethodHandleAccessor.invoke(Unknown Source)
  java.base/java.lang.reflect.Method.invoke(Unknown Source)
02:52:49.279 createBuffer stack sample #3:
  knot//net.minecraft.class_11285.<init>(class_11285.java:29)
  knot//net.minecraft.class_11280.<init>(class_11280.java:33)
  knot//net.minecraft.class_11282.<init>(class_11282.java:34)
  knot//com.mojang.blaze3d.systems.RenderSystem.handler$zep000$metallum$createMetalDevice(RenderSystem.java:553)
  knot//com.mojang.blaze3d.systems.RenderSystem.initRenderer(RenderSystem.java)
  knot//net.minecraft.class_310.<init>(class_310.java:533)
  knot//net.minecraft.client.main.Main.main(Main.java:234)
  net.fabricmc.loader.impl.game.minecraft.MinecraftGameProvider.launch(MinecraftGameProvider.java:514)
  net.fabricmc.loader.impl.launch.knot.Knot.launch(Knot.java:72)
  net.fabricmc.loader.impl.launch.knot.KnotClient.main(KnotClient.java:23)
  java.base/jdk.internal.reflect.DirectMethodHandleAccessor.invoke(Unknown Source)
  java.base/java.lang.reflect.Method.invoke(Unknown Source)
02:52:49.279 createBuffer stack sample #4:
  knot//net.minecraft.class_11285.<init>(class_11285.java:29)
  knot//net.minecraft.class_11280.<init>(class_11280.java:33)
  knot//net.minecraft.class_11282.<init>(class_11282.java:35)
  knot//com.mojang.blaze3d.systems.RenderSystem.handler$zep000$metallum$createMetalDevice(RenderSystem.java:553)
  knot//com.mojang.blaze3d.systems.RenderSystem.initRenderer(RenderSystem.java)
  knot//net.minecraft.class_310.<init>(class_310.java:533)
  knot//net.minecraft.client.main.Main.main(Main.java:234)
  net.fabricmc.loader.impl.game.minecraft.MinecraftGameProvider.launch(MinecraftGameProvider.java:514)
  net.fabricmc.loader.impl.launch.knot.Knot.launch(Knot.java:72)
  net.fabricmc.loader.impl.launch.knot.KnotClient.main(KnotClient.java:23)
  java.base/jdk.internal.reflect.DirectMethodHandleAccessor.invoke(Unknown Source)
  java.base/java.lang.reflect.Method.invoke(Unknown Source)
02:52:49.279 createBuffer stack sample #5:
  knot//net.minecraft.class_11285.<init>(class_11285.java:29)
  knot//net.minecraft.class_11280.<init>(class_11280.java:33)
  knot//net.minecraft.class_11282.<init>(class_11282.java:35)
  knot//com.mojang.blaze3d.systems.RenderSystem.handler$zep000$metallum$createMetalDevice(RenderSystem.java:553)
  knot//com.mojang.blaze3d.systems.RenderSystem.initRenderer(RenderSystem.java)
  knot//net.minecraft.class_310.<init>(class_310.java:533)
  knot//net.minecraft.client.main.Main.main(Main.java:234)
  net.fabricmc.loader.impl.game.minecraft.MinecraftGameProvider.launch(MinecraftGameProvider.java:514)
  net.fabricmc.loader.impl.launch.knot.Knot.launch(Knot.java:72)
  net.fabricmc.loader.impl.launch.knot.KnotClient.main(KnotClient.java:23)
  java.base/jdk.internal.reflect.DirectMethodHandleAccessor.invoke(Unknown Source)
  java.base/java.lang.reflect.Method.invoke(Unknown Source)
02:52:49.847 buffers total=42 | usage=0x82 count=15 req=0.0MB alloc=0.0MB | usage=0x22 count=6 req=0.0MB alloc=0.0MB | usage=0x3 count=2 req=1.5MB alloc=1.5MB | usage=0x88 count=15 req=0.0MB alloc=0.0MB | usage=0x28 count=3 req=0.0MB alloc=0.0MB | usage=0x48 count=1 req=0.0MB alloc=0.0MB | sum count=42 req=1.5MB alloc=1.5MB | poolHit=0 poolMiss=42 poolReturn=0 poolHitRate=0%
02:52:54.858 frame_time fps=54.5 avg=18.33ms max=153.43ms gpuBehind=0
02:52:59.290 visibleSections=0 smartCull=true
02:52:59.875 frame_time fps=47.4 avg=21.11ms max=363.76ms gpuBehind=0
==== Metallum diag start ====
03:17:22.050 createBuffer stack sample #1:
  knot//net.minecraft.class_11285.<init>(class_11285.java:29)
  knot//net.minecraft.class_11280.<init>(class_11280.java:33)
  knot//net.minecraft.class_11282.<init>(class_11282.java:34)
  knot//com.mojang.blaze3d.systems.RenderSystem.handler$zep000$metallum$createMetalDevice(RenderSystem.java:553)
  knot//com.mojang.blaze3d.systems.RenderSystem.initRenderer(RenderSystem.java)
  knot//net.minecraft.class_310.<init>(class_310.java:533)
  knot//net.minecraft.client.main.Main.main(Main.java:234)
  net.fabricmc.loader.impl.game.minecraft.MinecraftGameProvider.launch(MinecraftGameProvider.java:514)
  net.fabricmc.loader.impl.launch.knot.Knot.launch(Knot.java:72)
  net.fabricmc.loader.impl.launch.knot.KnotClient.main(KnotClient.java:23)
  java.base/jdk.internal.reflect.DirectMethodHandleAccessor.invoke(Unknown Source)
  java.base/java.lang.reflect.Method.invoke(Unknown Source)
03:17:22.051 createBuffer stack sample #2:
  knot//net.minecraft.class_11285.<init>(class_11285.java:29)
  knot//net.minecraft.class_11280.<init>(class_11280.java:33)
  knot//net.minecraft.class_11282.<init>(class_11282.java:34)
  knot//com.mojang.blaze3d.systems.RenderSystem.handler$zep000$metallum$createMetalDevice(RenderSystem.java:553)
  knot//com.mojang.blaze3d.systems.RenderSystem.initRenderer(RenderSystem.java)
  knot//net.minecraft.class_310.<init>(class_310.java:533)
  knot//net.minecraft.client.main.Main.main(Main.java:234)
  net.fabricmc.loader.impl.game.minecraft.MinecraftGameProvider.launch(MinecraftGameProvider.java:514)
  net.fabricmc.loader.impl.launch.knot.Knot.launch(Knot.java:72)
  net.fabricmc.loader.impl.launch.knot.KnotClient.main(KnotClient.java:23)
  java.base/jdk.internal.reflect.DirectMethodHandleAccessor.invoke(Unknown Source)
  java.base/java.lang.reflect.Method.invoke(Unknown Source)
03:17:22.051 createBuffer stack sample #3:
  knot//net.minecraft.class_11285.<init>(class_11285.java:29)
  knot//net.minecraft.class_11280.<init>(class_11280.java:33)
  knot//net.minecraft.class_11282.<init>(class_11282.java:34)
  knot//com.mojang.blaze3d.systems.RenderSystem.handler$zep000$metallum$createMetalDevice(RenderSystem.java:553)
  knot//com.mojang.blaze3d.systems.RenderSystem.initRenderer(RenderSystem.java)
  knot//net.minecraft.class_310.<init>(class_310.java:533)
  knot//net.minecraft.client.main.Main.main(Main.java:234)
  net.fabricmc.loader.impl.game.minecraft.MinecraftGameProvider.launch(MinecraftGameProvider.java:514)
  net.fabricmc.loader.impl.launch.knot.Knot.launch(Knot.java:72)
  net.fabricmc.loader.impl.launch.knot.KnotClient.main(KnotClient.java:23)
  java.base/jdk.internal.reflect.DirectMethodHandleAccessor.invoke(Unknown Source)
  java.base/java.lang.reflect.Method.invoke(Unknown Source)
03:17:22.051 createBuffer stack sample #4:
  knot//net.minecraft.class_11285.<init>(class_11285.java:29)
  knot//net.minecraft.class_11280.<init>(class_11280.java:33)
  knot//net.minecraft.class_11282.<init>(class_11282.java:35)
  knot//com.mojang.blaze3d.systems.RenderSystem.handler$zep000$metallum$createMetalDevice(RenderSystem.java:553)
  knot//com.mojang.blaze3d.systems.RenderSystem.initRenderer(RenderSystem.java)
  knot//net.minecraft.class_310.<init>(class_310.java:533)
  knot//net.minecraft.client.main.Main.main(Main.java:234)
  net.fabricmc.loader.impl.game.minecraft.MinecraftGameProvider.launch(MinecraftGameProvider.java:514)
  net.fabricmc.loader.impl.launch.knot.Knot.launch(Knot.java:72)
  net.fabricmc.loader.impl.launch.knot.KnotClient.main(KnotClient.java:23)
  java.base/jdk.internal.reflect.DirectMethodHandleAccessor.invoke(Unknown Source)
  java.base/java.lang.reflect.Method.invoke(Unknown Source)
03:17:22.051 createBuffer stack sample #5:
  knot//net.minecraft.class_11285.<init>(class_11285.java:29)
  knot//net.minecraft.class_11280.<init>(class_11280.java:33)
  knot//net.minecraft.class_11282.<init>(class_11282.java:35)
  knot//com.mojang.blaze3d.systems.RenderSystem.handler$zep000$metallum$createMetalDevice(RenderSystem.java:553)
  knot//com.mojang.blaze3d.systems.RenderSystem.initRenderer(RenderSystem.java)
  knot//net.minecraft.class_310.<init>(class_310.java:533)
  knot//net.minecraft.client.main.Main.main(Main.java:234)
  net.fabricmc.loader.impl.game.minecraft.MinecraftGameProvider.launch(MinecraftGameProvider.java:514)
  net.fabricmc.loader.impl.launch.knot.Knot.launch(Knot.java:72)
  net.fabricmc.loader.impl.launch.knot.KnotClient.main(KnotClient.java:23)
  java.base/jdk.internal.reflect.DirectMethodHandleAccessor.invoke(Unknown Source)
  java.base/java.lang.reflect.Method.invoke(Unknown Source)
03:17:22.612 buffers total=42 | usage=0x82 count=15 req=0.0MB alloc=0.0MB | usage=0x22 count=6 req=0.0MB alloc=0.0MB | usage=0x3 count=2 req=1.5MB alloc=1.5MB | usage=0x88 count=15 req=0.0MB alloc=0.0MB | usage=0x28 count=3 req=0.0MB alloc=0.0MB | usage=0x48 count=1 req=0.0MB alloc=0.0MB | sum count=42 req=1.5MB alloc=1.5MB | poolHit=0 poolMiss=42 poolReturn=0 poolHitRate=0%
03:17:27.628 frame_time fps=54.1 avg=18.50ms max=142.04ms gpuBehind=0
03:17:31.545 visibleSections=0 smartCull=true
03:17:32.645 frame_time fps=42.7 avg=23.39ms max=392.38ms gpuBehind=0
==== Metallum diag start ====
12:25:31.275 createBuffer stack sample #1:
  knot//net.minecraft.class_11285.<init>(class_11285.java:29)
  knot//net.minecraft.class_11280.<init>(class_11280.java:33)
  knot//net.minecraft.class_11282.<init>(class_11282.java:34)
  knot//com.mojang.blaze3d.systems.RenderSystem.handler$zep000$metallum$createMetalDevice(RenderSystem.java:553)
  knot//com.mojang.blaze3d.systems.RenderSystem.initRenderer(RenderSystem.java)
  knot//net.minecraft.class_310.<init>(class_310.java:533)
  knot//net.minecraft.client.main.Main.main(Main.java:234)
  net.fabricmc.loader.impl.game.minecraft.MinecraftGameProvider.launch(MinecraftGameProvider.java:514)
  net.fabricmc.loader.impl.launch.knot.Knot.launch(Knot.java:72)
  net.fabricmc.loader.impl.launch.knot.KnotClient.main(KnotClient.java:23)
  java.base/jdk.internal.reflect.DirectMethodHandleAccessor.invoke(Unknown Source)
  java.base/java.lang.reflect.Method.invoke(Unknown Source)
12:25:31.276 createBuffer stack sample #2:
  knot//net.minecraft.class_11285.<init>(class_11285.java:29)
  knot//net.minecraft.class_11280.<init>(class_11280.java:33)
  knot//net.minecraft.class_11282.<init>(class_11282.java:34)
  knot//com.mojang.blaze3d.systems.RenderSystem.handler$zep000$metallum$createMetalDevice(RenderSystem.java:553)
  knot//com.mojang.blaze3d.systems.RenderSystem.initRenderer(RenderSystem.java)
  knot//net.minecraft.class_310.<init>(class_310.java:533)
  knot//net.minecraft.client.main.Main.main(Main.java:234)
  net.fabricmc.loader.impl.game.minecraft.MinecraftGameProvider.launch(MinecraftGameProvider.java:514)
  net.fabricmc.loader.impl.launch.knot.Knot.launch(Knot.java:72)
  net.fabricmc.loader.impl.launch.knot.KnotClient.main(KnotClient.java:23)
  java.base/jdk.internal.reflect.DirectMethodHandleAccessor.invoke(Unknown Source)
  java.base/java.lang.reflect.Method.invoke(Unknown Source)
12:25:31.276 createBuffer stack sample #3:
  knot//net.minecraft.class_11285.<init>(class_11285.java:29)
  knot//net.minecraft.class_11280.<init>(class_11280.java:33)
  knot//net.minecraft.class_11282.<init>(class_11282.java:34)
  knot//com.mojang.blaze3d.systems.RenderSystem.handler$zep000$metallum$createMetalDevice(RenderSystem.java:553)
  knot//com.mojang.blaze3d.systems.RenderSystem.initRenderer(RenderSystem.java)
  knot//net.minecraft.class_310.<init>(class_310.java:533)
  knot//net.minecraft.client.main.Main.main(Main.java:234)
  net.fabricmc.loader.impl.game.minecraft.MinecraftGameProvider.launch(MinecraftGameProvider.java:514)
  net.fabricmc.loader.impl.launch.knot.Knot.launch(Knot.java:72)
  net.fabricmc.loader.impl.launch.knot.KnotClient.main(KnotClient.java:23)
  java.base/jdk.internal.reflect.DirectMethodHandleAccessor.invoke(Unknown Source)
  java.base/java.lang.reflect.Method.invoke(Unknown Source)
12:25:31.276 createBuffer stack sample #4:
  knot//net.minecraft.class_11285.<init>(class_11285.java:29)
  knot//net.minecraft.class_11280.<init>(class_11280.java:33)
  knot//net.minecraft.class_11282.<init>(class_11282.java:35)
  knot//com.mojang.blaze3d.systems.RenderSystem.handler$zep000$metallum$createMetalDevice(RenderSystem.java:553)
  knot//com.mojang.blaze3d.systems.RenderSystem.initRenderer(RenderSystem.java)
  knot//net.minecraft.class_310.<init>(class_310.java:533)
  knot//net.minecraft.client.main.Main.main(Main.java:234)
  net.fabricmc.loader.impl.game.minecraft.MinecraftGameProvider.launch(MinecraftGameProvider.java:514)
  net.fabricmc.loader.impl.launch.knot.Knot.launch(Knot.java:72)
  net.fabricmc.loader.impl.launch.knot.KnotClient.main(KnotClient.java:23)
  java.base/jdk.internal.reflect.DirectMethodHandleAccessor.invoke(Unknown Source)
  java.base/java.lang.reflect.Method.invoke(Unknown Source)
12:25:31.276 createBuffer stack sample #5:
  knot//net.minecraft.class_11285.<init>(class_11285.java:29)
  knot//net.minecraft.class_11280.<init>(class_11280.java:33)
  knot//net.minecraft.class_11282.<init>(class_11282.java:35)
  knot//com.mojang.blaze3d.systems.RenderSystem.handler$zep000$metallum$createMetalDevice(RenderSystem.java:553)
  knot//com.mojang.blaze3d.systems.RenderSystem.initRenderer(RenderSystem.java)
  knot//net.minecraft.class_310.<init>(class_310.java:533)
  knot//net.minecraft.client.main.Main.main(Main.java:234)
  net.fabricmc.loader.impl.game.minecraft.MinecraftGameProvider.launch(MinecraftGameProvider.java:514)
  net.fabricmc.loader.impl.launch.knot.Knot.launch(Knot.java:72)
  net.fabricmc.loader.impl.launch.knot.KnotClient.main(KnotClient.java:23)
  java.base/jdk.internal.reflect.DirectMethodHandleAccessor.invoke(Unknown Source)
  java.base/java.lang.reflect.Method.invoke(Unknown Source)
12:25:31.818 buffers total=42 | usage=0x82 count=15 req=0.0MB alloc=0.0MB | usage=0x22 count=6 req=0.0MB alloc=0.0MB | usage=0x3 count=2 req=1.5MB alloc=1.5MB | usage=0x88 count=15 req=0.0MB alloc=0.0MB | usage=0x28 count=3 req=0.0MB alloc=0.0MB | usage=0x48 count=1 req=0.0MB alloc=0.0MB | sum count=42 req=1.5MB alloc=1.5MB | poolHit=0 poolMiss=42 poolReturn=0 poolHitRate=0%
12:25:36.821 frame_time fps=54.4 avg=18.37ms max=122.38ms gpuBehind=0
12:25:41.119 visibleSections=0 smartCull=true
12:25:41.838 frame_time fps=46.0 avg=21.73ms max=375.23ms gpuBehind=0
12:25:46.854 frame_time fps=50.0 avg=19.99ms max=237.61ms gpuBehind=0
==== Metallum diag start ====
12:52:34.158 createBuffer stack sample #1:
  knot//net.minecraft.class_11285.<init>(class_11285.java:29)
  knot//net.minecraft.class_11280.<init>(class_11280.java:33)
  knot//net.minecraft.class_11282.<init>(class_11282.java:34)
  knot//com.mojang.blaze3d.systems.RenderSystem.handler$zep000$metallum$createMetalDevice(RenderSystem.java:553)
  knot//com.mojang.blaze3d.systems.RenderSystem.initRenderer(RenderSystem.java)
  knot//net.minecraft.class_310.<init>(class_310.java:533)
  knot//net.minecraft.client.main.Main.main(Main.java:234)
  net.fabricmc.loader.impl.game.minecraft.MinecraftGameProvider.launch(MinecraftGameProvider.java:514)
  net.fabricmc.loader.impl.launch.knot.Knot.launch(Knot.java:72)
  net.fabricmc.loader.impl.launch.knot.KnotClient.main(KnotClient.java:23)
  java.base/jdk.internal.reflect.DirectMethodHandleAccessor.invoke(Unknown Source)
  java.base/java.lang.reflect.Method.invoke(Unknown Source)
12:52:34.159 createBuffer stack sample #2:
  knot//net.minecraft.class_11285.<init>(class_11285.java:29)
  knot//net.minecraft.class_11280.<init>(class_11280.java:33)
  knot//net.minecraft.class_11282.<init>(class_11282.java:34)
  knot//com.mojang.blaze3d.systems.RenderSystem.handler$zep000$metallum$createMetalDevice(RenderSystem.java:553)
  knot//com.mojang.blaze3d.systems.RenderSystem.initRenderer(RenderSystem.java)
  knot//net.minecraft.class_310.<init>(class_310.java:533)
  knot//net.minecraft.client.main.Main.main(Main.java:234)
  net.fabricmc.loader.impl.game.minecraft.MinecraftGameProvider.launch(MinecraftGameProvider.java:514)
  net.fabricmc.loader.impl.launch.knot.Knot.launch(Knot.java:72)
  net.fabricmc.loader.impl.launch.knot.KnotClient.main(KnotClient.java:23)
  java.base/jdk.internal.reflect.DirectMethodHandleAccessor.invoke(Unknown Source)
  java.base/java.lang.reflect.Method.invoke(Unknown Source)
12:52:34.159 createBuffer stack sample #3:
  knot//net.minecraft.class_11285.<init>(class_11285.java:29)
  knot//net.minecraft.class_11280.<init>(class_11280.java:33)
  knot//net.minecraft.class_11282.<init>(class_11282.java:34)
  knot//com.mojang.blaze3d.systems.RenderSystem.handler$zep000$metallum$createMetalDevice(RenderSystem.java:553)
  knot//com.mojang.blaze3d.systems.RenderSystem.initRenderer(RenderSystem.java)
  knot//net.minecraft.class_310.<init>(class_310.java:533)
  knot//net.minecraft.client.main.Main.main(Main.java:234)
  net.fabricmc.loader.impl.game.minecraft.MinecraftGameProvider.launch(MinecraftGameProvider.java:514)
  net.fabricmc.loader.impl.launch.knot.Knot.launch(Knot.java:72)
  net.fabricmc.loader.impl.launch.knot.KnotClient.main(KnotClient.java:23)
  java.base/jdk.internal.reflect.DirectMethodHandleAccessor.invoke(Unknown Source)
  java.base/java.lang.reflect.Method.invoke(Unknown Source)
12:52:34.159 createBuffer stack sample #4:
  knot//net.minecraft.class_11285.<init>(class_11285.java:29)
  knot//net.minecraft.class_11280.<init>(class_11280.java:33)
  knot//net.minecraft.class_11282.<init>(class_11282.java:35)
  knot//com.mojang.blaze3d.systems.RenderSystem.handler$zep000$metallum$createMetalDevice(RenderSystem.java:553)
  knot//com.mojang.blaze3d.systems.RenderSystem.initRenderer(RenderSystem.java)
  knot//net.minecraft.class_310.<init>(class_310.java:533)
  knot//net.minecraft.client.main.Main.main(Main.java:234)
  net.fabricmc.loader.impl.game.minecraft.MinecraftGameProvider.launch(MinecraftGameProvider.java:514)
  net.fabricmc.loader.impl.launch.knot.Knot.launch(Knot.java:72)
  net.fabricmc.loader.impl.launch.knot.KnotClient.main(KnotClient.java:23)
  java.base/jdk.internal.reflect.DirectMethodHandleAccessor.invoke(Unknown Source)
  java.base/java.lang.reflect.Method.invoke(Unknown Source)
12:52:34.159 createBuffer stack sample #5:
  knot//net.minecraft.class_11285.<init>(class_11285.java:29)
  knot//net.minecraft.class_11280.<init>(class_11280.java:33)
  knot//net.minecraft.class_11282.<init>(class_11282.java:35)
  knot//com.mojang.blaze3d.systems.RenderSystem.handler$zep000$metallum$createMetalDevice(RenderSystem.java:553)
  knot//com.mojang.blaze3d.systems.RenderSystem.initRenderer(RenderSystem.java)
  knot//net.minecraft.class_310.<init>(class_310.java:533)
  knot//net.minecraft.client.main.Main.main(Main.java:234)
  net.fabricmc.loader.impl.game.minecraft.MinecraftGameProvider.launch(MinecraftGameProvider.java:514)
  net.fabricmc.loader.impl.launch.knot.Knot.launch(Knot.java:72)
  net.fabricmc.loader.impl.launch.knot.KnotClient.main(KnotClient.java:23)
  java.base/jdk.internal.reflect.DirectMethodHandleAccessor.invoke(Unknown Source)
  java.base/java.lang.reflect.Method.invoke(Unknown Source)
12:52:34.721 buffers total=42 | usage=0x82 count=15 req=0.0MB alloc=0.0MB | usage=0x22 count=6 req=0.0MB alloc=0.0MB | usage=0x3 count=2 req=1.5MB alloc=1.5MB | usage=0x88 count=15 req=0.0MB alloc=0.0MB | usage=0x28 count=3 req=0.0MB alloc=0.0MB | usage=0x48 count=1 req=0.0MB alloc=0.0MB | sum count=42 req=1.5MB alloc=1.5MB | poolHit=0 poolMiss=42 poolReturn=0 poolHitRate=0%
12:52:39.728 frame_time fps=54.7 avg=18.28ms max=134.63ms gpuBehind=0
12:52:44.040 visibleSections=0 smartCull=true
12:52:44.735 frame_time fps=43.3 avg=23.12ms max=355.35ms gpuBehind=0
12:52:49.050 visibleSections=0 smartCull=true
12:52:49.753 frame_time fps=50.0 avg=19.99ms max=91.90ms gpuBehind=0
12:52:54.061 visibleSections=0 smartCull=true
12:52:54.760 frame_time fps=59.9 avg=16.70ms max=35.75ms gpuBehind=0
12:52:59.080 visibleSections=0 smartCull=true
12:52:59.777 frame_time fps=59.8 avg=16.72ms max=32.76ms gpuBehind=0
12:53:04.093 visibleSections=0 smartCull=true
12:53:04.792 frame_time fps=58.8 avg=17.00ms max=105.69ms gpuBehind=0
12:53:09.109 visibleSections=0 smartCull=true
12:53:09.810 frame_time fps=59.8 avg=16.72ms max=33.33ms gpuBehind=0
12:53:14.127 visibleSections=0 smartCull=true
12:53:14.826 frame_time fps=60.0 avg=16.67ms max=27.08ms gpuBehind=0
12:53:19.129 visibleSections=0 smartCull=true
12:53:19.841 frame_time fps=60.0 avg=16.67ms max=17.02ms gpuBehind=0
12:53:24.141 visibleSections=0 smartCull=true
12:53:24.857 frame_time fps=60.0 avg=16.67ms max=22.83ms gpuBehind=0
12:53:29.157 visibleSections=0 smartCull=true
12:53:29.874 frame_time fps=60.0 avg=16.67ms max=18.61ms gpuBehind=0
12:53:34.158 visibleSections=0 smartCull=true
12:53:34.724 buffers total=824 | usage=0x82 count=54 req=0.0MB alloc=0.0MB | usage=0x22 count=150 req=2.6MB alloc=2.6MB | usage=0x102 count=3 req=2.0MB alloc=2.0MB | usage=0x3 count=40 req=43.2MB alloc=43.2MB | usage=0x86 count=6 req=0.0MB alloc=0.0MB | usage=0x88 count=42 req=0.9MB alloc=0.9MB | usage=0x28 count=21 req=0.3MB alloc=0.3MB | usage=0x48 count=13 req=1.8MB alloc=1.8MB | usage=0x9 count=1 req=14.8MB alloc=14.8MB | usage=0x7e count=494 req=775.0MB alloc=775.0MB | sum count=824 req=840.6MB alloc=840.6MB | poolHit=2992 poolMiss=824 poolReturn=3197 poolHitRate=78%
12:53:34.890 frame_time fps=60.0 avg=16.66ms max=17.11ms gpuBehind=0
12:53:39.177 visibleSections=0 smartCull=true
12:53:39.906 frame_time fps=60.0 avg=16.67ms max=21.16ms gpuBehind=0
12:53:44.190 visibleSections=0 smartCull=true
12:53:44.923 frame_time fps=60.0 avg=16.67ms max=20.35ms gpuBehind=0
12:53:49.200 visibleSections=0 smartCull=true
12:53:49.940 frame_time fps=58.2 avg=17.18ms max=101.34ms gpuBehind=0
12:53:54.206 visibleSections=0 smartCull=true
12:53:54.955 frame_time fps=59.0 avg=16.95ms max=44.99ms gpuBehind=0
12:53:59.224 visibleSections=0 smartCull=true
12:53:59.972 frame_time fps=59.6 avg=16.78ms max=33.27ms gpuBehind=0
12:54:04.240 visibleSections=0 smartCull=true
12:54:04.988 frame_time fps=59.6 avg=16.78ms max=32.66ms gpuBehind=0
12:54:09.255 visibleSections=0 smartCull=true
12:54:10.005 frame_time fps=59.6 avg=16.78ms max=35.93ms gpuBehind=0
12:54:14.270 visibleSections=0 smartCull=true
12:54:15.020 frame_time fps=60.0 avg=16.67ms max=19.84ms gpuBehind=0
==== Metallum diag start ====
20:16:21.497 createBuffer stack sample #1:
  knot//net.minecraft.class_11285.<init>(class_11285.java:29)
  knot//net.minecraft.class_11280.<init>(class_11280.java:33)
  knot//net.minecraft.class_11282.<init>(class_11282.java:34)
  knot//com.mojang.blaze3d.systems.RenderSystem.handler$zep000$metallum$createMetalDevice(RenderSystem.java:553)
  knot//com.mojang.blaze3d.systems.RenderSystem.initRenderer(RenderSystem.java)
  knot//net.minecraft.class_310.<init>(class_310.java:533)
  knot//net.minecraft.client.main.Main.main(Main.java:234)
  net.fabricmc.loader.impl.game.minecraft.MinecraftGameProvider.launch(MinecraftGameProvider.java:514)
  net.fabricmc.loader.impl.launch.knot.Knot.launch(Knot.java:72)
  net.fabricmc.loader.impl.launch.knot.KnotClient.main(KnotClient.java:23)
  java.base/jdk.internal.reflect.DirectMethodHandleAccessor.invoke(Unknown Source)
  java.base/java.lang.reflect.Method.invoke(Unknown Source)
20:16:21.499 createBuffer stack sample #2:
  knot//net.minecraft.class_11285.<init>(class_11285.java:29)
  knot//net.minecraft.class_11280.<init>(class_11280.java:33)
  knot//net.minecraft.class_11282.<init>(class_11282.java:34)
  knot//com.mojang.blaze3d.systems.RenderSystem.handler$zep000$metallum$createMetalDevice(RenderSystem.java:553)
  knot//com.mojang.blaze3d.systems.RenderSystem.initRenderer(RenderSystem.java)
  knot//net.minecraft.class_310.<init>(class_310.java:533)
  knot//net.minecraft.client.main.Main.main(Main.java:234)
  net.fabricmc.loader.impl.game.minecraft.MinecraftGameProvider.launch(MinecraftGameProvider.java:514)
  net.fabricmc.loader.impl.launch.knot.Knot.launch(Knot.java:72)
  net.fabricmc.loader.impl.launch.knot.KnotClient.main(KnotClient.java:23)
  java.base/jdk.internal.reflect.DirectMethodHandleAccessor.invoke(Unknown Source)
  java.base/java.lang.reflect.Method.invoke(Unknown Source)
20:16:21.500 createBuffer stack sample #3:
  knot//net.minecraft.class_11285.<init>(class_11285.java:29)
  knot//net.minecraft.class_11280.<init>(class_11280.java:33)
  knot//net.minecraft.class_11282.<init>(class_11282.java:34)
  knot//com.mojang.blaze3d.systems.RenderSystem.handler$zep000$metallum$createMetalDevice(RenderSystem.java:553)
  knot//com.mojang.blaze3d.systems.RenderSystem.initRenderer(RenderSystem.java)
  knot//net.minecraft.class_310.<init>(class_310.java:533)
  knot//net.minecraft.client.main.Main.main(Main.java:234)
  net.fabricmc.loader.impl.game.minecraft.MinecraftGameProvider.launch(MinecraftGameProvider.java:514)
  net.fabricmc.loader.impl.launch.knot.Knot.launch(Knot.java:72)
  net.fabricmc.loader.impl.launch.knot.KnotClient.main(KnotClient.java:23)
  java.base/jdk.internal.reflect.DirectMethodHandleAccessor.invoke(Unknown Source)
  java.base/java.lang.reflect.Method.invoke(Unknown Source)
20:16:21.500 createBuffer stack sample #4:
  knot//net.minecraft.class_11285.<init>(class_11285.java:29)
  knot//net.minecraft.class_11280.<init>(class_11280.java:33)
  knot//net.minecraft.class_11282.<init>(class_11282.java:35)
  knot//com.mojang.blaze3d.systems.RenderSystem.handler$zep000$metallum$createMetalDevice(RenderSystem.java:553)
  knot//com.mojang.blaze3d.systems.RenderSystem.initRenderer(RenderSystem.java)
  knot//net.minecraft.class_310.<init>(class_310.java:533)
  knot//net.minecraft.client.main.Main.main(Main.java:234)
  net.fabricmc.loader.impl.game.minecraft.MinecraftGameProvider.launch(MinecraftGameProvider.java:514)
  net.fabricmc.loader.impl.launch.knot.Knot.launch(Knot.java:72)
  net.fabricmc.loader.impl.launch.knot.KnotClient.main(KnotClient.java:23)
  java.base/jdk.internal.reflect.DirectMethodHandleAccessor.invoke(Unknown Source)
  java.base/java.lang.reflect.Method.invoke(Unknown Source)
20:16:21.500 createBuffer stack sample #5:
  knot//net.minecraft.class_11285.<init>(class_11285.java:29)
  knot//net.minecraft.class_11280.<init>(class_11280.java:33)
  knot//net.minecraft.class_11282.<init>(class_11282.java:35)
  knot//com.mojang.blaze3d.systems.RenderSystem.handler$zep000$metallum$createMetalDevice(RenderSystem.java:553)
  knot//com.mojang.blaze3d.systems.RenderSystem.initRenderer(RenderSystem.java)
  knot//net.minecraft.class_310.<init>(class_310.java:533)
  knot//net.minecraft.client.main.Main.main(Main.java:234)
  net.fabricmc.loader.impl.game.minecraft.MinecraftGameProvider.launch(MinecraftGameProvider.java:514)
  net.fabricmc.loader.impl.launch.knot.Knot.launch(Knot.java:72)
  net.fabricmc.loader.impl.launch.knot.KnotClient.main(KnotClient.java:23)
  java.base/jdk.internal.reflect.DirectMethodHandleAccessor.invoke(Unknown Source)
  java.base/java.lang.reflect.Method.invoke(Unknown Source)
20:16:22.056 buffers total=42 | usage=0x82 count=15 req=0.0MB alloc=0.0MB | usage=0x22 count=6 req=0.0MB alloc=0.0MB | usage=0x3 count=2 req=1.5MB alloc=1.5MB | usage=0x88 count=15 req=0.0MB alloc=0.0MB | usage=0x28 count=3 req=0.0MB alloc=0.0MB | usage=0x48 count=1 req=0.0MB alloc=0.0MB | sum count=42 req=1.5MB alloc=1.5MB | poolHit=0 poolMiss=42 poolReturn=0 poolHitRate=0%
20:16:27.071 frame_time fps=44.5 avg=22.45ms max=125.80ms gpuBehind=0
20:16:31.991 visibleSections=0 smartCull=true
20:16:32.311 frame_time fps=44.3 avg=22.57ms max=458.15ms gpuBehind=0
==== Metallum diag start ====
20:21:09.893 createBuffer stack sample #1:
  knot//net.minecraft.class_11285.<init>(class_11285.java:29)
  knot//net.minecraft.class_11280.<init>(class_11280.java:33)
  knot//net.minecraft.class_11282.<init>(class_11282.java:34)
  knot//com.mojang.blaze3d.systems.RenderSystem.handler$zep000$metallum$createMetalDevice(RenderSystem.java:553)
  knot//com.mojang.blaze3d.systems.RenderSystem.initRenderer(RenderSystem.java)
  knot//net.minecraft.class_310.<init>(class_310.java:533)
  knot//net.minecraft.client.main.Main.main(Main.java:234)
  net.fabricmc.loader.impl.game.minecraft.MinecraftGameProvider.launch(MinecraftGameProvider.java:514)
  net.fabricmc.loader.impl.launch.knot.Knot.launch(Knot.java:72)
  net.fabricmc.loader.impl.launch.knot.KnotClient.main(KnotClient.java:23)
  java.base/jdk.internal.reflect.DirectMethodHandleAccessor.invoke(Unknown Source)
  java.base/java.lang.reflect.Method.invoke(Unknown Source)
20:21:09.894 createBuffer stack sample #2:
  knot//net.minecraft.class_11285.<init>(class_11285.java:29)
  knot//net.minecraft.class_11280.<init>(class_11280.java:33)
  knot//net.minecraft.class_11282.<init>(class_11282.java:34)
  knot//com.mojang.blaze3d.systems.RenderSystem.handler$zep000$metallum$createMetalDevice(RenderSystem.java:553)
  knot//com.mojang.blaze3d.systems.RenderSystem.initRenderer(RenderSystem.java)
  knot//net.minecraft.class_310.<init>(class_310.java:533)
  knot//net.minecraft.client.main.Main.main(Main.java:234)
  net.fabricmc.loader.impl.game.minecraft.MinecraftGameProvider.launch(MinecraftGameProvider.java:514)
  net.fabricmc.loader.impl.launch.knot.Knot.launch(Knot.java:72)
  net.fabricmc.loader.impl.launch.knot.KnotClient.main(KnotClient.java:23)
  java.base/jdk.internal.reflect.DirectMethodHandleAccessor.invoke(Unknown Source)
  java.base/java.lang.reflect.Method.invoke(Unknown Source)
20:21:09.894 createBuffer stack sample #3:
  knot//net.minecraft.class_11285.<init>(class_11285.java:29)
  knot//net.minecraft.class_11280.<init>(class_11280.java:33)
  knot//net.minecraft.class_11282.<init>(class_11282.java:34)
  knot//com.mojang.blaze3d.systems.RenderSystem.handler$zep000$metallum$createMetalDevice(RenderSystem.java:553)
  knot//com.mojang.blaze3d.systems.RenderSystem.initRenderer(RenderSystem.java)
  knot//net.minecraft.class_310.<init>(class_310.java:533)
  knot//net.minecraft.client.main.Main.main(Main.java:234)
  net.fabricmc.loader.impl.game.minecraft.MinecraftGameProvider.launch(MinecraftGameProvider.java:514)
  net.fabricmc.loader.impl.launch.knot.Knot.launch(Knot.java:72)
  net.fabricmc.loader.impl.launch.knot.KnotClient.main(KnotClient.java:23)
  java.base/jdk.internal.reflect.DirectMethodHandleAccessor.invoke(Unknown Source)
  java.base/java.lang.reflect.Method.invoke(Unknown Source)
20:21:09.894 createBuffer stack sample #4:
  knot//net.minecraft.class_11285.<init>(class_11285.java:29)
  knot//net.minecraft.class_11280.<init>(class_11280.java:33)
  knot//net.minecraft.class_11282.<init>(class_11282.java:35)
  knot//com.mojang.blaze3d.systems.RenderSystem.handler$zep000$metallum$createMetalDevice(RenderSystem.java:553)
  knot//com.mojang.blaze3d.systems.RenderSystem.initRenderer(RenderSystem.java)
  knot//net.minecraft.class_310.<init>(class_310.java:533)
  knot//net.minecraft.client.main.Main.main(Main.java:234)
  net.fabricmc.loader.impl.game.minecraft.MinecraftGameProvider.launch(MinecraftGameProvider.java:514)
  net.fabricmc.loader.impl.launch.knot.Knot.launch(Knot.java:72)
  net.fabricmc.loader.impl.launch.knot.KnotClient.main(KnotClient.java:23)
  java.base/jdk.internal.reflect.DirectMethodHandleAccessor.invoke(Unknown Source)
  java.base/java.lang.reflect.Method.invoke(Unknown Source)
20:21:09.894 createBuffer stack sample #5:
  knot//net.minecraft.class_11285.<init>(class_11285.java:29)
  knot//net.minecraft.class_11280.<init>(class_11280.java:33)
  knot//net.minecraft.class_11282.<init>(class_11282.java:35)
  knot//com.mojang.blaze3d.systems.RenderSystem.handler$zep000$metallum$createMetalDevice(RenderSystem.java:553)
  knot//com.mojang.blaze3d.systems.RenderSystem.initRenderer(RenderSystem.java)
  knot//net.minecraft.class_310.<init>(class_310.java:533)
  knot//net.minecraft.client.main.Main.main(Main.java:234)
  net.fabricmc.loader.impl.game.minecraft.MinecraftGameProvider.launch(MinecraftGameProvider.java:514)
  net.fabricmc.loader.impl.launch.knot.Knot.launch(Knot.java:72)
  net.fabricmc.loader.impl.launch.knot.KnotClient.main(KnotClient.java:23)
  java.base/jdk.internal.reflect.DirectMethodHandleAccessor.invoke(Unknown Source)
  java.base/java.lang.reflect.Method.invoke(Unknown Source)
20:21:10.467 buffers total=42 | usage=0x82 count=15 req=0.0MB alloc=0.0MB | usage=0x22 count=6 req=0.0MB alloc=0.0MB | usage=0x3 count=2 req=1.5MB alloc=1.5MB | usage=0x88 count=15 req=0.0MB alloc=0.0MB | usage=0x28 count=3 req=0.0MB alloc=0.0MB | usage=0x48 count=1 req=0.0MB alloc=0.0MB | sum count=42 req=1.5MB alloc=1.5MB | poolHit=0 poolMiss=42 poolReturn=0 poolHitRate=0%
20:21:15.480 frame_time fps=54.7 avg=18.28ms max=131.29ms gpuBehind=0
20:21:20.497 frame_time fps=57.8 avg=17.31ms max=183.34ms gpuBehind=0
20:21:25.504 frame_time fps=57.7 avg=17.33ms max=59.67ms gpuBehind=0
20:21:28.421 visibleSections=0 smartCull=true
20:21:30.523 frame_time fps=51.6 avg=19.36ms max=146.27ms gpuBehind=0
20:21:33.432 visibleSections=0 smartCull=true
20:21:35.529 frame_time fps=56.5 avg=17.70ms max=86.82ms gpuBehind=0
==== Metallum diag start ====
20:48:47.898 createBuffer stack sample #1:
  knot//net.minecraft.class_11285.<init>(class_11285.java:29)
  knot//net.minecraft.class_11280.<init>(class_11280.java:33)
  knot//net.minecraft.class_11282.<init>(class_11282.java:34)
  knot//com.mojang.blaze3d.systems.RenderSystem.handler$zep000$metallum$createMetalDevice(RenderSystem.java:553)
  knot//com.mojang.blaze3d.systems.RenderSystem.initRenderer(RenderSystem.java)
  knot//net.minecraft.class_310.<init>(class_310.java:533)
  knot//net.minecraft.client.main.Main.main(Main.java:234)
  net.fabricmc.loader.impl.game.minecraft.MinecraftGameProvider.launch(MinecraftGameProvider.java:514)
  net.fabricmc.loader.impl.launch.knot.Knot.launch(Knot.java:72)
  net.fabricmc.loader.impl.launch.knot.KnotClient.main(KnotClient.java:23)
  java.base/jdk.internal.reflect.DirectMethodHandleAccessor.invoke(Unknown Source)
  java.base/java.lang.reflect.Method.invoke(Unknown Source)
20:48:47.900 createBuffer stack sample #2:
  knot//net.minecraft.class_11285.<init>(class_11285.java:29)
  knot//net.minecraft.class_11280.<init>(class_11280.java:33)
  knot//net.minecraft.class_11282.<init>(class_11282.java:34)
  knot//com.mojang.blaze3d.systems.RenderSystem.handler$zep000$metallum$createMetalDevice(RenderSystem.java:553)
  knot//com.mojang.blaze3d.systems.RenderSystem.initRenderer(RenderSystem.java)
  knot//net.minecraft.class_310.<init>(class_310.java:533)
  knot//net.minecraft.client.main.Main.main(Main.java:234)
  net.fabricmc.loader.impl.game.minecraft.MinecraftGameProvider.launch(MinecraftGameProvider.java:514)
  net.fabricmc.loader.impl.launch.knot.Knot.launch(Knot.java:72)
  net.fabricmc.loader.impl.launch.knot.KnotClient.main(KnotClient.java:23)
  java.base/jdk.internal.reflect.DirectMethodHandleAccessor.invoke(Unknown Source)
  java.base/java.lang.reflect.Method.invoke(Unknown Source)
20:48:47.900 createBuffer stack sample #3:
  knot//net.minecraft.class_11285.<init>(class_11285.java:29)
  knot//net.minecraft.class_11280.<init>(class_11280.java:33)
  knot//net.minecraft.class_11282.<init>(class_11282.java:34)
  knot//com.mojang.blaze3d.systems.RenderSystem.handler$zep000$metallum$createMetalDevice(RenderSystem.java:553)
  knot//com.mojang.blaze3d.systems.RenderSystem.initRenderer(RenderSystem.java)
  knot//net.minecraft.class_310.<init>(class_310.java:533)
  knot//net.minecraft.client.main.Main.main(Main.java:234)
  net.fabricmc.loader.impl.game.minecraft.MinecraftGameProvider.launch(MinecraftGameProvider.java:514)
  net.fabricmc.loader.impl.launch.knot.Knot.launch(Knot.java:72)
  net.fabricmc.loader.impl.launch.knot.KnotClient.main(KnotClient.java:23)
  java.base/jdk.internal.reflect.DirectMethodHandleAccessor.invoke(Unknown Source)
  java.base/java.lang.reflect.Method.invoke(Unknown Source)
20:48:47.900 createBuffer stack sample #4:
  knot//net.minecraft.class_11285.<init>(class_11285.java:29)
  knot//net.minecraft.class_11280.<init>(class_11280.java:33)
  knot//net.minecraft.class_11282.<init>(class_11282.java:35)
  knot//com.mojang.blaze3d.systems.RenderSystem.handler$zep000$metallum$createMetalDevice(RenderSystem.java:553)
  knot//com.mojang.blaze3d.systems.RenderSystem.initRenderer(RenderSystem.java)
  knot//net.minecraft.class_310.<init>(class_310.java:533)
  knot//net.minecraft.client.main.Main.main(Main.java:234)
  net.fabricmc.loader.impl.game.minecraft.MinecraftGameProvider.launch(MinecraftGameProvider.java:514)
  net.fabricmc.loader.impl.launch.knot.Knot.launch(Knot.java:72)
  net.fabricmc.loader.impl.launch.knot.KnotClient.main(KnotClient.java:23)
  java.base/jdk.internal.reflect.DirectMethodHandleAccessor.invoke(Unknown Source)
  java.base/java.lang.reflect.Method.invoke(Unknown Source)
20:48:47.900 createBuffer stack sample #5:
  knot//net.minecraft.class_11285.<init>(class_11285.java:29)
  knot//net.minecraft.class_11280.<init>(class_11280.java:33)
  knot//net.minecraft.class_11282.<init>(class_11282.java:35)
  knot//com.mojang.blaze3d.systems.RenderSystem.handler$zep000$metallum$createMetalDevice(RenderSystem.java:553)
  knot//com.mojang.blaze3d.systems.RenderSystem.initRenderer(RenderSystem.java)
  knot//net.minecraft.class_310.<init>(class_310.java:533)
  knot//net.minecraft.client.main.Main.main(Main.java:234)
  net.fabricmc.loader.impl.game.minecraft.MinecraftGameProvider.launch(MinecraftGameProvider.java:514)
  net.fabricmc.loader.impl.launch.knot.Knot.launch(Knot.java:72)
  net.fabricmc.loader.impl.launch.knot.KnotClient.main(KnotClient.java:23)
  java.base/jdk.internal.reflect.DirectMethodHandleAccessor.invoke(Unknown Source)
  java.base/java.lang.reflect.Method.invoke(Unknown Source)
20:48:48.437 buffers total=42 | usage=0x82 count=15 req=0.0MB alloc=0.0MB | usage=0x22 count=6 req=0.0MB alloc=0.0MB | usage=0x3 count=2 req=1.5MB alloc=1.5MB | usage=0x88 count=15 req=0.0MB alloc=0.0MB | usage=0x28 count=3 req=0.0MB alloc=0.0MB | usage=0x48 count=1 req=0.0MB alloc=0.0MB | sum count=42 req=1.5MB alloc=1.5MB | poolHit=0 poolMiss=42 poolReturn=0 poolHitRate=0%
20:48:53.443 frame_time fps=54.3 avg=18.41ms max=167.17ms gpuBehind=0
20:48:58.459 frame_time fps=54.8 avg=18.25ms max=192.02ms gpuBehind=0
20:48:59.178 visibleSections=0 smartCull=true
20:49:03.476 frame_time fps=51.2 avg=19.54ms max=145.57ms gpuBehind=0
20:49:04.193 visibleSections=0 smartCull=true
==== Metallum diag start ====
21:30:10.480 createBuffer stack sample #1:
  knot//net.minecraft.class_11285.<init>(class_11285.java:29)
  knot//net.minecraft.class_11280.<init>(class_11280.java:33)
  knot//net.minecraft.class_11282.<init>(class_11282.java:34)
  knot//com.mojang.blaze3d.systems.RenderSystem.handler$zep000$metallum$createMetalDevice(RenderSystem.java:553)
  knot//com.mojang.blaze3d.systems.RenderSystem.initRenderer(RenderSystem.java)
  knot//net.minecraft.class_310.<init>(class_310.java:533)
  knot//net.minecraft.client.main.Main.main(Main.java:234)
  net.fabricmc.loader.impl.game.minecraft.MinecraftGameProvider.launch(MinecraftGameProvider.java:514)
  net.fabricmc.loader.impl.launch.knot.Knot.launch(Knot.java:72)
  net.fabricmc.loader.impl.launch.knot.KnotClient.main(KnotClient.java:23)
  java.base/jdk.internal.reflect.DirectMethodHandleAccessor.invoke(Unknown Source)
  java.base/java.lang.reflect.Method.invoke(Unknown Source)
21:30:10.481 createBuffer stack sample #2:
  knot//net.minecraft.class_11285.<init>(class_11285.java:29)
  knot//net.minecraft.class_11280.<init>(class_11280.java:33)
  knot//net.minecraft.class_11282.<init>(class_11282.java:34)
  knot//com.mojang.blaze3d.systems.RenderSystem.handler$zep000$metallum$createMetalDevice(RenderSystem.java:553)
  knot//com.mojang.blaze3d.systems.RenderSystem.initRenderer(RenderSystem.java)
  knot//net.minecraft.class_310.<init>(class_310.java:533)
  knot//net.minecraft.client.main.Main.main(Main.java:234)
  net.fabricmc.loader.impl.game.minecraft.MinecraftGameProvider.launch(MinecraftGameProvider.java:514)
  net.fabricmc.loader.impl.launch.knot.Knot.launch(Knot.java:72)
  net.fabricmc.loader.impl.launch.knot.KnotClient.main(KnotClient.java:23)
  java.base/jdk.internal.reflect.DirectMethodHandleAccessor.invoke(Unknown Source)
  java.base/java.lang.reflect.Method.invoke(Unknown Source)
21:30:10.481 createBuffer stack sample #3:
  knot//net.minecraft.class_11285.<init>(class_11285.java:29)
  knot//net.minecraft.class_11280.<init>(class_11280.java:33)
  knot//net.minecraft.class_11282.<init>(class_11282.java:34)
  knot//com.mojang.blaze3d.systems.RenderSystem.handler$zep000$metallum$createMetalDevice(RenderSystem.java:553)
  knot//com.mojang.blaze3d.systems.RenderSystem.initRenderer(RenderSystem.java)
  knot//net.minecraft.class_310.<init>(class_310.java:533)
  knot//net.minecraft.client.main.Main.main(Main.java:234)
  net.fabricmc.loader.impl.game.minecraft.MinecraftGameProvider.launch(MinecraftGameProvider.java:514)
  net.fabricmc.loader.impl.launch.knot.Knot.launch(Knot.java:72)
  net.fabricmc.loader.impl.launch.knot.KnotClient.main(KnotClient.java:23)
  java.base/jdk.internal.reflect.DirectMethodHandleAccessor.invoke(Unknown Source)
  java.base/java.lang.reflect.Method.invoke(Unknown Source)
21:30:10.481 createBuffer stack sample #4:
  knot//net.minecraft.class_11285.<init>(class_11285.java:29)
  knot//net.minecraft.class_11280.<init>(class_11280.java:33)
  knot//net.minecraft.class_11282.<init>(class_11282.java:35)
  knot//com.mojang.blaze3d.systems.RenderSystem.handler$zep000$metallum$createMetalDevice(RenderSystem.java:553)
  knot//com.mojang.blaze3d.systems.RenderSystem.initRenderer(RenderSystem.java)
  knot//net.minecraft.class_310.<init>(class_310.java:533)
  knot//net.minecraft.client.main.Main.main(Main.java:234)
  net.fabricmc.loader.impl.game.minecraft.MinecraftGameProvider.launch(MinecraftGameProvider.java:514)
  net.fabricmc.loader.impl.launch.knot.Knot.launch(Knot.java:72)
  net.fabricmc.loader.impl.launch.knot.KnotClient.main(KnotClient.java:23)
  java.base/jdk.internal.reflect.DirectMethodHandleAccessor.invoke(Unknown Source)
  java.base/java.lang.reflect.Method.invoke(Unknown Source)
21:30:10.481 createBuffer stack sample #5:
  knot//net.minecraft.class_11285.<init>(class_11285.java:29)
  knot//net.minecraft.class_11280.<init>(class_11280.java:33)
  knot//net.minecraft.class_11282.<init>(class_11282.java:35)
  knot//com.mojang.blaze3d.systems.RenderSystem.handler$zep000$metallum$createMetalDevice(RenderSystem.java:553)
  knot//com.mojang.blaze3d.systems.RenderSystem.initRenderer(RenderSystem.java)
  knot//net.minecraft.class_310.<init>(class_310.java:533)
  knot//net.minecraft.client.main.Main.main(Main.java:234)
  net.fabricmc.loader.impl.game.minecraft.MinecraftGameProvider.launch(MinecraftGameProvider.java:514)
  net.fabricmc.loader.impl.launch.knot.Knot.launch(Knot.java:72)
  net.fabricmc.loader.impl.launch.knot.KnotClient.main(KnotClient.java:23)
  java.base/jdk.internal.reflect.DirectMethodHandleAccessor.invoke(Unknown Source)
  java.base/java.lang.reflect.Method.invoke(Unknown Source)
21:30:11.045 buffers total=42 | usage=0x82 count=15 req=0.0MB alloc=0.0MB | usage=0x22 count=6 req=0.0MB alloc=0.0MB | usage=0x3 count=2 req=1.5MB alloc=1.5MB | usage=0x88 count=15 req=0.0MB alloc=0.0MB | usage=0x28 count=3 req=0.0MB alloc=0.0MB | usage=0x48 count=1 req=0.0MB alloc=0.0MB | sum count=42 req=1.5MB alloc=1.5MB | poolHit=0 poolMiss=42 poolReturn=0 poolHitRate=0%
21:30:16.058 frame_time fps=53.2 avg=18.80ms max=129.50ms gpuBehind=0
21:30:21.074 frame_time fps=60.0 avg=16.67ms max=16.98ms gpuBehind=0
21:30:26.090 frame_time fps=60.0 avg=16.66ms max=16.99ms gpuBehind=0
21:30:30.401 visibleSections=0 smartCull=true
21:30:31.092 frame_time fps=45.6 avg=21.94ms max=400.06ms gpuBehind=0
21:30:36.107 frame_time fps=55.6 avg=17.97ms max=111.47ms gpuBehind=0
==== Metallum diag start ====
21:43:20.075 createBuffer stack sample #1:
  knot//net.minecraft.class_11285.<init>(class_11285.java:29)
  knot//net.minecraft.class_11280.<init>(class_11280.java:33)
  knot//net.minecraft.class_11282.<init>(class_11282.java:34)
  knot//com.mojang.blaze3d.systems.RenderSystem.handler$zep000$metallum$createMetalDevice(RenderSystem.java:553)
  knot//com.mojang.blaze3d.systems.RenderSystem.initRenderer(RenderSystem.java)
  knot//net.minecraft.class_310.<init>(class_310.java:533)
  knot//net.minecraft.client.main.Main.main(Main.java:234)
  net.fabricmc.loader.impl.game.minecraft.MinecraftGameProvider.launch(MinecraftGameProvider.java:514)
  net.fabricmc.loader.impl.launch.knot.Knot.launch(Knot.java:72)
  net.fabricmc.loader.impl.launch.knot.KnotClient.main(KnotClient.java:23)
  java.base/jdk.internal.reflect.DirectMethodHandleAccessor.invoke(Unknown Source)
  java.base/java.lang.reflect.Method.invoke(Unknown Source)
21:43:20.076 createBuffer stack sample #2:
  knot//net.minecraft.class_11285.<init>(class_11285.java:29)
  knot//net.minecraft.class_11280.<init>(class_11280.java:33)
  knot//net.minecraft.class_11282.<init>(class_11282.java:34)
  knot//com.mojang.blaze3d.systems.RenderSystem.handler$zep000$metallum$createMetalDevice(RenderSystem.java:553)
  knot//com.mojang.blaze3d.systems.RenderSystem.initRenderer(RenderSystem.java)
  knot//net.minecraft.class_310.<init>(class_310.java:533)
  knot//net.minecraft.client.main.Main.main(Main.java:234)
  net.fabricmc.loader.impl.game.minecraft.MinecraftGameProvider.launch(MinecraftGameProvider.java:514)
  net.fabricmc.loader.impl.launch.knot.Knot.launch(Knot.java:72)
  net.fabricmc.loader.impl.launch.knot.KnotClient.main(KnotClient.java:23)
  java.base/jdk.internal.reflect.DirectMethodHandleAccessor.invoke(Unknown Source)
  java.base/java.lang.reflect.Method.invoke(Unknown Source)
21:43:20.076 createBuffer stack sample #3:
  knot//net.minecraft.class_11285.<init>(class_11285.java:29)
  knot//net.minecraft.class_11280.<init>(class_11280.java:33)
  knot//net.minecraft.class_11282.<init>(class_11282.java:34)
  knot//com.mojang.blaze3d.systems.RenderSystem.handler$zep000$metallum$createMetalDevice(RenderSystem.java:553)
  knot//com.mojang.blaze3d.systems.RenderSystem.initRenderer(RenderSystem.java)
  knot//net.minecraft.class_310.<init>(class_310.java:533)
  knot//net.minecraft.client.main.Main.main(Main.java:234)
  net.fabricmc.loader.impl.game.minecraft.MinecraftGameProvider.launch(MinecraftGameProvider.java:514)
  net.fabricmc.loader.impl.launch.knot.Knot.launch(Knot.java:72)
  net.fabricmc.loader.impl.launch.knot.KnotClient.main(KnotClient.java:23)
  java.base/jdk.internal.reflect.DirectMethodHandleAccessor.invoke(Unknown Source)
  java.base/java.lang.reflect.Method.invoke(Unknown Source)
21:43:20.076 createBuffer stack sample #4:
  knot//net.minecraft.class_11285.<init>(class_11285.java:29)
  knot//net.minecraft.class_11280.<init>(class_11280.java:33)
  knot//net.minecraft.class_11282.<init>(class_11282.java:35)
  knot//com.mojang.blaze3d.systems.RenderSystem.handler$zep000$metallum$createMetalDevice(RenderSystem.java:553)
  knot//com.mojang.blaze3d.systems.RenderSystem.initRenderer(RenderSystem.java)
  knot//net.minecraft.class_310.<init>(class_310.java:533)
  knot//net.minecraft.client.main.Main.main(Main.java:234)
  net.fabricmc.loader.impl.game.minecraft.MinecraftGameProvider.launch(MinecraftGameProvider.java:514)
  net.fabricmc.loader.impl.launch.knot.Knot.launch(Knot.java:72)
  net.fabricmc.loader.impl.launch.knot.KnotClient.main(KnotClient.java:23)
  java.base/jdk.internal.reflect.DirectMethodHandleAccessor.invoke(Unknown Source)
  java.base/java.lang.reflect.Method.invoke(Unknown Source)
21:43:20.076 createBuffer stack sample #5:
  knot//net.minecraft.class_11285.<init>(class_11285.java:29)
  knot//net.minecraft.class_11280.<init>(class_11280.java:33)
  knot//net.minecraft.class_11282.<init>(class_11282.java:35)
  knot//com.mojang.blaze3d.systems.RenderSystem.handler$zep000$metallum$createMetalDevice(RenderSystem.java:553)
  knot//com.mojang.blaze3d.systems.RenderSystem.initRenderer(RenderSystem.java)
  knot//net.minecraft.class_310.<init>(class_310.java:533)
  knot//net.minecraft.client.main.Main.main(Main.java:234)
  net.fabricmc.loader.impl.game.minecraft.MinecraftGameProvider.launch(MinecraftGameProvider.java:514)
  net.fabricmc.loader.impl.launch.knot.Knot.launch(Knot.java:72)
  net.fabricmc.loader.impl.launch.knot.KnotClient.main(KnotClient.java:23)
  java.base/jdk.internal.reflect.DirectMethodHandleAccessor.invoke(Unknown Source)
  java.base/java.lang.reflect.Method.invoke(Unknown Source)
21:43:20.614 buffers total=42 | usage=0x82 count=15 req=0.0MB alloc=0.0MB | usage=0x22 count=6 req=0.0MB alloc=0.0MB | usage=0x3 count=2 req=1.5MB alloc=1.5MB | usage=0x88 count=15 req=0.0MB alloc=0.0MB | usage=0x28 count=3 req=0.0MB alloc=0.0MB | usage=0x48 count=1 req=0.0MB alloc=0.0MB | sum count=42 req=1.5MB alloc=1.5MB | poolHit=0 poolMiss=42 poolReturn=0 poolHitRate=0%
21:43:25.625 frame_time fps=54.6 avg=18.32ms max=125.44ms gpuBehind=0
21:43:29.848 visibleSections=0 smartCull=true
21:43:30.642 frame_time fps=46.4 avg=21.57ms max=384.16ms gpuBehind=0
==== Metallum diag start ====
00:30:54.686 [diag] Z clip-space remap MISS on minecraft:pipeline/gui fragment: FLIP_VERTEX_Y pattern not found, z is NOT remapped to [0,1] (depth may be wrong)
00:30:54.715 [diag] Z clip-space remap MISS on minecraft:pipeline/gui_textured fragment: FLIP_VERTEX_Y pattern not found, z is NOT remapped to [0,1] (depth may be wrong)
00:30:54.865 [diag] Z clip-space remap MISS on minecraft:pipeline/mojang_logo fragment: FLIP_VERTEX_Y pattern not found, z is NOT remapped to [0,1] (depth may be wrong)
00:30:54.875 buffers total=42 | usage=0x82 count=15 req=0.0MB alloc=0.0MB | usage=0x22 count=6 req=0.0MB alloc=0.0MB | usage=0x3 count=2 req=1.5MB alloc=1.5MB | usage=0x88 count=15 req=0.0MB alloc=0.0MB | usage=0x28 count=3 req=0.0MB alloc=0.0MB | usage=0x48 count=1 req=0.0MB alloc=0.0MB | sum count=42 req=1.5MB alloc=1.5MB | poolHit=0 poolMiss=42 poolReturn=0 poolHitRate=0%
00:30:55.643 [diag] Z clip-space remap MISS on minecraft:pipeline/text_intensity fragment: FLIP_VERTEX_Y pattern not found, z is NOT remapped to [0,1] (depth may be wrong)
00:30:55.674 [diag] Z clip-space remap MISS on minecraft:pipeline/entity_smooth_cutout fragment: FLIP_VERTEX_Y pattern not found, z is NOT remapped to [0,1] (depth may be wrong)
00:30:55.703 [diag] Z clip-space remap MISS on minecraft:pipeline/gui_text_intensity fragment: FLIP_VERTEX_Y pattern not found, z is NOT remapped to [0,1] (depth may be wrong)
00:30:55.728 [diag] Z clip-space remap MISS on minecraft:pipeline/entity_outline_blit fragment: FLIP_VERTEX_Y pattern not found, z is NOT remapped to [0,1] (depth may be wrong)
00:30:55.756 [diag] Z clip-space remap MISS on minecraft:pipeline/translucent_terrain fragment: FLIP_VERTEX_Y pattern not found, z is NOT remapped to [0,1] (depth may be wrong)
00:30:55.781 [diag] Z clip-space remap MISS on minecraft:pipeline/mojang_logo fragment: FLIP_VERTEX_Y pattern not found, z is NOT remapped to [0,1] (depth may be wrong)
00:30:55.806 [diag] Z clip-space remap MISS on minecraft:pipeline/end_sky fragment: FLIP_VERTEX_Y pattern not found, z is NOT remapped to [0,1] (depth may be wrong)
00:30:55.832 [diag] Z clip-space remap MISS on minecraft:pipeline/translucent_moving_block fragment: FLIP_VERTEX_Y pattern not found, z is NOT remapped to [0,1] (depth may be wrong)
00:30:55.857 [diag] Z clip-space remap MISS on minecraft:pipeline/debug_quads fragment: FLIP_VERTEX_Y pattern not found, z is NOT remapped to [0,1] (depth may be wrong)
00:30:55.882 [diag] Z clip-space remap MISS on minecraft:pipeline/block_screen_effect fragment: FLIP_VERTEX_Y pattern not found, z is NOT remapped to [0,1] (depth may be wrong)
00:30:55.908 [diag] Z clip-space remap MISS on minecraft:pipeline/breeze_wind fragment: FLIP_VERTEX_Y pattern not found, z is NOT remapped to [0,1] (depth may be wrong)
00:30:55.933 [diag] Z clip-space remap MISS on minecraft:pipeline/outline_cull fragment: FLIP_VERTEX_Y pattern not found, z is NOT remapped to [0,1] (depth may be wrong)
00:30:55.959 [diag] Z clip-space remap MISS on minecraft:pipeline/flat_clouds fragment: FLIP_VERTEX_Y pattern not found, z is NOT remapped to [0,1] (depth may be wrong)
00:30:55.984 [diag] Z clip-space remap MISS on minecraft:pipeline/gui_textured fragment: FLIP_VERTEX_Y pattern not found, z is NOT remapped to [0,1] (depth may be wrong)
00:30:56.009 [diag] Z clip-space remap MISS on minecraft:pipeline/gui_text_highlight fragment: FLIP_VERTEX_Y pattern not found, z is NOT remapped to [0,1] (depth may be wrong)
00:30:56.033 [diag] Z clip-space remap MISS on minecraft:pipeline/water_mask fragment: FLIP_VERTEX_Y pattern not found, z is NOT remapped to [0,1] (depth may be wrong)
00:30:56.059 [diag] Z clip-space remap MISS on minecraft:pipeline/clouds fragment: FLIP_VERTEX_Y pattern not found, z is NOT remapped to [0,1] (depth may be wrong)
00:30:56.085 [diag] Z clip-space remap MISS on minecraft:pipeline/item_entity_translucent_cull fragment: FLIP_VERTEX_Y pattern not found, z is NOT remapped to [0,1] (depth may be wrong)
00:30:56.112 [diag] Z clip-space remap MISS on minecraft:pipeline/weather_depth_write fragment: FLIP_VERTEX_Y pattern not found, z is NOT remapped to [0,1] (depth may be wrong)
00:30:56.137 [diag] Z clip-space remap MISS on minecraft:pipeline/world_border fragment: FLIP_VERTEX_Y pattern not found, z is NOT remapped to [0,1] (depth may be wrong)
00:30:56.162 [diag] Z clip-space remap MISS on minecraft:pipeline/text_background fragment: FLIP_VERTEX_Y pattern not found, z is NOT remapped to [0,1] (depth may be wrong)
00:30:56.189 [diag] Z clip-space remap MISS on minecraft:pipeline/entity_translucent fragment: FLIP_VERTEX_Y pattern not found, z is NOT remapped to [0,1] (depth may be wrong)
00:30:56.214 [diag] Z clip-space remap MISS on minecraft:pipeline/gui_text fragment: FLIP_VERTEX_Y pattern not found, z is NOT remapped to [0,1] (depth may be wrong)
00:30:56.240 [diag] Z clip-space remap MISS on minecraft:pipeline/text_polygon_offset fragment: FLIP_VERTEX_Y pattern not found, z is NOT remapped to [0,1] (depth may be wrong)
00:30:56.265 [diag] Z clip-space remap MISS on minecraft:pipeline/lines_translucent fragment: FLIP_VERTEX_Y pattern not found, z is NOT remapped to [0,1] (depth may be wrong)
00:30:56.290 [diag] Z clip-space remap MISS on minecraft:pipeline/text_intensity_see_through fragment: FLIP_VERTEX_Y pattern not found, z is NOT remapped to [0,1] (depth may be wrong)
00:30:56.314 [diag] Z clip-space remap MISS on minecraft:pipeline/gui fragment: FLIP_VERTEX_Y pattern not found, z is NOT remapped to [0,1] (depth may be wrong)
00:30:56.339 [diag] Z clip-space remap MISS on minecraft:pipeline/gui_nausea_overlay fragment: FLIP_VERTEX_Y pattern not found, z is NOT remapped to [0,1] (depth may be wrong)
00:30:56.365 [diag] Z clip-space remap MISS on minecraft:pipeline/solid_terrain fragment: FLIP_VERTEX_Y pattern not found, z is NOT remapped to [0,1] (depth may be wrong)
00:30:56.390 [diag] Z clip-space remap MISS on minecraft:pipeline/outline_no_cull fragment: FLIP_VERTEX_Y pattern not found, z is NOT remapped to [0,1] (depth may be wrong)
00:30:56.415 [diag] Z clip-space remap MISS on minecraft:pipeline/solid_block fragment: FLIP_VERTEX_Y pattern not found, z is NOT remapped to [0,1] (depth may be wrong)
00:30:56.439 [diag] Z clip-space remap MISS on minecraft:pipeline/gui_opaque_textured_background fragment: FLIP_VERTEX_Y pattern not found, z is NOT remapped to [0,1] (depth may be wrong)
00:30:56.464 [diag] Z clip-space remap MISS on minecraft:pipeline/text fragment: FLIP_VERTEX_Y pattern not found, z is NOT remapped to [0,1] (depth may be wrong)
00:30:56.490 [diag] Z clip-space remap MISS on minecraft:pipeline/entity_solid fragment: FLIP_VERTEX_Y pattern not found, z is NOT remapped to [0,1] (depth may be wrong)
00:30:56.514 [diag] Z clip-space remap MISS on minecraft:pipeline/debug_filled_box fragment: FLIP_VERTEX_Y pattern not found, z is NOT remapped to [0,1] (depth may be wrong)
00:30:56.539 [diag] Z clip-space remap MISS on minecraft:pipeline/text_see_through fragment: FLIP_VERTEX_Y pattern not found, z is NOT remapped to [0,1] (depth may be wrong)
00:30:56.564 [diag] Z clip-space remap MISS on minecraft:pipeline/armor_decal_cutout_no_cull fragment: FLIP_VERTEX_Y pattern not found, z is NOT remapped to [0,1] (depth may be wrong)
00:30:56.589 [diag] Z clip-space remap MISS on minecraft:pipeline/fire_screen_effect fragment: FLIP_VERTEX_Y pattern not found, z is NOT remapped to [0,1] (depth may be wrong)
00:30:56.614 [diag] Z clip-space remap MISS on minecraft:pipeline/secondary_block_outline fragment: FLIP_VERTEX_Y pattern not found, z is NOT remapped to [0,1] (depth may be wrong)
00:30:56.639 [diag] Z clip-space remap MISS on minecraft:pipeline/glint fragment: FLIP_VERTEX_Y pattern not found, z is NOT remapped to [0,1] (depth may be wrong)
00:30:56.665 [diag] Z clip-space remap MISS on minecraft:pipeline/eyes fragment: FLIP_VERTEX_Y pattern not found, z is NOT remapped to [0,1] (depth may be wrong)
00:30:56.691 [diag] Z clip-space remap MISS on minecraft:pipeline/cutout_terrain fragment: FLIP_VERTEX_Y pattern not found, z is NOT remapped to [0,1] (depth may be wrong)
00:30:56.717 [diag] Z clip-space remap MISS on minecraft:pipeline/entity_cutout_no_cull fragment: FLIP_VERTEX_Y pattern not found, z is NOT remapped to [0,1] (depth may be wrong)
00:30:56.742 [diag] Z clip-space remap MISS on minecraft:pipeline/tripwire_block fragment: FLIP_VERTEX_Y pattern not found, z is NOT remapped to [0,1] (depth may be wrong)
00:30:56.768 [diag] Z clip-space remap MISS on minecraft:pipeline/entity_translucent_emissive fragment: FLIP_VERTEX_Y pattern not found, z is NOT remapped to [0,1] (depth may be wrong)
00:30:56.792 [diag] Z clip-space remap MISS on minecraft:pipeline/gui_invert fragment: FLIP_VERTEX_Y pattern not found, z is NOT remapped to [0,1] (depth may be wrong)
00:30:56.818 [diag] Z clip-space remap MISS on minecraft:pipeline/entity_cutout_no_cull_z_offset fragment: FLIP_VERTEX_Y pattern not found, z is NOT remapped to [0,1] (depth may be wrong)
00:30:56.842 [diag] Z clip-space remap MISS on minecraft:pipeline/debug_points fragment: FLIP_VERTEX_Y pattern not found, z is NOT remapped to [0,1] (depth may be wrong)
00:30:56.867 [diag] Z clip-space remap MISS on minecraft:pipeline/translucent_particle fragment: FLIP_VERTEX_Y pattern not found, z is NOT remapped to [0,1] (depth may be wrong)
00:30:56.892 [diag] Z clip-space remap MISS on minecraft:pipeline/gui_textured_premultiplied_alpha fragment: FLIP_VERTEX_Y pattern not found, z is NOT remapped to [0,1] (depth may be wrong)
00:30:56.917 [diag] Z clip-space remap MISS on minecraft:pipeline/opaque_particle fragment: FLIP_VERTEX_Y pattern not found, z is NOT remapped to [0,1] (depth may be wrong)
00:30:56.942 [diag] Z clip-space remap MISS on minecraft:pipeline/entity_solid_offset_forward fragment: FLIP_VERTEX_Y pattern not found, z is NOT remapped to [0,1] (depth may be wrong)
00:30:56.968 [diag] Z clip-space remap MISS on minecraft:pipeline/entity_cutout fragment: FLIP_VERTEX_Y pattern not found, z is NOT remapped to [0,1] (depth may be wrong)
00:30:56.992 [diag] Z clip-space remap MISS on minecraft:pipeline/sunrise_sunset fragment: FLIP_VERTEX_Y pattern not found, z is NOT remapped to [0,1] (depth may be wrong)
00:30:57.016 [diag] Z clip-space remap MISS on minecraft:pipeline/debug_triangle_fan fragment: FLIP_VERTEX_Y pattern not found, z is NOT remapped to [0,1] (depth may be wrong)
00:30:57.041 [diag] Z clip-space remap MISS on minecraft:pipeline/leash fragment: FLIP_VERTEX_Y pattern not found, z is NOT remapped to [0,1] (depth may be wrong)
00:30:57.067 [diag] Z clip-space remap MISS on minecraft:pipeline/entity_no_outline fragment: FLIP_VERTEX_Y pattern not found, z is NOT remapped to [0,1] (depth may be wrong)
00:30:57.092 [diag] Z clip-space remap MISS on minecraft:pipeline/dragon_rays fragment: FLIP_VERTEX_Y pattern not found, z is NOT remapped to [0,1] (depth may be wrong)
00:30:57.117 [diag] Z clip-space remap MISS on minecraft:pipeline/lines fragment: FLIP_VERTEX_Y pattern not found, z is NOT remapped to [0,1] (depth may be wrong)
00:30:57.141 [diag] Z clip-space remap MISS on minecraft:pipeline/animate_sprite_interpolate fragment: FLIP_VERTEX_Y pattern not found, z is NOT remapped to [0,1] (depth may be wrong)
00:30:57.167 [diag] Z clip-space remap MISS on minecraft:pipeline/energy_swirl fragment: FLIP_VERTEX_Y pattern not found, z is NOT remapped to [0,1] (depth may be wrong)
00:30:57.192 [diag] Z clip-space remap MISS on minecraft:pipeline/beacon_beam_translucent fragment: FLIP_VERTEX_Y pattern not found, z is NOT remapped to [0,1] (depth may be wrong)
00:30:57.218 [diag] Z clip-space remap MISS on minecraft:pipeline/wireframe fragment: FLIP_VERTEX_Y pattern not found, z is NOT remapped to [0,1] (depth may be wrong)
00:30:57.243 [diag] Z clip-space remap MISS on minecraft:pipeline/entity_shadow fragment: FLIP_VERTEX_Y pattern not found, z is NOT remapped to [0,1] (depth may be wrong)
00:30:57.268 [diag] Z clip-space remap MISS on minecraft:pipeline/dragon_explosion_alpha fragment: FLIP_VERTEX_Y pattern not found, z is NOT remapped to [0,1] (depth may be wrong)
00:30:57.293 [diag] Z clip-space remap MISS on minecraft:pipeline/weather_no_depth_write fragment: FLIP_VERTEX_Y pattern not found, z is NOT remapped to [0,1] (depth may be wrong)
00:30:57.318 [diag] Z clip-space remap MISS on minecraft:pipeline/dragon_rays_depth fragment: FLIP_VERTEX_Y pattern not found, z is NOT remapped to [0,1] (depth may be wrong)
00:30:57.343 [diag] Z clip-space remap MISS on minecraft:pipeline/vignette fragment: FLIP_VERTEX_Y pattern not found, z is NOT remapped to [0,1] (depth may be wrong)
00:30:57.369 [diag] Z clip-space remap MISS on minecraft:pipeline/entity_decal fragment: FLIP_VERTEX_Y pattern not found, z is NOT remapped to [0,1] (depth may be wrong)
00:30:57.394 [diag] Z clip-space remap MISS on minecraft:pipeline/beacon_beam_opaque fragment: FLIP_VERTEX_Y pattern not found, z is NOT remapped to [0,1] (depth may be wrong)
00:30:57.419 [diag] Z clip-space remap MISS on minecraft:pipeline/armor_translucent fragment: FLIP_VERTEX_Y pattern not found, z is NOT remapped to [0,1] (depth may be wrong)
00:30:57.444 [diag] Z clip-space remap MISS on minecraft:pipeline/cutout_block fragment: FLIP_VERTEX_Y pattern not found, z is NOT remapped to [0,1] (depth may be wrong)
00:30:57.470 [diag] Z clip-space remap MISS on minecraft:pipeline/armor_cutout_no_cull fragment: FLIP_VERTEX_Y pattern not found, z is NOT remapped to [0,1] (depth may be wrong)
00:30:57.494 [diag] Z clip-space remap MISS on minecraft:pipeline/stars fragment: FLIP_VERTEX_Y pattern not found, z is NOT remapped to [0,1] (depth may be wrong)
00:30:57.519 [diag] Z clip-space remap MISS on minecraft:pipeline/celestial fragment: FLIP_VERTEX_Y pattern not found, z is NOT remapped to [0,1] (depth may be wrong)
00:30:57.545 [diag] Z clip-space remap MISS on minecraft:pipeline/end_gateway fragment: FLIP_VERTEX_Y pattern not found, z is NOT remapped to [0,1] (depth may be wrong)
00:30:57.570 [diag] Z clip-space remap MISS on minecraft:pipeline/crumbling fragment: FLIP_VERTEX_Y pattern not found, z is NOT remapped to [0,1] (depth may be wrong)
00:30:57.595 [diag] Z clip-space remap MISS on minecraft:pipeline/lightning fragment: FLIP_VERTEX_Y pattern not found, z is NOT remapped to [0,1] (depth may be wrong)
00:30:57.620 [diag] Z clip-space remap MISS on minecraft:pipeline/lightmap fragment: FLIP_VERTEX_Y pattern not found, z is NOT remapped to [0,1] (depth may be wrong)
00:30:57.645 [diag] Z clip-space remap MISS on minecraft:pipeline/tracy_blit fragment: FLIP_VERTEX_Y pattern not found, z is NOT remapped to [0,1] (depth may be wrong)
00:30:57.669 [diag] Z clip-space remap MISS on minecraft:pipeline/crosshair fragment: FLIP_VERTEX_Y pattern not found, z is NOT remapped to [0,1] (depth may be wrong)
00:30:57.695 [diag] Z clip-space remap MISS on minecraft:pipeline/tripwire_terrain fragment: FLIP_VERTEX_Y pattern not found, z is NOT remapped to [0,1] (depth may be wrong)
00:30:57.720 [diag] Z clip-space remap MISS on minecraft:pipeline/animate_sprite_blit fragment: FLIP_VERTEX_Y pattern not found, z is NOT remapped to [0,1] (depth may be wrong)
00:30:57.745 [diag] Z clip-space remap MISS on minecraft:pipeline/panorama fragment: FLIP_VERTEX_Y pattern not found, z is NOT remapped to [0,1] (depth may be wrong)
00:30:57.770 [diag] Z clip-space remap MISS on minecraft:pipeline/sky fragment: FLIP_VERTEX_Y pattern not found, z is NOT remapped to [0,1] (depth may be wrong)
00:30:57.795 [diag] Z clip-space remap MISS on minecraft:pipeline/text_background_see_through fragment: FLIP_VERTEX_Y pattern not found, z is NOT remapped to [0,1] (depth may be wrong)
00:30:57.821 [diag] Z clip-space remap MISS on minecraft:pipeline/end_portal fragment: FLIP_VERTEX_Y pattern not found, z is NOT remapped to [0,1] (depth may be wrong)
00:30:57.858 createBuffer stack sample #1:
  knot//com.metallum.client.metal.render.MetalDevice.createBuffer(MetalDevice.java:149)
  knot//net.minecraft.class_1059.method_45848(class_1059.java:116)
  knot//net.minecraft.class_11697$class_11699.method_73035(class_11697.java:168)
  knot//net.minecraft.class_11697$class_11700.method_73039(class_11697.java:212)
  java.base/java.util.ArrayList.forEach(Unknown Source)
  knot//net.minecraft.class_11697$class_11700.method_73037(class_11697.java:212)
  knot//net.minecraft.class_11697.method_76671(class_11697.java:146)
  knot//net.minecraft.class_11697.method_73029(class_11697.java:142)
  java.base/java.util.concurrent.CompletableFuture$UniAccept.tryFire(Unknown Source)
  java.base/java.util.concurrent.CompletableFuture$Completion.run(Unknown Source)
  knot//net.minecraft.class_4014.method_67574(class_4014.java:59)
  knot//net.minecraft.class_1255.method_18859(class_1255.java:169)
00:30:57.871 createBuffer stack sample #2:
  knot//com.metallum.client.metal.render.MetalDevice.createBuffer(MetalDevice.java:149)
  knot//net.minecraft.class_1059.method_76314(class_1059.java:173)
  knot//net.minecraft.class_1059.method_45848(class_1059.java:135)
  knot//net.minecraft.class_11697$class_11699.method_73035(class_11697.java:168)
  knot//net.minecraft.class_11697$class_11700.method_73039(class_11697.java:212)
  java.base/java.util.ArrayList.forEach(Unknown Source)
  knot//net.minecraft.class_11697$class_11700.method_73037(class_11697.java:212)
  knot//net.minecraft.class_11697.method_76671(class_11697.java:146)
  knot//net.minecraft.class_11697.method_73029(class_11697.java:142)
  java.base/java.util.concurrent.CompletableFuture$UniAccept.tryFire(Unknown Source)
  java.base/java.util.concurrent.CompletableFuture$Completion.run(Unknown Source)
  knot//net.minecraft.class_4014.method_67574(class_4014.java:59)
00:30:57.874 createBuffer stack sample #3:
  knot//com.metallum.client.metal.render.MetalDevice.createBuffer(MetalDevice.java:149)
  knot//net.minecraft.class_1059.method_76314(class_1059.java:173)
  knot//net.minecraft.class_1059.method_45848(class_1059.java:135)
  knot//net.minecraft.class_11697$class_11699.method_73035(class_11697.java:168)
  knot//net.minecraft.class_11697$class_11700.method_73039(class_11697.java:212)
  java.base/java.util.ArrayList.forEach(Unknown Source)
  knot//net.minecraft.class_11697$class_11700.method_73037(class_11697.java:212)
  knot//net.minecraft.class_11697.method_76671(class_11697.java:146)
  knot//net.minecraft.class_11697.method_73029(class_11697.java:142)
  java.base/java.util.concurrent.CompletableFuture$UniAccept.tryFire(Unknown Source)
  java.base/java.util.concurrent.CompletableFuture$Completion.run(Unknown Source)
  knot//net.minecraft.class_4014.method_67574(class_4014.java:59)
00:30:57.892 createBuffer stack sample #4:
  knot//com.metallum.client.metal.render.MetalDevice.createBuffer(MetalDevice.java:149)
  knot//net.minecraft.class_1059.method_76314(class_1059.java:173)
  knot//net.minecraft.class_1059.method_45848(class_1059.java:135)
  knot//net.minecraft.class_11697$class_11699.method_73035(class_11697.java:168)
  knot//net.minecraft.class_11697$class_11700.method_73039(class_11697.java:212)
  java.base/java.util.ArrayList.forEach(Unknown Source)
  knot//net.minecraft.class_11697$class_11700.method_73037(class_11697.java:212)
  knot//net.minecraft.class_11697.method_76671(class_11697.java:146)
  knot//net.minecraft.class_11697.method_73029(class_11697.java:142)
  java.base/java.util.concurrent.CompletableFuture$UniAccept.tryFire(Unknown Source)
  java.base/java.util.concurrent.CompletableFuture$Completion.run(Unknown Source)
  knot//net.minecraft.class_4014.method_67574(class_4014.java:59)
00:30:57.897 createBuffer stack sample #5:
  knot//com.metallum.client.metal.render.MetalDevice.createBuffer(MetalDevice.java:149)
  knot//net.minecraft.class_1059.method_76314(class_1059.java:173)
  knot//net.minecraft.class_1059.method_45848(class_1059.java:135)
  knot//net.minecraft.class_11697$class_11699.method_73035(class_11697.java:168)
  knot//net.minecraft.class_11697$class_11700.method_73039(class_11697.java:212)
  java.base/java.util.ArrayList.forEach(Unknown Source)
  knot//net.minecraft.class_11697$class_11700.method_73037(class_11697.java:212)
  knot//net.minecraft.class_11697.method_76671(class_11697.java:146)
  knot//net.minecraft.class_11697.method_73029(class_11697.java:142)
  java.base/java.util.concurrent.CompletableFuture$UniAccept.tryFire(Unknown Source)
  java.base/java.util.concurrent.CompletableFuture$Completion.run(Unknown Source)
  knot//net.minecraft.class_4014.method_67574(class_4014.java:59)
00:30:59.881 frame_time fps=54.6 avg=18.31ms max=149.53ms gpuBehind=0
00:31:04.898 frame_time fps=60.0 avg=16.67ms max=16.97ms gpuBehind=0
00:31:05.581 [diag] Z clip-space remap MISS on minecraft:blur/0 fragment: FLIP_VERTEX_Y pattern not found, z is NOT remapped to [0,1] (depth may be wrong)
00:31:05.608 [diag] Z clip-space remap MISS on minecraft:blur/1 fragment: FLIP_VERTEX_Y pattern not found, z is NOT remapped to [0,1] (depth may be wrong)
00:31:05.633 [diag] Z clip-space remap MISS on minecraft:blur/2 fragment: FLIP_VERTEX_Y pattern not found, z is NOT remapped to [0,1] (depth may be wrong)
00:31:05.658 [diag] Z clip-space remap MISS on minecraft:blur/3 fragment: FLIP_VERTEX_Y pattern not found, z is NOT remapped to [0,1] (depth may be wrong)
00:31:05.683 [diag] Z clip-space remap MISS on minecraft:blur/4 fragment: FLIP_VERTEX_Y pattern not found, z is NOT remapped to [0,1] (depth may be wrong)
00:31:05.708 [diag] Z clip-space remap MISS on minecraft:blur/5 fragment: FLIP_VERTEX_Y pattern not found, z is NOT remapped to [0,1] (depth may be wrong)
00:31:09.294 visibleSections=0 smartCull=true
00:31:09.919 frame_time fps=50.3 avg=19.87ms max=177.99ms gpuBehind=0
00:31:14.314 visibleSections=284 smartCull=true
00:31:14.932 frame_time fps=53.5 avg=18.71ms max=76.26ms gpuBehind=0
00:31:19.350 visibleSections=510 smartCull=true
00:31:19.950 frame_time fps=55.4 avg=18.05ms max=105.38ms gpuBehind=0
00:31:24.365 visibleSections=525 smartCull=true
00:31:24.963 frame_time fps=57.5 avg=17.41ms max=88.81ms gpuBehind=0
00:31:29.367 visibleSections=629 smartCull=true
00:31:30.044 frame_time fps=55.5 avg=18.01ms max=87.81ms gpuBehind=0
00:31:34.381 visibleSections=689 smartCull=true
00:31:35.056 frame_time fps=58.1 avg=17.22ms max=100.25ms gpuBehind=0
00:31:39.397 visibleSections=729 smartCull=true
00:31:40.061 frame_time fps=54.9 avg=18.21ms max=103.03ms gpuBehind=0
00:31:44.428 visibleSections=1052 smartCull=true
00:31:45.064 frame_time fps=52.4 avg=19.09ms max=377.60ms gpuBehind=0
00:31:49.431 visibleSections=1017 smartCull=true
00:31:50.079 frame_time fps=49.7 avg=20.14ms max=127.52ms gpuBehind=0
00:31:54.445 visibleSections=932 smartCull=true
00:31:54.877 buffers total=11922 | usage=0x82 count=81 req=3.0MB alloc=3.0MB | usage=0x22 count=60 req=0.9MB alloc=0.9MB | usage=0x102 count=3 req=2.0MB alloc=2.0MB | usage=0x3 count=1053 req=551.4MB alloc=551.4MB | usage=0x88 count=42 req=0.9MB alloc=0.9MB | usage=0x28 count=8791 req=607.2MB alloc=607.2MB | usage=0x48 count=1873 req=7.3MB alloc=7.3MB | usage=0x9 count=19 req=280.5MB alloc=280.5MB | sum count=11922 req=1453.2MB alloc=1453.3MB | poolHit=3353 poolMiss=11922 poolReturn=5601 poolHitRate=22%
00:31:55.093 frame_time fps=57.8 avg=17.30ms max=87.06ms gpuBehind=0
00:31:59.455 visibleSections=989 smartCull=true
00:32:00.097 frame_time fps=54.8 avg=18.26ms max=131.56ms gpuBehind=0
00:32:04.460 visibleSections=1325 smartCull=true
00:32:05.110 frame_time fps=54.1 avg=18.50ms max=125.36ms gpuBehind=0
00:32:09.476 visibleSections=1166 smartCull=true
00:32:10.126 frame_time fps=53.6 avg=18.65ms max=220.13ms gpuBehind=0
00:32:14.524 visibleSections=718 smartCull=true
00:32:15.132 frame_time fps=56.0 avg=17.87ms max=108.01ms gpuBehind=0
00:32:19.525 visibleSections=733 smartCull=true
00:32:20.142 frame_time fps=57.7 avg=17.34ms max=104.31ms gpuBehind=0
00:32:24.540 visibleSections=1295 smartCull=true
00:32:25.157 frame_time fps=57.6 avg=17.36ms max=73.19ms gpuBehind=0
00:32:29.557 visibleSections=1240 smartCull=true
00:32:30.173 frame_time fps=54.8 avg=18.24ms max=134.20ms gpuBehind=0
00:32:34.573 visibleSections=383 smartCull=true
00:32:35.189 frame_time fps=59.2 avg=16.89ms max=76.72ms gpuBehind=0
00:32:39.573 visibleSections=405 smartCull=true
00:32:40.205 frame_time fps=59.6 avg=16.78ms max=37.80ms gpuBehind=0
00:32:44.589 visibleSections=518 smartCull=true
00:32:45.221 frame_time fps=60.0 avg=16.66ms max=17.87ms gpuBehind=0
00:32:49.589 visibleSections=424 smartCull=true
00:32:50.238 frame_time fps=59.6 avg=16.78ms max=33.38ms gpuBehind=0
==== Metallum diag start ====
15:32:21.166 [diag] Z clip-space remap MISS on minecraft:pipeline/gui fragment: FLIP_VERTEX_Y pattern not found, z is NOT remapped to [0,1] (depth may be wrong)
15:32:21.196 [diag] Z clip-space remap MISS on minecraft:pipeline/gui_textured fragment: FLIP_VERTEX_Y pattern not found, z is NOT remapped to [0,1] (depth may be wrong)
15:32:21.373 [diag] Z clip-space remap MISS on minecraft:pipeline/mojang_logo fragment: FLIP_VERTEX_Y pattern not found, z is NOT remapped to [0,1] (depth may be wrong)
15:32:21.386 buffers total=42 | usage=0x82 count=15 req=0.0MB alloc=0.0MB | usage=0x22 count=6 req=0.0MB alloc=0.0MB | usage=0x3 count=2 req=1.5MB alloc=1.5MB | usage=0x88 count=15 req=0.0MB alloc=0.0MB | usage=0x28 count=3 req=0.0MB alloc=0.0MB | usage=0x48 count=1 req=0.0MB alloc=0.0MB | sum count=42 req=1.5MB alloc=1.5MB | poolHit=0 poolMiss=42 poolReturn=0 poolHitRate=0%
==== Metallum diag start ====
16:47:23.698 [diag] Z clip-space remap MISS on minecraft:pipeline/gui fragment: FLIP_VERTEX_Y pattern not found, z is NOT remapped to [0,1] (depth may be wrong)
16:47:23.727 [diag] Z clip-space remap MISS on minecraft:pipeline/gui_textured fragment: FLIP_VERTEX_Y pattern not found, z is NOT remapped to [0,1] (depth may be wrong)
16:47:23.941 [diag] Z clip-space remap MISS on minecraft:pipeline/mojang_logo fragment: FLIP_VERTEX_Y pattern not found, z is NOT remapped to [0,1] (depth may be wrong)
16:47:23.951 buffers total=42 | usage=0x82 count=15 req=0.0MB alloc=0.0MB | usage=0x22 count=6 req=0.0MB alloc=0.0MB | usage=0x3 count=2 req=1.5MB alloc=1.5MB | usage=0x88 count=15 req=0.0MB alloc=0.0MB | usage=0x28 count=3 req=0.0MB alloc=0.0MB | usage=0x48 count=1 req=0.0MB alloc=0.0MB | sum count=42 req=1.5MB alloc=1.5MB | poolHit=0 poolMiss=42 poolReturn=0 poolHitRate=0%
16:47:24.890 [diag] Z clip-space remap MISS on minecraft:pipeline/animate_sprite_blit fragment: FLIP_VERTEX_Y pattern not found, z is NOT remapped to [0,1] (depth may be wrong)
16:47:24.928 [diag] Z clip-space remap MISS on minecraft:pipeline/item_entity_translucent_cull fragment: FLIP_VERTEX_Y pattern not found, z is NOT remapped to [0,1] (depth may be wrong)
16:47:24.961 [diag] Z clip-space remap MISS on minecraft:pipeline/entity_solid fragment: FLIP_VERTEX_Y pattern not found, z is NOT remapped to [0,1] (depth may be wrong)
16:47:24.993 [diag] Z clip-space remap MISS on minecraft:pipeline/solid_block fragment: FLIP_VERTEX_Y pattern not found, z is NOT remapped to [0,1] (depth may be wrong)
16:47:25.024 [diag] Z clip-space remap MISS on minecraft:pipeline/armor_translucent fragment: FLIP_VERTEX_Y pattern not found, z is NOT remapped to [0,1] (depth may be wrong)
16:47:25.054 [diag] Z clip-space remap MISS on minecraft:pipeline/lines fragment: FLIP_VERTEX_Y pattern not found, z is NOT remapped to [0,1] (depth may be wrong)
16:47:25.084 [diag] Z clip-space remap MISS on minecraft:pipeline/entity_solid_offset_forward fragment: FLIP_VERTEX_Y pattern not found, z is NOT remapped to [0,1] (depth may be wrong)
16:47:25.113 [diag] Z clip-space remap MISS on minecraft:pipeline/end_gateway fragment: FLIP_VERTEX_Y pattern not found, z is NOT remapped to [0,1] (depth may be wrong)
16:47:25.140 [diag] Z clip-space remap MISS on minecraft:pipeline/stars fragment: FLIP_VERTEX_Y pattern not found, z is NOT remapped to [0,1] (depth may be wrong)
16:47:25.168 [diag] Z clip-space remap MISS on minecraft:pipeline/entity_translucent_emissive fragment: FLIP_VERTEX_Y pattern not found, z is NOT remapped to [0,1] (depth may be wrong)
16:47:25.195 [diag] Z clip-space remap MISS on minecraft:pipeline/weather_depth_write fragment: FLIP_VERTEX_Y pattern not found, z is NOT remapped to [0,1] (depth may be wrong)
16:47:25.221 [diag] Z clip-space remap MISS on minecraft:pipeline/mojang_logo fragment: FLIP_VERTEX_Y pattern not found, z is NOT remapped to [0,1] (depth may be wrong)
16:47:25.247 [diag] Z clip-space remap MISS on minecraft:pipeline/entity_cutout_no_cull fragment: FLIP_VERTEX_Y pattern not found, z is NOT remapped to [0,1] (depth may be wrong)
16:47:25.272 [diag] Z clip-space remap MISS on minecraft:pipeline/gui_nausea_overlay fragment: FLIP_VERTEX_Y pattern not found, z is NOT remapped to [0,1] (depth may be wrong)
16:47:25.297 [diag] Z clip-space remap MISS on minecraft:pipeline/celestial fragment: FLIP_VERTEX_Y pattern not found, z is NOT remapped to [0,1] (depth may be wrong)
16:47:25.321 [diag] Z clip-space remap MISS on minecraft:pipeline/sunrise_sunset fragment: FLIP_VERTEX_Y pattern not found, z is NOT remapped to [0,1] (depth may be wrong)
16:47:25.346 [diag] Z clip-space remap MISS on minecraft:pipeline/text_background fragment: FLIP_VERTEX_Y pattern not found, z is NOT remapped to [0,1] (depth may be wrong)
16:47:25.372 [diag] Z clip-space remap MISS on minecraft:pipeline/dragon_rays fragment: FLIP_VERTEX_Y pattern not found, z is NOT remapped to [0,1] (depth may be wrong)
16:47:25.397 [diag] Z clip-space remap MISS on minecraft:pipeline/lightning fragment: FLIP_VERTEX_Y pattern not found, z is NOT remapped to [0,1] (depth may be wrong)
16:47:25.422 [diag] Z clip-space remap MISS on minecraft:pipeline/gui_text_highlight fragment: FLIP_VERTEX_Y pattern not found, z is NOT remapped to [0,1] (depth may be wrong)
16:47:25.448 [diag] Z clip-space remap MISS on minecraft:pipeline/secondary_block_outline fragment: FLIP_VERTEX_Y pattern not found, z is NOT remapped to [0,1] (depth may be wrong)
16:47:25.472 [diag] Z clip-space remap MISS on minecraft:pipeline/tracy_blit fragment: FLIP_VERTEX_Y pattern not found, z is NOT remapped to [0,1] (depth may be wrong)
16:47:25.499 [diag] Z clip-space remap MISS on minecraft:pipeline/energy_swirl fragment: FLIP_VERTEX_Y pattern not found, z is NOT remapped to [0,1] (depth may be wrong)
16:47:25.525 [diag] Z clip-space remap MISS on minecraft:pipeline/entity_no_outline fragment: FLIP_VERTEX_Y pattern not found, z is NOT remapped to [0,1] (depth may be wrong)
16:47:25.551 [diag] Z clip-space remap MISS on minecraft:pipeline/eyes fragment: FLIP_VERTEX_Y pattern not found, z is NOT remapped to [0,1] (depth may be wrong)
16:47:25.576 [diag] Z clip-space remap MISS on minecraft:pipeline/crumbling fragment: FLIP_VERTEX_Y pattern not found, z is NOT remapped to [0,1] (depth may be wrong)
16:47:25.603 [diag] Z clip-space remap MISS on minecraft:pipeline/translucent_terrain fragment: FLIP_VERTEX_Y pattern not found, z is NOT remapped to [0,1] (depth may be wrong)
16:47:25.628 [diag] Z clip-space remap MISS on minecraft:pipeline/lightmap fragment: FLIP_VERTEX_Y pattern not found, z is NOT remapped to [0,1] (depth may be wrong)
16:47:25.654 [diag] Z clip-space remap MISS on minecraft:pipeline/gui_text_intensity fragment: FLIP_VERTEX_Y pattern not found, z is NOT remapped to [0,1] (depth may be wrong)
16:47:25.679 [diag] Z clip-space remap MISS on minecraft:pipeline/text_see_through fragment: FLIP_VERTEX_Y pattern not found, z is NOT remapped to [0,1] (depth may be wrong)
16:47:25.703 [diag] Z clip-space remap MISS on minecraft:pipeline/outline_no_cull fragment: FLIP_VERTEX_Y pattern not found, z is NOT remapped to [0,1] (depth may be wrong)
16:47:25.728 [diag] Z clip-space remap MISS on minecraft:pipeline/text_intensity_see_through fragment: FLIP_VERTEX_Y pattern not found, z is NOT remapped to [0,1] (depth may be wrong)
16:47:25.752 [diag] Z clip-space remap MISS on minecraft:pipeline/entity_outline_blit fragment: FLIP_VERTEX_Y pattern not found, z is NOT remapped to [0,1] (depth may be wrong)
16:47:25.778 [diag] Z clip-space remap MISS on minecraft:pipeline/end_portal fragment: FLIP_VERTEX_Y pattern not found, z is NOT remapped to [0,1] (depth may be wrong)
16:47:25.805 [diag] Z clip-space remap MISS on minecraft:pipeline/entity_smooth_cutout fragment: FLIP_VERTEX_Y pattern not found, z is NOT remapped to [0,1] (depth may be wrong)
16:47:25.831 [diag] Z clip-space remap MISS on minecraft:pipeline/armor_decal_cutout_no_cull fragment: FLIP_VERTEX_Y pattern not found, z is NOT remapped to [0,1] (depth may be wrong)
16:47:25.856 [diag] Z clip-space remap MISS on minecraft:pipeline/gui_textured_premultiplied_alpha fragment: FLIP_VERTEX_Y pattern not found, z is NOT remapped to [0,1] (depth may be wrong)
16:47:25.882 [diag] Z clip-space remap MISS on minecraft:pipeline/tripwire_terrain fragment: FLIP_VERTEX_Y pattern not found, z is NOT remapped to [0,1] (depth may be wrong)
16:47:25.908 [diag] Z clip-space remap MISS on minecraft:pipeline/text_polygon_offset fragment: FLIP_VERTEX_Y pattern not found, z is NOT remapped to [0,1] (depth may be wrong)
16:47:25.933 [diag] Z clip-space remap MISS on minecraft:pipeline/vignette fragment: FLIP_VERTEX_Y pattern not found, z is NOT remapped to [0,1] (depth may be wrong)
16:47:25.958 [diag] Z clip-space remap MISS on minecraft:pipeline/beacon_beam_translucent fragment: FLIP_VERTEX_Y pattern not found, z is NOT remapped to [0,1] (depth may be wrong)
16:47:25.983 [diag] Z clip-space remap MISS on minecraft:pipeline/text_background_see_through fragment: FLIP_VERTEX_Y pattern not found, z is NOT remapped to [0,1] (depth may be wrong)
16:47:26.008 [diag] Z clip-space remap MISS on minecraft:pipeline/translucent_moving_block fragment: FLIP_VERTEX_Y pattern not found, z is NOT remapped to [0,1] (depth may be wrong)
16:47:26.033 [diag] Z clip-space remap MISS on minecraft:pipeline/translucent_particle fragment: FLIP_VERTEX_Y pattern not found, z is NOT remapped to [0,1] (depth may be wrong)
16:47:26.059 [diag] Z clip-space remap MISS on minecraft:pipeline/entity_cutout fragment: FLIP_VERTEX_Y pattern not found, z is NOT remapped to [0,1] (depth may be wrong)
16:47:26.084 [diag] Z clip-space remap MISS on minecraft:pipeline/animate_sprite_interpolate fragment: FLIP_VERTEX_Y pattern not found, z is NOT remapped to [0,1] (depth may be wrong)
16:47:26.109 [diag] Z clip-space remap MISS on minecraft:pipeline/cutout_block fragment: FLIP_VERTEX_Y pattern not found, z is NOT remapped to [0,1] (depth may be wrong)
16:47:26.134 [diag] Z clip-space remap MISS on minecraft:pipeline/entity_cutout_no_cull_z_offset fragment: FLIP_VERTEX_Y pattern not found, z is NOT remapped to [0,1] (depth may be wrong)
16:47:26.159 [diag] Z clip-space remap MISS on minecraft:pipeline/gui_invert fragment: FLIP_VERTEX_Y pattern not found, z is NOT remapped to [0,1] (depth may be wrong)
16:47:26.184 [diag] Z clip-space remap MISS on minecraft:pipeline/sky fragment: FLIP_VERTEX_Y pattern not found, z is NOT remapped to [0,1] (depth may be wrong)
16:47:26.209 [diag] Z clip-space remap MISS on minecraft:pipeline/glint fragment: FLIP_VERTEX_Y pattern not found, z is NOT remapped to [0,1] (depth may be wrong)
16:47:26.234 [diag] Z clip-space remap MISS on minecraft:pipeline/leash fragment: FLIP_VERTEX_Y pattern not found, z is NOT remapped to [0,1] (depth may be wrong)
16:47:26.259 [diag] Z clip-space remap MISS on minecraft:pipeline/dragon_rays_depth fragment: FLIP_VERTEX_Y pattern not found, z is NOT remapped to [0,1] (depth may be wrong)
16:47:26.284 [diag] Z clip-space remap MISS on minecraft:pipeline/crosshair fragment: FLIP_VERTEX_Y pattern not found, z is NOT remapped to [0,1] (depth may be wrong)
16:47:26.309 [diag] Z clip-space remap MISS on minecraft:pipeline/text_intensity fragment: FLIP_VERTEX_Y pattern not found, z is NOT remapped to [0,1] (depth may be wrong)
16:47:26.333 [diag] Z clip-space remap MISS on minecraft:pipeline/debug_points fragment: FLIP_VERTEX_Y pattern not found, z is NOT remapped to [0,1] (depth may be wrong)
16:47:26.358 [diag] Z clip-space remap MISS on minecraft:pipeline/dragon_explosion_alpha fragment: FLIP_VERTEX_Y pattern not found, z is NOT remapped to [0,1] (depth may be wrong)
16:47:26.384 [diag] Z clip-space remap MISS on minecraft:pipeline/flat_clouds fragment: FLIP_VERTEX_Y pattern not found, z is NOT remapped to [0,1] (depth may be wrong)
16:47:26.409 [diag] Z clip-space remap MISS on minecraft:pipeline/gui_text fragment: FLIP_VERTEX_Y pattern not found, z is NOT remapped to [0,1] (depth may be wrong)
16:47:26.435 [diag] Z clip-space remap MISS on minecraft:pipeline/solid_terrain fragment: FLIP_VERTEX_Y pattern not found, z is NOT remapped to [0,1] (depth may be wrong)
16:47:26.460 [diag] Z clip-space remap MISS on minecraft:pipeline/fire_screen_effect fragment: FLIP_VERTEX_Y pattern not found, z is NOT remapped to [0,1] (depth may be wrong)
16:47:26.486 [diag] Z clip-space remap MISS on minecraft:pipeline/cutout_terrain fragment: FLIP_VERTEX_Y pattern not found, z is NOT remapped to [0,1] (depth may be wrong)
16:47:26.511 [diag] Z clip-space remap MISS on minecraft:pipeline/clouds fragment: FLIP_VERTEX_Y pattern not found, z is NOT remapped to [0,1] (depth may be wrong)
16:47:26.535 [diag] Z clip-space remap MISS on minecraft:pipeline/panorama fragment: FLIP_VERTEX_Y pattern not found, z is NOT remapped to [0,1] (depth may be wrong)
16:47:26.561 [diag] Z clip-space remap MISS on minecraft:pipeline/armor_cutout_no_cull fragment: FLIP_VERTEX_Y pattern not found, z is NOT remapped to [0,1] (depth may be wrong)
16:47:26.586 [diag] Z clip-space remap MISS on minecraft:pipeline/entity_translucent fragment: FLIP_VERTEX_Y pattern not found, z is NOT remapped to [0,1] (depth may be wrong)
16:47:26.611 [diag] Z clip-space remap MISS on minecraft:pipeline/debug_quads fragment: FLIP_VERTEX_Y pattern not found, z is NOT remapped to [0,1] (depth may be wrong)
16:47:26.637 [diag] Z clip-space remap MISS on minecraft:pipeline/entity_decal fragment: FLIP_VERTEX_Y pattern not found, z is NOT remapped to [0,1] (depth may be wrong)
16:47:26.662 [diag] Z clip-space remap MISS on minecraft:pipeline/breeze_wind fragment: FLIP_VERTEX_Y pattern not found, z is NOT remapped to [0,1] (depth may be wrong)
16:47:26.687 [diag] Z clip-space remap MISS on minecraft:pipeline/water_mask fragment: FLIP_VERTEX_Y pattern not found, z is NOT remapped to [0,1] (depth may be wrong)
16:47:26.711 [diag] Z clip-space remap MISS on minecraft:pipeline/block_screen_effect fragment: FLIP_VERTEX_Y pattern not found, z is NOT remapped to [0,1] (depth may be wrong)
16:47:26.736 [diag] Z clip-space remap MISS on minecraft:pipeline/opaque_particle fragment: FLIP_VERTEX_Y pattern not found, z is NOT remapped to [0,1] (depth may be wrong)
16:47:26.761 [diag] Z clip-space remap MISS on minecraft:pipeline/tripwire_block fragment: FLIP_VERTEX_Y pattern not found, z is NOT remapped to [0,1] (depth may be wrong)
16:47:26.786 [diag] Z clip-space remap MISS on minecraft:pipeline/gui_textured fragment: FLIP_VERTEX_Y pattern not found, z is NOT remapped to [0,1] (depth may be wrong)
16:47:26.810 [diag] Z clip-space remap MISS on minecraft:pipeline/beacon_beam_opaque fragment: FLIP_VERTEX_Y pattern not found, z is NOT remapped to [0,1] (depth may be wrong)
16:47:26.835 [diag] Z clip-space remap MISS on minecraft:pipeline/end_sky fragment: FLIP_VERTEX_Y pattern not found, z is NOT remapped to [0,1] (depth may be wrong)
16:47:26.859 [diag] Z clip-space remap MISS on minecraft:pipeline/gui fragment: FLIP_VERTEX_Y pattern not found, z is NOT remapped to [0,1] (depth may be wrong)
16:47:26.884 [diag] Z clip-space remap MISS on minecraft:pipeline/weather_no_depth_write fragment: FLIP_VERTEX_Y pattern not found, z is NOT remapped to [0,1] (depth may be wrong)
16:47:26.908 [diag] Z clip-space remap MISS on minecraft:pipeline/outline_cull fragment: FLIP_VERTEX_Y pattern not found, z is NOT remapped to [0,1] (depth may be wrong)
16:47:26.933 [diag] Z clip-space remap MISS on minecraft:pipeline/lines_translucent fragment: FLIP_VERTEX_Y pattern not found, z is NOT remapped to [0,1] (depth may be wrong)
16:47:26.958 [diag] Z clip-space remap MISS on minecraft:pipeline/gui_opaque_textured_background fragment: FLIP_VERTEX_Y pattern not found, z is NOT remapped to [0,1] (depth may be wrong)
16:47:26.983 [diag] Z clip-space remap MISS on minecraft:pipeline/debug_filled_box fragment: FLIP_VERTEX_Y pattern not found, z is NOT remapped to [0,1] (depth may be wrong)
16:47:27.008 [diag] Z clip-space remap MISS on minecraft:pipeline/entity_shadow fragment: FLIP_VERTEX_Y pattern not found, z is NOT remapped to [0,1] (depth may be wrong)
16:47:27.033 [diag] Z clip-space remap MISS on minecraft:pipeline/world_border fragment: FLIP_VERTEX_Y pattern not found, z is NOT remapped to [0,1] (depth may be wrong)
16:47:27.058 [diag] Z clip-space remap MISS on minecraft:pipeline/debug_triangle_fan fragment: FLIP_VERTEX_Y pattern not found, z is NOT remapped to [0,1] (depth may be wrong)
16:47:27.084 [diag] Z clip-space remap MISS on minecraft:pipeline/wireframe fragment: FLIP_VERTEX_Y pattern not found, z is NOT remapped to [0,1] (depth may be wrong)
16:47:27.110 [diag] Z clip-space remap MISS on minecraft:pipeline/text fragment: FLIP_VERTEX_Y pattern not found, z is NOT remapped to [0,1] (depth may be wrong)
16:47:27.149 createBuffer stack sample #1:
  knot//com.metallum.client.metal.render.MetalDevice.createBuffer(MetalDevice.java:149)
  knot//net.minecraft.class_1059.method_45848(class_1059.java:116)
  knot//net.minecraft.class_11697$class_11699.method_73035(class_11697.java:168)
  knot//net.minecraft.class_11697$class_11700.method_73039(class_11697.java:212)
  java.base/java.util.ArrayList.forEach(Unknown Source)
  knot//net.minecraft.class_11697$class_11700.method_73037(class_11697.java:212)
  knot//net.minecraft.class_11697.method_76671(class_11697.java:146)
  knot//net.minecraft.class_11697.method_73029(class_11697.java:142)
  java.base/java.util.concurrent.CompletableFuture$UniAccept.tryFire(Unknown Source)
  java.base/java.util.concurrent.CompletableFuture$Completion.run(Unknown Source)
  knot//net.minecraft.class_4014.method_67574(class_4014.java:59)
  knot//net.minecraft.class_1255.method_18859(class_1255.java:169)
16:47:27.162 createBuffer stack sample #2:
  knot//com.metallum.client.metal.render.MetalDevice.createBuffer(MetalDevice.java:149)
  knot//net.minecraft.class_1059.method_76314(class_1059.java:173)
  knot//net.minecraft.class_1059.method_45848(class_1059.java:135)
  knot//net.minecraft.class_11697$class_11699.method_73035(class_11697.java:168)
  knot//net.minecraft.class_11697$class_11700.method_73039(class_11697.java:212)
  java.base/java.util.ArrayList.forEach(Unknown Source)
  knot//net.minecraft.class_11697$class_11700.method_73037(class_11697.java:212)
  knot//net.minecraft.class_11697.method_76671(class_11697.java:146)
  knot//net.minecraft.class_11697.method_73029(class_11697.java:142)
  java.base/java.util.concurrent.CompletableFuture$UniAccept.tryFire(Unknown Source)
  java.base/java.util.concurrent.CompletableFuture$Completion.run(Unknown Source)
  knot//net.minecraft.class_4014.method_67574(class_4014.java:59)
16:47:27.166 createBuffer stack sample #3:
  knot//com.metallum.client.metal.render.MetalDevice.createBuffer(MetalDevice.java:149)
  knot//net.minecraft.class_1059.method_76314(class_1059.java:173)
  knot//net.minecraft.class_1059.method_45848(class_1059.java:135)
  knot//net.minecraft.class_11697$class_11699.method_73035(class_11697.java:168)
  knot//net.minecraft.class_11697$class_11700.method_73039(class_11697.java:212)
  java.base/java.util.ArrayList.forEach(Unknown Source)
  knot//net.minecraft.class_11697$class_11700.method_73037(class_11697.java:212)
  knot//net.minecraft.class_11697.method_76671(class_11697.java:146)
  knot//net.minecraft.class_11697.method_73029(class_11697.java:142)
  java.base/java.util.concurrent.CompletableFuture$UniAccept.tryFire(Unknown Source)
  java.base/java.util.concurrent.CompletableFuture$Completion.run(Unknown Source)
  knot//net.minecraft.class_4014.method_67574(class_4014.java:59)
16:47:27.183 createBuffer stack sample #4:
  knot//com.metallum.client.metal.render.MetalDevice.createBuffer(MetalDevice.java:149)
  knot//net.minecraft.class_1059.method_76314(class_1059.java:173)
  knot//net.minecraft.class_1059.method_45848(class_1059.java:135)
  knot//net.minecraft.class_11697$class_11699.method_73035(class_11697.java:168)
  knot//net.minecraft.class_11697$class_11700.method_73039(class_11697.java:212)
  java.base/java.util.ArrayList.forEach(Unknown Source)
  knot//net.minecraft.class_11697$class_11700.method_73037(class_11697.java:212)
  knot//net.minecraft.class_11697.method_76671(class_11697.java:146)
  knot//net.minecraft.class_11697.method_73029(class_11697.java:142)
  java.base/java.util.concurrent.CompletableFuture$UniAccept.tryFire(Unknown Source)
  java.base/java.util.concurrent.CompletableFuture$Completion.run(Unknown Source)
  knot//net.minecraft.class_4014.method_67574(class_4014.java:59)
16:47:27.187 createBuffer stack sample #5:
  knot//com.metallum.client.metal.render.MetalDevice.createBuffer(MetalDevice.java:149)
  knot//net.minecraft.class_1059.method_76314(class_1059.java:173)
  knot//net.minecraft.class_1059.method_45848(class_1059.java:135)
  knot//net.minecraft.class_11697$class_11699.method_73035(class_11697.java:168)
  knot//net.minecraft.class_11697$class_11700.method_73039(class_11697.java:212)
  java.base/java.util.ArrayList.forEach(Unknown Source)
  knot//net.minecraft.class_11697$class_11700.method_73037(class_11697.java:212)
  knot//net.minecraft.class_11697.method_76671(class_11697.java:146)
  knot//net.minecraft.class_11697.method_73029(class_11697.java:142)
  java.base/java.util.concurrent.CompletableFuture$UniAccept.tryFire(Unknown Source)
  java.base/java.util.concurrent.CompletableFuture$Completion.run(Unknown Source)
  knot//net.minecraft.class_4014.method_67574(class_4014.java:59)
16:47:28.965 frame_time fps=53.2 avg=18.81ms max=193.87ms gpuBehind=0
16:47:31.316 [diag] Z clip-space remap MISS on minecraft:blur/0 fragment: FLIP_VERTEX_Y pattern not found, z is NOT remapped to [0,1] (depth may be wrong)
16:47:31.343 [diag] Z clip-space remap MISS on minecraft:blur/1 fragment: FLIP_VERTEX_Y pattern not found, z is NOT remapped to [0,1] (depth may be wrong)
16:47:31.371 [diag] Z clip-space remap MISS on minecraft:blur/2 fragment: FLIP_VERTEX_Y pattern not found, z is NOT remapped to [0,1] (depth may be wrong)
16:47:31.397 [diag] Z clip-space remap MISS on minecraft:blur/3 fragment: FLIP_VERTEX_Y pattern not found, z is NOT remapped to [0,1] (depth may be wrong)
16:47:31.423 [diag] Z clip-space remap MISS on minecraft:blur/4 fragment: FLIP_VERTEX_Y pattern not found, z is NOT remapped to [0,1] (depth may be wrong)
16:47:31.449 [diag] Z clip-space remap MISS on minecraft:blur/5 fragment: FLIP_VERTEX_Y pattern not found, z is NOT remapped to [0,1] (depth may be wrong)
16:47:33.981 frame_time fps=58.0 avg=17.24ms max=186.04ms gpuBehind=0
==== Metallum diag start ====
17:20:14.747 [diag] Z clip-space remap MISS on minecraft:pipeline/gui fragment: FLIP_VERTEX_Y pattern not found, z is NOT remapped to [0,1] (depth may be wrong)
17:20:14.779 [diag] Z clip-space remap MISS on minecraft:pipeline/gui_textured fragment: FLIP_VERTEX_Y pattern not found, z is NOT remapped to [0,1] (depth may be wrong)
17:20:15.002 [diag] Z clip-space remap MISS on minecraft:pipeline/mojang_logo fragment: FLIP_VERTEX_Y pattern not found, z is NOT remapped to [0,1] (depth may be wrong)
17:20:15.020 buffers total=42 | usage=0x82 count=15 req=0.0MB alloc=0.0MB | usage=0x22 count=6 req=0.0MB alloc=0.0MB | usage=0x3 count=2 req=1.5MB alloc=1.5MB | usage=0x88 count=15 req=0.0MB alloc=0.0MB | usage=0x28 count=3 req=0.0MB alloc=0.0MB | usage=0x48 count=1 req=0.0MB alloc=0.0MB | sum count=42 req=1.5MB alloc=1.5MB | poolHit=0 poolMiss=42 poolReturn=0 poolHitRate=0%
17:20:15.695 [diag] Z clip-space remap MISS on minecraft:pipeline/sky fragment: FLIP_VERTEX_Y pattern not found, z is NOT remapped to [0,1] (depth may be wrong)
17:20:15.725 [diag] Z clip-space remap MISS on minecraft:pipeline/text_background_see_through fragment: FLIP_VERTEX_Y pattern not found, z is NOT remapped to [0,1] (depth may be wrong)
17:20:15.751 [diag] Z clip-space remap MISS on minecraft:pipeline/gui_nausea_overlay fragment: FLIP_VERTEX_Y pattern not found, z is NOT remapped to [0,1] (depth may be wrong)
17:20:15.778 [diag] Z clip-space remap MISS on minecraft:pipeline/text_polygon_offset fragment: FLIP_VERTEX_Y pattern not found, z is NOT remapped to [0,1] (depth may be wrong)
17:20:15.806 [diag] Z clip-space remap MISS on minecraft:pipeline/gui_text fragment: FLIP_VERTEX_Y pattern not found, z is NOT remapped to [0,1] (depth may be wrong)
17:20:15.831 [diag] Z clip-space remap MISS on minecraft:pipeline/crosshair fragment: FLIP_VERTEX_Y pattern not found, z is NOT remapped to [0,1] (depth may be wrong)
17:20:15.856 [diag] Z clip-space remap MISS on minecraft:pipeline/text_see_through fragment: FLIP_VERTEX_Y pattern not found, z is NOT remapped to [0,1] (depth may be wrong)
17:20:15.884 [diag] Z clip-space remap MISS on minecraft:pipeline/breeze_wind fragment: FLIP_VERTEX_Y pattern not found, z is NOT remapped to [0,1] (depth may be wrong)
17:20:15.910 [diag] Z clip-space remap MISS on minecraft:pipeline/dragon_rays fragment: FLIP_VERTEX_Y pattern not found, z is NOT remapped to [0,1] (depth may be wrong)
17:20:15.937 [diag] Z clip-space remap MISS on minecraft:pipeline/entity_translucent fragment: FLIP_VERTEX_Y pattern not found, z is NOT remapped to [0,1] (depth may be wrong)
17:20:15.962 [diag] Z clip-space remap MISS on minecraft:pipeline/mojang_logo fragment: FLIP_VERTEX_Y pattern not found, z is NOT remapped to [0,1] (depth may be wrong)
17:20:15.988 [diag] Z clip-space remap MISS on minecraft:pipeline/beacon_beam_opaque fragment: FLIP_VERTEX_Y pattern not found, z is NOT remapped to [0,1] (depth may be wrong)
17:20:16.015 [diag] Z clip-space remap MISS on minecraft:pipeline/energy_swirl fragment: FLIP_VERTEX_Y pattern not found, z is NOT remapped to [0,1] (depth may be wrong)
17:20:16.040 [diag] Z clip-space remap MISS on minecraft:pipeline/gui_text_highlight fragment: FLIP_VERTEX_Y pattern not found, z is NOT remapped to [0,1] (depth may be wrong)
17:20:16.065 [diag] Z clip-space remap MISS on minecraft:pipeline/gui_text_intensity fragment: FLIP_VERTEX_Y pattern not found, z is NOT remapped to [0,1] (depth may be wrong)
17:20:16.091 [diag] Z clip-space remap MISS on minecraft:pipeline/armor_cutout_no_cull fragment: FLIP_VERTEX_Y pattern not found, z is NOT remapped to [0,1] (depth may be wrong)
17:20:16.117 [diag] Z clip-space remap MISS on minecraft:pipeline/entity_smooth_cutout fragment: FLIP_VERTEX_Y pattern not found, z is NOT remapped to [0,1] (depth may be wrong)
17:20:16.142 [diag] Z clip-space remap MISS on minecraft:pipeline/vignette fragment: FLIP_VERTEX_Y pattern not found, z is NOT remapped to [0,1] (depth may be wrong)
17:20:16.167 [diag] Z clip-space remap MISS on minecraft:pipeline/armor_translucent fragment: FLIP_VERTEX_Y pattern not found, z is NOT remapped to [0,1] (depth may be wrong)
17:20:16.192 [diag] Z clip-space remap MISS on minecraft:pipeline/fire_screen_effect fragment: FLIP_VERTEX_Y pattern not found, z is NOT remapped to [0,1] (depth may be wrong)
17:20:16.216 [diag] Z clip-space remap MISS on minecraft:pipeline/lightning fragment: FLIP_VERTEX_Y pattern not found, z is NOT remapped to [0,1] (depth may be wrong)
17:20:16.241 [diag] Z clip-space remap MISS on minecraft:pipeline/glint fragment: FLIP_VERTEX_Y pattern not found, z is NOT remapped to [0,1] (depth may be wrong)
17:20:16.266 [diag] Z clip-space remap MISS on minecraft:pipeline/block_screen_effect fragment: FLIP_VERTEX_Y pattern not found, z is NOT remapped to [0,1] (depth may be wrong)
17:20:16.292 [diag] Z clip-space remap MISS on minecraft:pipeline/entity_solid_offset_forward fragment: FLIP_VERTEX_Y pattern not found, z is NOT remapped to [0,1] (depth may be wrong)
17:20:16.319 [diag] Z clip-space remap MISS on minecraft:pipeline/entity_decal fragment: FLIP_VERTEX_Y pattern not found, z is NOT remapped to [0,1] (depth may be wrong)
17:20:16.345 [diag] Z clip-space remap MISS on minecraft:pipeline/text_background fragment: FLIP_VERTEX_Y pattern not found, z is NOT remapped to [0,1] (depth may be wrong)
17:20:16.369 [diag] Z clip-space remap MISS on minecraft:pipeline/gui_opaque_textured_background fragment: FLIP_VERTEX_Y pattern not found, z is NOT remapped to [0,1] (depth may be wrong)
17:20:16.394 [diag] Z clip-space remap MISS on minecraft:pipeline/water_mask fragment: FLIP_VERTEX_Y pattern not found, z is NOT remapped to [0,1] (depth may be wrong)
17:20:16.420 [diag] Z clip-space remap MISS on minecraft:pipeline/end_sky fragment: FLIP_VERTEX_Y pattern not found, z is NOT remapped to [0,1] (depth may be wrong)
17:20:16.447 [diag] Z clip-space remap MISS on minecraft:pipeline/translucent_terrain fragment: FLIP_VERTEX_Y pattern not found, z is NOT remapped to [0,1] (depth may be wrong)
17:20:16.474 [diag] Z clip-space remap MISS on minecraft:pipeline/lines_translucent fragment: FLIP_VERTEX_Y pattern not found, z is NOT remapped to [0,1] (depth may be wrong)
17:20:16.500 [diag] Z clip-space remap MISS on minecraft:pipeline/secondary_block_outline fragment: FLIP_VERTEX_Y pattern not found, z is NOT remapped to [0,1] (depth may be wrong)
17:20:16.526 [diag] Z clip-space remap MISS on minecraft:pipeline/flat_clouds fragment: FLIP_VERTEX_Y pattern not found, z is NOT remapped to [0,1] (depth may be wrong)
17:20:16.553 [diag] Z clip-space remap MISS on minecraft:pipeline/entity_cutout_no_cull_z_offset fragment: FLIP_VERTEX_Y pattern not found, z is NOT remapped to [0,1] (depth may be wrong)
17:20:16.579 [diag] Z clip-space remap MISS on minecraft:pipeline/cutout_block fragment: FLIP_VERTEX_Y pattern not found, z is NOT remapped to [0,1] (depth may be wrong)
17:20:16.605 [diag] Z clip-space remap MISS on minecraft:pipeline/animate_sprite_interpolate fragment: FLIP_VERTEX_Y pattern not found, z is NOT remapped to [0,1] (depth may be wrong)
17:20:16.630 [diag] Z clip-space remap MISS on minecraft:pipeline/crumbling fragment: FLIP_VERTEX_Y pattern not found, z is NOT remapped to [0,1] (depth may be wrong)
17:20:16.656 [diag] Z clip-space remap MISS on minecraft:pipeline/panorama fragment: FLIP_VERTEX_Y pattern not found, z is NOT remapped to [0,1] (depth may be wrong)
17:20:16.683 [diag] Z clip-space remap MISS on minecraft:pipeline/end_portal fragment: FLIP_VERTEX_Y pattern not found, z is NOT remapped to [0,1] (depth may be wrong)
17:20:16.708 [diag] Z clip-space remap MISS on minecraft:pipeline/gui_textured_premultiplied_alpha fragment: FLIP_VERTEX_Y pattern not found, z is NOT remapped to [0,1] (depth may be wrong)
17:20:16.733 [diag] Z clip-space remap MISS on minecraft:pipeline/gui_invert fragment: FLIP_VERTEX_Y pattern not found, z is NOT remapped to [0,1] (depth may be wrong)
17:20:16.758 [diag] Z clip-space remap MISS on minecraft:pipeline/sunrise_sunset fragment: FLIP_VERTEX_Y pattern not found, z is NOT remapped to [0,1] (depth may be wrong)
17:20:16.783 [diag] Z clip-space remap MISS on minecraft:pipeline/text_intensity fragment: FLIP_VERTEX_Y pattern not found, z is NOT remapped to [0,1] (depth may be wrong)
17:20:16.808 [diag] Z clip-space remap MISS on minecraft:pipeline/tracy_blit fragment: FLIP_VERTEX_Y pattern not found, z is NOT remapped to [0,1] (depth may be wrong)
17:20:16.836 [diag] Z clip-space remap MISS on minecraft:pipeline/entity_no_outline fragment: FLIP_VERTEX_Y pattern not found, z is NOT remapped to [0,1] (depth may be wrong)
17:20:16.862 [diag] Z clip-space remap MISS on minecraft:pipeline/weather_depth_write fragment: FLIP_VERTEX_Y pattern not found, z is NOT remapped to [0,1] (depth may be wrong)
17:20:16.886 [diag] Z clip-space remap MISS on minecraft:pipeline/outline_no_cull fragment: FLIP_VERTEX_Y pattern not found, z is NOT remapped to [0,1] (depth may be wrong)
17:20:16.911 [diag] Z clip-space remap MISS on minecraft:pipeline/debug_quads fragment: FLIP_VERTEX_Y pattern not found, z is NOT remapped to [0,1] (depth may be wrong)
17:20:16.938 [diag] Z clip-space remap MISS on minecraft:pipeline/cutout_terrain fragment: FLIP_VERTEX_Y pattern not found, z is NOT remapped to [0,1] (depth may be wrong)
17:20:16.963 [diag] Z clip-space remap MISS on minecraft:pipeline/entity_outline_blit fragment: FLIP_VERTEX_Y pattern not found, z is NOT remapped to [0,1] (depth may be wrong)
17:20:16.987 [diag] Z clip-space remap MISS on minecraft:pipeline/debug_triangle_fan fragment: FLIP_VERTEX_Y pattern not found, z is NOT remapped to [0,1] (depth may be wrong)
17:20:17.013 [diag] Z clip-space remap MISS on minecraft:pipeline/entity_translucent_emissive fragment: FLIP_VERTEX_Y pattern not found, z is NOT remapped to [0,1] (depth may be wrong)
17:20:17.038 [diag] Z clip-space remap MISS on minecraft:pipeline/debug_points fragment: FLIP_VERTEX_Y pattern not found, z is NOT remapped to [0,1] (depth may be wrong)
17:20:17.063 [diag] Z clip-space remap MISS on minecraft:pipeline/lightmap fragment: FLIP_VERTEX_Y pattern not found, z is NOT remapped to [0,1] (depth may be wrong)
17:20:17.089 [diag] Z clip-space remap MISS on minecraft:pipeline/tripwire_terrain fragment: FLIP_VERTEX_Y pattern not found, z is NOT remapped to [0,1] (depth may be wrong)
17:20:17.114 [diag] Z clip-space remap MISS on minecraft:pipeline/dragon_rays_depth fragment: FLIP_VERTEX_Y pattern not found, z is NOT remapped to [0,1] (depth may be wrong)
17:20:17.139 [diag] Z clip-space remap MISS on minecraft:pipeline/dragon_explosion_alpha fragment: FLIP_VERTEX_Y pattern not found, z is NOT remapped to [0,1] (depth may be wrong)
17:20:17.164 [diag] Z clip-space remap MISS on minecraft:pipeline/animate_sprite_blit fragment: FLIP_VERTEX_Y pattern not found, z is NOT remapped to [0,1] (depth may be wrong)
17:20:17.189 [diag] Z clip-space remap MISS on minecraft:pipeline/leash fragment: FLIP_VERTEX_Y pattern not found, z is NOT remapped to [0,1] (depth may be wrong)
17:20:17.214 [diag] Z clip-space remap MISS on minecraft:pipeline/stars fragment: FLIP_VERTEX_Y pattern not found, z is NOT remapped to [0,1] (depth may be wrong)
17:20:17.239 [diag] Z clip-space remap MISS on minecraft:pipeline/tripwire_block fragment: FLIP_VERTEX_Y pattern not found, z is NOT remapped to [0,1] (depth may be wrong)
17:20:17.264 [diag] Z clip-space remap MISS on minecraft:pipeline/item_entity_translucent_cull fragment: FLIP_VERTEX_Y pattern not found, z is NOT remapped to [0,1] (depth may be wrong)
17:20:17.289 [diag] Z clip-space remap MISS on minecraft:pipeline/weather_no_depth_write fragment: FLIP_VERTEX_Y pattern not found, z is NOT remapped to [0,1] (depth may be wrong)
17:20:17.314 [diag] Z clip-space remap MISS on minecraft:pipeline/debug_filled_box fragment: FLIP_VERTEX_Y pattern not found, z is NOT remapped to [0,1] (depth may be wrong)
17:20:17.339 [diag] Z clip-space remap MISS on minecraft:pipeline/armor_decal_cutout_no_cull fragment: FLIP_VERTEX_Y pattern not found, z is NOT remapped to [0,1] (depth may be wrong)
17:20:17.364 [diag] Z clip-space remap MISS on minecraft:pipeline/entity_shadow fragment: FLIP_VERTEX_Y pattern not found, z is NOT remapped to [0,1] (depth may be wrong)
17:20:17.390 [diag] Z clip-space remap MISS on minecraft:pipeline/end_gateway fragment: FLIP_VERTEX_Y pattern not found, z is NOT remapped to [0,1] (depth may be wrong)
17:20:17.416 [diag] Z clip-space remap MISS on minecraft:pipeline/entity_cutout fragment: FLIP_VERTEX_Y pattern not found, z is NOT remapped to [0,1] (depth may be wrong)
17:20:17.440 [diag] Z clip-space remap MISS on minecraft:pipeline/world_border fragment: FLIP_VERTEX_Y pattern not found, z is NOT remapped to [0,1] (depth may be wrong)
17:20:17.465 [diag] Z clip-space remap MISS on minecraft:pipeline/solid_block fragment: FLIP_VERTEX_Y pattern not found, z is NOT remapped to [0,1] (depth may be wrong)
17:20:17.490 [diag] Z clip-space remap MISS on minecraft:pipeline/opaque_particle fragment: FLIP_VERTEX_Y pattern not found, z is NOT remapped to [0,1] (depth may be wrong)
17:20:17.516 [diag] Z clip-space remap MISS on minecraft:pipeline/entity_cutout_no_cull fragment: FLIP_VERTEX_Y pattern not found, z is NOT remapped to [0,1] (depth may be wrong)
17:20:17.541 [diag] Z clip-space remap MISS on minecraft:pipeline/translucent_particle fragment: FLIP_VERTEX_Y pattern not found, z is NOT remapped to [0,1] (depth may be wrong)
17:20:17.566 [diag] Z clip-space remap MISS on minecraft:pipeline/lines fragment: FLIP_VERTEX_Y pattern not found, z is NOT remapped to [0,1] (depth may be wrong)
17:20:17.591 [diag] Z clip-space remap MISS on minecraft:pipeline/eyes fragment: FLIP_VERTEX_Y pattern not found, z is NOT remapped to [0,1] (depth may be wrong)
17:20:17.616 [diag] Z clip-space remap MISS on minecraft:pipeline/gui fragment: FLIP_VERTEX_Y pattern not found, z is NOT remapped to [0,1] (depth may be wrong)
17:20:17.642 [diag] Z clip-space remap MISS on minecraft:pipeline/wireframe fragment: FLIP_VERTEX_Y pattern not found, z is NOT remapped to [0,1] (depth may be wrong)
17:20:17.667 [diag] Z clip-space remap MISS on minecraft:pipeline/text fragment: FLIP_VERTEX_Y pattern not found, z is NOT remapped to [0,1] (depth may be wrong)
17:20:17.691 [diag] Z clip-space remap MISS on minecraft:pipeline/outline_cull fragment: FLIP_VERTEX_Y pattern not found, z is NOT remapped to [0,1] (depth may be wrong)
17:20:17.716 [diag] Z clip-space remap MISS on minecraft:pipeline/clouds fragment: FLIP_VERTEX_Y pattern not found, z is NOT remapped to [0,1] (depth may be wrong)
17:20:17.741 [diag] Z clip-space remap MISS on minecraft:pipeline/celestial fragment: FLIP_VERTEX_Y pattern not found, z is NOT remapped to [0,1] (depth may be wrong)
17:20:17.765 [diag] Z clip-space remap MISS on minecraft:pipeline/beacon_beam_translucent fragment: FLIP_VERTEX_Y pattern not found, z is NOT remapped to [0,1] (depth may be wrong)
17:20:17.791 [diag] Z clip-space remap MISS on minecraft:pipeline/solid_terrain fragment: FLIP_VERTEX_Y pattern not found, z is NOT remapped to [0,1] (depth may be wrong)
17:20:17.816 [diag] Z clip-space remap MISS on minecraft:pipeline/text_intensity_see_through fragment: FLIP_VERTEX_Y pattern not found, z is NOT remapped to [0,1] (depth may be wrong)
17:20:17.841 [diag] Z clip-space remap MISS on minecraft:pipeline/entity_solid fragment: FLIP_VERTEX_Y pattern not found, z is NOT remapped to [0,1] (depth may be wrong)
17:20:17.867 [diag] Z clip-space remap MISS on minecraft:pipeline/translucent_moving_block fragment: FLIP_VERTEX_Y pattern not found, z is NOT remapped to [0,1] (depth may be wrong)
17:20:17.892 [diag] Z clip-space remap MISS on minecraft:pipeline/gui_textured fragment: FLIP_VERTEX_Y pattern not found, z is NOT remapped to [0,1] (depth may be wrong)
17:20:17.928 createBuffer stack sample #1:
  knot//com.metallum.client.metal.render.MetalDevice.createBuffer(MetalDevice.java:149)
  knot//net.minecraft.class_1059.method_45848(class_1059.java:116)
  knot//net.minecraft.class_11697$class_11699.method_73035(class_11697.java:168)
  knot//net.minecraft.class_11697$class_11700.method_73039(class_11697.java:212)
  java.base/java.util.ArrayList.forEach(Unknown Source)
  knot//net.minecraft.class_11697$class_11700.method_73037(class_11697.java:212)
  knot//net.minecraft.class_11697.method_76671(class_11697.java:146)
  knot//net.minecraft.class_11697.method_73029(class_11697.java:142)
  java.base/java.util.concurrent.CompletableFuture$UniAccept.tryFire(Unknown Source)
  java.base/java.util.concurrent.CompletableFuture$Completion.run(Unknown Source)
  knot//net.minecraft.class_4014.method_67574(class_4014.java:59)
  knot//net.minecraft.class_1255.method_18859(class_1255.java:169)
17:20:17.941 createBuffer stack sample #2:
  knot//com.metallum.client.metal.render.MetalDevice.createBuffer(MetalDevice.java:149)
  knot//net.minecraft.class_1059.method_76314(class_1059.java:173)
  knot//net.minecraft.class_1059.method_45848(class_1059.java:135)
  knot//net.minecraft.class_11697$class_11699.method_73035(class_11697.java:168)
  knot//net.minecraft.class_11697$class_11700.method_73039(class_11697.java:212)
  java.base/java.util.ArrayList.forEach(Unknown Source)
  knot//net.minecraft.class_11697$class_11700.method_73037(class_11697.java:212)
  knot//net.minecraft.class_11697.method_76671(class_11697.java:146)
  knot//net.minecraft.class_11697.method_73029(class_11697.java:142)
  java.base/java.util.concurrent.CompletableFuture$UniAccept.tryFire(Unknown Source)
  java.base/java.util.concurrent.CompletableFuture$Completion.run(Unknown Source)
  knot//net.minecraft.class_4014.method_67574(class_4014.java:59)
17:20:17.945 createBuffer stack sample #3:
  knot//com.metallum.client.metal.render.MetalDevice.createBuffer(MetalDevice.java:149)
  knot//net.minecraft.class_1059.method_76314(class_1059.java:173)
  knot//net.minecraft.class_1059.method_45848(class_1059.java:135)
  knot//net.minecraft.class_11697$class_11699.method_73035(class_11697.java:168)
  knot//net.minecraft.class_11697$class_11700.method_73039(class_11697.java:212)
  java.base/java.util.ArrayList.forEach(Unknown Source)
  knot//net.minecraft.class_11697$class_11700.method_73037(class_11697.java:212)
  knot//net.minecraft.class_11697.method_76671(class_11697.java:146)
  knot//net.minecraft.class_11697.method_73029(class_11697.java:142)
  java.base/java.util.concurrent.CompletableFuture$UniAccept.tryFire(Unknown Source)
  java.base/java.util.concurrent.CompletableFuture$Completion.run(Unknown Source)
  knot//net.minecraft.class_4014.method_67574(class_4014.java:59)
17:20:17.963 createBuffer stack sample #4:
  knot//com.metallum.client.metal.render.MetalDevice.createBuffer(MetalDevice.java:149)
  knot//net.minecraft.class_1059.method_76314(class_1059.java:173)
  knot//net.minecraft.class_1059.method_45848(class_1059.java:135)
  knot//net.minecraft.class_11697$class_11699.method_73035(class_11697.java:168)
  knot//net.minecraft.class_11697$class_11700.method_73039(class_11697.java:212)
  java.base/java.util.ArrayList.forEach(Unknown Source)
  knot//net.minecraft.class_11697$class_11700.method_73037(class_11697.java:212)
  knot//net.minecraft.class_11697.method_76671(class_11697.java:146)
  knot//net.minecraft.class_11697.method_73029(class_11697.java:142)
  java.base/java.util.concurrent.CompletableFuture$UniAccept.tryFire(Unknown Source)
  java.base/java.util.concurrent.CompletableFuture$Completion.run(Unknown Source)
  knot//net.minecraft.class_4014.method_67574(class_4014.java:59)
17:20:17.967 createBuffer stack sample #5:
  knot//com.metallum.client.metal.render.MetalDevice.createBuffer(MetalDevice.java:149)
  knot//net.minecraft.class_1059.method_76314(class_1059.java:173)
  knot//net.minecraft.class_1059.method_45848(class_1059.java:135)
  knot//net.minecraft.class_11697$class_11699.method_73035(class_11697.java:168)
  knot//net.minecraft.class_11697$class_11700.method_73039(class_11697.java:212)
  java.base/java.util.ArrayList.forEach(Unknown Source)
  knot//net.minecraft.class_11697$class_11700.method_73037(class_11697.java:212)
  knot//net.minecraft.class_11697.method_76671(class_11697.java:146)
  knot//net.minecraft.class_11697.method_73029(class_11697.java:142)
  java.base/java.util.concurrent.CompletableFuture$UniAccept.tryFire(Unknown Source)
  java.base/java.util.concurrent.CompletableFuture$Completion.run(Unknown Source)
  knot//net.minecraft.class_4014.method_67574(class_4014.java:59)
17:20:20.033 frame_time fps=52.8 avg=18.93ms max=270.71ms gpuBehind=0
17:20:21.124 [diag] Z clip-space remap MISS on minecraft:blur/0 fragment: FLIP_VERTEX_Y pattern not found, z is NOT remapped to [0,1] (depth may be wrong)
17:20:21.152 [diag] Z clip-space remap MISS on minecraft:blur/1 fragment: FLIP_VERTEX_Y pattern not found, z is NOT remapped to [0,1] (depth may be wrong)
17:20:21.177 [diag] Z clip-space remap MISS on minecraft:blur/2 fragment: FLIP_VERTEX_Y pattern not found, z is NOT remapped to [0,1] (depth may be wrong)
17:20:21.202 [diag] Z clip-space remap MISS on minecraft:blur/3 fragment: FLIP_VERTEX_Y pattern not found, z is NOT remapped to [0,1] (depth may be wrong)
17:20:21.227 [diag] Z clip-space remap MISS on minecraft:blur/4 fragment: FLIP_VERTEX_Y pattern not found, z is NOT remapped to [0,1] (depth may be wrong)
17:20:21.253 [diag] Z clip-space remap MISS on minecraft:blur/5 fragment: FLIP_VERTEX_Y pattern not found, z is NOT remapped to [0,1] (depth may be wrong)
==== Metallum diag start ====
17:33:20.742 [diag] Z clip-space remap MISS on minecraft:pipeline/gui fragment: FLIP_VERTEX_Y pattern not found, z is NOT remapped to [0,1] (depth may be wrong)
17:33:20.770 [diag] Z clip-space remap MISS on minecraft:pipeline/gui_textured fragment: FLIP_VERTEX_Y pattern not found, z is NOT remapped to [0,1] (depth may be wrong)
17:33:20.953 [diag] Z clip-space remap MISS on minecraft:pipeline/mojang_logo fragment: FLIP_VERTEX_Y pattern not found, z is NOT remapped to [0,1] (depth may be wrong)
17:33:20.975 buffers total=42 | usage=0x82 count=15 req=0.0MB alloc=0.0MB | usage=0x22 count=6 req=0.0MB alloc=0.0MB | usage=0x3 count=2 req=1.5MB alloc=1.5MB | usage=0x88 count=15 req=0.0MB alloc=0.0MB | usage=0x28 count=3 req=0.0MB alloc=0.0MB | usage=0x48 count=1 req=0.0MB alloc=0.0MB | sum count=42 req=1.5MB alloc=1.5MB | poolHit=0 poolMiss=42 poolReturn=0 poolHitRate=0%
17:33:21.676 [diag] Z clip-space remap MISS on minecraft:pipeline/block_screen_effect fragment: FLIP_VERTEX_Y pattern not found, z is NOT remapped to [0,1] (depth may be wrong)
17:33:21.707 [diag] Z clip-space remap MISS on minecraft:pipeline/wireframe fragment: FLIP_VERTEX_Y pattern not found, z is NOT remapped to [0,1] (depth may be wrong)
17:33:21.733 [diag] Z clip-space remap MISS on minecraft:pipeline/fire_screen_effect fragment: FLIP_VERTEX_Y pattern not found, z is NOT remapped to [0,1] (depth may be wrong)
17:33:21.759 [diag] Z clip-space remap MISS on minecraft:pipeline/debug_points fragment: FLIP_VERTEX_Y pattern not found, z is NOT remapped to [0,1] (depth may be wrong)
17:33:21.786 [diag] Z clip-space remap MISS on minecraft:pipeline/armor_decal_cutout_no_cull fragment: FLIP_VERTEX_Y pattern not found, z is NOT remapped to [0,1] (depth may be wrong)
17:33:21.812 [diag] Z clip-space remap MISS on minecraft:pipeline/beacon_beam_translucent fragment: FLIP_VERTEX_Y pattern not found, z is NOT remapped to [0,1] (depth may be wrong)
17:33:21.837 [diag] Z clip-space remap MISS on minecraft:pipeline/gui_text_intensity fragment: FLIP_VERTEX_Y pattern not found, z is NOT remapped to [0,1] (depth may be wrong)
17:33:21.863 [diag] Z clip-space remap MISS on minecraft:pipeline/entity_shadow fragment: FLIP_VERTEX_Y pattern not found, z is NOT remapped to [0,1] (depth may be wrong)
17:33:21.890 [diag] Z clip-space remap MISS on minecraft:pipeline/end_portal fragment: FLIP_VERTEX_Y pattern not found, z is NOT remapped to [0,1] (depth may be wrong)
17:33:21.916 [diag] Z clip-space remap MISS on minecraft:pipeline/text_intensity fragment: FLIP_VERTEX_Y pattern not found, z is NOT remapped to [0,1] (depth may be wrong)
17:33:21.942 [diag] Z clip-space remap MISS on minecraft:pipeline/eyes fragment: FLIP_VERTEX_Y pattern not found, z is NOT remapped to [0,1] (depth may be wrong)
17:33:21.967 [diag] Z clip-space remap MISS on minecraft:pipeline/debug_filled_box fragment: FLIP_VERTEX_Y pattern not found, z is NOT remapped to [0,1] (depth may be wrong)
17:33:21.993 [diag] Z clip-space remap MISS on minecraft:pipeline/glint fragment: FLIP_VERTEX_Y pattern not found, z is NOT remapped to [0,1] (depth may be wrong)
17:33:22.019 [diag] Z clip-space remap MISS on minecraft:pipeline/sky fragment: FLIP_VERTEX_Y pattern not found, z is NOT remapped to [0,1] (depth may be wrong)
17:33:22.044 [diag] Z clip-space remap MISS on minecraft:pipeline/text_polygon_offset fragment: FLIP_VERTEX_Y pattern not found, z is NOT remapped to [0,1] (depth may be wrong)
17:33:22.070 [diag] Z clip-space remap MISS on minecraft:pipeline/energy_swirl fragment: FLIP_VERTEX_Y pattern not found, z is NOT remapped to [0,1] (depth may be wrong)
17:33:22.097 [diag] Z clip-space remap MISS on minecraft:pipeline/translucent_terrain fragment: FLIP_VERTEX_Y pattern not found, z is NOT remapped to [0,1] (depth may be wrong)
17:33:22.122 [diag] Z clip-space remap MISS on minecraft:pipeline/tracy_blit fragment: FLIP_VERTEX_Y pattern not found, z is NOT remapped to [0,1] (depth may be wrong)
17:33:22.147 [diag] Z clip-space remap MISS on minecraft:pipeline/entity_cutout fragment: FLIP_VERTEX_Y pattern not found, z is NOT remapped to [0,1] (depth may be wrong)
17:33:22.173 [diag] Z clip-space remap MISS on minecraft:pipeline/leash fragment: FLIP_VERTEX_Y pattern not found, z is NOT remapped to [0,1] (depth may be wrong)
17:33:22.199 [diag] Z clip-space remap MISS on minecraft:pipeline/clouds fragment: FLIP_VERTEX_Y pattern not found, z is NOT remapped to [0,1] (depth may be wrong)
17:33:22.223 [diag] Z clip-space remap MISS on minecraft:pipeline/gui_opaque_textured_background fragment: FLIP_VERTEX_Y pattern not found, z is NOT remapped to [0,1] (depth may be wrong)
17:33:22.249 [diag] Z clip-space remap MISS on minecraft:pipeline/crumbling fragment: FLIP_VERTEX_Y pattern not found, z is NOT remapped to [0,1] (depth may be wrong)
17:33:22.275 [diag] Z clip-space remap MISS on minecraft:pipeline/armor_translucent fragment: FLIP_VERTEX_Y pattern not found, z is NOT remapped to [0,1] (depth may be wrong)
17:33:22.300 [diag] Z clip-space remap MISS on minecraft:pipeline/dragon_explosion_alpha fragment: FLIP_VERTEX_Y pattern not found, z is NOT remapped to [0,1] (depth may be wrong)
17:33:22.325 [diag] Z clip-space remap MISS on minecraft:pipeline/mojang_logo fragment: FLIP_VERTEX_Y pattern not found, z is NOT remapped to [0,1] (depth may be wrong)
17:33:22.350 [diag] Z clip-space remap MISS on minecraft:pipeline/solid_block fragment: FLIP_VERTEX_Y pattern not found, z is NOT remapped to [0,1] (depth may be wrong)
17:33:22.375 [diag] Z clip-space remap MISS on minecraft:pipeline/translucent_particle fragment: FLIP_VERTEX_Y pattern not found, z is NOT remapped to [0,1] (depth may be wrong)
17:33:22.400 [diag] Z clip-space remap MISS on minecraft:pipeline/gui_text_highlight fragment: FLIP_VERTEX_Y pattern not found, z is NOT remapped to [0,1] (depth may be wrong)
17:33:22.425 [diag] Z clip-space remap MISS on minecraft:pipeline/entity_solid_offset_forward fragment: FLIP_VERTEX_Y pattern not found, z is NOT remapped to [0,1] (depth may be wrong)
17:33:22.451 [diag] Z clip-space remap MISS on minecraft:pipeline/entity_smooth_cutout fragment: FLIP_VERTEX_Y pattern not found, z is NOT remapped to [0,1] (depth may be wrong)
17:33:22.476 [diag] Z clip-space remap MISS on minecraft:pipeline/debug_triangle_fan fragment: FLIP_VERTEX_Y pattern not found, z is NOT remapped to [0,1] (depth may be wrong)
17:33:22.501 [diag] Z clip-space remap MISS on minecraft:pipeline/end_gateway fragment: FLIP_VERTEX_Y pattern not found, z is NOT remapped to [0,1] (depth may be wrong)
17:33:22.527 [diag] Z clip-space remap MISS on minecraft:pipeline/entity_decal fragment: FLIP_VERTEX_Y pattern not found, z is NOT remapped to [0,1] (depth may be wrong)
17:33:22.552 [diag] Z clip-space remap MISS on minecraft:pipeline/tripwire_block fragment: FLIP_VERTEX_Y pattern not found, z is NOT remapped to [0,1] (depth may be wrong)
17:33:22.577 [diag] Z clip-space remap MISS on minecraft:pipeline/debug_quads fragment: FLIP_VERTEX_Y pattern not found, z is NOT remapped to [0,1] (depth may be wrong)
17:33:22.602 [diag] Z clip-space remap MISS on minecraft:pipeline/flat_clouds fragment: FLIP_VERTEX_Y pattern not found, z is NOT remapped to [0,1] (depth may be wrong)
17:33:22.627 [diag] Z clip-space remap MISS on minecraft:pipeline/secondary_block_outline fragment: FLIP_VERTEX_Y pattern not found, z is NOT remapped to [0,1] (depth may be wrong)
17:33:22.652 [diag] Z clip-space remap MISS on minecraft:pipeline/animate_sprite_blit fragment: FLIP_VERTEX_Y pattern not found, z is NOT remapped to [0,1] (depth may be wrong)
17:33:22.676 [diag] Z clip-space remap MISS on minecraft:pipeline/crosshair fragment: FLIP_VERTEX_Y pattern not found, z is NOT remapped to [0,1] (depth may be wrong)
17:33:22.701 [diag] Z clip-space remap MISS on minecraft:pipeline/sunrise_sunset fragment: FLIP_VERTEX_Y pattern not found, z is NOT remapped to [0,1] (depth may be wrong)
17:33:22.726 [diag] Z clip-space remap MISS on minecraft:pipeline/entity_translucent_emissive fragment: FLIP_VERTEX_Y pattern not found, z is NOT remapped to [0,1] (depth may be wrong)
17:33:22.751 [diag] Z clip-space remap MISS on minecraft:pipeline/panorama fragment: FLIP_VERTEX_Y pattern not found, z is NOT remapped to [0,1] (depth may be wrong)
17:33:22.776 [diag] Z clip-space remap MISS on minecraft:pipeline/opaque_particle fragment: FLIP_VERTEX_Y pattern not found, z is NOT remapped to [0,1] (depth may be wrong)
17:33:22.801 [diag] Z clip-space remap MISS on minecraft:pipeline/text_intensity_see_through fragment: FLIP_VERTEX_Y pattern not found, z is NOT remapped to [0,1] (depth may be wrong)
17:33:22.825 [diag] Z clip-space remap MISS on minecraft:pipeline/outline_cull fragment: FLIP_VERTEX_Y pattern not found, z is NOT remapped to [0,1] (depth may be wrong)
17:33:22.850 [diag] Z clip-space remap MISS on minecraft:pipeline/gui_nausea_overlay fragment: FLIP_VERTEX_Y pattern not found, z is NOT remapped to [0,1] (depth may be wrong)
17:33:22.875 [diag] Z clip-space remap MISS on minecraft:pipeline/armor_cutout_no_cull fragment: FLIP_VERTEX_Y pattern not found, z is NOT remapped to [0,1] (depth may be wrong)
17:33:22.900 [diag] Z clip-space remap MISS on minecraft:pipeline/breeze_wind fragment: FLIP_VERTEX_Y pattern not found, z is NOT remapped to [0,1] (depth may be wrong)
17:33:22.925 [diag] Z clip-space remap MISS on minecraft:pipeline/water_mask fragment: FLIP_VERTEX_Y pattern not found, z is NOT remapped to [0,1] (depth may be wrong)
17:33:22.951 [diag] Z clip-space remap MISS on minecraft:pipeline/outline_no_cull fragment: FLIP_VERTEX_Y pattern not found, z is NOT remapped to [0,1] (depth may be wrong)
17:33:22.977 [diag] Z clip-space remap MISS on minecraft:pipeline/entity_cutout_no_cull fragment: FLIP_VERTEX_Y pattern not found, z is NOT remapped to [0,1] (depth may be wrong)
17:33:23.004 [diag] Z clip-space remap MISS on minecraft:pipeline/weather_depth_write fragment: FLIP_VERTEX_Y pattern not found, z is NOT remapped to [0,1] (depth may be wrong)
17:33:23.029 [diag] Z clip-space remap MISS on minecraft:pipeline/celestial fragment: FLIP_VERTEX_Y pattern not found, z is NOT remapped to [0,1] (depth may be wrong)
17:33:23.054 [diag] Z clip-space remap MISS on minecraft:pipeline/dragon_rays fragment: FLIP_VERTEX_Y pattern not found, z is NOT remapped to [0,1] (depth may be wrong)
17:33:23.081 [diag] Z clip-space remap MISS on minecraft:pipeline/cutout_terrain fragment: FLIP_VERTEX_Y pattern not found, z is NOT remapped to [0,1] (depth may be wrong)
17:33:23.106 [diag] Z clip-space remap MISS on minecraft:pipeline/entity_cutout_no_cull_z_offset fragment: FLIP_VERTEX_Y pattern not found, z is NOT remapped to [0,1] (depth may be wrong)
17:33:23.133 [diag] Z clip-space remap MISS on minecraft:pipeline/solid_terrain fragment: FLIP_VERTEX_Y pattern not found, z is NOT remapped to [0,1] (depth may be wrong)
17:33:23.158 [diag] Z clip-space remap MISS on minecraft:pipeline/world_border fragment: FLIP_VERTEX_Y pattern not found, z is NOT remapped to [0,1] (depth may be wrong)
17:33:23.184 [diag] Z clip-space remap MISS on minecraft:pipeline/entity_no_outline fragment: FLIP_VERTEX_Y pattern not found, z is NOT remapped to [0,1] (depth may be wrong)
17:33:23.208 [diag] Z clip-space remap MISS on minecraft:pipeline/entity_outline_blit fragment: FLIP_VERTEX_Y pattern not found, z is NOT remapped to [0,1] (depth may be wrong)
17:33:23.233 [diag] Z clip-space remap MISS on minecraft:pipeline/text_background_see_through fragment: FLIP_VERTEX_Y pattern not found, z is NOT remapped to [0,1] (depth may be wrong)
17:33:23.258 [diag] Z clip-space remap MISS on minecraft:pipeline/text fragment: FLIP_VERTEX_Y pattern not found, z is NOT remapped to [0,1] (depth may be wrong)
17:33:23.284 [diag] Z clip-space remap MISS on minecraft:pipeline/weather_no_depth_write fragment: FLIP_VERTEX_Y pattern not found, z is NOT remapped to [0,1] (depth may be wrong)
17:33:23.308 [diag] Z clip-space remap MISS on minecraft:pipeline/text_see_through fragment: FLIP_VERTEX_Y pattern not found, z is NOT remapped to [0,1] (depth may be wrong)
17:33:23.333 [diag] Z clip-space remap MISS on minecraft:pipeline/text_background fragment: FLIP_VERTEX_Y pattern not found, z is NOT remapped to [0,1] (depth may be wrong)
17:33:23.358 [diag] Z clip-space remap MISS on minecraft:pipeline/gui_invert fragment: FLIP_VERTEX_Y pattern not found, z is NOT remapped to [0,1] (depth may be wrong)
17:33:23.383 [diag] Z clip-space remap MISS on minecraft:pipeline/dragon_rays_depth fragment: FLIP_VERTEX_Y pattern not found, z is NOT remapped to [0,1] (depth may be wrong)
17:33:23.409 [diag] Z clip-space remap MISS on minecraft:pipeline/item_entity_translucent_cull fragment: FLIP_VERTEX_Y pattern not found, z is NOT remapped to [0,1] (depth may be wrong)
17:33:23.436 [diag] Z clip-space remap MISS on minecraft:pipeline/tripwire_terrain fragment: FLIP_VERTEX_Y pattern not found, z is NOT remapped to [0,1] (depth may be wrong)
17:33:23.462 [diag] Z clip-space remap MISS on minecraft:pipeline/translucent_moving_block fragment: FLIP_VERTEX_Y pattern not found, z is NOT remapped to [0,1] (depth may be wrong)
17:33:23.487 [diag] Z clip-space remap MISS on minecraft:pipeline/vignette fragment: FLIP_VERTEX_Y pattern not found, z is NOT remapped to [0,1] (depth may be wrong)
17:33:23.513 [diag] Z clip-space remap MISS on minecraft:pipeline/gui_text fragment: FLIP_VERTEX_Y pattern not found, z is NOT remapped to [0,1] (depth may be wrong)
17:33:23.538 [diag] Z clip-space remap MISS on minecraft:pipeline/lightning fragment: FLIP_VERTEX_Y pattern not found, z is NOT remapped to [0,1] (depth may be wrong)
17:33:23.564 [diag] Z clip-space remap MISS on minecraft:pipeline/lines fragment: FLIP_VERTEX_Y pattern not found, z is NOT remapped to [0,1] (depth may be wrong)
17:33:23.588 [diag] Z clip-space remap MISS on minecraft:pipeline/gui_textured fragment: FLIP_VERTEX_Y pattern not found, z is NOT remapped to [0,1] (depth may be wrong)
17:33:23.613 [diag] Z clip-space remap MISS on minecraft:pipeline/animate_sprite_interpolate fragment: FLIP_VERTEX_Y pattern not found, z is NOT remapped to [0,1] (depth may be wrong)
17:33:23.638 [diag] Z clip-space remap MISS on minecraft:pipeline/gui_textured_premultiplied_alpha fragment: FLIP_VERTEX_Y pattern not found, z is NOT remapped to [0,1] (depth may be wrong)
17:33:23.663 [diag] Z clip-space remap MISS on minecraft:pipeline/beacon_beam_opaque fragment: FLIP_VERTEX_Y pattern not found, z is NOT remapped to [0,1] (depth may be wrong)
17:33:23.688 [diag] Z clip-space remap MISS on minecraft:pipeline/cutout_block fragment: FLIP_VERTEX_Y pattern not found, z is NOT remapped to [0,1] (depth may be wrong)
17:33:23.714 [diag] Z clip-space remap MISS on minecraft:pipeline/lightmap fragment: FLIP_VERTEX_Y pattern not found, z is NOT remapped to [0,1] (depth may be wrong)
17:33:23.740 [diag] Z clip-space remap MISS on minecraft:pipeline/entity_translucent fragment: FLIP_VERTEX_Y pattern not found, z is NOT remapped to [0,1] (depth may be wrong)
17:33:23.765 [diag] Z clip-space remap MISS on minecraft:pipeline/lines_translucent fragment: FLIP_VERTEX_Y pattern not found, z is NOT remapped to [0,1] (depth may be wrong)
17:33:23.790 [diag] Z clip-space remap MISS on minecraft:pipeline/gui fragment: FLIP_VERTEX_Y pattern not found, z is NOT remapped to [0,1] (depth may be wrong)
17:33:23.814 [diag] Z clip-space remap MISS on minecraft:pipeline/end_sky fragment: FLIP_VERTEX_Y pattern not found, z is NOT remapped to [0,1] (depth may be wrong)
17:33:23.839 [diag] Z clip-space remap MISS on minecraft:pipeline/entity_solid fragment: FLIP_VERTEX_Y pattern not found, z is NOT remapped to [0,1] (depth may be wrong)
17:33:23.864 [diag] Z clip-space remap MISS on minecraft:pipeline/stars fragment: FLIP_VERTEX_Y pattern not found, z is NOT remapped to [0,1] (depth may be wrong)
17:33:23.904 createBuffer stack sample #1:
  knot//com.metallum.client.metal.render.MetalDevice.createBuffer(MetalDevice.java:149)
  knot//net.minecraft.class_1059.method_45848(class_1059.java:116)
  knot//net.minecraft.class_11697$class_11699.method_73035(class_11697.java:168)
  knot//net.minecraft.class_11697$class_11700.method_73039(class_11697.java:212)
  java.base/java.util.ArrayList.forEach(Unknown Source)
  knot//net.minecraft.class_11697$class_11700.method_73037(class_11697.java:212)
  knot//net.minecraft.class_11697.method_76671(class_11697.java:146)
  knot//net.minecraft.class_11697.method_73029(class_11697.java:142)
  java.base/java.util.concurrent.CompletableFuture$UniAccept.tryFire(Unknown Source)
  java.base/java.util.concurrent.CompletableFuture$Completion.run(Unknown Source)
  knot//net.minecraft.class_4014.method_67574(class_4014.java:59)
  knot//net.minecraft.class_1255.method_18859(class_1255.java:169)
17:33:23.924 createBuffer stack sample #2:
  knot//com.metallum.client.metal.render.MetalDevice.createBuffer(MetalDevice.java:149)
  knot//net.minecraft.class_1059.method_76314(class_1059.java:173)
  knot//net.minecraft.class_1059.method_45848(class_1059.java:135)
  knot//net.minecraft.class_11697$class_11699.method_73035(class_11697.java:168)
  knot//net.minecraft.class_11697$class_11700.method_73039(class_11697.java:212)
  java.base/java.util.ArrayList.forEach(Unknown Source)
  knot//net.minecraft.class_11697$class_11700.method_73037(class_11697.java:212)
  knot//net.minecraft.class_11697.method_76671(class_11697.java:146)
  knot//net.minecraft.class_11697.method_73029(class_11697.java:142)
  java.base/java.util.concurrent.CompletableFuture$UniAccept.tryFire(Unknown Source)
  java.base/java.util.concurrent.CompletableFuture$Completion.run(Unknown Source)
  knot//net.minecraft.class_4014.method_67574(class_4014.java:59)
17:33:23.929 createBuffer stack sample #3:
  knot//com.metallum.client.metal.render.MetalDevice.createBuffer(MetalDevice.java:149)
  knot//net.minecraft.class_1059.method_76314(class_1059.java:173)
  knot//net.minecraft.class_1059.method_45848(class_1059.java:135)
  knot//net.minecraft.class_11697$class_11699.method_73035(class_11697.java:168)
  knot//net.minecraft.class_11697$class_11700.method_73039(class_11697.java:212)
  java.base/java.util.ArrayList.forEach(Unknown Source)
  knot//net.minecraft.class_11697$class_11700.method_73037(class_11697.java:212)
  knot//net.minecraft.class_11697.method_76671(class_11697.java:146)
  knot//net.minecraft.class_11697.method_73029(class_11697.java:142)
  java.base/java.util.concurrent.CompletableFuture$UniAccept.tryFire(Unknown Source)
  java.base/java.util.concurrent.CompletableFuture$Completion.run(Unknown Source)
  knot//net.minecraft.class_4014.method_67574(class_4014.java:59)
17:33:23.947 createBuffer stack sample #4:
  knot//com.metallum.client.metal.render.MetalDevice.createBuffer(MetalDevice.java:149)
  knot//net.minecraft.class_1059.method_76314(class_1059.java:173)
  knot//net.minecraft.class_1059.method_45848(class_1059.java:135)
  knot//net.minecraft.class_11697$class_11699.method_73035(class_11697.java:168)
  knot//net.minecraft.class_11697$class_11700.method_73039(class_11697.java:212)
  java.base/java.util.ArrayList.forEach(Unknown Source)
  knot//net.minecraft.class_11697$class_11700.method_73037(class_11697.java:212)
  knot//net.minecraft.class_11697.method_76671(class_11697.java:146)
  knot//net.minecraft.class_11697.method_73029(class_11697.java:142)
  java.base/java.util.concurrent.CompletableFuture$UniAccept.tryFire(Unknown Source)
  java.base/java.util.concurrent.CompletableFuture$Completion.run(Unknown Source)
  knot//net.minecraft.class_4014.method_67574(class_4014.java:59)
17:33:23.953 createBuffer stack sample #5:
  knot//com.metallum.client.metal.render.MetalDevice.createBuffer(MetalDevice.java:149)
  knot//net.minecraft.class_1059.method_76314(class_1059.java:173)
  knot//net.minecraft.class_1059.method_45848(class_1059.java:135)
  knot//net.minecraft.class_11697$class_11699.method_73035(class_11697.java:168)
  knot//net.minecraft.class_11697$class_11700.method_73039(class_11697.java:212)
  java.base/java.util.ArrayList.forEach(Unknown Source)
  knot//net.minecraft.class_11697$class_11700.method_73037(class_11697.java:212)
  knot//net.minecraft.class_11697.method_76671(class_11697.java:146)
  knot//net.minecraft.class_11697.method_73029(class_11697.java:142)
  java.base/java.util.concurrent.CompletableFuture$UniAccept.tryFire(Unknown Source)
  java.base/java.util.concurrent.CompletableFuture$Completion.run(Unknown Source)
  knot//net.minecraft.class_4014.method_67574(class_4014.java:59)
17:33:25.991 frame_time fps=53.3 avg=18.77ms max=205.96ms gpuBehind=0
17:33:28.177 [diag] Z clip-space remap MISS on minecraft:blur/0 fragment: FLIP_VERTEX_Y pattern not found, z is NOT remapped to [0,1] (depth may be wrong)
17:33:28.204 [diag] Z clip-space remap MISS on minecraft:blur/1 fragment: FLIP_VERTEX_Y pattern not found, z is NOT remapped to [0,1] (depth may be wrong)
17:33:28.230 [diag] Z clip-space remap MISS on minecraft:blur/2 fragment: FLIP_VERTEX_Y pattern not found, z is NOT remapped to [0,1] (depth may be wrong)
17:33:28.255 [diag] Z clip-space remap MISS on minecraft:blur/3 fragment: FLIP_VERTEX_Y pattern not found, z is NOT remapped to [0,1] (depth may be wrong)
17:33:28.281 [diag] Z clip-space remap MISS on minecraft:blur/4 fragment: FLIP_VERTEX_Y pattern not found, z is NOT remapped to [0,1] (depth may be wrong)
17:33:28.307 [diag] Z clip-space remap MISS on minecraft:blur/5 fragment: FLIP_VERTEX_Y pattern not found, z is NOT remapped to [0,1] (depth may be wrong)
17:33:31.010 frame_time fps=55.2 avg=18.12ms max=183.41ms gpuBehind=0
==== Metallum diag start ====
17:48:17.699 [diag] Z clip-space remap MISS on minecraft:pipeline/gui fragment: FLIP_VERTEX_Y pattern not found, z is NOT remapped to [0,1] (depth may be wrong)
17:48:17.728 [diag] Z clip-space remap MISS on minecraft:pipeline/gui_textured fragment: FLIP_VERTEX_Y pattern not found, z is NOT remapped to [0,1] (depth may be wrong)
17:48:18.013 [diag] Z clip-space remap MISS on minecraft:pipeline/mojang_logo fragment: FLIP_VERTEX_Y pattern not found, z is NOT remapped to [0,1] (depth may be wrong)
17:48:18.027 buffers total=42 | usage=0x82 count=15 req=0.0MB alloc=0.0MB | usage=0x22 count=6 req=0.0MB alloc=0.0MB | usage=0x3 count=2 req=1.5MB alloc=1.5MB | usage=0x88 count=15 req=0.0MB alloc=0.0MB | usage=0x28 count=3 req=0.0MB alloc=0.0MB | usage=0x48 count=1 req=0.0MB alloc=0.0MB | sum count=42 req=1.5MB alloc=1.5MB | poolHit=0 poolMiss=42 poolReturn=0 poolHitRate=0%
17:48:18.734 [diag] Z clip-space remap MISS on minecraft:pipeline/panorama fragment: FLIP_VERTEX_Y pattern not found, z is NOT remapped to [0,1] (depth may be wrong)
17:48:18.764 [diag] Z clip-space remap MISS on minecraft:pipeline/breeze_wind fragment: FLIP_VERTEX_Y pattern not found, z is NOT remapped to [0,1] (depth may be wrong)
17:48:18.791 [diag] Z clip-space remap MISS on minecraft:pipeline/gui_textured fragment: FLIP_VERTEX_Y pattern not found, z is NOT remapped to [0,1] (depth may be wrong)
17:48:18.817 [diag] Z clip-space remap MISS on minecraft:pipeline/lines_translucent fragment: FLIP_VERTEX_Y pattern not found, z is NOT remapped to [0,1] (depth may be wrong)
17:48:18.844 [diag] Z clip-space remap MISS on minecraft:pipeline/beacon_beam_opaque fragment: FLIP_VERTEX_Y pattern not found, z is NOT remapped to [0,1] (depth may be wrong)
17:48:18.871 [diag] Z clip-space remap MISS on minecraft:pipeline/cutout_terrain fragment: FLIP_VERTEX_Y pattern not found, z is NOT remapped to [0,1] (depth may be wrong)
17:48:18.897 [diag] Z clip-space remap MISS on minecraft:pipeline/lightning fragment: FLIP_VERTEX_Y pattern not found, z is NOT remapped to [0,1] (depth may be wrong)
17:48:18.922 [diag] Z clip-space remap MISS on minecraft:pipeline/gui_invert fragment: FLIP_VERTEX_Y pattern not found, z is NOT remapped to [0,1] (depth may be wrong)
17:48:18.947 [diag] Z clip-space remap MISS on minecraft:pipeline/water_mask fragment: FLIP_VERTEX_Y pattern not found, z is NOT remapped to [0,1] (depth may be wrong)
17:48:18.972 [diag] Z clip-space remap MISS on minecraft:pipeline/end_sky fragment: FLIP_VERTEX_Y pattern not found, z is NOT remapped to [0,1] (depth may be wrong)
17:48:18.998 [diag] Z clip-space remap MISS on minecraft:pipeline/secondary_block_outline fragment: FLIP_VERTEX_Y pattern not found, z is NOT remapped to [0,1] (depth may be wrong)
17:48:19.024 [diag] Z clip-space remap MISS on minecraft:pipeline/sky fragment: FLIP_VERTEX_Y pattern not found, z is NOT remapped to [0,1] (depth may be wrong)
17:48:19.050 [diag] Z clip-space remap MISS on minecraft:pipeline/entity_translucent_emissive fragment: FLIP_VERTEX_Y pattern not found, z is NOT remapped to [0,1] (depth may be wrong)
17:48:19.076 [diag] Z clip-space remap MISS on minecraft:pipeline/armor_decal_cutout_no_cull fragment: FLIP_VERTEX_Y pattern not found, z is NOT remapped to [0,1] (depth may be wrong)
17:48:19.101 [diag] Z clip-space remap MISS on minecraft:pipeline/sunrise_sunset fragment: FLIP_VERTEX_Y pattern not found, z is NOT remapped to [0,1] (depth may be wrong)
17:48:19.125 [diag] Z clip-space remap MISS on minecraft:pipeline/dragon_explosion_alpha fragment: FLIP_VERTEX_Y pattern not found, z is NOT remapped to [0,1] (depth may be wrong)
17:48:19.152 [diag] Z clip-space remap MISS on minecraft:pipeline/armor_cutout_no_cull fragment: FLIP_VERTEX_Y pattern not found, z is NOT remapped to [0,1] (depth may be wrong)
17:48:19.176 [diag] Z clip-space remap MISS on minecraft:pipeline/entity_outline_blit fragment: FLIP_VERTEX_Y pattern not found, z is NOT remapped to [0,1] (depth may be wrong)
17:48:19.202 [diag] Z clip-space remap MISS on minecraft:pipeline/entity_cutout fragment: FLIP_VERTEX_Y pattern not found, z is NOT remapped to [0,1] (depth may be wrong)
17:48:19.227 [diag] Z clip-space remap MISS on minecraft:pipeline/text_intensity fragment: FLIP_VERTEX_Y pattern not found, z is NOT remapped to [0,1] (depth may be wrong)
17:48:19.253 [diag] Z clip-space remap MISS on minecraft:pipeline/entity_cutout_no_cull fragment: FLIP_VERTEX_Y pattern not found, z is NOT remapped to [0,1] (depth may be wrong)
17:48:19.277 [diag] Z clip-space remap MISS on minecraft:pipeline/debug_quads fragment: FLIP_VERTEX_Y pattern not found, z is NOT remapped to [0,1] (depth may be wrong)
17:48:19.302 [diag] Z clip-space remap MISS on minecraft:pipeline/cutout_block fragment: FLIP_VERTEX_Y pattern not found, z is NOT remapped to [0,1] (depth may be wrong)
17:48:19.329 [diag] Z clip-space remap MISS on minecraft:pipeline/wireframe fragment: FLIP_VERTEX_Y pattern not found, z is NOT remapped to [0,1] (depth may be wrong)
17:48:19.355 [diag] Z clip-space remap MISS on minecraft:pipeline/entity_no_outline fragment: FLIP_VERTEX_Y pattern not found, z is NOT remapped to [0,1] (depth may be wrong)
17:48:19.380 [diag] Z clip-space remap MISS on minecraft:pipeline/flat_clouds fragment: FLIP_VERTEX_Y pattern not found, z is NOT remapped to [0,1] (depth may be wrong)
17:48:19.405 [diag] Z clip-space remap MISS on minecraft:pipeline/debug_points fragment: FLIP_VERTEX_Y pattern not found, z is NOT remapped to [0,1] (depth may be wrong)
17:48:19.431 [diag] Z clip-space remap MISS on minecraft:pipeline/tripwire_terrain fragment: FLIP_VERTEX_Y pattern not found, z is NOT remapped to [0,1] (depth may be wrong)
17:48:19.456 [diag] Z clip-space remap MISS on minecraft:pipeline/translucent_particle fragment: FLIP_VERTEX_Y pattern not found, z is NOT remapped to [0,1] (depth may be wrong)
17:48:19.481 [diag] Z clip-space remap MISS on minecraft:pipeline/debug_triangle_fan fragment: FLIP_VERTEX_Y pattern not found, z is NOT remapped to [0,1] (depth may be wrong)
17:48:19.506 [diag] Z clip-space remap MISS on minecraft:pipeline/translucent_moving_block fragment: FLIP_VERTEX_Y pattern not found, z is NOT remapped to [0,1] (depth may be wrong)
17:48:19.532 [diag] Z clip-space remap MISS on minecraft:pipeline/weather_no_depth_write fragment: FLIP_VERTEX_Y pattern not found, z is NOT remapped to [0,1] (depth may be wrong)
17:48:19.557 [diag] Z clip-space remap MISS on minecraft:pipeline/gui_text_intensity fragment: FLIP_VERTEX_Y pattern not found, z is NOT remapped to [0,1] (depth may be wrong)
17:48:19.583 [diag] Z clip-space remap MISS on minecraft:pipeline/gui_text fragment: FLIP_VERTEX_Y pattern not found, z is NOT remapped to [0,1] (depth may be wrong)
17:48:19.608 [diag] Z clip-space remap MISS on minecraft:pipeline/text_background_see_through fragment: FLIP_VERTEX_Y pattern not found, z is NOT remapped to [0,1] (depth may be wrong)
17:48:19.632 [diag] Z clip-space remap MISS on minecraft:pipeline/outline_cull fragment: FLIP_VERTEX_Y pattern not found, z is NOT remapped to [0,1] (depth may be wrong)
17:48:19.658 [diag] Z clip-space remap MISS on minecraft:pipeline/armor_translucent fragment: FLIP_VERTEX_Y pattern not found, z is NOT remapped to [0,1] (depth may be wrong)
17:48:19.683 [diag] Z clip-space remap MISS on minecraft:pipeline/world_border fragment: FLIP_VERTEX_Y pattern not found, z is NOT remapped to [0,1] (depth may be wrong)
17:48:19.708 [diag] Z clip-space remap MISS on minecraft:pipeline/item_entity_translucent_cull fragment: FLIP_VERTEX_Y pattern not found, z is NOT remapped to [0,1] (depth may be wrong)
17:48:19.733 [diag] Z clip-space remap MISS on minecraft:pipeline/text_see_through fragment: FLIP_VERTEX_Y pattern not found, z is NOT remapped to [0,1] (depth may be wrong)
17:48:19.759 [diag] Z clip-space remap MISS on minecraft:pipeline/beacon_beam_translucent fragment: FLIP_VERTEX_Y pattern not found, z is NOT remapped to [0,1] (depth may be wrong)
17:48:19.784 [diag] Z clip-space remap MISS on minecraft:pipeline/entity_solid fragment: FLIP_VERTEX_Y pattern not found, z is NOT remapped to [0,1] (depth may be wrong)
17:48:19.812 [diag] Z clip-space remap MISS on minecraft:pipeline/vignette fragment: FLIP_VERTEX_Y pattern not found, z is NOT remapped to [0,1] (depth may be wrong)
17:48:19.837 [diag] Z clip-space remap MISS on minecraft:pipeline/glint fragment: FLIP_VERTEX_Y pattern not found, z is NOT remapped to [0,1] (depth may be wrong)
17:48:19.862 [diag] Z clip-space remap MISS on minecraft:pipeline/crosshair fragment: FLIP_VERTEX_Y pattern not found, z is NOT remapped to [0,1] (depth may be wrong)
17:48:19.887 [diag] Z clip-space remap MISS on minecraft:pipeline/solid_block fragment: FLIP_VERTEX_Y pattern not found, z is NOT remapped to [0,1] (depth may be wrong)
17:48:19.912 [diag] Z clip-space remap MISS on minecraft:pipeline/dragon_rays fragment: FLIP_VERTEX_Y pattern not found, z is NOT remapped to [0,1] (depth may be wrong)
17:48:19.937 [diag] Z clip-space remap MISS on minecraft:pipeline/text_background fragment: FLIP_VERTEX_Y pattern not found, z is NOT remapped to [0,1] (depth may be wrong)
17:48:19.963 [diag] Z clip-space remap MISS on minecraft:pipeline/entity_cutout_no_cull_z_offset fragment: FLIP_VERTEX_Y pattern not found, z is NOT remapped to [0,1] (depth may be wrong)
17:48:19.988 [diag] Z clip-space remap MISS on minecraft:pipeline/leash fragment: FLIP_VERTEX_Y pattern not found, z is NOT remapped to [0,1] (depth may be wrong)
17:48:20.014 [diag] Z clip-space remap MISS on minecraft:pipeline/lines fragment: FLIP_VERTEX_Y pattern not found, z is NOT remapped to [0,1] (depth may be wrong)
17:48:20.040 [diag] Z clip-space remap MISS on minecraft:pipeline/entity_solid_offset_forward fragment: FLIP_VERTEX_Y pattern not found, z is NOT remapped to [0,1] (depth may be wrong)
17:48:20.064 [diag] Z clip-space remap MISS on minecraft:pipeline/debug_filled_box fragment: FLIP_VERTEX_Y pattern not found, z is NOT remapped to [0,1] (depth may be wrong)
17:48:20.090 [diag] Z clip-space remap MISS on minecraft:pipeline/dragon_rays_depth fragment: FLIP_VERTEX_Y pattern not found, z is NOT remapped to [0,1] (depth may be wrong)
17:48:20.115 [diag] Z clip-space remap MISS on minecraft:pipeline/opaque_particle fragment: FLIP_VERTEX_Y pattern not found, z is NOT remapped to [0,1] (depth may be wrong)
17:48:20.140 [diag] Z clip-space remap MISS on minecraft:pipeline/clouds fragment: FLIP_VERTEX_Y pattern not found, z is NOT remapped to [0,1] (depth may be wrong)
17:48:20.166 [diag] Z clip-space remap MISS on minecraft:pipeline/text_polygon_offset fragment: FLIP_VERTEX_Y pattern not found, z is NOT remapped to [0,1] (depth may be wrong)
17:48:20.192 [diag] Z clip-space remap MISS on minecraft:pipeline/translucent_terrain fragment: FLIP_VERTEX_Y pattern not found, z is NOT remapped to [0,1] (depth may be wrong)
17:48:20.217 [diag] Z clip-space remap MISS on minecraft:pipeline/tracy_blit fragment: FLIP_VERTEX_Y pattern not found, z is NOT remapped to [0,1] (depth may be wrong)
17:48:20.241 [diag] Z clip-space remap MISS on minecraft:pipeline/gui_textured_premultiplied_alpha fragment: FLIP_VERTEX_Y pattern not found, z is NOT remapped to [0,1] (depth may be wrong)
17:48:20.266 [diag] Z clip-space remap MISS on minecraft:pipeline/mojang_logo fragment: FLIP_VERTEX_Y pattern not found, z is NOT remapped to [0,1] (depth may be wrong)
17:48:20.291 [diag] Z clip-space remap MISS on minecraft:pipeline/celestial fragment: FLIP_VERTEX_Y pattern not found, z is NOT remapped to [0,1] (depth may be wrong)
17:48:20.315 [diag] Z clip-space remap MISS on minecraft:pipeline/outline_no_cull fragment: FLIP_VERTEX_Y pattern not found, z is NOT remapped to [0,1] (depth may be wrong)
17:48:20.340 [diag] Z clip-space remap MISS on minecraft:pipeline/entity_smooth_cutout fragment: FLIP_VERTEX_Y pattern not found, z is NOT remapped to [0,1] (depth may be wrong)
17:48:20.366 [diag] Z clip-space remap MISS on minecraft:pipeline/end_gateway fragment: FLIP_VERTEX_Y pattern not found, z is NOT remapped to [0,1] (depth may be wrong)
17:48:20.391 [diag] Z clip-space remap MISS on minecraft:pipeline/gui fragment: FLIP_VERTEX_Y pattern not found, z is NOT remapped to [0,1] (depth may be wrong)
17:48:20.417 [diag] Z clip-space remap MISS on minecraft:pipeline/solid_terrain fragment: FLIP_VERTEX_Y pattern not found, z is NOT remapped to [0,1] (depth may be wrong)
17:48:20.442 [diag] Z clip-space remap MISS on minecraft:pipeline/text_intensity_see_through fragment: FLIP_VERTEX_Y pattern not found, z is NOT remapped to [0,1] (depth may be wrong)
17:48:20.467 [diag] Z clip-space remap MISS on minecraft:pipeline/entity_shadow fragment: FLIP_VERTEX_Y pattern not found, z is NOT remapped to [0,1] (depth may be wrong)
17:48:20.492 [diag] Z clip-space remap MISS on minecraft:pipeline/fire_screen_effect fragment: FLIP_VERTEX_Y pattern not found, z is NOT remapped to [0,1] (depth may be wrong)
17:48:20.517 [diag] Z clip-space remap MISS on minecraft:pipeline/animate_sprite_interpolate fragment: FLIP_VERTEX_Y pattern not found, z is NOT remapped to [0,1] (depth may be wrong)
17:48:20.541 [diag] Z clip-space remap MISS on minecraft:pipeline/gui_nausea_overlay fragment: FLIP_VERTEX_Y pattern not found, z is NOT remapped to [0,1] (depth may be wrong)
17:48:20.567 [diag] Z clip-space remap MISS on minecraft:pipeline/entity_decal fragment: FLIP_VERTEX_Y pattern not found, z is NOT remapped to [0,1] (depth may be wrong)
17:48:20.593 [diag] Z clip-space remap MISS on minecraft:pipeline/end_portal fragment: FLIP_VERTEX_Y pattern not found, z is NOT remapped to [0,1] (depth may be wrong)
17:48:20.619 [diag] Z clip-space remap MISS on minecraft:pipeline/entity_translucent fragment: FLIP_VERTEX_Y pattern not found, z is NOT remapped to [0,1] (depth may be wrong)
17:48:20.643 [diag] Z clip-space remap MISS on minecraft:pipeline/block_screen_effect fragment: FLIP_VERTEX_Y pattern not found, z is NOT remapped to [0,1] (depth may be wrong)
17:48:20.668 [diag] Z clip-space remap MISS on minecraft:pipeline/weather_depth_write fragment: FLIP_VERTEX_Y pattern not found, z is NOT remapped to [0,1] (depth may be wrong)
17:48:20.694 [diag] Z clip-space remap MISS on minecraft:pipeline/text fragment: FLIP_VERTEX_Y pattern not found, z is NOT remapped to [0,1] (depth may be wrong)
17:48:20.719 [diag] Z clip-space remap MISS on minecraft:pipeline/eyes fragment: FLIP_VERTEX_Y pattern not found, z is NOT remapped to [0,1] (depth may be wrong)
17:48:20.744 [diag] Z clip-space remap MISS on minecraft:pipeline/energy_swirl fragment: FLIP_VERTEX_Y pattern not found, z is NOT remapped to [0,1] (depth may be wrong)
17:48:20.769 [diag] Z clip-space remap MISS on minecraft:pipeline/gui_text_highlight fragment: FLIP_VERTEX_Y pattern not found, z is NOT remapped to [0,1] (depth may be wrong)
17:48:20.794 [diag] Z clip-space remap MISS on minecraft:pipeline/tripwire_block fragment: FLIP_VERTEX_Y pattern not found, z is NOT remapped to [0,1] (depth may be wrong)
17:48:20.819 [diag] Z clip-space remap MISS on minecraft:pipeline/lightmap fragment: FLIP_VERTEX_Y pattern not found, z is NOT remapped to [0,1] (depth may be wrong)
17:48:20.844 [diag] Z clip-space remap MISS on minecraft:pipeline/stars fragment: FLIP_VERTEX_Y pattern not found, z is NOT remapped to [0,1] (depth may be wrong)
17:48:20.868 [diag] Z clip-space remap MISS on minecraft:pipeline/animate_sprite_blit fragment: FLIP_VERTEX_Y pattern not found, z is NOT remapped to [0,1] (depth may be wrong)
17:48:20.894 [diag] Z clip-space remap MISS on minecraft:pipeline/crumbling fragment: FLIP_VERTEX_Y pattern not found, z is NOT remapped to [0,1] (depth may be wrong)
17:48:20.918 [diag] Z clip-space remap MISS on minecraft:pipeline/gui_opaque_textured_background fragment: FLIP_VERTEX_Y pattern not found, z is NOT remapped to [0,1] (depth may be wrong)
17:48:20.955 createBuffer stack sample #1:
  knot//com.metallum.client.metal.render.MetalDevice.createBuffer(MetalDevice.java:149)
  knot//net.minecraft.class_1059.method_45848(class_1059.java:116)
  knot//net.minecraft.class_11697$class_11699.method_73035(class_11697.java:168)
  knot//net.minecraft.class_11697$class_11700.method_73039(class_11697.java:212)
  java.base/java.util.ArrayList.forEach(Unknown Source)
  knot//net.minecraft.class_11697$class_11700.method_73037(class_11697.java:212)
  knot//net.minecraft.class_11697.method_76671(class_11697.java:146)
  knot//net.minecraft.class_11697.method_73029(class_11697.java:142)
  java.base/java.util.concurrent.CompletableFuture$UniAccept.tryFire(Unknown Source)
  java.base/java.util.concurrent.CompletableFuture$Completion.run(Unknown Source)
  knot//net.minecraft.class_4014.method_67574(class_4014.java:59)
  knot//net.minecraft.class_1255.method_18859(class_1255.java:169)
17:48:20.968 createBuffer stack sample #2:
  knot//com.metallum.client.metal.render.MetalDevice.createBuffer(MetalDevice.java:149)
  knot//net.minecraft.class_1059.method_76314(class_1059.java:173)
  knot//net.minecraft.class_1059.method_45848(class_1059.java:135)
  knot//net.minecraft.class_11697$class_11699.method_73035(class_11697.java:168)
  knot//net.minecraft.class_11697$class_11700.method_73039(class_11697.java:212)
  java.base/java.util.ArrayList.forEach(Unknown Source)
  knot//net.minecraft.class_11697$class_11700.method_73037(class_11697.java:212)
  knot//net.minecraft.class_11697.method_76671(class_11697.java:146)
  knot//net.minecraft.class_11697.method_73029(class_11697.java:142)
  java.base/java.util.concurrent.CompletableFuture$UniAccept.tryFire(Unknown Source)
  java.base/java.util.concurrent.CompletableFuture$Completion.run(Unknown Source)
  knot//net.minecraft.class_4014.method_67574(class_4014.java:59)
17:48:20.972 createBuffer stack sample #3:
  knot//com.metallum.client.metal.render.MetalDevice.createBuffer(MetalDevice.java:149)
  knot//net.minecraft.class_1059.method_76314(class_1059.java:173)
  knot//net.minecraft.class_1059.method_45848(class_1059.java:135)
  knot//net.minecraft.class_11697$class_11699.method_73035(class_11697.java:168)
  knot//net.minecraft.class_11697$class_11700.method_73039(class_11697.java:212)
  java.base/java.util.ArrayList.forEach(Unknown Source)
  knot//net.minecraft.class_11697$class_11700.method_73037(class_11697.java:212)
  knot//net.minecraft.class_11697.method_76671(class_11697.java:146)
  knot//net.minecraft.class_11697.method_73029(class_11697.java:142)
  java.base/java.util.concurrent.CompletableFuture$UniAccept.tryFire(Unknown Source)
  java.base/java.util.concurrent.CompletableFuture$Completion.run(Unknown Source)
  knot//net.minecraft.class_4014.method_67574(class_4014.java:59)
17:48:20.989 createBuffer stack sample #4:
  knot//com.metallum.client.metal.render.MetalDevice.createBuffer(MetalDevice.java:149)
  knot//net.minecraft.class_1059.method_76314(class_1059.java:173)
  knot//net.minecraft.class_1059.method_45848(class_1059.java:135)
  knot//net.minecraft.class_11697$class_11699.method_73035(class_11697.java:168)
  knot//net.minecraft.class_11697$class_11700.method_73039(class_11697.java:212)
  java.base/java.util.ArrayList.forEach(Unknown Source)
  knot//net.minecraft.class_11697$class_11700.method_73037(class_11697.java:212)
  knot//net.minecraft.class_11697.method_76671(class_11697.java:146)
  knot//net.minecraft.class_11697.method_73029(class_11697.java:142)
  java.base/java.util.concurrent.CompletableFuture$UniAccept.tryFire(Unknown Source)
  java.base/java.util.concurrent.CompletableFuture$Completion.run(Unknown Source)
  knot//net.minecraft.class_4014.method_67574(class_4014.java:59)
17:48:20.994 createBuffer stack sample #5:
  knot//com.metallum.client.metal.render.MetalDevice.createBuffer(MetalDevice.java:149)
  knot//net.minecraft.class_1059.method_76314(class_1059.java:173)
  knot//net.minecraft.class_1059.method_45848(class_1059.java:135)
  knot//net.minecraft.class_11697$class_11699.method_73035(class_11697.java:168)
  knot//net.minecraft.class_11697$class_11700.method_73039(class_11697.java:212)
  java.base/java.util.ArrayList.forEach(Unknown Source)
  knot//net.minecraft.class_11697$class_11700.method_73037(class_11697.java:212)
  knot//net.minecraft.class_11697.method_76671(class_11697.java:146)
  knot//net.minecraft.class_11697.method_73029(class_11697.java:142)
  java.base/java.util.concurrent.CompletableFuture$UniAccept.tryFire(Unknown Source)
  java.base/java.util.concurrent.CompletableFuture$Completion.run(Unknown Source)
  knot//net.minecraft.class_4014.method_67574(class_4014.java:59)
17:48:23.031 frame_time fps=53.7 avg=18.63ms max=227.95ms gpuBehind=0
17:48:24.608 [diag] Z clip-space remap MISS on minecraft:blur/0 fragment: FLIP_VERTEX_Y pattern not found, z is NOT remapped to [0,1] (depth may be wrong)
17:48:24.635 [diag] Z clip-space remap MISS on minecraft:blur/1 fragment: FLIP_VERTEX_Y pattern not found, z is NOT remapped to [0,1] (depth may be wrong)
17:48:24.663 [diag] Z clip-space remap MISS on minecraft:blur/2 fragment: FLIP_VERTEX_Y pattern not found, z is NOT remapped to [0,1] (depth may be wrong)
17:48:24.690 [diag] Z clip-space remap MISS on minecraft:blur/3 fragment: FLIP_VERTEX_Y pattern not found, z is NOT remapped to [0,1] (depth may be wrong)
17:48:24.716 [diag] Z clip-space remap MISS on minecraft:blur/4 fragment: FLIP_VERTEX_Y pattern not found, z is NOT remapped to [0,1] (depth may be wrong)
17:48:24.742 [diag] Z clip-space remap MISS on minecraft:blur/5 fragment: FLIP_VERTEX_Y pattern not found, z is NOT remapped to [0,1] (depth may be wrong)
17:48:27.785 [diag] Z clip-space remap MISS on sodium/blocks/block_layer_opaque fragment: FLIP_VERTEX_Y pattern not found, z is NOT remapped to [0,1] (depth may be wrong)
17:48:28.541 frame_time fps=54.2 avg=18.44ms max=194.85ms gpuBehind=0
==== Metallum diag start ====
18:06:53.419 [diag] Z clip-space remap MISS on minecraft:pipeline/gui fragment: FLIP_VERTEX_Y pattern not found, z is NOT remapped to [0,1] (depth may be wrong)
18:06:53.448 [diag] Z clip-space remap MISS on minecraft:pipeline/gui_textured fragment: FLIP_VERTEX_Y pattern not found, z is NOT remapped to [0,1] (depth may be wrong)
18:06:53.620 [diag] Z clip-space remap MISS on minecraft:pipeline/mojang_logo fragment: FLIP_VERTEX_Y pattern not found, z is NOT remapped to [0,1] (depth may be wrong)
18:06:53.632 buffers total=42 | usage=0x82 count=15 req=0.0MB alloc=0.0MB | usage=0x22 count=6 req=0.0MB alloc=0.0MB | usage=0x3 count=2 req=1.5MB alloc=1.5MB | usage=0x88 count=15 req=0.0MB alloc=0.0MB | usage=0x28 count=3 req=0.0MB alloc=0.0MB | usage=0x48 count=1 req=0.0MB alloc=0.0MB | sum count=42 req=1.5MB alloc=1.5MB | poolHit=0 poolMiss=42 poolReturn=0 poolHitRate=0%
18:06:54.308 [diag] Z clip-space remap MISS on minecraft:pipeline/energy_swirl fragment: FLIP_VERTEX_Y pattern not found, z is NOT remapped to [0,1] (depth may be wrong)
18:06:54.337 [diag] Z clip-space remap MISS on minecraft:pipeline/gui_text fragment: FLIP_VERTEX_Y pattern not found, z is NOT remapped to [0,1] (depth may be wrong)
18:06:54.365 [diag] Z clip-space remap MISS on minecraft:pipeline/solid_terrain fragment: FLIP_VERTEX_Y pattern not found, z is NOT remapped to [0,1] (depth may be wrong)
18:06:54.391 [diag] Z clip-space remap MISS on minecraft:pipeline/debug_filled_box fragment: FLIP_VERTEX_Y pattern not found, z is NOT remapped to [0,1] (depth may be wrong)
18:06:54.416 [diag] Z clip-space remap MISS on minecraft:pipeline/text_polygon_offset fragment: FLIP_VERTEX_Y pattern not found, z is NOT remapped to [0,1] (depth may be wrong)
18:06:54.442 [diag] Z clip-space remap MISS on minecraft:pipeline/entity_cutout fragment: FLIP_VERTEX_Y pattern not found, z is NOT remapped to [0,1] (depth may be wrong)
18:06:54.469 [diag] Z clip-space remap MISS on minecraft:pipeline/entity_translucent fragment: FLIP_VERTEX_Y pattern not found, z is NOT remapped to [0,1] (depth may be wrong)
18:06:54.495 [diag] Z clip-space remap MISS on minecraft:pipeline/tripwire_block fragment: FLIP_VERTEX_Y pattern not found, z is NOT remapped to [0,1] (depth may be wrong)
18:06:54.521 [diag] Z clip-space remap MISS on minecraft:pipeline/flat_clouds fragment: FLIP_VERTEX_Y pattern not found, z is NOT remapped to [0,1] (depth may be wrong)
18:06:54.548 [diag] Z clip-space remap MISS on minecraft:pipeline/entity_solid_offset_forward fragment: FLIP_VERTEX_Y pattern not found, z is NOT remapped to [0,1] (depth may be wrong)
18:06:54.574 [diag] Z clip-space remap MISS on minecraft:pipeline/beacon_beam_translucent fragment: FLIP_VERTEX_Y pattern not found, z is NOT remapped to [0,1] (depth may be wrong)
18:06:54.600 [diag] Z clip-space remap MISS on minecraft:pipeline/armor_decal_cutout_no_cull fragment: FLIP_VERTEX_Y pattern not found, z is NOT remapped to [0,1] (depth may be wrong)
18:06:54.626 [diag] Z clip-space remap MISS on minecraft:pipeline/entity_cutout_no_cull_z_offset fragment: FLIP_VERTEX_Y pattern not found, z is NOT remapped to [0,1] (depth may be wrong)
18:06:54.651 [diag] Z clip-space remap MISS on minecraft:pipeline/lightning fragment: FLIP_VERTEX_Y pattern not found, z is NOT remapped to [0,1] (depth may be wrong)
18:06:54.676 [diag] Z clip-space remap MISS on minecraft:pipeline/beacon_beam_opaque fragment: FLIP_VERTEX_Y pattern not found, z is NOT remapped to [0,1] (depth may be wrong)
18:06:54.701 [diag] Z clip-space remap MISS on minecraft:pipeline/text_intensity_see_through fragment: FLIP_VERTEX_Y pattern not found, z is NOT remapped to [0,1] (depth may be wrong)
18:06:54.726 [diag] Z clip-space remap MISS on minecraft:pipeline/entity_shadow fragment: FLIP_VERTEX_Y pattern not found, z is NOT remapped to [0,1] (depth may be wrong)
18:06:54.751 [diag] Z clip-space remap MISS on minecraft:pipeline/text_background_see_through fragment: FLIP_VERTEX_Y pattern not found, z is NOT remapped to [0,1] (depth may be wrong)
18:06:54.775 [diag] Z clip-space remap MISS on minecraft:pipeline/outline_no_cull fragment: FLIP_VERTEX_Y pattern not found, z is NOT remapped to [0,1] (depth may be wrong)
18:06:54.800 [diag] Z clip-space remap MISS on minecraft:pipeline/panorama fragment: FLIP_VERTEX_Y pattern not found, z is NOT remapped to [0,1] (depth may be wrong)
18:06:54.825 [diag] Z clip-space remap MISS on minecraft:pipeline/gui_text_highlight fragment: FLIP_VERTEX_Y pattern not found, z is NOT remapped to [0,1] (depth may be wrong)
18:06:54.849 [diag] Z clip-space remap MISS on minecraft:pipeline/celestial fragment: FLIP_VERTEX_Y pattern not found, z is NOT remapped to [0,1] (depth may be wrong)
18:06:54.875 [diag] Z clip-space remap MISS on minecraft:pipeline/end_gateway fragment: FLIP_VERTEX_Y pattern not found, z is NOT remapped to [0,1] (depth may be wrong)
18:06:54.900 [diag] Z clip-space remap MISS on minecraft:pipeline/mojang_logo fragment: FLIP_VERTEX_Y pattern not found, z is NOT remapped to [0,1] (depth may be wrong)
18:06:54.926 [diag] Z clip-space remap MISS on minecraft:pipeline/tripwire_terrain fragment: FLIP_VERTEX_Y pattern not found, z is NOT remapped to [0,1] (depth may be wrong)
18:06:54.952 [diag] Z clip-space remap MISS on minecraft:pipeline/entity_cutout_no_cull fragment: FLIP_VERTEX_Y pattern not found, z is NOT remapped to [0,1] (depth may be wrong)
18:06:54.978 [diag] Z clip-space remap MISS on minecraft:pipeline/entity_solid fragment: FLIP_VERTEX_Y pattern not found, z is NOT remapped to [0,1] (depth may be wrong)
18:06:55.002 [diag] Z clip-space remap MISS on minecraft:pipeline/crosshair fragment: FLIP_VERTEX_Y pattern not found, z is NOT remapped to [0,1] (depth may be wrong)
18:06:55.027 [diag] Z clip-space remap MISS on minecraft:pipeline/sunrise_sunset fragment: FLIP_VERTEX_Y pattern not found, z is NOT remapped to [0,1] (depth may be wrong)
18:06:55.051 [diag] Z clip-space remap MISS on minecraft:pipeline/debug_quads fragment: FLIP_VERTEX_Y pattern not found, z is NOT remapped to [0,1] (depth may be wrong)
18:06:55.075 [diag] Z clip-space remap MISS on minecraft:pipeline/vignette fragment: FLIP_VERTEX_Y pattern not found, z is NOT remapped to [0,1] (depth may be wrong)
18:06:55.101 [diag] Z clip-space remap MISS on minecraft:pipeline/entity_no_outline fragment: FLIP_VERTEX_Y pattern not found, z is NOT remapped to [0,1] (depth may be wrong)
18:06:55.126 [diag] Z clip-space remap MISS on minecraft:pipeline/animate_sprite_interpolate fragment: FLIP_VERTEX_Y pattern not found, z is NOT remapped to [0,1] (depth may be wrong)
18:06:55.150 [diag] Z clip-space remap MISS on minecraft:pipeline/stars fragment: FLIP_VERTEX_Y pattern not found, z is NOT remapped to [0,1] (depth may be wrong)
18:06:55.175 [diag] Z clip-space remap MISS on minecraft:pipeline/translucent_particle fragment: FLIP_VERTEX_Y pattern not found, z is NOT remapped to [0,1] (depth may be wrong)
18:06:55.200 [diag] Z clip-space remap MISS on minecraft:pipeline/translucent_moving_block fragment: FLIP_VERTEX_Y pattern not found, z is NOT remapped to [0,1] (depth may be wrong)
18:06:55.227 [diag] Z clip-space remap MISS on minecraft:pipeline/end_portal fragment: FLIP_VERTEX_Y pattern not found, z is NOT remapped to [0,1] (depth may be wrong)
18:06:55.252 [diag] Z clip-space remap MISS on minecraft:pipeline/debug_triangle_fan fragment: FLIP_VERTEX_Y pattern not found, z is NOT remapped to [0,1] (depth may be wrong)
18:06:55.277 [diag] Z clip-space remap MISS on minecraft:pipeline/tracy_blit fragment: FLIP_VERTEX_Y pattern not found, z is NOT remapped to [0,1] (depth may be wrong)
18:06:55.302 [diag] Z clip-space remap MISS on minecraft:pipeline/entity_smooth_cutout fragment: FLIP_VERTEX_Y pattern not found, z is NOT remapped to [0,1] (depth may be wrong)
18:06:55.328 [diag] Z clip-space remap MISS on minecraft:pipeline/weather_depth_write fragment: FLIP_VERTEX_Y pattern not found, z is NOT remapped to [0,1] (depth may be wrong)
18:06:55.355 [diag] Z clip-space remap MISS on minecraft:pipeline/cutout_terrain fragment: FLIP_VERTEX_Y pattern not found, z is NOT remapped to [0,1] (depth may be wrong)
18:06:55.381 [diag] Z clip-space remap MISS on minecraft:pipeline/armor_cutout_no_cull fragment: FLIP_VERTEX_Y pattern not found, z is NOT remapped to [0,1] (depth may be wrong)
18:06:55.406 [diag] Z clip-space remap MISS on minecraft:pipeline/text fragment: FLIP_VERTEX_Y pattern not found, z is NOT remapped to [0,1] (depth may be wrong)
18:06:55.431 [diag] Z clip-space remap MISS on minecraft:pipeline/leash fragment: FLIP_VERTEX_Y pattern not found, z is NOT remapped to [0,1] (depth may be wrong)
18:06:55.456 [diag] Z clip-space remap MISS on minecraft:pipeline/gui_opaque_textured_background fragment: FLIP_VERTEX_Y pattern not found, z is NOT remapped to [0,1] (depth may be wrong)
18:06:55.482 [diag] Z clip-space remap MISS on minecraft:pipeline/wireframe fragment: FLIP_VERTEX_Y pattern not found, z is NOT remapped to [0,1] (depth may be wrong)
18:06:55.508 [diag] Z clip-space remap MISS on minecraft:pipeline/solid_block fragment: FLIP_VERTEX_Y pattern not found, z is NOT remapped to [0,1] (depth may be wrong)
18:06:55.532 [diag] Z clip-space remap MISS on minecraft:pipeline/block_screen_effect fragment: FLIP_VERTEX_Y pattern not found, z is NOT remapped to [0,1] (depth may be wrong)
18:06:55.557 [diag] Z clip-space remap MISS on minecraft:pipeline/outline_cull fragment: FLIP_VERTEX_Y pattern not found, z is NOT remapped to [0,1] (depth may be wrong)
18:06:55.582 [diag] Z clip-space remap MISS on minecraft:pipeline/sky fragment: FLIP_VERTEX_Y pattern not found, z is NOT remapped to [0,1] (depth may be wrong)
18:06:55.607 [diag] Z clip-space remap MISS on minecraft:pipeline/glint fragment: FLIP_VERTEX_Y pattern not found, z is NOT remapped to [0,1] (depth may be wrong)
18:06:55.633 [diag] Z clip-space remap MISS on minecraft:pipeline/secondary_block_outline fragment: FLIP_VERTEX_Y pattern not found, z is NOT remapped to [0,1] (depth may be wrong)
18:06:55.658 [diag] Z clip-space remap MISS on minecraft:pipeline/lines fragment: FLIP_VERTEX_Y pattern not found, z is NOT remapped to [0,1] (depth may be wrong)
18:06:55.684 [diag] Z clip-space remap MISS on minecraft:pipeline/cutout_block fragment: FLIP_VERTEX_Y pattern not found, z is NOT remapped to [0,1] (depth may be wrong)
18:06:55.709 [diag] Z clip-space remap MISS on minecraft:pipeline/dragon_explosion_alpha fragment: FLIP_VERTEX_Y pattern not found, z is NOT remapped to [0,1] (depth may be wrong)
18:06:55.734 [diag] Z clip-space remap MISS on minecraft:pipeline/debug_points fragment: FLIP_VERTEX_Y pattern not found, z is NOT remapped to [0,1] (depth may be wrong)
18:06:55.758 [diag] Z clip-space remap MISS on minecraft:pipeline/gui_invert fragment: FLIP_VERTEX_Y pattern not found, z is NOT remapped to [0,1] (depth may be wrong)
18:06:55.784 [diag] Z clip-space remap MISS on minecraft:pipeline/entity_decal fragment: FLIP_VERTEX_Y pattern not found, z is NOT remapped to [0,1] (depth may be wrong)
18:06:55.809 [diag] Z clip-space remap MISS on minecraft:pipeline/gui_nausea_overlay fragment: FLIP_VERTEX_Y pattern not found, z is NOT remapped to [0,1] (depth may be wrong)
18:06:55.833 [diag] Z clip-space remap MISS on minecraft:pipeline/water_mask fragment: FLIP_VERTEX_Y pattern not found, z is NOT remapped to [0,1] (depth may be wrong)
18:06:55.859 [diag] Z clip-space remap MISS on minecraft:pipeline/eyes fragment: FLIP_VERTEX_Y pattern not found, z is NOT remapped to [0,1] (depth may be wrong)
18:06:55.885 [diag] Z clip-space remap MISS on minecraft:pipeline/clouds fragment: FLIP_VERTEX_Y pattern not found, z is NOT remapped to [0,1] (depth may be wrong)
18:06:55.910 [diag] Z clip-space remap MISS on minecraft:pipeline/armor_translucent fragment: FLIP_VERTEX_Y pattern not found, z is NOT remapped to [0,1] (depth may be wrong)
18:06:55.936 [diag] Z clip-space remap MISS on minecraft:pipeline/gui_text_intensity fragment: FLIP_VERTEX_Y pattern not found, z is NOT remapped to [0,1] (depth may be wrong)
18:06:55.961 [diag] Z clip-space remap MISS on minecraft:pipeline/breeze_wind fragment: FLIP_VERTEX_Y pattern not found, z is NOT remapped to [0,1] (depth may be wrong)
18:06:55.986 [diag] Z clip-space remap MISS on minecraft:pipeline/lightmap fragment: FLIP_VERTEX_Y pattern not found, z is NOT remapped to [0,1] (depth may be wrong)
18:06:56.012 [diag] Z clip-space remap MISS on minecraft:pipeline/text_see_through fragment: FLIP_VERTEX_Y pattern not found, z is NOT remapped to [0,1] (depth may be wrong)
18:06:56.037 [diag] Z clip-space remap MISS on minecraft:pipeline/end_sky fragment: FLIP_VERTEX_Y pattern not found, z is NOT remapped to [0,1] (depth may be wrong)
18:06:56.062 [diag] Z clip-space remap MISS on minecraft:pipeline/crumbling fragment: FLIP_VERTEX_Y pattern not found, z is NOT remapped to [0,1] (depth may be wrong)
18:06:56.088 [diag] Z clip-space remap MISS on minecraft:pipeline/item_entity_translucent_cull fragment: FLIP_VERTEX_Y pattern not found, z is NOT remapped to [0,1] (depth may be wrong)
18:06:56.114 [diag] Z clip-space remap MISS on minecraft:pipeline/dragon_rays_depth fragment: FLIP_VERTEX_Y pattern not found, z is NOT remapped to [0,1] (depth may be wrong)
18:06:56.138 [diag] Z clip-space remap MISS on minecraft:pipeline/gui_textured_premultiplied_alpha fragment: FLIP_VERTEX_Y pattern not found, z is NOT remapped to [0,1] (depth may be wrong)
18:06:56.164 [diag] Z clip-space remap MISS on minecraft:pipeline/text_intensity fragment: FLIP_VERTEX_Y pattern not found, z is NOT remapped to [0,1] (depth may be wrong)
18:06:56.189 [diag] Z clip-space remap MISS on minecraft:pipeline/dragon_rays fragment: FLIP_VERTEX_Y pattern not found, z is NOT remapped to [0,1] (depth may be wrong)
18:06:56.215 [diag] Z clip-space remap MISS on minecraft:pipeline/animate_sprite_blit fragment: FLIP_VERTEX_Y pattern not found, z is NOT remapped to [0,1] (depth may be wrong)
18:06:56.240 [diag] Z clip-space remap MISS on minecraft:pipeline/text_background fragment: FLIP_VERTEX_Y pattern not found, z is NOT remapped to [0,1] (depth may be wrong)
18:06:56.266 [diag] Z clip-space remap MISS on minecraft:pipeline/entity_translucent_emissive fragment: FLIP_VERTEX_Y pattern not found, z is NOT remapped to [0,1] (depth may be wrong)
18:06:56.292 [diag] Z clip-space remap MISS on minecraft:pipeline/opaque_particle fragment: FLIP_VERTEX_Y pattern not found, z is NOT remapped to [0,1] (depth may be wrong)
18:06:56.318 [diag] Z clip-space remap MISS on minecraft:pipeline/lines_translucent fragment: FLIP_VERTEX_Y pattern not found, z is NOT remapped to [0,1] (depth may be wrong)
18:06:56.343 [diag] Z clip-space remap MISS on minecraft:pipeline/fire_screen_effect fragment: FLIP_VERTEX_Y pattern not found, z is NOT remapped to [0,1] (depth may be wrong)
18:06:56.369 [diag] Z clip-space remap MISS on minecraft:pipeline/translucent_terrain fragment: FLIP_VERTEX_Y pattern not found, z is NOT remapped to [0,1] (depth may be wrong)
18:06:56.394 [diag] Z clip-space remap MISS on minecraft:pipeline/gui fragment: FLIP_VERTEX_Y pattern not found, z is NOT remapped to [0,1] (depth may be wrong)
18:06:56.419 [diag] Z clip-space remap MISS on minecraft:pipeline/world_border fragment: FLIP_VERTEX_Y pattern not found, z is NOT remapped to [0,1] (depth may be wrong)
18:06:56.444 [diag] Z clip-space remap MISS on minecraft:pipeline/gui_textured fragment: FLIP_VERTEX_Y pattern not found, z is NOT remapped to [0,1] (depth may be wrong)
18:06:56.470 [diag] Z clip-space remap MISS on minecraft:pipeline/weather_no_depth_write fragment: FLIP_VERTEX_Y pattern not found, z is NOT remapped to [0,1] (depth may be wrong)
18:06:56.494 [diag] Z clip-space remap MISS on minecraft:pipeline/entity_outline_blit fragment: FLIP_VERTEX_Y pattern not found, z is NOT remapped to [0,1] (depth may be wrong)
18:06:56.531 createBuffer stack sample #1:
  knot//com.metallum.client.metal.render.MetalDevice.createBuffer(MetalDevice.java:149)
  knot//net.minecraft.class_1059.method_45848(class_1059.java:116)
  knot//net.minecraft.class_11697$class_11699.method_73035(class_11697.java:168)
  knot//net.minecraft.class_11697$class_11700.method_73039(class_11697.java:212)
  java.base/java.util.ArrayList.forEach(Unknown Source)
  knot//net.minecraft.class_11697$class_11700.method_73037(class_11697.java:212)
  knot//net.minecraft.class_11697.method_76671(class_11697.java:146)
  knot//net.minecraft.class_11697.method_73029(class_11697.java:142)
  java.base/java.util.concurrent.CompletableFuture$UniAccept.tryFire(Unknown Source)
  java.base/java.util.concurrent.CompletableFuture$Completion.run(Unknown Source)
  knot//net.minecraft.class_4014.method_67574(class_4014.java:59)
  knot//net.minecraft.class_1255.method_18859(class_1255.java:169)
18:06:56.545 createBuffer stack sample #2:
  knot//com.metallum.client.metal.render.MetalDevice.createBuffer(MetalDevice.java:149)
  knot//net.minecraft.class_1059.method_76314(class_1059.java:173)
  knot//net.minecraft.class_1059.method_45848(class_1059.java:135)
  knot//net.minecraft.class_11697$class_11699.method_73035(class_11697.java:168)
  knot//net.minecraft.class_11697$class_11700.method_73039(class_11697.java:212)
  java.base/java.util.ArrayList.forEach(Unknown Source)
  knot//net.minecraft.class_11697$class_11700.method_73037(class_11697.java:212)
  knot//net.minecraft.class_11697.method_76671(class_11697.java:146)
  knot//net.minecraft.class_11697.method_73029(class_11697.java:142)
  java.base/java.util.concurrent.CompletableFuture$UniAccept.tryFire(Unknown Source)
  java.base/java.util.concurrent.CompletableFuture$Completion.run(Unknown Source)
  knot//net.minecraft.class_4014.method_67574(class_4014.java:59)
18:06:56.549 createBuffer stack sample #3:
  knot//com.metallum.client.metal.render.MetalDevice.createBuffer(MetalDevice.java:149)
  knot//net.minecraft.class_1059.method_76314(class_1059.java:173)
  knot//net.minecraft.class_1059.method_45848(class_1059.java:135)
  knot//net.minecraft.class_11697$class_11699.method_73035(class_11697.java:168)
  knot//net.minecraft.class_11697$class_11700.method_73039(class_11697.java:212)
  java.base/java.util.ArrayList.forEach(Unknown Source)
  knot//net.minecraft.class_11697$class_11700.method_73037(class_11697.java:212)
  knot//net.minecraft.class_11697.method_76671(class_11697.java:146)
  knot//net.minecraft.class_11697.method_73029(class_11697.java:142)
  java.base/java.util.concurrent.CompletableFuture$UniAccept.tryFire(Unknown Source)
  java.base/java.util.concurrent.CompletableFuture$Completion.run(Unknown Source)
  knot//net.minecraft.class_4014.method_67574(class_4014.java:59)
18:06:56.567 createBuffer stack sample #4:
  knot//com.metallum.client.metal.render.MetalDevice.createBuffer(MetalDevice.java:149)
  knot//net.minecraft.class_1059.method_76314(class_1059.java:173)
  knot//net.minecraft.class_1059.method_45848(class_1059.java:135)
  knot//net.minecraft.class_11697$class_11699.method_73035(class_11697.java:168)
  knot//net.minecraft.class_11697$class_11700.method_73039(class_11697.java:212)
  java.base/java.util.ArrayList.forEach(Unknown Source)
  knot//net.minecraft.class_11697$class_11700.method_73037(class_11697.java:212)
  knot//net.minecraft.class_11697.method_76671(class_11697.java:146)
  knot//net.minecraft.class_11697.method_73029(class_11697.java:142)
  java.base/java.util.concurrent.CompletableFuture$UniAccept.tryFire(Unknown Source)
  java.base/java.util.concurrent.CompletableFuture$Completion.run(Unknown Source)
  knot//net.minecraft.class_4014.method_67574(class_4014.java:59)
18:06:56.572 createBuffer stack sample #5:
  knot//com.metallum.client.metal.render.MetalDevice.createBuffer(MetalDevice.java:149)
  knot//net.minecraft.class_1059.method_76314(class_1059.java:173)
  knot//net.minecraft.class_1059.method_45848(class_1059.java:135)
  knot//net.minecraft.class_11697$class_11699.method_73035(class_11697.java:168)
  knot//net.minecraft.class_11697$class_11700.method_73039(class_11697.java:212)
  java.base/java.util.ArrayList.forEach(Unknown Source)
  knot//net.minecraft.class_11697$class_11700.method_73037(class_11697.java:212)
  knot//net.minecraft.class_11697.method_76671(class_11697.java:146)
  knot//net.minecraft.class_11697.method_73029(class_11697.java:142)
  java.base/java.util.concurrent.CompletableFuture$UniAccept.tryFire(Unknown Source)
  java.base/java.util.concurrent.CompletableFuture$Completion.run(Unknown Source)
  knot//net.minecraft.class_4014.method_67574(class_4014.java:59)
18:06:58.644 frame_time fps=52.5 avg=19.06ms max=271.41ms gpuBehind=0
18:06:59.672 [diag] Z clip-space remap MISS on minecraft:blur/0 fragment: FLIP_VERTEX_Y pattern not found, z is NOT remapped to [0,1] (depth may be wrong)
18:06:59.699 [diag] Z clip-space remap MISS on minecraft:blur/1 fragment: FLIP_VERTEX_Y pattern not found, z is NOT remapped to [0,1] (depth may be wrong)
18:06:59.724 [diag] Z clip-space remap MISS on minecraft:blur/2 fragment: FLIP_VERTEX_Y pattern not found, z is NOT remapped to [0,1] (depth may be wrong)
18:06:59.749 [diag] Z clip-space remap MISS on minecraft:blur/3 fragment: FLIP_VERTEX_Y pattern not found, z is NOT remapped to [0,1] (depth may be wrong)
18:06:59.774 [diag] Z clip-space remap MISS on minecraft:blur/4 fragment: FLIP_VERTEX_Y pattern not found, z is NOT remapped to [0,1] (depth may be wrong)
18:06:59.800 [diag] Z clip-space remap MISS on minecraft:blur/5 fragment: FLIP_VERTEX_Y pattern not found, z is NOT remapped to [0,1] (depth may be wrong)
18:07:02.481 [diag] Z clip-space remap MISS on sodium/blocks/block_layer_opaque fragment: FLIP_VERTEX_Y pattern not found, z is NOT remapped to [0,1] (depth may be wrong)
18:07:02.594 [diag] Z clip-space remap MISS on sodium/blocks/block_layer_opaque fragment: FLIP_VERTEX_Y pattern not found, z is NOT remapped to [0,1] (depth may be wrong)
18:07:02.658 [diag] Z clip-space remap MISS on sodium/blocks/block_layer_opaque fragment: FLIP_VERTEX_Y pattern not found, z is NOT remapped to [0,1] (depth may be wrong)
18:07:02.784 [diag] Z clip-space remap MISS on sodium/blocks/block_layer_opaque fragment: FLIP_VERTEX_Y pattern not found, z is NOT remapped to [0,1] (depth may be wrong)
18:07:02.821 [diag] Z clip-space remap MISS on sodium/blocks/block_layer_opaque fragment: FLIP_VERTEX_Y pattern not found, z is NOT remapped to [0,1] (depth may be wrong)
18:07:02.855 [diag] Z clip-space remap MISS on sodium/blocks/block_layer_opaque fragment: FLIP_VERTEX_Y pattern not found, z is NOT remapped to [0,1] (depth may be wrong)
18:07:03.710 frame_time fps=44.7 avg=22.39ms max=336.74ms gpuBehind=0
==== Metallum diag start ====
14:05:10.285 [diag] Z clip-space remap MISS on minecraft:pipeline/gui fragment: FLIP_VERTEX_Y pattern not found, z is NOT remapped to [0,1] (depth may be wrong)
14:05:10.335 [diag] Z clip-space remap MISS on minecraft:pipeline/gui_textured fragment: FLIP_VERTEX_Y pattern not found, z is NOT remapped to [0,1] (depth may be wrong)
14:05:10.576 [diag] Z clip-space remap MISS on minecraft:pipeline/mojang_logo fragment: FLIP_VERTEX_Y pattern not found, z is NOT remapped to [0,1] (depth may be wrong)
14:05:10.592 buffers total=42 | usage=0x82 count=15 req=0.0MB alloc=0.0MB | usage=0x22 count=6 req=0.0MB alloc=0.0MB | usage=0x3 count=2 req=1.5MB alloc=1.5MB | usage=0x88 count=15 req=0.0MB alloc=0.0MB | usage=0x28 count=3 req=0.0MB alloc=0.0MB | usage=0x48 count=1 req=0.0MB alloc=0.0MB | sum count=42 req=1.5MB alloc=1.5MB | poolHit=0 poolMiss=42 poolReturn=0 poolHitRate=0%
14:05:11.851 [diag] Z clip-space remap MISS on minecraft:pipeline/gui fragment: FLIP_VERTEX_Y pattern not found, z is NOT remapped to [0,1] (depth may be wrong)
14:05:11.900 [diag] Z clip-space remap MISS on minecraft:pipeline/solid_block fragment: FLIP_VERTEX_Y pattern not found, z is NOT remapped to [0,1] (depth may be wrong)
14:05:11.946 [diag] Z clip-space remap MISS on minecraft:pipeline/end_sky fragment: FLIP_VERTEX_Y pattern not found, z is NOT remapped to [0,1] (depth may be wrong)
14:05:11.993 [diag] Z clip-space remap MISS on minecraft:pipeline/text fragment: FLIP_VERTEX_Y pattern not found, z is NOT remapped to [0,1] (depth may be wrong)
14:05:12.042 [diag] Z clip-space remap MISS on minecraft:pipeline/cutout_terrain fragment: FLIP_VERTEX_Y pattern not found, z is NOT remapped to [0,1] (depth may be wrong)
14:05:12.088 [diag] Z clip-space remap MISS on minecraft:pipeline/debug_filled_box fragment: FLIP_VERTEX_Y pattern not found, z is NOT remapped to [0,1] (depth may be wrong)
14:05:12.132 [diag] Z clip-space remap MISS on minecraft:pipeline/debug_quads fragment: FLIP_VERTEX_Y pattern not found, z is NOT remapped to [0,1] (depth may be wrong)
14:05:12.178 [diag] Z clip-space remap MISS on minecraft:pipeline/crumbling fragment: FLIP_VERTEX_Y pattern not found, z is NOT remapped to [0,1] (depth may be wrong)
14:05:12.225 [diag] Z clip-space remap MISS on minecraft:pipeline/dragon_rays_depth fragment: FLIP_VERTEX_Y pattern not found, z is NOT remapped to [0,1] (depth may be wrong)
14:05:12.270 [diag] Z clip-space remap MISS on minecraft:pipeline/animate_sprite_interpolate fragment: FLIP_VERTEX_Y pattern not found, z is NOT remapped to [0,1] (depth may be wrong)
14:05:12.316 [diag] Z clip-space remap MISS on minecraft:pipeline/lines_translucent fragment: FLIP_VERTEX_Y pattern not found, z is NOT remapped to [0,1] (depth may be wrong)
14:05:12.362 [diag] Z clip-space remap MISS on minecraft:pipeline/entity_translucent_emissive fragment: FLIP_VERTEX_Y pattern not found, z is NOT remapped to [0,1] (depth may be wrong)
14:05:12.407 [diag] Z clip-space remap MISS on minecraft:pipeline/entity_shadow fragment: FLIP_VERTEX_Y pattern not found, z is NOT remapped to [0,1] (depth may be wrong)
14:05:12.452 [diag] Z clip-space remap MISS on minecraft:pipeline/crosshair fragment: FLIP_VERTEX_Y pattern not found, z is NOT remapped to [0,1] (depth may be wrong)
14:05:12.496 [diag] Z clip-space remap MISS on minecraft:pipeline/cutout_block fragment: FLIP_VERTEX_Y pattern not found, z is NOT remapped to [0,1] (depth may be wrong)
14:05:12.542 [diag] Z clip-space remap MISS on minecraft:pipeline/breeze_wind fragment: FLIP_VERTEX_Y pattern not found, z is NOT remapped to [0,1] (depth may be wrong)
14:05:12.587 [diag] Z clip-space remap MISS on minecraft:pipeline/item_entity_translucent_cull fragment: FLIP_VERTEX_Y pattern not found, z is NOT remapped to [0,1] (depth may be wrong)
14:05:12.631 [diag] Z clip-space remap MISS on minecraft:pipeline/block_screen_effect fragment: FLIP_VERTEX_Y pattern not found, z is NOT remapped to [0,1] (depth may be wrong)
14:05:12.673 [diag] Z clip-space remap MISS on minecraft:pipeline/mojang_logo fragment: FLIP_VERTEX_Y pattern not found, z is NOT remapped to [0,1] (depth may be wrong)
14:05:12.717 [diag] Z clip-space remap MISS on minecraft:pipeline/beacon_beam_translucent fragment: FLIP_VERTEX_Y pattern not found, z is NOT remapped to [0,1] (depth may be wrong)
14:05:12.761 [diag] Z clip-space remap MISS on minecraft:pipeline/lightning fragment: FLIP_VERTEX_Y pattern not found, z is NOT remapped to [0,1] (depth may be wrong)
14:05:12.804 [diag] Z clip-space remap MISS on minecraft:pipeline/gui_opaque_textured_background fragment: FLIP_VERTEX_Y pattern not found, z is NOT remapped to [0,1] (depth may be wrong)
14:05:12.847 [diag] Z clip-space remap MISS on minecraft:pipeline/tracy_blit fragment: FLIP_VERTEX_Y pattern not found, z is NOT remapped to [0,1] (depth may be wrong)
14:05:12.890 [diag] Z clip-space remap MISS on minecraft:pipeline/text_intensity_see_through fragment: FLIP_VERTEX_Y pattern not found, z is NOT remapped to [0,1] (depth may be wrong)
14:05:12.932 [diag] Z clip-space remap MISS on minecraft:pipeline/entity_outline_blit fragment: FLIP_VERTEX_Y pattern not found, z is NOT remapped to [0,1] (depth may be wrong)
14:05:12.977 [diag] Z clip-space remap MISS on minecraft:pipeline/entity_cutout_no_cull_z_offset fragment: FLIP_VERTEX_Y pattern not found, z is NOT remapped to [0,1] (depth may be wrong)
14:05:13.021 [diag] Z clip-space remap MISS on minecraft:pipeline/outline_no_cull fragment: FLIP_VERTEX_Y pattern not found, z is NOT remapped to [0,1] (depth may be wrong)
14:05:13.067 [diag] Z clip-space remap MISS on minecraft:pipeline/entity_smooth_cutout fragment: FLIP_VERTEX_Y pattern not found, z is NOT remapped to [0,1] (depth may be wrong)
14:05:13.111 [diag] Z clip-space remap MISS on minecraft:pipeline/text_intensity fragment: FLIP_VERTEX_Y pattern not found, z is NOT remapped to [0,1] (depth may be wrong)
14:05:13.155 [diag] Z clip-space remap MISS on minecraft:pipeline/fire_screen_effect fragment: FLIP_VERTEX_Y pattern not found, z is NOT remapped to [0,1] (depth may be wrong)
14:05:13.199 [diag] Z clip-space remap MISS on minecraft:pipeline/weather_no_depth_write fragment: FLIP_VERTEX_Y pattern not found, z is NOT remapped to [0,1] (depth may be wrong)
14:05:13.243 [diag] Z clip-space remap MISS on minecraft:pipeline/translucent_particle fragment: FLIP_VERTEX_Y pattern not found, z is NOT remapped to [0,1] (depth may be wrong)
14:05:13.286 [diag] Z clip-space remap MISS on minecraft:pipeline/dragon_rays fragment: FLIP_VERTEX_Y pattern not found, z is NOT remapped to [0,1] (depth may be wrong)
14:05:13.329 [diag] Z clip-space remap MISS on minecraft:pipeline/text_background_see_through fragment: FLIP_VERTEX_Y pattern not found, z is NOT remapped to [0,1] (depth may be wrong)
14:05:13.372 [diag] Z clip-space remap MISS on minecraft:pipeline/panorama fragment: FLIP_VERTEX_Y pattern not found, z is NOT remapped to [0,1] (depth may be wrong)
14:05:13.417 [diag] Z clip-space remap MISS on minecraft:pipeline/flat_clouds fragment: FLIP_VERTEX_Y pattern not found, z is NOT remapped to [0,1] (depth may be wrong)
14:05:13.460 [diag] Z clip-space remap MISS on minecraft:pipeline/gui_invert fragment: FLIP_VERTEX_Y pattern not found, z is NOT remapped to [0,1] (depth may be wrong)
14:05:13.503 [diag] Z clip-space remap MISS on minecraft:pipeline/vignette fragment: FLIP_VERTEX_Y pattern not found, z is NOT remapped to [0,1] (depth may be wrong)
14:05:13.547 [diag] Z clip-space remap MISS on minecraft:pipeline/armor_translucent fragment: FLIP_VERTEX_Y pattern not found, z is NOT remapped to [0,1] (depth may be wrong)
14:05:13.591 [diag] Z clip-space remap MISS on minecraft:pipeline/gui_text fragment: FLIP_VERTEX_Y pattern not found, z is NOT remapped to [0,1] (depth may be wrong)
14:05:13.635 [diag] Z clip-space remap MISS on minecraft:pipeline/lines fragment: FLIP_VERTEX_Y pattern not found, z is NOT remapped to [0,1] (depth may be wrong)
14:05:13.681 [diag] Z clip-space remap MISS on minecraft:pipeline/wireframe fragment: FLIP_VERTEX_Y pattern not found, z is NOT remapped to [0,1] (depth may be wrong)
14:05:13.726 [diag] Z clip-space remap MISS on minecraft:pipeline/entity_solid fragment: FLIP_VERTEX_Y pattern not found, z is NOT remapped to [0,1] (depth may be wrong)
14:05:13.771 [diag] Z clip-space remap MISS on minecraft:pipeline/solid_terrain fragment: FLIP_VERTEX_Y pattern not found, z is NOT remapped to [0,1] (depth may be wrong)
14:05:13.816 [diag] Z clip-space remap MISS on minecraft:pipeline/text_background fragment: FLIP_VERTEX_Y pattern not found, z is NOT remapped to [0,1] (depth may be wrong)
14:05:13.861 [diag] Z clip-space remap MISS on minecraft:pipeline/entity_cutout_no_cull fragment: FLIP_VERTEX_Y pattern not found, z is NOT remapped to [0,1] (depth may be wrong)
14:05:13.904 [diag] Z clip-space remap MISS on minecraft:pipeline/celestial fragment: FLIP_VERTEX_Y pattern not found, z is NOT remapped to [0,1] (depth may be wrong)
14:05:13.950 [diag] Z clip-space remap MISS on minecraft:pipeline/translucent_terrain fragment: FLIP_VERTEX_Y pattern not found, z is NOT remapped to [0,1] (depth may be wrong)
14:05:13.996 [diag] Z clip-space remap MISS on minecraft:pipeline/armor_decal_cutout_no_cull fragment: FLIP_VERTEX_Y pattern not found, z is NOT remapped to [0,1] (depth may be wrong)
14:05:14.039 [diag] Z clip-space remap MISS on minecraft:pipeline/gui_textured fragment: FLIP_VERTEX_Y pattern not found, z is NOT remapped to [0,1] (depth may be wrong)
14:05:14.081 [diag] Z clip-space remap MISS on minecraft:pipeline/water_mask fragment: FLIP_VERTEX_Y pattern not found, z is NOT remapped to [0,1] (depth may be wrong)
14:05:14.124 [diag] Z clip-space remap MISS on minecraft:pipeline/text_polygon_offset fragment: FLIP_VERTEX_Y pattern not found, z is NOT remapped to [0,1] (depth may be wrong)
14:05:14.170 [diag] Z clip-space remap MISS on minecraft:pipeline/tripwire_terrain fragment: FLIP_VERTEX_Y pattern not found, z is NOT remapped to [0,1] (depth may be wrong)
14:05:14.215 [diag] Z clip-space remap MISS on minecraft:pipeline/secondary_block_outline fragment: FLIP_VERTEX_Y pattern not found, z is NOT remapped to [0,1] (depth may be wrong)
14:05:14.258 [diag] Z clip-space remap MISS on minecraft:pipeline/stars fragment: FLIP_VERTEX_Y pattern not found, z is NOT remapped to [0,1] (depth may be wrong)
14:05:14.303 [diag] Z clip-space remap MISS on minecraft:pipeline/end_gateway fragment: FLIP_VERTEX_Y pattern not found, z is NOT remapped to [0,1] (depth may be wrong)
14:05:14.348 [diag] Z clip-space remap MISS on minecraft:pipeline/entity_solid_offset_forward fragment: FLIP_VERTEX_Y pattern not found, z is NOT remapped to [0,1] (depth may be wrong)
14:05:14.392 [diag] Z clip-space remap MISS on minecraft:pipeline/sky fragment: FLIP_VERTEX_Y pattern not found, z is NOT remapped to [0,1] (depth may be wrong)
14:05:14.437 [diag] Z clip-space remap MISS on minecraft:pipeline/entity_decal fragment: FLIP_VERTEX_Y pattern not found, z is NOT remapped to [0,1] (depth may be wrong)
14:05:14.481 [diag] Z clip-space remap MISS on minecraft:pipeline/glint fragment: FLIP_VERTEX_Y pattern not found, z is NOT remapped to [0,1] (depth may be wrong)
14:05:14.526 [diag] Z clip-space remap MISS on minecraft:pipeline/clouds fragment: FLIP_VERTEX_Y pattern not found, z is NOT remapped to [0,1] (depth may be wrong)
14:05:14.571 [diag] Z clip-space remap MISS on minecraft:pipeline/entity_no_outline fragment: FLIP_VERTEX_Y pattern not found, z is NOT remapped to [0,1] (depth may be wrong)
14:05:14.614 [diag] Z clip-space remap MISS on minecraft:pipeline/outline_cull fragment: FLIP_VERTEX_Y pattern not found, z is NOT remapped to [0,1] (depth may be wrong)
14:05:14.657 [diag] Z clip-space remap MISS on minecraft:pipeline/sunrise_sunset fragment: FLIP_VERTEX_Y pattern not found, z is NOT remapped to [0,1] (depth may be wrong)
14:05:14.701 [diag] Z clip-space remap MISS on minecraft:pipeline/eyes fragment: FLIP_VERTEX_Y pattern not found, z is NOT remapped to [0,1] (depth may be wrong)
14:05:14.743 [diag] Z clip-space remap MISS on minecraft:pipeline/gui_textured_premultiplied_alpha fragment: FLIP_VERTEX_Y pattern not found, z is NOT remapped to [0,1] (depth may be wrong)
14:05:14.786 [diag] Z clip-space remap MISS on minecraft:pipeline/gui_text_highlight fragment: FLIP_VERTEX_Y pattern not found, z is NOT remapped to [0,1] (depth may be wrong)
14:05:14.829 [diag] Z clip-space remap MISS on minecraft:pipeline/dragon_explosion_alpha fragment: FLIP_VERTEX_Y pattern not found, z is NOT remapped to [0,1] (depth may be wrong)
14:05:14.873 [diag] Z clip-space remap MISS on minecraft:pipeline/energy_swirl fragment: FLIP_VERTEX_Y pattern not found, z is NOT remapped to [0,1] (depth may be wrong)
14:05:14.917 [diag] Z clip-space remap MISS on minecraft:pipeline/leash fragment: FLIP_VERTEX_Y pattern not found, z is NOT remapped to [0,1] (depth may be wrong)
14:05:14.960 [diag] Z clip-space remap MISS on minecraft:pipeline/debug_points fragment: FLIP_VERTEX_Y pattern not found, z is NOT remapped to [0,1] (depth may be wrong)
14:05:15.005 [diag] Z clip-space remap MISS on minecraft:pipeline/entity_cutout fragment: FLIP_VERTEX_Y pattern not found, z is NOT remapped to [0,1] (depth may be wrong)
14:05:15.048 [diag] Z clip-space remap MISS on minecraft:pipeline/world_border fragment: FLIP_VERTEX_Y pattern not found, z is NOT remapped to [0,1] (depth may be wrong)
14:05:15.090 [diag] Z clip-space remap MISS on minecraft:pipeline/gui_nausea_overlay fragment: FLIP_VERTEX_Y pattern not found, z is NOT remapped to [0,1] (depth may be wrong)
14:05:15.134 [diag] Z clip-space remap MISS on minecraft:pipeline/translucent_moving_block fragment: FLIP_VERTEX_Y pattern not found, z is NOT remapped to [0,1] (depth may be wrong)
14:05:15.177 [diag] Z clip-space remap MISS on minecraft:pipeline/weather_depth_write fragment: FLIP_VERTEX_Y pattern not found, z is NOT remapped to [0,1] (depth may be wrong)
14:05:15.221 [diag] Z clip-space remap MISS on minecraft:pipeline/gui_text_intensity fragment: FLIP_VERTEX_Y pattern not found, z is NOT remapped to [0,1] (depth may be wrong)
14:05:15.263 [diag] Z clip-space remap MISS on minecraft:pipeline/text_see_through fragment: FLIP_VERTEX_Y pattern not found, z is NOT remapped to [0,1] (depth may be wrong)
14:05:15.307 [diag] Z clip-space remap MISS on minecraft:pipeline/opaque_particle fragment: FLIP_VERTEX_Y pattern not found, z is NOT remapped to [0,1] (depth may be wrong)
14:05:15.350 [diag] Z clip-space remap MISS on minecraft:pipeline/beacon_beam_opaque fragment: FLIP_VERTEX_Y pattern not found, z is NOT remapped to [0,1] (depth may be wrong)
14:05:15.393 [diag] Z clip-space remap MISS on minecraft:pipeline/animate_sprite_blit fragment: FLIP_VERTEX_Y pattern not found, z is NOT remapped to [0,1] (depth may be wrong)
14:05:15.438 [diag] Z clip-space remap MISS on minecraft:pipeline/entity_translucent fragment: FLIP_VERTEX_Y pattern not found, z is NOT remapped to [0,1] (depth may be wrong)
14:05:15.483 [diag] Z clip-space remap MISS on minecraft:pipeline/end_portal fragment: FLIP_VERTEX_Y pattern not found, z is NOT remapped to [0,1] (depth may be wrong)
14:05:15.527 [diag] Z clip-space remap MISS on minecraft:pipeline/armor_cutout_no_cull fragment: FLIP_VERTEX_Y pattern not found, z is NOT remapped to [0,1] (depth may be wrong)
14:05:15.570 [diag] Z clip-space remap MISS on minecraft:pipeline/debug_triangle_fan fragment: FLIP_VERTEX_Y pattern not found, z is NOT remapped to [0,1] (depth may be wrong)
14:05:15.613 [diag] Z clip-space remap MISS on minecraft:pipeline/lightmap fragment: FLIP_VERTEX_Y pattern not found, z is NOT remapped to [0,1] (depth may be wrong)
14:05:15.658 [diag] Z clip-space remap MISS on minecraft:pipeline/tripwire_block fragment: FLIP_VERTEX_Y pattern not found, z is NOT remapped to [0,1] (depth may be wrong)
14:05:15.722 createBuffer stack sample #1:
  knot//com.metallum.client.metal.render.MetalDevice.createBuffer(MetalDevice.java:149)
  knot//net.minecraft.class_1059.method_45848(class_1059.java:116)
  knot//net.minecraft.class_11697$class_11699.method_73035(class_11697.java:168)
  knot//net.minecraft.class_11697$class_11700.method_73039(class_11697.java:212)
  java.base/java.util.ArrayList.forEach(Unknown Source)
  knot//net.minecraft.class_11697$class_11700.method_73037(class_11697.java:212)
  knot//net.minecraft.class_11697.method_76671(class_11697.java:146)
  knot//net.minecraft.class_11697.method_73029(class_11697.java:142)
  java.base/java.util.concurrent.CompletableFuture$UniAccept.tryFire(Unknown Source)
  java.base/java.util.concurrent.CompletableFuture$Completion.run(Unknown Source)
  knot//net.minecraft.class_4014.method_67574(class_4014.java:59)
  knot//net.minecraft.class_1255.method_18859(class_1255.java:169)
14:05:15.744 createBuffer stack sample #2:
  knot//com.metallum.client.metal.render.MetalDevice.createBuffer(MetalDevice.java:149)
  knot//net.minecraft.class_1059.method_76314(class_1059.java:173)
  knot//net.minecraft.class_1059.method_45848(class_1059.java:135)
  knot//net.minecraft.class_11697$class_11699.method_73035(class_11697.java:168)
  knot//net.minecraft.class_11697$class_11700.method_73039(class_11697.java:212)
  java.base/java.util.ArrayList.forEach(Unknown Source)
  knot//net.minecraft.class_11697$class_11700.method_73037(class_11697.java:212)
  knot//net.minecraft.class_11697.method_76671(class_11697.java:146)
  knot//net.minecraft.class_11697.method_73029(class_11697.java:142)
  java.base/java.util.concurrent.CompletableFuture$UniAccept.tryFire(Unknown Source)
  java.base/java.util.concurrent.CompletableFuture$Completion.run(Unknown Source)
  knot//net.minecraft.class_4014.method_67574(class_4014.java:59)
14:05:15.751 createBuffer stack sample #3:
  knot//com.metallum.client.metal.render.MetalDevice.createBuffer(MetalDevice.java:149)
  knot//net.minecraft.class_1059.method_76314(class_1059.java:173)
  knot//net.minecraft.class_1059.method_45848(class_1059.java:135)
  knot//net.minecraft.class_11697$class_11699.method_73035(class_11697.java:168)
  knot//net.minecraft.class_11697$class_11700.method_73039(class_11697.java:212)
  java.base/java.util.ArrayList.forEach(Unknown Source)
  knot//net.minecraft.class_11697$class_11700.method_73037(class_11697.java:212)
  knot//net.minecraft.class_11697.method_76671(class_11697.java:146)
  knot//net.minecraft.class_11697.method_73029(class_11697.java:142)
  java.base/java.util.concurrent.CompletableFuture$UniAccept.tryFire(Unknown Source)
  java.base/java.util.concurrent.CompletableFuture$Completion.run(Unknown Source)
  knot//net.minecraft.class_4014.method_67574(class_4014.java:59)
14:05:15.780 createBuffer stack sample #4:
  knot//com.metallum.client.metal.render.MetalDevice.createBuffer(MetalDevice.java:149)
  knot//net.minecraft.class_1059.method_76314(class_1059.java:173)
  knot//net.minecraft.class_1059.method_45848(class_1059.java:135)
  knot//net.minecraft.class_11697$class_11699.method_73035(class_11697.java:168)
  knot//net.minecraft.class_11697$class_11700.method_73039(class_11697.java:212)
  java.base/java.util.ArrayList.forEach(Unknown Source)
  knot//net.minecraft.class_11697$class_11700.method_73037(class_11697.java:212)
  knot//net.minecraft.class_11697.method_76671(class_11697.java:146)
  knot//net.minecraft.class_11697.method_73029(class_11697.java:142)
  java.base/java.util.concurrent.CompletableFuture$UniAccept.tryFire(Unknown Source)
  java.base/java.util.concurrent.CompletableFuture$Completion.run(Unknown Source)
  knot//net.minecraft.class_4014.method_67574(class_4014.java:59)
14:05:15.787 createBuffer stack sample #5:
  knot//com.metallum.client.metal.render.MetalDevice.createBuffer(MetalDevice.java:149)
  knot//net.minecraft.class_1059.method_76314(class_1059.java:173)
  knot//net.minecraft.class_1059.method_45848(class_1059.java:135)
  knot//net.minecraft.class_11697$class_11699.method_73035(class_11697.java:168)
  knot//net.minecraft.class_11697$class_11700.method_73039(class_11697.java:212)
  java.base/java.util.ArrayList.forEach(Unknown Source)
  knot//net.minecraft.class_11697$class_11700.method_73037(class_11697.java:212)
  knot//net.minecraft.class_11697.method_76671(class_11697.java:146)
  knot//net.minecraft.class_11697.method_73029(class_11697.java:142)
  java.base/java.util.concurrent.CompletableFuture$UniAccept.tryFire(Unknown Source)
  java.base/java.util.concurrent.CompletableFuture$Completion.run(Unknown Source)
  knot//net.minecraft.class_4014.method_67574(class_4014.java:59)
14:05:15.991 frame_time fps=52.5 avg=19.07ms max=125.03ms gpuBehind=0
14:05:20.293 [diag] Z clip-space remap MISS on minecraft:blur/0 fragment: FLIP_VERTEX_Y pattern not found, z is NOT remapped to [0,1] (depth may be wrong)
14:05:20.342 [diag] Z clip-space remap MISS on minecraft:blur/1 fragment: FLIP_VERTEX_Y pattern not found, z is NOT remapped to [0,1] (depth may be wrong)
14:05:20.388 [diag] Z clip-space remap MISS on minecraft:blur/2 fragment: FLIP_VERTEX_Y pattern not found, z is NOT remapped to [0,1] (depth may be wrong)
14:05:20.432 [diag] Z clip-space remap MISS on minecraft:blur/3 fragment: FLIP_VERTEX_Y pattern not found, z is NOT remapped to [0,1] (depth may be wrong)
14:05:20.476 [diag] Z clip-space remap MISS on minecraft:blur/4 fragment: FLIP_VERTEX_Y pattern not found, z is NOT remapped to [0,1] (depth may be wrong)
14:05:20.520 [diag] Z clip-space remap MISS on minecraft:blur/5 fragment: FLIP_VERTEX_Y pattern not found, z is NOT remapped to [0,1] (depth may be wrong)
14:05:20.994 frame_time fps=51.4 avg=19.46ms max=394.77ms gpuBehind=0
14:05:26.194 [diag] Z clip-space remap MISS on sodium/blocks/block_layer_opaque fragment: FLIP_VERTEX_Y pattern not found, z is NOT remapped to [0,1] (depth may be wrong)
14:05:26.248 [diag] Z clip-space remap MISS on sodium/blocks/block_layer_opaque fragment: FLIP_VERTEX_Y pattern not found, z is NOT remapped to [0,1] (depth may be wrong)
14:05:26.312 [diag] Z clip-space remap MISS on sodium/blocks/block_layer_opaque fragment: FLIP_VERTEX_Y pattern not found, z is NOT remapped to [0,1] (depth may be wrong)
14:05:26.347 frame_time fps=54.2 avg=18.44ms max=140.31ms gpuBehind=0
14:05:26.516 [diag] Z clip-space remap MISS on sodium/blocks/block_layer_opaque fragment: FLIP_VERTEX_Y pattern not found, z is NOT remapped to [0,1] (depth may be wrong)
14:05:26.568 [diag] Z clip-space remap MISS on sodium/blocks/block_layer_opaque fragment: FLIP_VERTEX_Y pattern not found, z is NOT remapped to [0,1] (depth may be wrong)
14:05:26.620 [diag] Z clip-space remap MISS on sodium/blocks/block_layer_opaque fragment: FLIP_VERTEX_Y pattern not found, z is NOT remapped to [0,1] (depth may be wrong)
==== Metallum diag start ====
14:19:07.756 [diag] Z clip-space remap MISS on minecraft:pipeline/gui fragment: FLIP_VERTEX_Y pattern not found, z is NOT remapped to [0,1] (depth may be wrong)
14:19:07.785 [diag] Z clip-space remap MISS on minecraft:pipeline/gui_textured fragment: FLIP_VERTEX_Y pattern not found, z is NOT remapped to [0,1] (depth may be wrong)
14:19:07.963 [diag] Z clip-space remap MISS on minecraft:pipeline/mojang_logo fragment: FLIP_VERTEX_Y pattern not found, z is NOT remapped to [0,1] (depth may be wrong)
14:19:07.976 buffers total=42 | usage=0x82 count=15 req=0.0MB alloc=0.0MB | usage=0x22 count=6 req=0.0MB alloc=0.0MB | usage=0x3 count=2 req=1.5MB alloc=1.5MB | usage=0x88 count=15 req=0.0MB alloc=0.0MB | usage=0x28 count=3 req=0.0MB alloc=0.0MB | usage=0x48 count=1 req=0.0MB alloc=0.0MB | sum count=42 req=1.5MB alloc=1.5MB | poolHit=0 poolMiss=42 poolReturn=0 poolHitRate=0%
14:19:08.783 [diag] Z clip-space remap MISS on minecraft:pipeline/entity_solid_offset_forward fragment: FLIP_VERTEX_Y pattern not found, z is NOT remapped to [0,1] (depth may be wrong)
14:19:08.812 [diag] Z clip-space remap MISS on minecraft:pipeline/weather_no_depth_write fragment: FLIP_VERTEX_Y pattern not found, z is NOT remapped to [0,1] (depth may be wrong)
14:19:08.840 [diag] Z clip-space remap MISS on minecraft:pipeline/end_sky fragment: FLIP_VERTEX_Y pattern not found, z is NOT remapped to [0,1] (depth may be wrong)
14:19:08.866 [diag] Z clip-space remap MISS on minecraft:pipeline/water_mask fragment: FLIP_VERTEX_Y pattern not found, z is NOT remapped to [0,1] (depth may be wrong)
14:19:08.892 [diag] Z clip-space remap MISS on minecraft:pipeline/mojang_logo fragment: FLIP_VERTEX_Y pattern not found, z is NOT remapped to [0,1] (depth may be wrong)
14:19:08.917 [diag] Z clip-space remap MISS on minecraft:pipeline/translucent_particle fragment: FLIP_VERTEX_Y pattern not found, z is NOT remapped to [0,1] (depth may be wrong)
14:19:08.943 [diag] Z clip-space remap MISS on minecraft:pipeline/beacon_beam_translucent fragment: FLIP_VERTEX_Y pattern not found, z is NOT remapped to [0,1] (depth may be wrong)
14:19:08.968 [diag] Z clip-space remap MISS on minecraft:pipeline/gui_nausea_overlay fragment: FLIP_VERTEX_Y pattern not found, z is NOT remapped to [0,1] (depth may be wrong)
14:19:08.993 [diag] Z clip-space remap MISS on minecraft:pipeline/world_border fragment: FLIP_VERTEX_Y pattern not found, z is NOT remapped to [0,1] (depth may be wrong)
14:19:09.019 [diag] Z clip-space remap MISS on minecraft:pipeline/gui_text_intensity fragment: FLIP_VERTEX_Y pattern not found, z is NOT remapped to [0,1] (depth may be wrong)
14:19:09.045 [diag] Z clip-space remap MISS on minecraft:pipeline/dragon_rays fragment: FLIP_VERTEX_Y pattern not found, z is NOT remapped to [0,1] (depth may be wrong)
14:19:09.070 [diag] Z clip-space remap MISS on minecraft:pipeline/sunrise_sunset fragment: FLIP_VERTEX_Y pattern not found, z is NOT remapped to [0,1] (depth may be wrong)
14:19:09.096 [diag] Z clip-space remap MISS on minecraft:pipeline/text_intensity fragment: FLIP_VERTEX_Y pattern not found, z is NOT remapped to [0,1] (depth may be wrong)
14:19:09.122 [diag] Z clip-space remap MISS on minecraft:pipeline/entity_cutout fragment: FLIP_VERTEX_Y pattern not found, z is NOT remapped to [0,1] (depth may be wrong)
14:19:09.147 [diag] Z clip-space remap MISS on minecraft:pipeline/entity_outline_blit fragment: FLIP_VERTEX_Y pattern not found, z is NOT remapped to [0,1] (depth may be wrong)
14:19:09.172 [diag] Z clip-space remap MISS on minecraft:pipeline/text_background_see_through fragment: FLIP_VERTEX_Y pattern not found, z is NOT remapped to [0,1] (depth may be wrong)
14:19:09.197 [diag] Z clip-space remap MISS on minecraft:pipeline/translucent_moving_block fragment: FLIP_VERTEX_Y pattern not found, z is NOT remapped to [0,1] (depth may be wrong)
14:19:09.223 [diag] Z clip-space remap MISS on minecraft:pipeline/lightning fragment: FLIP_VERTEX_Y pattern not found, z is NOT remapped to [0,1] (depth may be wrong)
14:19:09.248 [diag] Z clip-space remap MISS on minecraft:pipeline/celestial fragment: FLIP_VERTEX_Y pattern not found, z is NOT remapped to [0,1] (depth may be wrong)
14:19:09.274 [diag] Z clip-space remap MISS on minecraft:pipeline/entity_no_outline fragment: FLIP_VERTEX_Y pattern not found, z is NOT remapped to [0,1] (depth may be wrong)
14:19:09.300 [diag] Z clip-space remap MISS on minecraft:pipeline/entity_decal fragment: FLIP_VERTEX_Y pattern not found, z is NOT remapped to [0,1] (depth may be wrong)
14:19:09.325 [diag] Z clip-space remap MISS on minecraft:pipeline/tripwire_block fragment: FLIP_VERTEX_Y pattern not found, z is NOT remapped to [0,1] (depth may be wrong)
14:19:09.350 [diag] Z clip-space remap MISS on minecraft:pipeline/outline_cull fragment: FLIP_VERTEX_Y pattern not found, z is NOT remapped to [0,1] (depth may be wrong)
14:19:09.375 [diag] Z clip-space remap MISS on minecraft:pipeline/animate_sprite_interpolate fragment: FLIP_VERTEX_Y pattern not found, z is NOT remapped to [0,1] (depth may be wrong)
14:19:09.401 [diag] Z clip-space remap MISS on minecraft:pipeline/entity_cutout_no_cull fragment: FLIP_VERTEX_Y pattern not found, z is NOT remapped to [0,1] (depth may be wrong)
14:19:09.426 [diag] Z clip-space remap MISS on minecraft:pipeline/animate_sprite_blit fragment: FLIP_VERTEX_Y pattern not found, z is NOT remapped to [0,1] (depth may be wrong)
14:19:09.452 [diag] Z clip-space remap MISS on minecraft:pipeline/end_portal fragment: FLIP_VERTEX_Y pattern not found, z is NOT remapped to [0,1] (depth may be wrong)
14:19:09.477 [diag] Z clip-space remap MISS on minecraft:pipeline/block_screen_effect fragment: FLIP_VERTEX_Y pattern not found, z is NOT remapped to [0,1] (depth may be wrong)
14:19:09.502 [diag] Z clip-space remap MISS on minecraft:pipeline/tracy_blit fragment: FLIP_VERTEX_Y pattern not found, z is NOT remapped to [0,1] (depth may be wrong)
14:19:09.526 [diag] Z clip-space remap MISS on minecraft:pipeline/dragon_explosion_alpha fragment: FLIP_VERTEX_Y pattern not found, z is NOT remapped to [0,1] (depth may be wrong)
14:19:09.553 [diag] Z clip-space remap MISS on minecraft:pipeline/entity_translucent_emissive fragment: FLIP_VERTEX_Y pattern not found, z is NOT remapped to [0,1] (depth may be wrong)
14:19:09.578 [diag] Z clip-space remap MISS on minecraft:pipeline/vignette fragment: FLIP_VERTEX_Y pattern not found, z is NOT remapped to [0,1] (depth may be wrong)
14:19:09.604 [diag] Z clip-space remap MISS on minecraft:pipeline/item_entity_translucent_cull fragment: FLIP_VERTEX_Y pattern not found, z is NOT remapped to [0,1] (depth may be wrong)
14:19:09.630 [diag] Z clip-space remap MISS on minecraft:pipeline/armor_decal_cutout_no_cull fragment: FLIP_VERTEX_Y pattern not found, z is NOT remapped to [0,1] (depth may be wrong)
14:19:09.656 [diag] Z clip-space remap MISS on minecraft:pipeline/glint fragment: FLIP_VERTEX_Y pattern not found, z is NOT remapped to [0,1] (depth may be wrong)
14:19:09.682 [diag] Z clip-space remap MISS on minecraft:pipeline/cutout_block fragment: FLIP_VERTEX_Y pattern not found, z is NOT remapped to [0,1] (depth may be wrong)
14:19:09.707 [diag] Z clip-space remap MISS on minecraft:pipeline/dragon_rays_depth fragment: FLIP_VERTEX_Y pattern not found, z is NOT remapped to [0,1] (depth may be wrong)
14:19:09.732 [diag] Z clip-space remap MISS on minecraft:pipeline/debug_points fragment: FLIP_VERTEX_Y pattern not found, z is NOT remapped to [0,1] (depth may be wrong)
14:19:09.756 [diag] Z clip-space remap MISS on minecraft:pipeline/gui_text_highlight fragment: FLIP_VERTEX_Y pattern not found, z is NOT remapped to [0,1] (depth may be wrong)
14:19:09.782 [diag] Z clip-space remap MISS on minecraft:pipeline/lines_translucent fragment: FLIP_VERTEX_Y pattern not found, z is NOT remapped to [0,1] (depth may be wrong)
14:19:09.809 [diag] Z clip-space remap MISS on minecraft:pipeline/wireframe fragment: FLIP_VERTEX_Y pattern not found, z is NOT remapped to [0,1] (depth may be wrong)
14:19:09.834 [diag] Z clip-space remap MISS on minecraft:pipeline/debug_filled_box fragment: FLIP_VERTEX_Y pattern not found, z is NOT remapped to [0,1] (depth may be wrong)
14:19:09.859 [diag] Z clip-space remap MISS on minecraft:pipeline/entity_translucent fragment: FLIP_VERTEX_Y pattern not found, z is NOT remapped to [0,1] (depth may be wrong)
14:19:09.884 [diag] Z clip-space remap MISS on minecraft:pipeline/text_see_through fragment: FLIP_VERTEX_Y pattern not found, z is NOT remapped to [0,1] (depth may be wrong)
14:19:09.909 [diag] Z clip-space remap MISS on minecraft:pipeline/clouds fragment: FLIP_VERTEX_Y pattern not found, z is NOT remapped to [0,1] (depth may be wrong)
14:19:09.935 [diag] Z clip-space remap MISS on minecraft:pipeline/secondary_block_outline fragment: FLIP_VERTEX_Y pattern not found, z is NOT remapped to [0,1] (depth may be wrong)
14:19:09.960 [diag] Z clip-space remap MISS on minecraft:pipeline/weather_depth_write fragment: FLIP_VERTEX_Y pattern not found, z is NOT remapped to [0,1] (depth may be wrong)
14:19:09.986 [diag] Z clip-space remap MISS on minecraft:pipeline/entity_shadow fragment: FLIP_VERTEX_Y pattern not found, z is NOT remapped to [0,1] (depth may be wrong)
14:19:10.012 [diag] Z clip-space remap MISS on minecraft:pipeline/entity_cutout_no_cull_z_offset fragment: FLIP_VERTEX_Y pattern not found, z is NOT remapped to [0,1] (depth may be wrong)
14:19:10.037 [diag] Z clip-space remap MISS on minecraft:pipeline/gui_textured fragment: FLIP_VERTEX_Y pattern not found, z is NOT remapped to [0,1] (depth may be wrong)
14:19:10.062 [diag] Z clip-space remap MISS on minecraft:pipeline/opaque_particle fragment: FLIP_VERTEX_Y pattern not found, z is NOT remapped to [0,1] (depth may be wrong)
14:19:10.087 [diag] Z clip-space remap MISS on minecraft:pipeline/armor_cutout_no_cull fragment: FLIP_VERTEX_Y pattern not found, z is NOT remapped to [0,1] (depth may be wrong)
14:19:10.113 [diag] Z clip-space remap MISS on minecraft:pipeline/breeze_wind fragment: FLIP_VERTEX_Y pattern not found, z is NOT remapped to [0,1] (depth may be wrong)
14:19:10.139 [diag] Z clip-space remap MISS on minecraft:pipeline/text_background fragment: FLIP_VERTEX_Y pattern not found, z is NOT remapped to [0,1] (depth may be wrong)
14:19:10.164 [diag] Z clip-space remap MISS on minecraft:pipeline/flat_clouds fragment: FLIP_VERTEX_Y pattern not found, z is NOT remapped to [0,1] (depth may be wrong)
14:19:10.189 [diag] Z clip-space remap MISS on minecraft:pipeline/gui_opaque_textured_background fragment: FLIP_VERTEX_Y pattern not found, z is NOT remapped to [0,1] (depth may be wrong)
14:19:10.214 [diag] Z clip-space remap MISS on minecraft:pipeline/text fragment: FLIP_VERTEX_Y pattern not found, z is NOT remapped to [0,1] (depth may be wrong)
14:19:10.240 [diag] Z clip-space remap MISS on minecraft:pipeline/energy_swirl fragment: FLIP_VERTEX_Y pattern not found, z is NOT remapped to [0,1] (depth may be wrong)
14:19:10.265 [diag] Z clip-space remap MISS on minecraft:pipeline/leash fragment: FLIP_VERTEX_Y pattern not found, z is NOT remapped to [0,1] (depth may be wrong)
14:19:10.291 [diag] Z clip-space remap MISS on minecraft:pipeline/armor_translucent fragment: FLIP_VERTEX_Y pattern not found, z is NOT remapped to [0,1] (depth may be wrong)
14:19:10.316 [diag] Z clip-space remap MISS on minecraft:pipeline/lightmap fragment: FLIP_VERTEX_Y pattern not found, z is NOT remapped to [0,1] (depth may be wrong)
14:19:10.341 [diag] Z clip-space remap MISS on minecraft:pipeline/gui_textured_premultiplied_alpha fragment: FLIP_VERTEX_Y pattern not found, z is NOT remapped to [0,1] (depth may be wrong)
14:19:10.366 [diag] Z clip-space remap MISS on minecraft:pipeline/stars fragment: FLIP_VERTEX_Y pattern not found, z is NOT remapped to [0,1] (depth may be wrong)
14:19:10.391 [diag] Z clip-space remap MISS on minecraft:pipeline/solid_block fragment: FLIP_VERTEX_Y pattern not found, z is NOT remapped to [0,1] (depth may be wrong)
14:19:10.416 [diag] Z clip-space remap MISS on minecraft:pipeline/beacon_beam_opaque fragment: FLIP_VERTEX_Y pattern not found, z is NOT remapped to [0,1] (depth may be wrong)
14:19:10.440 [diag] Z clip-space remap MISS on minecraft:pipeline/gui fragment: FLIP_VERTEX_Y pattern not found, z is NOT remapped to [0,1] (depth may be wrong)
14:19:10.464 [diag] Z clip-space remap MISS on minecraft:pipeline/outline_no_cull fragment: FLIP_VERTEX_Y pattern not found, z is NOT remapped to [0,1] (depth may be wrong)
14:19:10.489 [diag] Z clip-space remap MISS on minecraft:pipeline/debug_quads fragment: FLIP_VERTEX_Y pattern not found, z is NOT remapped to [0,1] (depth may be wrong)
14:19:10.515 [diag] Z clip-space remap MISS on minecraft:pipeline/tripwire_terrain fragment: FLIP_VERTEX_Y pattern not found, z is NOT remapped to [0,1] (depth may be wrong)
14:19:10.541 [diag] Z clip-space remap MISS on minecraft:pipeline/entity_smooth_cutout fragment: FLIP_VERTEX_Y pattern not found, z is NOT remapped to [0,1] (depth may be wrong)
14:19:10.567 [diag] Z clip-space remap MISS on minecraft:pipeline/solid_terrain fragment: FLIP_VERTEX_Y pattern not found, z is NOT remapped to [0,1] (depth may be wrong)
14:19:10.594 [diag] Z clip-space remap MISS on minecraft:pipeline/cutout_terrain fragment: FLIP_VERTEX_Y pattern not found, z is NOT remapped to [0,1] (depth may be wrong)
14:19:10.618 [diag] Z clip-space remap MISS on minecraft:pipeline/fire_screen_effect fragment: FLIP_VERTEX_Y pattern not found, z is NOT remapped to [0,1] (depth may be wrong)
14:19:10.644 [diag] Z clip-space remap MISS on minecraft:pipeline/eyes fragment: FLIP_VERTEX_Y pattern not found, z is NOT remapped to [0,1] (depth may be wrong)
14:19:10.669 [diag] Z clip-space remap MISS on minecraft:pipeline/debug_triangle_fan fragment: FLIP_VERTEX_Y pattern not found, z is NOT remapped to [0,1] (depth may be wrong)
14:19:10.693 [diag] Z clip-space remap MISS on minecraft:pipeline/crosshair fragment: FLIP_VERTEX_Y pattern not found, z is NOT remapped to [0,1] (depth may be wrong)
14:19:10.718 [diag] Z clip-space remap MISS on minecraft:pipeline/lines fragment: FLIP_VERTEX_Y pattern not found, z is NOT remapped to [0,1] (depth may be wrong)
14:19:10.743 [diag] Z clip-space remap MISS on minecraft:pipeline/text_intensity_see_through fragment: FLIP_VERTEX_Y pattern not found, z is NOT remapped to [0,1] (depth may be wrong)
14:19:10.769 [diag] Z clip-space remap MISS on minecraft:pipeline/translucent_terrain fragment: FLIP_VERTEX_Y pattern not found, z is NOT remapped to [0,1] (depth may be wrong)
14:19:10.794 [diag] Z clip-space remap MISS on minecraft:pipeline/sky fragment: FLIP_VERTEX_Y pattern not found, z is NOT remapped to [0,1] (depth may be wrong)
14:19:10.819 [diag] Z clip-space remap MISS on minecraft:pipeline/panorama fragment: FLIP_VERTEX_Y pattern not found, z is NOT remapped to [0,1] (depth may be wrong)
14:19:10.845 [diag] Z clip-space remap MISS on minecraft:pipeline/crumbling fragment: FLIP_VERTEX_Y pattern not found, z is NOT remapped to [0,1] (depth may be wrong)
14:19:10.870 [diag] Z clip-space remap MISS on minecraft:pipeline/entity_solid fragment: FLIP_VERTEX_Y pattern not found, z is NOT remapped to [0,1] (depth may be wrong)
14:19:10.896 [diag] Z clip-space remap MISS on minecraft:pipeline/end_gateway fragment: FLIP_VERTEX_Y pattern not found, z is NOT remapped to [0,1] (depth may be wrong)
14:19:10.921 [diag] Z clip-space remap MISS on minecraft:pipeline/gui_invert fragment: FLIP_VERTEX_Y pattern not found, z is NOT remapped to [0,1] (depth may be wrong)
14:19:10.946 [diag] Z clip-space remap MISS on minecraft:pipeline/text_polygon_offset fragment: FLIP_VERTEX_Y pattern not found, z is NOT remapped to [0,1] (depth may be wrong)
14:19:10.971 [diag] Z clip-space remap MISS on minecraft:pipeline/gui_text fragment: FLIP_VERTEX_Y pattern not found, z is NOT remapped to [0,1] (depth may be wrong)
14:19:11.015 createBuffer stack sample #1:
  knot//com.metallum.client.metal.render.MetalDevice.createBuffer(MetalDevice.java:149)
  knot//net.minecraft.class_1059.method_45848(class_1059.java:116)
  knot//net.minecraft.class_11697$class_11699.method_73035(class_11697.java:168)
  knot//net.minecraft.class_11697$class_11700.method_73039(class_11697.java:212)
  java.base/java.util.ArrayList.forEach(Unknown Source)
  knot//net.minecraft.class_11697$class_11700.method_73037(class_11697.java:212)
  knot//net.minecraft.class_11697.method_76671(class_11697.java:146)
  knot//net.minecraft.class_11697.method_73029(class_11697.java:142)
  java.base/java.util.concurrent.CompletableFuture$UniAccept.tryFire(Unknown Source)
  java.base/java.util.concurrent.CompletableFuture$Completion.run(Unknown Source)
  knot//net.minecraft.class_4014.method_67574(class_4014.java:59)
  knot//net.minecraft.class_1255.method_18859(class_1255.java:169)
14:19:11.029 createBuffer stack sample #2:
  knot//com.metallum.client.metal.render.MetalDevice.createBuffer(MetalDevice.java:149)
  knot//net.minecraft.class_1059.method_76314(class_1059.java:173)
  knot//net.minecraft.class_1059.method_45848(class_1059.java:135)
  knot//net.minecraft.class_11697$class_11699.method_73035(class_11697.java:168)
  knot//net.minecraft.class_11697$class_11700.method_73039(class_11697.java:212)
  java.base/java.util.ArrayList.forEach(Unknown Source)
  knot//net.minecraft.class_11697$class_11700.method_73037(class_11697.java:212)
  knot//net.minecraft.class_11697.method_76671(class_11697.java:146)
  knot//net.minecraft.class_11697.method_73029(class_11697.java:142)
  java.base/java.util.concurrent.CompletableFuture$UniAccept.tryFire(Unknown Source)
  java.base/java.util.concurrent.CompletableFuture$Completion.run(Unknown Source)
  knot//net.minecraft.class_4014.method_67574(class_4014.java:59)
14:19:11.033 createBuffer stack sample #3:
  knot//com.metallum.client.metal.render.MetalDevice.createBuffer(MetalDevice.java:149)
  knot//net.minecraft.class_1059.method_76314(class_1059.java:173)
  knot//net.minecraft.class_1059.method_45848(class_1059.java:135)
  knot//net.minecraft.class_11697$class_11699.method_73035(class_11697.java:168)
  knot//net.minecraft.class_11697$class_11700.method_73039(class_11697.java:212)
  java.base/java.util.ArrayList.forEach(Unknown Source)
  knot//net.minecraft.class_11697$class_11700.method_73037(class_11697.java:212)
  knot//net.minecraft.class_11697.method_76671(class_11697.java:146)
  knot//net.minecraft.class_11697.method_73029(class_11697.java:142)
  java.base/java.util.concurrent.CompletableFuture$UniAccept.tryFire(Unknown Source)
  java.base/java.util.concurrent.CompletableFuture$Completion.run(Unknown Source)
  knot//net.minecraft.class_4014.method_67574(class_4014.java:59)
14:19:11.051 createBuffer stack sample #4:
  knot//com.metallum.client.metal.render.MetalDevice.createBuffer(MetalDevice.java:149)
  knot//net.minecraft.class_1059.method_76314(class_1059.java:173)
  knot//net.minecraft.class_1059.method_45848(class_1059.java:135)
  knot//net.minecraft.class_11697$class_11699.method_73035(class_11697.java:168)
  knot//net.minecraft.class_11697$class_11700.method_73039(class_11697.java:212)
  java.base/java.util.ArrayList.forEach(Unknown Source)
  knot//net.minecraft.class_11697$class_11700.method_73037(class_11697.java:212)
  knot//net.minecraft.class_11697.method_76671(class_11697.java:146)
  knot//net.minecraft.class_11697.method_73029(class_11697.java:142)
  java.base/java.util.concurrent.CompletableFuture$UniAccept.tryFire(Unknown Source)
  java.base/java.util.concurrent.CompletableFuture$Completion.run(Unknown Source)
  knot//net.minecraft.class_4014.method_67574(class_4014.java:59)
14:19:11.055 createBuffer stack sample #5:
  knot//com.metallum.client.metal.render.MetalDevice.createBuffer(MetalDevice.java:149)
  knot//net.minecraft.class_1059.method_76314(class_1059.java:173)
  knot//net.minecraft.class_1059.method_45848(class_1059.java:135)
  knot//net.minecraft.class_11697$class_11699.method_73035(class_11697.java:168)
  knot//net.minecraft.class_11697$class_11700.method_73039(class_11697.java:212)
  java.base/java.util.ArrayList.forEach(Unknown Source)
  knot//net.minecraft.class_11697$class_11700.method_73037(class_11697.java:212)
  knot//net.minecraft.class_11697.method_76671(class_11697.java:146)
  knot//net.minecraft.class_11697.method_73029(class_11697.java:142)
  java.base/java.util.concurrent.CompletableFuture$UniAccept.tryFire(Unknown Source)
  java.base/java.util.concurrent.CompletableFuture$Completion.run(Unknown Source)
  knot//net.minecraft.class_4014.method_67574(class_4014.java:59)
14:19:12.982 frame_time fps=53.4 avg=18.73ms max=210.11ms gpuBehind=0
14:19:15.170 [diag] Z clip-space remap MISS on minecraft:blur/0 fragment: FLIP_VERTEX_Y pattern not found, z is NOT remapped to [0,1] (depth may be wrong)
14:19:15.198 [diag] Z clip-space remap MISS on minecraft:blur/1 fragment: FLIP_VERTEX_Y pattern not found, z is NOT remapped to [0,1] (depth may be wrong)
14:19:15.224 [diag] Z clip-space remap MISS on minecraft:blur/2 fragment: FLIP_VERTEX_Y pattern not found, z is NOT remapped to [0,1] (depth may be wrong)
14:19:15.250 [diag] Z clip-space remap MISS on minecraft:blur/3 fragment: FLIP_VERTEX_Y pattern not found, z is NOT remapped to [0,1] (depth may be wrong)
14:19:15.276 [diag] Z clip-space remap MISS on minecraft:blur/4 fragment: FLIP_VERTEX_Y pattern not found, z is NOT remapped to [0,1] (depth may be wrong)
14:19:15.302 [diag] Z clip-space remap MISS on minecraft:blur/5 fragment: FLIP_VERTEX_Y pattern not found, z is NOT remapped to [0,1] (depth may be wrong)
14:19:17.999 frame_time fps=55.0 avg=18.17ms max=187.43ms gpuBehind=0
14:19:19.047 [diag] Z clip-space remap MISS on sodium/blocks/block_layer_opaque fragment: FLIP_VERTEX_Y pattern not found, z is NOT remapped to [0,1] (depth may be wrong)
14:19:19.084 [diag] Z clip-space remap MISS on sodium/blocks/block_layer_opaque fragment: FLIP_VERTEX_Y pattern not found, z is NOT remapped to [0,1] (depth may be wrong)
14:19:19.119 [diag] Z clip-space remap MISS on sodium/blocks/block_layer_opaque fragment: FLIP_VERTEX_Y pattern not found, z is NOT remapped to [0,1] (depth may be wrong)
14:19:19.264 [diag] Z clip-space remap MISS on sodium/blocks/block_layer_opaque fragment: FLIP_VERTEX_Y pattern not found, z is NOT remapped to [0,1] (depth may be wrong)
14:19:19.300 [diag] Z clip-space remap MISS on sodium/blocks/block_layer_opaque fragment: FLIP_VERTEX_Y pattern not found, z is NOT remapped to [0,1] (depth may be wrong)
14:19:19.335 [diag] Z clip-space remap MISS on sodium/blocks/block_layer_opaque fragment: FLIP_VERTEX_Y pattern not found, z is NOT remapped to [0,1] (depth may be wrong)
==== Metallum diag start ====
14:34:07.515 [diag] Z clip-space remap MISS on minecraft:pipeline/gui fragment: FLIP_VERTEX_Y pattern not found, z is NOT remapped to [0,1] (depth may be wrong)
14:34:07.544 [diag] Z clip-space remap MISS on minecraft:pipeline/gui_textured fragment: FLIP_VERTEX_Y pattern not found, z is NOT remapped to [0,1] (depth may be wrong)
14:34:07.835 [diag] Z clip-space remap MISS on minecraft:pipeline/mojang_logo fragment: FLIP_VERTEX_Y pattern not found, z is NOT remapped to [0,1] (depth may be wrong)
14:34:07.850 buffers total=42 | usage=0x82 count=15 req=0.0MB alloc=0.0MB | usage=0x22 count=6 req=0.0MB alloc=0.0MB | usage=0x3 count=2 req=1.5MB alloc=1.5MB | usage=0x88 count=15 req=0.0MB alloc=0.0MB | usage=0x28 count=3 req=0.0MB alloc=0.0MB | usage=0x48 count=1 req=0.0MB alloc=0.0MB | sum count=42 req=1.5MB alloc=1.5MB | poolHit=0 poolMiss=42 poolReturn=0 poolHitRate=0%
14:34:08.563 [diag] Z clip-space remap MISS on minecraft:pipeline/entity_solid_offset_forward fragment: FLIP_VERTEX_Y pattern not found, z is NOT remapped to [0,1] (depth may be wrong)
14:34:08.592 [diag] Z clip-space remap MISS on minecraft:pipeline/mojang_logo fragment: FLIP_VERTEX_Y pattern not found, z is NOT remapped to [0,1] (depth may be wrong)
14:34:08.618 [diag] Z clip-space remap MISS on minecraft:pipeline/end_sky fragment: FLIP_VERTEX_Y pattern not found, z is NOT remapped to [0,1] (depth may be wrong)
14:34:08.644 [diag] Z clip-space remap MISS on minecraft:pipeline/gui_nausea_overlay fragment: FLIP_VERTEX_Y pattern not found, z is NOT remapped to [0,1] (depth may be wrong)
14:34:08.670 [diag] Z clip-space remap MISS on minecraft:pipeline/breeze_wind fragment: FLIP_VERTEX_Y pattern not found, z is NOT remapped to [0,1] (depth may be wrong)
14:34:08.698 [diag] Z clip-space remap MISS on minecraft:pipeline/armor_cutout_no_cull fragment: FLIP_VERTEX_Y pattern not found, z is NOT remapped to [0,1] (depth may be wrong)
14:34:08.724 [diag] Z clip-space remap MISS on minecraft:pipeline/water_mask fragment: FLIP_VERTEX_Y pattern not found, z is NOT remapped to [0,1] (depth may be wrong)
14:34:08.751 [diag] Z clip-space remap MISS on minecraft:pipeline/secondary_block_outline fragment: FLIP_VERTEX_Y pattern not found, z is NOT remapped to [0,1] (depth may be wrong)
14:34:08.777 [diag] Z clip-space remap MISS on minecraft:pipeline/text fragment: FLIP_VERTEX_Y pattern not found, z is NOT remapped to [0,1] (depth may be wrong)
14:34:08.802 [diag] Z clip-space remap MISS on minecraft:pipeline/world_border fragment: FLIP_VERTEX_Y pattern not found, z is NOT remapped to [0,1] (depth may be wrong)
14:34:08.827 [diag] Z clip-space remap MISS on minecraft:pipeline/translucent_moving_block fragment: FLIP_VERTEX_Y pattern not found, z is NOT remapped to [0,1] (depth may be wrong)
14:34:08.852 [diag] Z clip-space remap MISS on minecraft:pipeline/gui_text_highlight fragment: FLIP_VERTEX_Y pattern not found, z is NOT remapped to [0,1] (depth may be wrong)
14:34:08.876 [diag] Z clip-space remap MISS on minecraft:pipeline/gui_textured_premultiplied_alpha fragment: FLIP_VERTEX_Y pattern not found, z is NOT remapped to [0,1] (depth may be wrong)
14:34:08.903 [diag] Z clip-space remap MISS on minecraft:pipeline/end_gateway fragment: FLIP_VERTEX_Y pattern not found, z is NOT remapped to [0,1] (depth may be wrong)
14:34:08.928 [diag] Z clip-space remap MISS on minecraft:pipeline/text_polygon_offset fragment: FLIP_VERTEX_Y pattern not found, z is NOT remapped to [0,1] (depth may be wrong)
14:34:08.954 [diag] Z clip-space remap MISS on minecraft:pipeline/text_intensity fragment: FLIP_VERTEX_Y pattern not found, z is NOT remapped to [0,1] (depth may be wrong)
14:34:08.980 [diag] Z clip-space remap MISS on minecraft:pipeline/beacon_beam_opaque fragment: FLIP_VERTEX_Y pattern not found, z is NOT remapped to [0,1] (depth may be wrong)
14:34:09.005 [diag] Z clip-space remap MISS on minecraft:pipeline/tracy_blit fragment: FLIP_VERTEX_Y pattern not found, z is NOT remapped to [0,1] (depth may be wrong)
14:34:09.031 [diag] Z clip-space remap MISS on minecraft:pipeline/gui_text_intensity fragment: FLIP_VERTEX_Y pattern not found, z is NOT remapped to [0,1] (depth may be wrong)
14:34:09.055 [diag] Z clip-space remap MISS on minecraft:pipeline/gui_invert fragment: FLIP_VERTEX_Y pattern not found, z is NOT remapped to [0,1] (depth may be wrong)
14:34:09.080 [diag] Z clip-space remap MISS on minecraft:pipeline/weather_no_depth_write fragment: FLIP_VERTEX_Y pattern not found, z is NOT remapped to [0,1] (depth may be wrong)
14:34:09.105 [diag] Z clip-space remap MISS on minecraft:pipeline/vignette fragment: FLIP_VERTEX_Y pattern not found, z is NOT remapped to [0,1] (depth may be wrong)
14:34:09.132 [diag] Z clip-space remap MISS on minecraft:pipeline/cutout_terrain fragment: FLIP_VERTEX_Y pattern not found, z is NOT remapped to [0,1] (depth may be wrong)
14:34:09.157 [diag] Z clip-space remap MISS on minecraft:pipeline/debug_quads fragment: FLIP_VERTEX_Y pattern not found, z is NOT remapped to [0,1] (depth may be wrong)
14:34:09.181 [diag] Z clip-space remap MISS on minecraft:pipeline/fire_screen_effect fragment: FLIP_VERTEX_Y pattern not found, z is NOT remapped to [0,1] (depth may be wrong)
14:34:09.206 [diag] Z clip-space remap MISS on minecraft:pipeline/text_background fragment: FLIP_VERTEX_Y pattern not found, z is NOT remapped to [0,1] (depth may be wrong)
14:34:09.232 [diag] Z clip-space remap MISS on minecraft:pipeline/lightmap fragment: FLIP_VERTEX_Y pattern not found, z is NOT remapped to [0,1] (depth may be wrong)
14:34:09.257 [diag] Z clip-space remap MISS on minecraft:pipeline/lines fragment: FLIP_VERTEX_Y pattern not found, z is NOT remapped to [0,1] (depth may be wrong)
14:34:09.282 [diag] Z clip-space remap MISS on minecraft:pipeline/text_intensity_see_through fragment: FLIP_VERTEX_Y pattern not found, z is NOT remapped to [0,1] (depth may be wrong)
14:34:09.307 [diag] Z clip-space remap MISS on minecraft:pipeline/block_screen_effect fragment: FLIP_VERTEX_Y pattern not found, z is NOT remapped to [0,1] (depth may be wrong)
14:34:09.332 [diag] Z clip-space remap MISS on minecraft:pipeline/crumbling fragment: FLIP_VERTEX_Y pattern not found, z is NOT remapped to [0,1] (depth may be wrong)
14:34:09.357 [diag] Z clip-space remap MISS on minecraft:pipeline/dragon_rays_depth fragment: FLIP_VERTEX_Y pattern not found, z is NOT remapped to [0,1] (depth may be wrong)
14:34:09.382 [diag] Z clip-space remap MISS on minecraft:pipeline/sky fragment: FLIP_VERTEX_Y pattern not found, z is NOT remapped to [0,1] (depth may be wrong)
14:34:09.408 [diag] Z clip-space remap MISS on minecraft:pipeline/cutout_block fragment: FLIP_VERTEX_Y pattern not found, z is NOT remapped to [0,1] (depth may be wrong)
14:34:09.432 [diag] Z clip-space remap MISS on minecraft:pipeline/entity_outline_blit fragment: FLIP_VERTEX_Y pattern not found, z is NOT remapped to [0,1] (depth may be wrong)
14:34:09.457 [diag] Z clip-space remap MISS on minecraft:pipeline/leash fragment: FLIP_VERTEX_Y pattern not found, z is NOT remapped to [0,1] (depth may be wrong)
14:34:09.482 [diag] Z clip-space remap MISS on minecraft:pipeline/debug_points fragment: FLIP_VERTEX_Y pattern not found, z is NOT remapped to [0,1] (depth may be wrong)
14:34:09.509 [diag] Z clip-space remap MISS on minecraft:pipeline/tripwire_terrain fragment: FLIP_VERTEX_Y pattern not found, z is NOT remapped to [0,1] (depth may be wrong)
14:34:09.535 [diag] Z clip-space remap MISS on minecraft:pipeline/entity_cutout_no_cull_z_offset fragment: FLIP_VERTEX_Y pattern not found, z is NOT remapped to [0,1] (depth may be wrong)
14:34:09.560 [diag] Z clip-space remap MISS on minecraft:pipeline/energy_swirl fragment: FLIP_VERTEX_Y pattern not found, z is NOT remapped to [0,1] (depth may be wrong)
14:34:09.586 [diag] Z clip-space remap MISS on minecraft:pipeline/dragon_rays fragment: FLIP_VERTEX_Y pattern not found, z is NOT remapped to [0,1] (depth may be wrong)
14:34:09.611 [diag] Z clip-space remap MISS on minecraft:pipeline/armor_decal_cutout_no_cull fragment: FLIP_VERTEX_Y pattern not found, z is NOT remapped to [0,1] (depth may be wrong)
14:34:09.636 [diag] Z clip-space remap MISS on minecraft:pipeline/armor_translucent fragment: FLIP_VERTEX_Y pattern not found, z is NOT remapped to [0,1] (depth may be wrong)
14:34:09.662 [diag] Z clip-space remap MISS on minecraft:pipeline/clouds fragment: FLIP_VERTEX_Y pattern not found, z is NOT remapped to [0,1] (depth may be wrong)
14:34:09.686 [diag] Z clip-space remap MISS on minecraft:pipeline/gui_textured fragment: FLIP_VERTEX_Y pattern not found, z is NOT remapped to [0,1] (depth may be wrong)
14:34:09.711 [diag] Z clip-space remap MISS on minecraft:pipeline/translucent_particle fragment: FLIP_VERTEX_Y pattern not found, z is NOT remapped to [0,1] (depth may be wrong)
14:34:09.737 [diag] Z clip-space remap MISS on minecraft:pipeline/panorama fragment: FLIP_VERTEX_Y pattern not found, z is NOT remapped to [0,1] (depth may be wrong)
14:34:09.764 [diag] Z clip-space remap MISS on minecraft:pipeline/tripwire_block fragment: FLIP_VERTEX_Y pattern not found, z is NOT remapped to [0,1] (depth may be wrong)
14:34:09.789 [diag] Z clip-space remap MISS on minecraft:pipeline/item_entity_translucent_cull fragment: FLIP_VERTEX_Y pattern not found, z is NOT remapped to [0,1] (depth may be wrong)
14:34:09.815 [diag] Z clip-space remap MISS on minecraft:pipeline/entity_smooth_cutout fragment: FLIP_VERTEX_Y pattern not found, z is NOT remapped to [0,1] (depth may be wrong)
14:34:09.840 [diag] Z clip-space remap MISS on minecraft:pipeline/text_background_see_through fragment: FLIP_VERTEX_Y pattern not found, z is NOT remapped to [0,1] (depth may be wrong)
14:34:09.865 [diag] Z clip-space remap MISS on minecraft:pipeline/solid_block fragment: FLIP_VERTEX_Y pattern not found, z is NOT remapped to [0,1] (depth may be wrong)
14:34:09.891 [diag] Z clip-space remap MISS on minecraft:pipeline/lines_translucent fragment: FLIP_VERTEX_Y pattern not found, z is NOT remapped to [0,1] (depth may be wrong)
14:34:09.916 [diag] Z clip-space remap MISS on minecraft:pipeline/animate_sprite_blit fragment: FLIP_VERTEX_Y pattern not found, z is NOT remapped to [0,1] (depth may be wrong)
14:34:09.943 [diag] Z clip-space remap MISS on minecraft:pipeline/solid_terrain fragment: FLIP_VERTEX_Y pattern not found, z is NOT remapped to [0,1] (depth may be wrong)
14:34:09.969 [diag] Z clip-space remap MISS on minecraft:pipeline/weather_depth_write fragment: FLIP_VERTEX_Y pattern not found, z is NOT remapped to [0,1] (depth may be wrong)
14:34:09.995 [diag] Z clip-space remap MISS on minecraft:pipeline/entity_decal fragment: FLIP_VERTEX_Y pattern not found, z is NOT remapped to [0,1] (depth may be wrong)
14:34:10.022 [diag] Z clip-space remap MISS on minecraft:pipeline/wireframe fragment: FLIP_VERTEX_Y pattern not found, z is NOT remapped to [0,1] (depth may be wrong)
14:34:10.048 [diag] Z clip-space remap MISS on minecraft:pipeline/eyes fragment: FLIP_VERTEX_Y pattern not found, z is NOT remapped to [0,1] (depth may be wrong)
14:34:10.074 [diag] Z clip-space remap MISS on minecraft:pipeline/entity_cutout_no_cull fragment: FLIP_VERTEX_Y pattern not found, z is NOT remapped to [0,1] (depth may be wrong)
14:34:10.100 [diag] Z clip-space remap MISS on minecraft:pipeline/entity_solid fragment: FLIP_VERTEX_Y pattern not found, z is NOT remapped to [0,1] (depth may be wrong)
14:34:10.127 [diag] Z clip-space remap MISS on minecraft:pipeline/translucent_terrain fragment: FLIP_VERTEX_Y pattern not found, z is NOT remapped to [0,1] (depth may be wrong)
14:34:10.152 [diag] Z clip-space remap MISS on minecraft:pipeline/text_see_through fragment: FLIP_VERTEX_Y pattern not found, z is NOT remapped to [0,1] (depth may be wrong)
14:34:10.177 [diag] Z clip-space remap MISS on minecraft:pipeline/beacon_beam_translucent fragment: FLIP_VERTEX_Y pattern not found, z is NOT remapped to [0,1] (depth may be wrong)
14:34:10.202 [diag] Z clip-space remap MISS on minecraft:pipeline/debug_filled_box fragment: FLIP_VERTEX_Y pattern not found, z is NOT remapped to [0,1] (depth may be wrong)
14:34:10.227 [diag] Z clip-space remap MISS on minecraft:pipeline/gui_text fragment: FLIP_VERTEX_Y pattern not found, z is NOT remapped to [0,1] (depth may be wrong)
14:34:10.253 [diag] Z clip-space remap MISS on minecraft:pipeline/entity_translucent_emissive fragment: FLIP_VERTEX_Y pattern not found, z is NOT remapped to [0,1] (depth may be wrong)
14:34:10.277 [diag] Z clip-space remap MISS on minecraft:pipeline/dragon_explosion_alpha fragment: FLIP_VERTEX_Y pattern not found, z is NOT remapped to [0,1] (depth may be wrong)
14:34:10.303 [diag] Z clip-space remap MISS on minecraft:pipeline/end_portal fragment: FLIP_VERTEX_Y pattern not found, z is NOT remapped to [0,1] (depth may be wrong)
14:34:10.330 [diag] Z clip-space remap MISS on minecraft:pipeline/entity_translucent fragment: FLIP_VERTEX_Y pattern not found, z is NOT remapped to [0,1] (depth may be wrong)
14:34:10.354 [diag] Z clip-space remap MISS on minecraft:pipeline/sunrise_sunset fragment: FLIP_VERTEX_Y pattern not found, z is NOT remapped to [0,1] (depth may be wrong)
14:34:10.380 [diag] Z clip-space remap MISS on minecraft:pipeline/flat_clouds fragment: FLIP_VERTEX_Y pattern not found, z is NOT remapped to [0,1] (depth may be wrong)
14:34:10.404 [diag] Z clip-space remap MISS on minecraft:pipeline/gui fragment: FLIP_VERTEX_Y pattern not found, z is NOT remapped to [0,1] (depth may be wrong)
14:34:10.430 [diag] Z clip-space remap MISS on minecraft:pipeline/glint fragment: FLIP_VERTEX_Y pattern not found, z is NOT remapped to [0,1] (depth may be wrong)
14:34:10.455 [diag] Z clip-space remap MISS on minecraft:pipeline/lightning fragment: FLIP_VERTEX_Y pattern not found, z is NOT remapped to [0,1] (depth may be wrong)
14:34:10.480 [diag] Z clip-space remap MISS on minecraft:pipeline/entity_shadow fragment: FLIP_VERTEX_Y pattern not found, z is NOT remapped to [0,1] (depth may be wrong)
14:34:10.505 [diag] Z clip-space remap MISS on minecraft:pipeline/gui_opaque_textured_background fragment: FLIP_VERTEX_Y pattern not found, z is NOT remapped to [0,1] (depth may be wrong)
14:34:10.530 [diag] Z clip-space remap MISS on minecraft:pipeline/outline_cull fragment: FLIP_VERTEX_Y pattern not found, z is NOT remapped to [0,1] (depth may be wrong)
14:34:10.556 [diag] Z clip-space remap MISS on minecraft:pipeline/entity_no_outline fragment: FLIP_VERTEX_Y pattern not found, z is NOT remapped to [0,1] (depth may be wrong)
14:34:10.581 [diag] Z clip-space remap MISS on minecraft:pipeline/entity_cutout fragment: FLIP_VERTEX_Y pattern not found, z is NOT remapped to [0,1] (depth may be wrong)
14:34:10.606 [diag] Z clip-space remap MISS on minecraft:pipeline/debug_triangle_fan fragment: FLIP_VERTEX_Y pattern not found, z is NOT remapped to [0,1] (depth may be wrong)
14:34:10.631 [diag] Z clip-space remap MISS on minecraft:pipeline/celestial fragment: FLIP_VERTEX_Y pattern not found, z is NOT remapped to [0,1] (depth may be wrong)
14:34:10.656 [diag] Z clip-space remap MISS on minecraft:pipeline/outline_no_cull fragment: FLIP_VERTEX_Y pattern not found, z is NOT remapped to [0,1] (depth may be wrong)
14:34:10.680 [diag] Z clip-space remap MISS on minecraft:pipeline/stars fragment: FLIP_VERTEX_Y pattern not found, z is NOT remapped to [0,1] (depth may be wrong)
14:34:10.705 [diag] Z clip-space remap MISS on minecraft:pipeline/animate_sprite_interpolate fragment: FLIP_VERTEX_Y pattern not found, z is NOT remapped to [0,1] (depth may be wrong)
14:34:10.730 [diag] Z clip-space remap MISS on minecraft:pipeline/opaque_particle fragment: FLIP_VERTEX_Y pattern not found, z is NOT remapped to [0,1] (depth may be wrong)
14:34:10.755 [diag] Z clip-space remap MISS on minecraft:pipeline/crosshair fragment: FLIP_VERTEX_Y pattern not found, z is NOT remapped to [0,1] (depth may be wrong)
14:34:10.794 createBuffer stack sample #1:
  knot//com.metallum.client.metal.render.MetalDevice.createBuffer(MetalDevice.java:149)
  knot//net.minecraft.class_1059.method_45848(class_1059.java:116)
  knot//net.minecraft.class_11697$class_11699.method_73035(class_11697.java:168)
  knot//net.minecraft.class_11697$class_11700.method_73039(class_11697.java:212)
  java.base/java.util.ArrayList.forEach(Unknown Source)
  knot//net.minecraft.class_11697$class_11700.method_73037(class_11697.java:212)
  knot//net.minecraft.class_11697.method_76671(class_11697.java:146)
  knot//net.minecraft.class_11697.method_73029(class_11697.java:142)
  java.base/java.util.concurrent.CompletableFuture$UniAccept.tryFire(Unknown Source)
  java.base/java.util.concurrent.CompletableFuture$Completion.run(Unknown Source)
  knot//net.minecraft.class_4014.method_67574(class_4014.java:59)
  knot//net.minecraft.class_1255.method_18859(class_1255.java:169)
14:34:10.808 createBuffer stack sample #2:
  knot//com.metallum.client.metal.render.MetalDevice.createBuffer(MetalDevice.java:149)
  knot//net.minecraft.class_1059.method_76314(class_1059.java:173)
  knot//net.minecraft.class_1059.method_45848(class_1059.java:135)
  knot//net.minecraft.class_11697$class_11699.method_73035(class_11697.java:168)
  knot//net.minecraft.class_11697$class_11700.method_73039(class_11697.java:212)
  java.base/java.util.ArrayList.forEach(Unknown Source)
  knot//net.minecraft.class_11697$class_11700.method_73037(class_11697.java:212)
  knot//net.minecraft.class_11697.method_76671(class_11697.java:146)
  knot//net.minecraft.class_11697.method_73029(class_11697.java:142)
  java.base/java.util.concurrent.CompletableFuture$UniAccept.tryFire(Unknown Source)
  java.base/java.util.concurrent.CompletableFuture$Completion.run(Unknown Source)
  knot//net.minecraft.class_4014.method_67574(class_4014.java:59)
14:34:10.812 createBuffer stack sample #3:
  knot//com.metallum.client.metal.render.MetalDevice.createBuffer(MetalDevice.java:149)
  knot//net.minecraft.class_1059.method_76314(class_1059.java:173)
  knot//net.minecraft.class_1059.method_45848(class_1059.java:135)
  knot//net.minecraft.class_11697$class_11699.method_73035(class_11697.java:168)
  knot//net.minecraft.class_11697$class_11700.method_73039(class_11697.java:212)
  java.base/java.util.ArrayList.forEach(Unknown Source)
  knot//net.minecraft.class_11697$class_11700.method_73037(class_11697.java:212)
  knot//net.minecraft.class_11697.method_76671(class_11697.java:146)
  knot//net.minecraft.class_11697.method_73029(class_11697.java:142)
  java.base/java.util.concurrent.CompletableFuture$UniAccept.tryFire(Unknown Source)
  java.base/java.util.concurrent.CompletableFuture$Completion.run(Unknown Source)
  knot//net.minecraft.class_4014.method_67574(class_4014.java:59)
14:34:10.851 createBuffer stack sample #4:
  knot//com.metallum.client.metal.render.MetalDevice.createBuffer(MetalDevice.java:149)
  knot//net.minecraft.class_1059.method_76314(class_1059.java:173)
  knot//net.minecraft.class_1059.method_45848(class_1059.java:135)
  knot//net.minecraft.class_11697$class_11699.method_73035(class_11697.java:168)
  knot//net.minecraft.class_11697$class_11700.method_73039(class_11697.java:212)
  java.base/java.util.ArrayList.forEach(Unknown Source)
  knot//net.minecraft.class_11697$class_11700.method_73037(class_11697.java:212)
  knot//net.minecraft.class_11697.method_76671(class_11697.java:146)
  knot//net.minecraft.class_11697.method_73029(class_11697.java:142)
  java.base/java.util.concurrent.CompletableFuture$UniAccept.tryFire(Unknown Source)
  java.base/java.util.concurrent.CompletableFuture$Completion.run(Unknown Source)
  knot//net.minecraft.class_4014.method_67574(class_4014.java:59)
14:34:10.856 createBuffer stack sample #5:
  knot//com.metallum.client.metal.render.MetalDevice.createBuffer(MetalDevice.java:149)
  knot//net.minecraft.class_1059.method_76314(class_1059.java:173)
  knot//net.minecraft.class_1059.method_45848(class_1059.java:135)
  knot//net.minecraft.class_11697$class_11699.method_73035(class_11697.java:168)
  knot//net.minecraft.class_11697$class_11700.method_73039(class_11697.java:212)
  java.base/java.util.ArrayList.forEach(Unknown Source)
  knot//net.minecraft.class_11697$class_11700.method_73037(class_11697.java:212)
  knot//net.minecraft.class_11697.method_76671(class_11697.java:146)
  knot//net.minecraft.class_11697.method_73029(class_11697.java:142)
  java.base/java.util.concurrent.CompletableFuture$UniAccept.tryFire(Unknown Source)
  java.base/java.util.concurrent.CompletableFuture$Completion.run(Unknown Source)
  knot//net.minecraft.class_4014.method_67574(class_4014.java:59)
14:34:12.852 frame_time fps=51.6 avg=19.39ms max=311.51ms gpuBehind=0
14:34:14.161 [diag] Z clip-space remap MISS on minecraft:blur/0 fragment: FLIP_VERTEX_Y pattern not found, z is NOT remapped to [0,1] (depth may be wrong)
14:34:14.188 [diag] Z clip-space remap MISS on minecraft:blur/1 fragment: FLIP_VERTEX_Y pattern not found, z is NOT remapped to [0,1] (depth may be wrong)
14:34:14.214 [diag] Z clip-space remap MISS on minecraft:blur/2 fragment: FLIP_VERTEX_Y pattern not found, z is NOT remapped to [0,1] (depth may be wrong)
14:34:14.239 [diag] Z clip-space remap MISS on minecraft:blur/3 fragment: FLIP_VERTEX_Y pattern not found, z is NOT remapped to [0,1] (depth may be wrong)
14:34:14.264 [diag] Z clip-space remap MISS on minecraft:blur/4 fragment: FLIP_VERTEX_Y pattern not found, z is NOT remapped to [0,1] (depth may be wrong)
14:34:14.289 [diag] Z clip-space remap MISS on minecraft:blur/5 fragment: FLIP_VERTEX_Y pattern not found, z is NOT remapped to [0,1] (depth may be wrong)
14:34:17.351 [diag] Z clip-space remap MISS on sodium/blocks/block_layer_opaque fragment: FLIP_VERTEX_Y pattern not found, z is NOT remapped to [0,1] (depth may be wrong)
14:34:17.387 [diag] Z clip-space remap MISS on sodium/blocks/block_layer_opaque fragment: FLIP_VERTEX_Y pattern not found, z is NOT remapped to [0,1] (depth may be wrong)
14:34:17.422 [diag] Z clip-space remap MISS on sodium/blocks/block_layer_opaque fragment: FLIP_VERTEX_Y pattern not found, z is NOT remapped to [0,1] (depth may be wrong)
14:34:17.854 frame_time fps=47.7 avg=20.97ms max=285.98ms gpuBehind=0
14:34:22.867 frame_time fps=52.7 avg=18.99ms max=158.41ms gpuBehind=0
14:34:27.883 frame_time fps=60.0 avg=16.66ms max=17.72ms gpuBehind=0
14:34:32.899 frame_time fps=60.0 avg=16.67ms max=20.30ms gpuBehind=0
14:34:37.916 frame_time fps=59.6 avg=16.78ms max=39.69ms gpuBehind=0
14:34:42.931 frame_time fps=60.0 avg=16.67ms max=22.82ms gpuBehind=0
14:34:47.947 frame_time fps=60.0 avg=16.66ms max=18.54ms gpuBehind=0
14:34:52.963 frame_time fps=60.0 avg=16.67ms max=18.51ms gpuBehind=0
14:34:57.980 frame_time fps=60.0 avg=16.67ms max=19.06ms gpuBehind=0
14:35:02.980 frame_time fps=59.8 avg=16.72ms max=31.94ms gpuBehind=0
14:35:07.846 buffers total=3137 | usage=0x82 count=51 req=0.0MB alloc=0.0MB | usage=0x22 count=45 req=0.8MB alloc=0.8MB | usage=0x2 count=1 req=0.4MB alloc=0.4MB | usage=0x102 count=3 req=2.0MB alloc=2.0MB | usage=0x3 count=40 req=43.2MB alloc=43.2MB | usage=0x14 count=2793 req=119.0MB alloc=119.0MB | usage=0x88 count=53 req=0.9MB alloc=0.9MB | usage=0x28 count=135 req=289.9MB alloc=289.9MB | usage=0x48 count=11 req=1.7MB alloc=1.7MB | usage=0x9 count=5 req=73.8MB alloc=73.8MB | sum count=3137 req=531.8MB alloc=531.8MB | poolHit=3226 poolMiss=3137 poolReturn=6102 poolHitRate=51%
14:35:07.996 frame_time fps=59.8 avg=16.72ms max=29.10ms gpuBehind=0
14:35:13.012 frame_time fps=60.0 avg=16.67ms max=18.80ms gpuBehind=0
14:35:18.028 frame_time fps=60.0 avg=16.67ms max=19.45ms gpuBehind=0
14:35:23.028 frame_time fps=60.0 avg=16.67ms max=19.39ms gpuBehind=0
14:35:28.044 frame_time fps=60.0 avg=16.66ms max=18.35ms gpuBehind=0
14:35:33.060 frame_time fps=60.0 avg=16.67ms max=18.78ms gpuBehind=0
14:35:38.078 frame_time fps=60.0 avg=16.67ms max=20.34ms gpuBehind=0
14:35:43.093 frame_time fps=60.0 avg=16.66ms max=20.17ms gpuBehind=0
14:35:48.110 frame_time fps=60.0 avg=16.66ms max=23.43ms gpuBehind=0
14:35:53.109 frame_time fps=60.0 avg=16.67ms max=22.74ms gpuBehind=0
14:35:58.125 frame_time fps=59.0 avg=16.95ms max=55.24ms gpuBehind=0
14:36:03.141 frame_time fps=58.6 avg=17.06ms max=93.21ms gpuBehind=0
==== Metallum diag start ====
14:53:20.366 [diag] Z clip-space remap MISS on minecraft:pipeline/gui fragment: FLIP_VERTEX_Y pattern not found, z is NOT remapped to [0,1] (depth may be wrong)
14:53:20.395 [diag] Z clip-space remap MISS on minecraft:pipeline/gui_textured fragment: FLIP_VERTEX_Y pattern not found, z is NOT remapped to [0,1] (depth may be wrong)
14:53:20.594 [diag] Z clip-space remap MISS on minecraft:pipeline/mojang_logo fragment: FLIP_VERTEX_Y pattern not found, z is NOT remapped to [0,1] (depth may be wrong)
14:53:20.607 buffers total=42 | usage=0x82 count=15 req=0.0MB alloc=0.0MB | usage=0x22 count=6 req=0.0MB alloc=0.0MB | usage=0x3 count=2 req=1.5MB alloc=1.5MB | usage=0x88 count=15 req=0.0MB alloc=0.0MB | usage=0x28 count=3 req=0.0MB alloc=0.0MB | usage=0x48 count=1 req=0.0MB alloc=0.0MB | sum count=42 req=1.5MB alloc=1.5MB | poolHit=0 poolMiss=42 poolReturn=0 poolHitRate=0%
14:53:21.367 [diag] Z clip-space remap MISS on minecraft:pipeline/entity_translucent_emissive fragment: FLIP_VERTEX_Y pattern not found, z is NOT remapped to [0,1] (depth may be wrong)
14:53:21.396 [diag] Z clip-space remap MISS on minecraft:pipeline/debug_points fragment: FLIP_VERTEX_Y pattern not found, z is NOT remapped to [0,1] (depth may be wrong)
14:53:21.424 [diag] Z clip-space remap MISS on minecraft:pipeline/animate_sprite_interpolate fragment: FLIP_VERTEX_Y pattern not found, z is NOT remapped to [0,1] (depth may be wrong)
14:53:21.451 [diag] Z clip-space remap MISS on minecraft:pipeline/dragon_rays fragment: FLIP_VERTEX_Y pattern not found, z is NOT remapped to [0,1] (depth may be wrong)
14:53:21.478 [diag] Z clip-space remap MISS on minecraft:pipeline/entity_translucent fragment: FLIP_VERTEX_Y pattern not found, z is NOT remapped to [0,1] (depth may be wrong)
14:53:21.504 [diag] Z clip-space remap MISS on minecraft:pipeline/celestial fragment: FLIP_VERTEX_Y pattern not found, z is NOT remapped to [0,1] (depth may be wrong)
14:53:21.531 [diag] Z clip-space remap MISS on minecraft:pipeline/flat_clouds fragment: FLIP_VERTEX_Y pattern not found, z is NOT remapped to [0,1] (depth may be wrong)
14:53:21.556 [diag] Z clip-space remap MISS on minecraft:pipeline/crosshair fragment: FLIP_VERTEX_Y pattern not found, z is NOT remapped to [0,1] (depth may be wrong)
14:53:21.582 [diag] Z clip-space remap MISS on minecraft:pipeline/sky fragment: FLIP_VERTEX_Y pattern not found, z is NOT remapped to [0,1] (depth may be wrong)
14:53:21.608 [diag] Z clip-space remap MISS on minecraft:pipeline/lines_translucent fragment: FLIP_VERTEX_Y pattern not found, z is NOT remapped to [0,1] (depth may be wrong)
14:53:21.633 [diag] Z clip-space remap MISS on minecraft:pipeline/animate_sprite_blit fragment: FLIP_VERTEX_Y pattern not found, z is NOT remapped to [0,1] (depth may be wrong)
14:53:21.659 [diag] Z clip-space remap MISS on minecraft:pipeline/entity_decal fragment: FLIP_VERTEX_Y pattern not found, z is NOT remapped to [0,1] (depth may be wrong)
14:53:21.686 [diag] Z clip-space remap MISS on minecraft:pipeline/translucent_moving_block fragment: FLIP_VERTEX_Y pattern not found, z is NOT remapped to [0,1] (depth may be wrong)
14:53:21.712 [diag] Z clip-space remap MISS on minecraft:pipeline/gui_text_intensity fragment: FLIP_VERTEX_Y pattern not found, z is NOT remapped to [0,1] (depth may be wrong)
14:53:21.736 [diag] Z clip-space remap MISS on minecraft:pipeline/world_border fragment: FLIP_VERTEX_Y pattern not found, z is NOT remapped to [0,1] (depth may be wrong)
14:53:21.761 [diag] Z clip-space remap MISS on minecraft:pipeline/gui_textured fragment: FLIP_VERTEX_Y pattern not found, z is NOT remapped to [0,1] (depth may be wrong)
14:53:21.786 [diag] Z clip-space remap MISS on minecraft:pipeline/gui_invert fragment: FLIP_VERTEX_Y pattern not found, z is NOT remapped to [0,1] (depth may be wrong)
14:53:21.812 [diag] Z clip-space remap MISS on minecraft:pipeline/cutout_terrain fragment: FLIP_VERTEX_Y pattern not found, z is NOT remapped to [0,1] (depth may be wrong)
14:53:21.838 [diag] Z clip-space remap MISS on minecraft:pipeline/gui_text_highlight fragment: FLIP_VERTEX_Y pattern not found, z is NOT remapped to [0,1] (depth may be wrong)
14:53:21.864 [diag] Z clip-space remap MISS on minecraft:pipeline/dragon_rays_depth fragment: FLIP_VERTEX_Y pattern not found, z is NOT remapped to [0,1] (depth may be wrong)
14:53:21.888 [diag] Z clip-space remap MISS on minecraft:pipeline/fire_screen_effect fragment: FLIP_VERTEX_Y pattern not found, z is NOT remapped to [0,1] (depth may be wrong)
14:53:21.914 [diag] Z clip-space remap MISS on minecraft:pipeline/gui_text fragment: FLIP_VERTEX_Y pattern not found, z is NOT remapped to [0,1] (depth may be wrong)
14:53:21.939 [diag] Z clip-space remap MISS on minecraft:pipeline/armor_translucent fragment: FLIP_VERTEX_Y pattern not found, z is NOT remapped to [0,1] (depth may be wrong)
14:53:21.965 [diag] Z clip-space remap MISS on minecraft:pipeline/solid_block fragment: FLIP_VERTEX_Y pattern not found, z is NOT remapped to [0,1] (depth may be wrong)
14:53:21.990 [diag] Z clip-space remap MISS on minecraft:pipeline/panorama fragment: FLIP_VERTEX_Y pattern not found, z is NOT remapped to [0,1] (depth may be wrong)
14:53:22.016 [diag] Z clip-space remap MISS on minecraft:pipeline/beacon_beam_translucent fragment: FLIP_VERTEX_Y pattern not found, z is NOT remapped to [0,1] (depth may be wrong)
14:53:22.042 [diag] Z clip-space remap MISS on minecraft:pipeline/energy_swirl fragment: FLIP_VERTEX_Y pattern not found, z is NOT remapped to [0,1] (depth may be wrong)
14:53:22.067 [diag] Z clip-space remap MISS on minecraft:pipeline/gui_textured_premultiplied_alpha fragment: FLIP_VERTEX_Y pattern not found, z is NOT remapped to [0,1] (depth may be wrong)
14:53:22.093 [diag] Z clip-space remap MISS on minecraft:pipeline/translucent_terrain fragment: FLIP_VERTEX_Y pattern not found, z is NOT remapped to [0,1] (depth may be wrong)
14:53:22.120 [diag] Z clip-space remap MISS on minecraft:pipeline/entity_cutout fragment: FLIP_VERTEX_Y pattern not found, z is NOT remapped to [0,1] (depth may be wrong)
14:53:22.145 [diag] Z clip-space remap MISS on minecraft:pipeline/breeze_wind fragment: FLIP_VERTEX_Y pattern not found, z is NOT remapped to [0,1] (depth may be wrong)
14:53:22.170 [diag] Z clip-space remap MISS on minecraft:pipeline/entity_outline_blit fragment: FLIP_VERTEX_Y pattern not found, z is NOT remapped to [0,1] (depth may be wrong)
14:53:22.196 [diag] Z clip-space remap MISS on minecraft:pipeline/entity_cutout_no_cull fragment: FLIP_VERTEX_Y pattern not found, z is NOT remapped to [0,1] (depth may be wrong)
14:53:22.221 [diag] Z clip-space remap MISS on minecraft:pipeline/secondary_block_outline fragment: FLIP_VERTEX_Y pattern not found, z is NOT remapped to [0,1] (depth may be wrong)
14:53:22.247 [diag] Z clip-space remap MISS on minecraft:pipeline/entity_smooth_cutout fragment: FLIP_VERTEX_Y pattern not found, z is NOT remapped to [0,1] (depth may be wrong)
14:53:22.272 [diag] Z clip-space remap MISS on minecraft:pipeline/block_screen_effect fragment: FLIP_VERTEX_Y pattern not found, z is NOT remapped to [0,1] (depth may be wrong)
14:53:22.297 [diag] Z clip-space remap MISS on minecraft:pipeline/lightning fragment: FLIP_VERTEX_Y pattern not found, z is NOT remapped to [0,1] (depth may be wrong)
14:53:22.322 [diag] Z clip-space remap MISS on minecraft:pipeline/outline_no_cull fragment: FLIP_VERTEX_Y pattern not found, z is NOT remapped to [0,1] (depth may be wrong)
14:53:22.346 [diag] Z clip-space remap MISS on minecraft:pipeline/stars fragment: FLIP_VERTEX_Y pattern not found, z is NOT remapped to [0,1] (depth may be wrong)
14:53:22.372 [diag] Z clip-space remap MISS on minecraft:pipeline/text_background_see_through fragment: FLIP_VERTEX_Y pattern not found, z is NOT remapped to [0,1] (depth may be wrong)
14:53:22.396 [diag] Z clip-space remap MISS on minecraft:pipeline/tracy_blit fragment: FLIP_VERTEX_Y pattern not found, z is NOT remapped to [0,1] (depth may be wrong)
14:53:22.421 [diag] Z clip-space remap MISS on minecraft:pipeline/vignette fragment: FLIP_VERTEX_Y pattern not found, z is NOT remapped to [0,1] (depth may be wrong)
14:53:22.446 [diag] Z clip-space remap MISS on minecraft:pipeline/text_background fragment: FLIP_VERTEX_Y pattern not found, z is NOT remapped to [0,1] (depth may be wrong)
14:53:22.471 [diag] Z clip-space remap MISS on minecraft:pipeline/entity_shadow fragment: FLIP_VERTEX_Y pattern not found, z is NOT remapped to [0,1] (depth may be wrong)
14:53:22.496 [diag] Z clip-space remap MISS on minecraft:pipeline/gui_nausea_overlay fragment: FLIP_VERTEX_Y pattern not found, z is NOT remapped to [0,1] (depth may be wrong)
14:53:22.520 [diag] Z clip-space remap MISS on minecraft:pipeline/dragon_explosion_alpha fragment: FLIP_VERTEX_Y pattern not found, z is NOT remapped to [0,1] (depth may be wrong)
14:53:22.546 [diag] Z clip-space remap MISS on minecraft:pipeline/weather_no_depth_write fragment: FLIP_VERTEX_Y pattern not found, z is NOT remapped to [0,1] (depth may be wrong)
14:53:22.571 [diag] Z clip-space remap MISS on minecraft:pipeline/mojang_logo fragment: FLIP_VERTEX_Y pattern not found, z is NOT remapped to [0,1] (depth may be wrong)
14:53:22.596 [diag] Z clip-space remap MISS on minecraft:pipeline/entity_cutout_no_cull_z_offset fragment: FLIP_VERTEX_Y pattern not found, z is NOT remapped to [0,1] (depth may be wrong)
14:53:22.621 [diag] Z clip-space remap MISS on minecraft:pipeline/beacon_beam_opaque fragment: FLIP_VERTEX_Y pattern not found, z is NOT remapped to [0,1] (depth may be wrong)
14:53:22.647 [diag] Z clip-space remap MISS on minecraft:pipeline/entity_solid fragment: FLIP_VERTEX_Y pattern not found, z is NOT remapped to [0,1] (depth may be wrong)
14:53:22.673 [diag] Z clip-space remap MISS on minecraft:pipeline/solid_terrain fragment: FLIP_VERTEX_Y pattern not found, z is NOT remapped to [0,1] (depth may be wrong)
14:53:22.699 [diag] Z clip-space remap MISS on minecraft:pipeline/tripwire_block fragment: FLIP_VERTEX_Y pattern not found, z is NOT remapped to [0,1] (depth may be wrong)
14:53:22.726 [diag] Z clip-space remap MISS on minecraft:pipeline/tripwire_terrain fragment: FLIP_VERTEX_Y pattern not found, z is NOT remapped to [0,1] (depth may be wrong)
14:53:22.752 [diag] Z clip-space remap MISS on minecraft:pipeline/end_gateway fragment: FLIP_VERTEX_Y pattern not found, z is NOT remapped to [0,1] (depth may be wrong)
14:53:22.778 [diag] Z clip-space remap MISS on minecraft:pipeline/cutout_block fragment: FLIP_VERTEX_Y pattern not found, z is NOT remapped to [0,1] (depth may be wrong)
14:53:22.803 [diag] Z clip-space remap MISS on minecraft:pipeline/weather_depth_write fragment: FLIP_VERTEX_Y pattern not found, z is NOT remapped to [0,1] (depth may be wrong)
14:53:22.828 [diag] Z clip-space remap MISS on minecraft:pipeline/glint fragment: FLIP_VERTEX_Y pattern not found, z is NOT remapped to [0,1] (depth may be wrong)
14:53:22.853 [diag] Z clip-space remap MISS on minecraft:pipeline/translucent_particle fragment: FLIP_VERTEX_Y pattern not found, z is NOT remapped to [0,1] (depth may be wrong)
14:53:22.878 [diag] Z clip-space remap MISS on minecraft:pipeline/text_see_through fragment: FLIP_VERTEX_Y pattern not found, z is NOT remapped to [0,1] (depth may be wrong)
14:53:22.904 [diag] Z clip-space remap MISS on minecraft:pipeline/wireframe fragment: FLIP_VERTEX_Y pattern not found, z is NOT remapped to [0,1] (depth may be wrong)
14:53:22.929 [diag] Z clip-space remap MISS on minecraft:pipeline/leash fragment: FLIP_VERTEX_Y pattern not found, z is NOT remapped to [0,1] (depth may be wrong)
14:53:22.954 [diag] Z clip-space remap MISS on minecraft:pipeline/gui fragment: FLIP_VERTEX_Y pattern not found, z is NOT remapped to [0,1] (depth may be wrong)
14:53:22.979 [diag] Z clip-space remap MISS on minecraft:pipeline/item_entity_translucent_cull fragment: FLIP_VERTEX_Y pattern not found, z is NOT remapped to [0,1] (depth may be wrong)
14:53:23.004 [diag] Z clip-space remap MISS on minecraft:pipeline/gui_opaque_textured_background fragment: FLIP_VERTEX_Y pattern not found, z is NOT remapped to [0,1] (depth may be wrong)
14:53:23.029 [diag] Z clip-space remap MISS on minecraft:pipeline/text_polygon_offset fragment: FLIP_VERTEX_Y pattern not found, z is NOT remapped to [0,1] (depth may be wrong)
14:53:23.054 [diag] Z clip-space remap MISS on minecraft:pipeline/opaque_particle fragment: FLIP_VERTEX_Y pattern not found, z is NOT remapped to [0,1] (depth may be wrong)
14:53:23.079 [diag] Z clip-space remap MISS on minecraft:pipeline/outline_cull fragment: FLIP_VERTEX_Y pattern not found, z is NOT remapped to [0,1] (depth may be wrong)
14:53:23.104 [diag] Z clip-space remap MISS on minecraft:pipeline/entity_solid_offset_forward fragment: FLIP_VERTEX_Y pattern not found, z is NOT remapped to [0,1] (depth may be wrong)
14:53:23.130 [diag] Z clip-space remap MISS on minecraft:pipeline/armor_cutout_no_cull fragment: FLIP_VERTEX_Y pattern not found, z is NOT remapped to [0,1] (depth may be wrong)
14:53:23.155 [diag] Z clip-space remap MISS on minecraft:pipeline/text_intensity fragment: FLIP_VERTEX_Y pattern not found, z is NOT remapped to [0,1] (depth may be wrong)
14:53:23.181 [diag] Z clip-space remap MISS on minecraft:pipeline/end_portal fragment: FLIP_VERTEX_Y pattern not found, z is NOT remapped to [0,1] (depth may be wrong)
14:53:23.207 [diag] Z clip-space remap MISS on minecraft:pipeline/eyes fragment: FLIP_VERTEX_Y pattern not found, z is NOT remapped to [0,1] (depth may be wrong)
14:53:23.232 [diag] Z clip-space remap MISS on minecraft:pipeline/water_mask fragment: FLIP_VERTEX_Y pattern not found, z is NOT remapped to [0,1] (depth may be wrong)
14:53:23.256 [diag] Z clip-space remap MISS on minecraft:pipeline/debug_filled_box fragment: FLIP_VERTEX_Y pattern not found, z is NOT remapped to [0,1] (depth may be wrong)
14:53:23.282 [diag] Z clip-space remap MISS on minecraft:pipeline/lightmap fragment: FLIP_VERTEX_Y pattern not found, z is NOT remapped to [0,1] (depth may be wrong)
14:53:23.308 [diag] Z clip-space remap MISS on minecraft:pipeline/crumbling fragment: FLIP_VERTEX_Y pattern not found, z is NOT remapped to [0,1] (depth may be wrong)
14:53:23.333 [diag] Z clip-space remap MISS on minecraft:pipeline/debug_triangle_fan fragment: FLIP_VERTEX_Y pattern not found, z is NOT remapped to [0,1] (depth may be wrong)
14:53:23.359 [diag] Z clip-space remap MISS on minecraft:pipeline/armor_decal_cutout_no_cull fragment: FLIP_VERTEX_Y pattern not found, z is NOT remapped to [0,1] (depth may be wrong)
14:53:23.384 [diag] Z clip-space remap MISS on minecraft:pipeline/end_sky fragment: FLIP_VERTEX_Y pattern not found, z is NOT remapped to [0,1] (depth may be wrong)
14:53:23.410 [diag] Z clip-space remap MISS on minecraft:pipeline/entity_no_outline fragment: FLIP_VERTEX_Y pattern not found, z is NOT remapped to [0,1] (depth may be wrong)
14:53:23.436 [diag] Z clip-space remap MISS on minecraft:pipeline/text fragment: FLIP_VERTEX_Y pattern not found, z is NOT remapped to [0,1] (depth may be wrong)
14:53:23.462 [diag] Z clip-space remap MISS on minecraft:pipeline/lines fragment: FLIP_VERTEX_Y pattern not found, z is NOT remapped to [0,1] (depth may be wrong)
14:53:23.487 [diag] Z clip-space remap MISS on minecraft:pipeline/clouds fragment: FLIP_VERTEX_Y pattern not found, z is NOT remapped to [0,1] (depth may be wrong)
14:53:23.513 [diag] Z clip-space remap MISS on minecraft:pipeline/sunrise_sunset fragment: FLIP_VERTEX_Y pattern not found, z is NOT remapped to [0,1] (depth may be wrong)
14:53:23.538 [diag] Z clip-space remap MISS on minecraft:pipeline/text_intensity_see_through fragment: FLIP_VERTEX_Y pattern not found, z is NOT remapped to [0,1] (depth may be wrong)
14:53:23.563 [diag] Z clip-space remap MISS on minecraft:pipeline/debug_quads fragment: FLIP_VERTEX_Y pattern not found, z is NOT remapped to [0,1] (depth may be wrong)
14:53:23.601 createBuffer stack sample #1:
  knot//com.metallum.client.metal.render.MetalDevice.createBuffer(MetalDevice.java:149)
  knot//net.minecraft.class_1059.method_45848(class_1059.java:116)
  knot//net.minecraft.class_11697$class_11699.method_73035(class_11697.java:168)
  knot//net.minecraft.class_11697$class_11700.method_73039(class_11697.java:212)
  java.base/java.util.ArrayList.forEach(Unknown Source)
  knot//net.minecraft.class_11697$class_11700.method_73037(class_11697.java:212)
  knot//net.minecraft.class_11697.method_76671(class_11697.java:146)
  knot//net.minecraft.class_11697.method_73029(class_11697.java:142)
  java.base/java.util.concurrent.CompletableFuture$UniAccept.tryFire(Unknown Source)
  java.base/java.util.concurrent.CompletableFuture$Completion.run(Unknown Source)
  knot//net.minecraft.class_4014.method_67574(class_4014.java:59)
  knot//net.minecraft.class_1255.method_18859(class_1255.java:169)
14:53:23.614 createBuffer stack sample #2:
  knot//com.metallum.client.metal.render.MetalDevice.createBuffer(MetalDevice.java:149)
  knot//net.minecraft.class_1059.method_76314(class_1059.java:173)
  knot//net.minecraft.class_1059.method_45848(class_1059.java:135)
  knot//net.minecraft.class_11697$class_11699.method_73035(class_11697.java:168)
  knot//net.minecraft.class_11697$class_11700.method_73039(class_11697.java:212)
  java.base/java.util.ArrayList.forEach(Unknown Source)
  knot//net.minecraft.class_11697$class_11700.method_73037(class_11697.java:212)
  knot//net.minecraft.class_11697.method_76671(class_11697.java:146)
  knot//net.minecraft.class_11697.method_73029(class_11697.java:142)
  java.base/java.util.concurrent.CompletableFuture$UniAccept.tryFire(Unknown Source)
  java.base/java.util.concurrent.CompletableFuture$Completion.run(Unknown Source)
  knot//net.minecraft.class_4014.method_67574(class_4014.java:59)
14:53:23.618 createBuffer stack sample #3:
  knot//com.metallum.client.metal.render.MetalDevice.createBuffer(MetalDevice.java:149)
  knot//net.minecraft.class_1059.method_76314(class_1059.java:173)
  knot//net.minecraft.class_1059.method_45848(class_1059.java:135)
  knot//net.minecraft.class_11697$class_11699.method_73035(class_11697.java:168)
  knot//net.minecraft.class_11697$class_11700.method_73039(class_11697.java:212)
  java.base/java.util.ArrayList.forEach(Unknown Source)
  knot//net.minecraft.class_11697$class_11700.method_73037(class_11697.java:212)
  knot//net.minecraft.class_11697.method_76671(class_11697.java:146)
  knot//net.minecraft.class_11697.method_73029(class_11697.java:142)
  java.base/java.util.concurrent.CompletableFuture$UniAccept.tryFire(Unknown Source)
  java.base/java.util.concurrent.CompletableFuture$Completion.run(Unknown Source)
  knot//net.minecraft.class_4014.method_67574(class_4014.java:59)
14:53:23.636 createBuffer stack sample #4:
  knot//com.metallum.client.metal.render.MetalDevice.createBuffer(MetalDevice.java:149)
  knot//net.minecraft.class_1059.method_76314(class_1059.java:173)
  knot//net.minecraft.class_1059.method_45848(class_1059.java:135)
  knot//net.minecraft.class_11697$class_11699.method_73035(class_11697.java:168)
  knot//net.minecraft.class_11697$class_11700.method_73039(class_11697.java:212)
  java.base/java.util.ArrayList.forEach(Unknown Source)
  knot//net.minecraft.class_11697$class_11700.method_73037(class_11697.java:212)
  knot//net.minecraft.class_11697.method_76671(class_11697.java:146)
  knot//net.minecraft.class_11697.method_73029(class_11697.java:142)
  java.base/java.util.concurrent.CompletableFuture$UniAccept.tryFire(Unknown Source)
  java.base/java.util.concurrent.CompletableFuture$Completion.run(Unknown Source)
  knot//net.minecraft.class_4014.method_67574(class_4014.java:59)
14:53:23.642 createBuffer stack sample #5:
  knot//com.metallum.client.metal.render.MetalDevice.createBuffer(MetalDevice.java:149)
  knot//net.minecraft.class_1059.method_76314(class_1059.java:173)
  knot//net.minecraft.class_1059.method_45848(class_1059.java:135)
  knot//net.minecraft.class_11697$class_11699.method_73035(class_11697.java:168)
  knot//net.minecraft.class_11697$class_11700.method_73039(class_11697.java:212)
  java.base/java.util.ArrayList.forEach(Unknown Source)
  knot//net.minecraft.class_11697$class_11700.method_73037(class_11697.java:212)
  knot//net.minecraft.class_11697.method_76671(class_11697.java:146)
  knot//net.minecraft.class_11697.method_73029(class_11697.java:142)
  java.base/java.util.concurrent.CompletableFuture$UniAccept.tryFire(Unknown Source)
  java.base/java.util.concurrent.CompletableFuture$Completion.run(Unknown Source)
  knot//net.minecraft.class_4014.method_67574(class_4014.java:59)
14:53:25.618 frame_time fps=53.9 avg=18.55ms max=184.30ms gpuBehind=0
14:53:26.472 [diag] Z clip-space remap MISS on minecraft:blur/0 fragment: FLIP_VERTEX_Y pattern not found, z is NOT remapped to [0,1] (depth may be wrong)
14:53:26.499 [diag] Z clip-space remap MISS on minecraft:blur/1 fragment: FLIP_VERTEX_Y pattern not found, z is NOT remapped to [0,1] (depth may be wrong)
14:53:26.524 [diag] Z clip-space remap MISS on minecraft:blur/2 fragment: FLIP_VERTEX_Y pattern not found, z is NOT remapped to [0,1] (depth may be wrong)
14:53:26.549 [diag] Z clip-space remap MISS on minecraft:blur/3 fragment: FLIP_VERTEX_Y pattern not found, z is NOT remapped to [0,1] (depth may be wrong)
14:53:26.574 [diag] Z clip-space remap MISS on minecraft:blur/4 fragment: FLIP_VERTEX_Y pattern not found, z is NOT remapped to [0,1] (depth may be wrong)
14:53:26.600 [diag] Z clip-space remap MISS on minecraft:blur/5 fragment: FLIP_VERTEX_Y pattern not found, z is NOT remapped to [0,1] (depth may be wrong)
14:53:30.634 frame_time fps=54.7 avg=18.27ms max=183.30ms gpuBehind=0
14:53:31.386 [diag] Z clip-space remap MISS on sodium/blocks/block_layer_opaque fragment: FLIP_VERTEX_Y pattern not found, z is NOT remapped to [0,1] (depth may be wrong)
14:53:31.434 [diag] Z clip-space remap MISS on sodium/blocks/block_layer_opaque fragment: FLIP_VERTEX_Y pattern not found, z is NOT remapped to [0,1] (depth may be wrong)
14:53:31.499 [diag] Z clip-space remap MISS on sodium/blocks/block_layer_opaque fragment: FLIP_VERTEX_Y pattern not found, z is NOT remapped to [0,1] (depth may be wrong)
14:53:35.656 frame_time fps=47.4 avg=21.08ms max=434.19ms gpuBehind=0
14:53:40.667 frame_time fps=59.4 avg=16.83ms max=36.26ms gpuBehind=0
14:53:45.682 frame_time fps=60.0 avg=16.66ms max=17.59ms gpuBehind=0
14:53:50.698 frame_time fps=60.0 avg=16.67ms max=17.42ms gpuBehind=0
14:53:55.714 frame_time fps=59.0 avg=16.95ms max=95.91ms gpuBehind=0
14:54:00.731 frame_time fps=59.8 avg=16.72ms max=33.02ms gpuBehind=0
14:54:05.747 frame_time fps=60.0 avg=16.67ms max=18.39ms gpuBehind=0
14:54:10.762 frame_time fps=60.0 avg=16.66ms max=18.62ms gpuBehind=0
14:54:15.779 frame_time fps=60.0 avg=16.67ms max=18.72ms gpuBehind=0
14:54:20.614 buffers total=3467 | usage=0x82 count=51 req=0.0MB alloc=0.0MB | usage=0x22 count=54 req=1.0MB alloc=1.0MB | usage=0x102 count=3 req=2.0MB alloc=2.0MB | usage=0x2 count=1 req=0.4MB alloc=0.4MB | usage=0x3 count=40 req=43.2MB alloc=43.2MB | usage=0x14 count=3122 req=127.2MB alloc=127.2MB | usage=0x88 count=53 req=0.9MB alloc=0.9MB | usage=0x28 count=124 req=270.6MB alloc=270.6MB | usage=0x48 count=9 req=1.7MB alloc=1.7MB | usage=0x9 count=10 req=147.6MB alloc=147.6MB | sum count=3467 req=594.6MB alloc=594.6MB | poolHit=3381 poolMiss=3467 poolReturn=6600 poolHitRate=49%
14:54:20.795 frame_time fps=59.2 avg=16.89ms max=61.25ms gpuBehind=0
14:54:25.813 frame_time fps=60.0 avg=16.67ms max=19.60ms gpuBehind=0
14:54:30.827 frame_time fps=60.0 avg=16.66ms max=23.06ms gpuBehind=0
14:54:35.844 frame_time fps=59.8 avg=16.72ms max=33.32ms gpuBehind=0
14:54:40.860 frame_time fps=59.6 avg=16.78ms max=34.71ms gpuBehind=0
14:54:45.876 frame_time fps=60.0 avg=16.67ms max=19.15ms gpuBehind=0
14:54:50.893 frame_time fps=59.4 avg=16.83ms max=56.55ms gpuBehind=0
14:54:55.909 frame_time fps=60.0 avg=16.67ms max=22.75ms gpuBehind=0
14:55:00.910 frame_time fps=60.0 avg=16.67ms max=18.66ms gpuBehind=0
14:55:05.926 frame_time fps=59.8 avg=16.71ms max=47.88ms gpuBehind=0
14:55:10.940 frame_time fps=60.0 avg=16.66ms max=20.28ms gpuBehind=0
14:55:15.959 frame_time fps=59.8 avg=16.72ms max=33.33ms gpuBehind=0
==== Metallum diag start ====
17:22:01.907 [diag] Z clip-space remap MISS on minecraft:pipeline/gui fragment: FLIP_VERTEX_Y pattern not found, z is NOT remapped to [0,1] (depth may be wrong)
17:22:01.936 [diag] Z clip-space remap MISS on minecraft:pipeline/gui_textured fragment: FLIP_VERTEX_Y pattern not found, z is NOT remapped to [0,1] (depth may be wrong)
17:22:02.130 [diag] Z clip-space remap MISS on minecraft:pipeline/mojang_logo fragment: FLIP_VERTEX_Y pattern not found, z is NOT remapped to [0,1] (depth may be wrong)
17:22:02.143 buffers total=42 | usage=0x82 count=15 req=0.0MB alloc=0.0MB | usage=0x22 count=6 req=0.0MB alloc=0.0MB | usage=0x3 count=2 req=1.5MB alloc=1.5MB | usage=0x88 count=15 req=0.0MB alloc=0.0MB | usage=0x28 count=3 req=0.0MB alloc=0.0MB | usage=0x48 count=1 req=0.0MB alloc=0.0MB | sum count=42 req=1.5MB alloc=1.5MB | poolHit=0 poolMiss=42 poolReturn=0 poolHitRate=0%
17:22:02.973 [diag] Z clip-space remap MISS on minecraft:pipeline/beacon_beam_opaque fragment: FLIP_VERTEX_Y pattern not found, z is NOT remapped to [0,1] (depth may be wrong)
17:22:03.002 [diag] Z clip-space remap MISS on minecraft:pipeline/entity_cutout_no_cull_z_offset fragment: FLIP_VERTEX_Y pattern not found, z is NOT remapped to [0,1] (depth may be wrong)
17:22:03.029 [diag] Z clip-space remap MISS on minecraft:pipeline/entity_decal fragment: FLIP_VERTEX_Y pattern not found, z is NOT remapped to [0,1] (depth may be wrong)
17:22:03.055 [diag] Z clip-space remap MISS on minecraft:pipeline/lines fragment: FLIP_VERTEX_Y pattern not found, z is NOT remapped to [0,1] (depth may be wrong)
17:22:03.081 [diag] Z clip-space remap MISS on minecraft:pipeline/gui_text_intensity fragment: FLIP_VERTEX_Y pattern not found, z is NOT remapped to [0,1] (depth may be wrong)
17:22:03.107 [diag] Z clip-space remap MISS on minecraft:pipeline/gui_opaque_textured_background fragment: FLIP_VERTEX_Y pattern not found, z is NOT remapped to [0,1] (depth may be wrong)
17:22:03.133 [diag] Z clip-space remap MISS on minecraft:pipeline/end_portal fragment: FLIP_VERTEX_Y pattern not found, z is NOT remapped to [0,1] (depth may be wrong)
17:22:03.158 [diag] Z clip-space remap MISS on minecraft:pipeline/gui_text_highlight fragment: FLIP_VERTEX_Y pattern not found, z is NOT remapped to [0,1] (depth may be wrong)
17:22:03.183 [diag] Z clip-space remap MISS on minecraft:pipeline/outline_no_cull fragment: FLIP_VERTEX_Y pattern not found, z is NOT remapped to [0,1] (depth may be wrong)
17:22:03.209 [diag] Z clip-space remap MISS on minecraft:pipeline/lightmap fragment: FLIP_VERTEX_Y pattern not found, z is NOT remapped to [0,1] (depth may be wrong)
17:22:03.234 [diag] Z clip-space remap MISS on minecraft:pipeline/animate_sprite_interpolate fragment: FLIP_VERTEX_Y pattern not found, z is NOT remapped to [0,1] (depth may be wrong)
17:22:03.259 [diag] Z clip-space remap MISS on minecraft:pipeline/world_border fragment: FLIP_VERTEX_Y pattern not found, z is NOT remapped to [0,1] (depth may be wrong)
17:22:03.285 [diag] Z clip-space remap MISS on minecraft:pipeline/flat_clouds fragment: FLIP_VERTEX_Y pattern not found, z is NOT remapped to [0,1] (depth may be wrong)
17:22:03.309 [diag] Z clip-space remap MISS on minecraft:pipeline/text_see_through fragment: FLIP_VERTEX_Y pattern not found, z is NOT remapped to [0,1] (depth may be wrong)
17:22:03.334 [diag] Z clip-space remap MISS on minecraft:pipeline/end_sky fragment: FLIP_VERTEX_Y pattern not found, z is NOT remapped to [0,1] (depth may be wrong)
17:22:03.360 [diag] Z clip-space remap MISS on minecraft:pipeline/solid_terrain fragment: FLIP_VERTEX_Y pattern not found, z is NOT remapped to [0,1] (depth may be wrong)
17:22:03.387 [diag] Z clip-space remap MISS on minecraft:pipeline/entity_translucent_emissive fragment: FLIP_VERTEX_Y pattern not found, z is NOT remapped to [0,1] (depth may be wrong)
17:22:03.412 [diag] Z clip-space remap MISS on minecraft:pipeline/clouds fragment: FLIP_VERTEX_Y pattern not found, z is NOT remapped to [0,1] (depth may be wrong)
17:22:03.437 [diag] Z clip-space remap MISS on minecraft:pipeline/vignette fragment: FLIP_VERTEX_Y pattern not found, z is NOT remapped to [0,1] (depth may be wrong)
17:22:03.462 [diag] Z clip-space remap MISS on minecraft:pipeline/entity_translucent fragment: FLIP_VERTEX_Y pattern not found, z is NOT remapped to [0,1] (depth may be wrong)
17:22:03.487 [diag] Z clip-space remap MISS on minecraft:pipeline/dragon_explosion_alpha fragment: FLIP_VERTEX_Y pattern not found, z is NOT remapped to [0,1] (depth may be wrong)
17:22:03.514 [diag] Z clip-space remap MISS on minecraft:pipeline/wireframe fragment: FLIP_VERTEX_Y pattern not found, z is NOT remapped to [0,1] (depth may be wrong)
17:22:03.540 [diag] Z clip-space remap MISS on minecraft:pipeline/weather_no_depth_write fragment: FLIP_VERTEX_Y pattern not found, z is NOT remapped to [0,1] (depth may be wrong)
17:22:03.566 [diag] Z clip-space remap MISS on minecraft:pipeline/armor_cutout_no_cull fragment: FLIP_VERTEX_Y pattern not found, z is NOT remapped to [0,1] (depth may be wrong)
17:22:03.591 [diag] Z clip-space remap MISS on minecraft:pipeline/leash fragment: FLIP_VERTEX_Y pattern not found, z is NOT remapped to [0,1] (depth may be wrong)
17:22:03.618 [diag] Z clip-space remap MISS on minecraft:pipeline/eyes fragment: FLIP_VERTEX_Y pattern not found, z is NOT remapped to [0,1] (depth may be wrong)
17:22:03.643 [diag] Z clip-space remap MISS on minecraft:pipeline/block_screen_effect fragment: FLIP_VERTEX_Y pattern not found, z is NOT remapped to [0,1] (depth may be wrong)
17:22:03.668 [diag] Z clip-space remap MISS on minecraft:pipeline/gui_text fragment: FLIP_VERTEX_Y pattern not found, z is NOT remapped to [0,1] (depth may be wrong)
17:22:03.693 [diag] Z clip-space remap MISS on minecraft:pipeline/lines_translucent fragment: FLIP_VERTEX_Y pattern not found, z is NOT remapped to [0,1] (depth may be wrong)
17:22:03.719 [diag] Z clip-space remap MISS on minecraft:pipeline/beacon_beam_translucent fragment: FLIP_VERTEX_Y pattern not found, z is NOT remapped to [0,1] (depth may be wrong)
17:22:03.744 [diag] Z clip-space remap MISS on minecraft:pipeline/text_background fragment: FLIP_VERTEX_Y pattern not found, z is NOT remapped to [0,1] (depth may be wrong)
17:22:03.768 [diag] Z clip-space remap MISS on minecraft:pipeline/stars fragment: FLIP_VERTEX_Y pattern not found, z is NOT remapped to [0,1] (depth may be wrong)
17:22:03.793 [diag] Z clip-space remap MISS on minecraft:pipeline/solid_block fragment: FLIP_VERTEX_Y pattern not found, z is NOT remapped to [0,1] (depth may be wrong)
17:22:03.819 [diag] Z clip-space remap MISS on minecraft:pipeline/weather_depth_write fragment: FLIP_VERTEX_Y pattern not found, z is NOT remapped to [0,1] (depth may be wrong)
17:22:03.843 [diag] Z clip-space remap MISS on minecraft:pipeline/crosshair fragment: FLIP_VERTEX_Y pattern not found, z is NOT remapped to [0,1] (depth may be wrong)
17:22:03.869 [diag] Z clip-space remap MISS on minecraft:pipeline/breeze_wind fragment: FLIP_VERTEX_Y pattern not found, z is NOT remapped to [0,1] (depth may be wrong)
17:22:03.894 [diag] Z clip-space remap MISS on minecraft:pipeline/sky fragment: FLIP_VERTEX_Y pattern not found, z is NOT remapped to [0,1] (depth may be wrong)
17:22:03.920 [diag] Z clip-space remap MISS on minecraft:pipeline/entity_cutout fragment: FLIP_VERTEX_Y pattern not found, z is NOT remapped to [0,1] (depth may be wrong)
17:22:03.946 [diag] Z clip-space remap MISS on minecraft:pipeline/tripwire_block fragment: FLIP_VERTEX_Y pattern not found, z is NOT remapped to [0,1] (depth may be wrong)
17:22:03.970 [diag] Z clip-space remap MISS on minecraft:pipeline/tracy_blit fragment: FLIP_VERTEX_Y pattern not found, z is NOT remapped to [0,1] (depth may be wrong)
17:22:03.996 [diag] Z clip-space remap MISS on minecraft:pipeline/animate_sprite_blit fragment: FLIP_VERTEX_Y pattern not found, z is NOT remapped to [0,1] (depth may be wrong)
17:22:04.020 [diag] Z clip-space remap MISS on minecraft:pipeline/debug_triangle_fan fragment: FLIP_VERTEX_Y pattern not found, z is NOT remapped to [0,1] (depth may be wrong)
17:22:04.045 [diag] Z clip-space remap MISS on minecraft:pipeline/gui_textured_premultiplied_alpha fragment: FLIP_VERTEX_Y pattern not found, z is NOT remapped to [0,1] (depth may be wrong)
17:22:04.069 [diag] Z clip-space remap MISS on minecraft:pipeline/gui_textured fragment: FLIP_VERTEX_Y pattern not found, z is NOT remapped to [0,1] (depth may be wrong)
17:22:04.095 [diag] Z clip-space remap MISS on minecraft:pipeline/translucent_terrain fragment: FLIP_VERTEX_Y pattern not found, z is NOT remapped to [0,1] (depth may be wrong)
17:22:04.121 [diag] Z clip-space remap MISS on minecraft:pipeline/entity_no_outline fragment: FLIP_VERTEX_Y pattern not found, z is NOT remapped to [0,1] (depth may be wrong)
17:22:04.147 [diag] Z clip-space remap MISS on minecraft:pipeline/cutout_terrain fragment: FLIP_VERTEX_Y pattern not found, z is NOT remapped to [0,1] (depth may be wrong)
17:22:04.173 [diag] Z clip-space remap MISS on minecraft:pipeline/entity_solid fragment: FLIP_VERTEX_Y pattern not found, z is NOT remapped to [0,1] (depth may be wrong)
17:22:04.199 [diag] Z clip-space remap MISS on minecraft:pipeline/glint fragment: FLIP_VERTEX_Y pattern not found, z is NOT remapped to [0,1] (depth may be wrong)
17:22:04.224 [diag] Z clip-space remap MISS on minecraft:pipeline/text_polygon_offset fragment: FLIP_VERTEX_Y pattern not found, z is NOT remapped to [0,1] (depth may be wrong)
17:22:04.249 [diag] Z clip-space remap MISS on minecraft:pipeline/translucent_particle fragment: FLIP_VERTEX_Y pattern not found, z is NOT remapped to [0,1] (depth may be wrong)
17:22:04.273 [diag] Z clip-space remap MISS on minecraft:pipeline/fire_screen_effect fragment: FLIP_VERTEX_Y pattern not found, z is NOT remapped to [0,1] (depth may be wrong)
17:22:04.298 [diag] Z clip-space remap MISS on minecraft:pipeline/entity_shadow fragment: FLIP_VERTEX_Y pattern not found, z is NOT remapped to [0,1] (depth may be wrong)
17:22:04.324 [diag] Z clip-space remap MISS on minecraft:pipeline/armor_translucent fragment: FLIP_VERTEX_Y pattern not found, z is NOT remapped to [0,1] (depth may be wrong)
17:22:04.349 [diag] Z clip-space remap MISS on minecraft:pipeline/crumbling fragment: FLIP_VERTEX_Y pattern not found, z is NOT remapped to [0,1] (depth may be wrong)
17:22:04.374 [diag] Z clip-space remap MISS on minecraft:pipeline/dragon_rays fragment: FLIP_VERTEX_Y pattern not found, z is NOT remapped to [0,1] (depth may be wrong)
17:22:04.399 [diag] Z clip-space remap MISS on minecraft:pipeline/sunrise_sunset fragment: FLIP_VERTEX_Y pattern not found, z is NOT remapped to [0,1] (depth may be wrong)
17:22:04.424 [diag] Z clip-space remap MISS on minecraft:pipeline/entity_cutout_no_cull fragment: FLIP_VERTEX_Y pattern not found, z is NOT remapped to [0,1] (depth may be wrong)
17:22:04.448 [diag] Z clip-space remap MISS on minecraft:pipeline/debug_quads fragment: FLIP_VERTEX_Y pattern not found, z is NOT remapped to [0,1] (depth may be wrong)
17:22:04.474 [diag] Z clip-space remap MISS on minecraft:pipeline/dragon_rays_depth fragment: FLIP_VERTEX_Y pattern not found, z is NOT remapped to [0,1] (depth may be wrong)
17:22:04.499 [diag] Z clip-space remap MISS on minecraft:pipeline/gui_nausea_overlay fragment: FLIP_VERTEX_Y pattern not found, z is NOT remapped to [0,1] (depth may be wrong)
17:22:04.524 [diag] Z clip-space remap MISS on minecraft:pipeline/text_intensity_see_through fragment: FLIP_VERTEX_Y pattern not found, z is NOT remapped to [0,1] (depth may be wrong)
17:22:04.548 [diag] Z clip-space remap MISS on minecraft:pipeline/gui fragment: FLIP_VERTEX_Y pattern not found, z is NOT remapped to [0,1] (depth may be wrong)
17:22:04.573 [diag] Z clip-space remap MISS on minecraft:pipeline/translucent_moving_block fragment: FLIP_VERTEX_Y pattern not found, z is NOT remapped to [0,1] (depth may be wrong)
17:22:04.598 [diag] Z clip-space remap MISS on minecraft:pipeline/outline_cull fragment: FLIP_VERTEX_Y pattern not found, z is NOT remapped to [0,1] (depth may be wrong)
17:22:04.623 [diag] Z clip-space remap MISS on minecraft:pipeline/armor_decal_cutout_no_cull fragment: FLIP_VERTEX_Y pattern not found, z is NOT remapped to [0,1] (depth may be wrong)
17:22:04.649 [diag] Z clip-space remap MISS on minecraft:pipeline/cutout_block fragment: FLIP_VERTEX_Y pattern not found, z is NOT remapped to [0,1] (depth may be wrong)
17:22:04.673 [diag] Z clip-space remap MISS on minecraft:pipeline/water_mask fragment: FLIP_VERTEX_Y pattern not found, z is NOT remapped to [0,1] (depth may be wrong)
17:22:04.698 [diag] Z clip-space remap MISS on minecraft:pipeline/text_intensity fragment: FLIP_VERTEX_Y pattern not found, z is NOT remapped to [0,1] (depth may be wrong)
17:22:04.723 [diag] Z clip-space remap MISS on minecraft:pipeline/panorama fragment: FLIP_VERTEX_Y pattern not found, z is NOT remapped to [0,1] (depth may be wrong)
17:22:04.748 [diag] Z clip-space remap MISS on minecraft:pipeline/lightning fragment: FLIP_VERTEX_Y pattern not found, z is NOT remapped to [0,1] (depth may be wrong)
17:22:04.773 [diag] Z clip-space remap MISS on minecraft:pipeline/text_background_see_through fragment: FLIP_VERTEX_Y pattern not found, z is NOT remapped to [0,1] (depth may be wrong)
17:22:04.797 [diag] Z clip-space remap MISS on minecraft:pipeline/entity_outline_blit fragment: FLIP_VERTEX_Y pattern not found, z is NOT remapped to [0,1] (depth may be wrong)
17:22:04.822 [diag] Z clip-space remap MISS on minecraft:pipeline/debug_points fragment: FLIP_VERTEX_Y pattern not found, z is NOT remapped to [0,1] (depth may be wrong)
17:22:04.846 [diag] Z clip-space remap MISS on minecraft:pipeline/gui_invert fragment: FLIP_VERTEX_Y pattern not found, z is NOT remapped to [0,1] (depth may be wrong)
17:22:04.873 [diag] Z clip-space remap MISS on minecraft:pipeline/tripwire_terrain fragment: FLIP_VERTEX_Y pattern not found, z is NOT remapped to [0,1] (depth may be wrong)
17:22:04.899 [diag] Z clip-space remap MISS on minecraft:pipeline/secondary_block_outline fragment: FLIP_VERTEX_Y pattern not found, z is NOT remapped to [0,1] (depth may be wrong)
17:22:04.923 [diag] Z clip-space remap MISS on minecraft:pipeline/debug_filled_box fragment: FLIP_VERTEX_Y pattern not found, z is NOT remapped to [0,1] (depth may be wrong)
17:22:04.949 [diag] Z clip-space remap MISS on minecraft:pipeline/item_entity_translucent_cull fragment: FLIP_VERTEX_Y pattern not found, z is NOT remapped to [0,1] (depth may be wrong)
17:22:04.973 [diag] Z clip-space remap MISS on minecraft:pipeline/mojang_logo fragment: FLIP_VERTEX_Y pattern not found, z is NOT remapped to [0,1] (depth may be wrong)
17:22:04.999 [diag] Z clip-space remap MISS on minecraft:pipeline/end_gateway fragment: FLIP_VERTEX_Y pattern not found, z is NOT remapped to [0,1] (depth may be wrong)
17:22:05.025 [diag] Z clip-space remap MISS on minecraft:pipeline/opaque_particle fragment: FLIP_VERTEX_Y pattern not found, z is NOT remapped to [0,1] (depth may be wrong)
17:22:05.049 [diag] Z clip-space remap MISS on minecraft:pipeline/celestial fragment: FLIP_VERTEX_Y pattern not found, z is NOT remapped to [0,1] (depth may be wrong)
17:22:05.075 [diag] Z clip-space remap MISS on minecraft:pipeline/text fragment: FLIP_VERTEX_Y pattern not found, z is NOT remapped to [0,1] (depth may be wrong)
17:22:05.100 [diag] Z clip-space remap MISS on minecraft:pipeline/entity_solid_offset_forward fragment: FLIP_VERTEX_Y pattern not found, z is NOT remapped to [0,1] (depth may be wrong)
17:22:05.126 [diag] Z clip-space remap MISS on minecraft:pipeline/energy_swirl fragment: FLIP_VERTEX_Y pattern not found, z is NOT remapped to [0,1] (depth may be wrong)
17:22:05.151 [diag] Z clip-space remap MISS on minecraft:pipeline/entity_smooth_cutout fragment: FLIP_VERTEX_Y pattern not found, z is NOT remapped to [0,1] (depth may be wrong)
17:22:05.190 createBuffer stack sample #1:
  knot//com.metallum.client.metal.render.MetalDevice.createBuffer(MetalDevice.java:149)
  knot//net.minecraft.class_1059.method_45848(class_1059.java:116)
  knot//net.minecraft.class_11697$class_11699.method_73035(class_11697.java:168)
  knot//net.minecraft.class_11697$class_11700.method_73039(class_11697.java:212)
  java.base/java.util.ArrayList.forEach(Unknown Source)
  knot//net.minecraft.class_11697$class_11700.method_73037(class_11697.java:212)
  knot//net.minecraft.class_11697.method_76671(class_11697.java:146)
  knot//net.minecraft.class_11697.method_73029(class_11697.java:142)
  java.base/java.util.concurrent.CompletableFuture$UniAccept.tryFire(Unknown Source)
  java.base/java.util.concurrent.CompletableFuture$Completion.run(Unknown Source)
  knot//net.minecraft.class_4014.method_67574(class_4014.java:59)
  knot//net.minecraft.class_1255.method_18859(class_1255.java:169)
17:22:05.203 createBuffer stack sample #2:
  knot//com.metallum.client.metal.render.MetalDevice.createBuffer(MetalDevice.java:149)
  knot//net.minecraft.class_1059.method_76314(class_1059.java:173)
  knot//net.minecraft.class_1059.method_45848(class_1059.java:135)
  knot//net.minecraft.class_11697$class_11699.method_73035(class_11697.java:168)
  knot//net.minecraft.class_11697$class_11700.method_73039(class_11697.java:212)
  java.base/java.util.ArrayList.forEach(Unknown Source)
  knot//net.minecraft.class_11697$class_11700.method_73037(class_11697.java:212)
  knot//net.minecraft.class_11697.method_76671(class_11697.java:146)
  knot//net.minecraft.class_11697.method_73029(class_11697.java:142)
  java.base/java.util.concurrent.CompletableFuture$UniAccept.tryFire(Unknown Source)
  java.base/java.util.concurrent.CompletableFuture$Completion.run(Unknown Source)
  knot//net.minecraft.class_4014.method_67574(class_4014.java:59)
17:22:05.207 createBuffer stack sample #3:
  knot//com.metallum.client.metal.render.MetalDevice.createBuffer(MetalDevice.java:149)
  knot//net.minecraft.class_1059.method_76314(class_1059.java:173)
  knot//net.minecraft.class_1059.method_45848(class_1059.java:135)
  knot//net.minecraft.class_11697$class_11699.method_73035(class_11697.java:168)
  knot//net.minecraft.class_11697$class_11700.method_73039(class_11697.java:212)
  java.base/java.util.ArrayList.forEach(Unknown Source)
  knot//net.minecraft.class_11697$class_11700.method_73037(class_11697.java:212)
  knot//net.minecraft.class_11697.method_76671(class_11697.java:146)
  knot//net.minecraft.class_11697.method_73029(class_11697.java:142)
  java.base/java.util.concurrent.CompletableFuture$UniAccept.tryFire(Unknown Source)
  java.base/java.util.concurrent.CompletableFuture$Completion.run(Unknown Source)
  knot//net.minecraft.class_4014.method_67574(class_4014.java:59)
17:22:05.224 createBuffer stack sample #4:
  knot//com.metallum.client.metal.render.MetalDevice.createBuffer(MetalDevice.java:149)
  knot//net.minecraft.class_1059.method_76314(class_1059.java:173)
  knot//net.minecraft.class_1059.method_45848(class_1059.java:135)
  knot//net.minecraft.class_11697$class_11699.method_73035(class_11697.java:168)
  knot//net.minecraft.class_11697$class_11700.method_73039(class_11697.java:212)
  java.base/java.util.ArrayList.forEach(Unknown Source)
  knot//net.minecraft.class_11697$class_11700.method_73037(class_11697.java:212)
  knot//net.minecraft.class_11697.method_76671(class_11697.java:146)
  knot//net.minecraft.class_11697.method_73029(class_11697.java:142)
  java.base/java.util.concurrent.CompletableFuture$UniAccept.tryFire(Unknown Source)
  java.base/java.util.concurrent.CompletableFuture$Completion.run(Unknown Source)
  knot//net.minecraft.class_4014.method_67574(class_4014.java:59)
17:22:05.229 createBuffer stack sample #5:
  knot//com.metallum.client.metal.render.MetalDevice.createBuffer(MetalDevice.java:149)
  knot//net.minecraft.class_1059.method_76314(class_1059.java:173)
  knot//net.minecraft.class_1059.method_45848(class_1059.java:135)
  knot//net.minecraft.class_11697$class_11699.method_73035(class_11697.java:168)
  knot//net.minecraft.class_11697$class_11700.method_73039(class_11697.java:212)
  java.base/java.util.ArrayList.forEach(Unknown Source)
  knot//net.minecraft.class_11697$class_11700.method_73037(class_11697.java:212)
  knot//net.minecraft.class_11697.method_76671(class_11697.java:146)
  knot//net.minecraft.class_11697.method_73029(class_11697.java:142)
  java.base/java.util.concurrent.CompletableFuture$UniAccept.tryFire(Unknown Source)
  java.base/java.util.concurrent.CompletableFuture$Completion.run(Unknown Source)
  knot//net.minecraft.class_4014.method_67574(class_4014.java:59)
17:22:07.145 frame_time fps=50.8 avg=19.68ms max=320.34ms gpuBehind=0
17:22:09.894 [diag] Z clip-space remap MISS on minecraft:blur/0 fragment: FLIP_VERTEX_Y pattern not found, z is NOT remapped to [0,1] (depth may be wrong)
17:22:09.922 [diag] Z clip-space remap MISS on minecraft:blur/1 fragment: FLIP_VERTEX_Y pattern not found, z is NOT remapped to [0,1] (depth may be wrong)
17:22:09.948 [diag] Z clip-space remap MISS on minecraft:blur/2 fragment: FLIP_VERTEX_Y pattern not found, z is NOT remapped to [0,1] (depth may be wrong)
17:22:09.975 [diag] Z clip-space remap MISS on minecraft:blur/3 fragment: FLIP_VERTEX_Y pattern not found, z is NOT remapped to [0,1] (depth may be wrong)
17:22:10.001 [diag] Z clip-space remap MISS on minecraft:blur/4 fragment: FLIP_VERTEX_Y pattern not found, z is NOT remapped to [0,1] (depth may be wrong)
17:22:10.027 [diag] Z clip-space remap MISS on minecraft:blur/5 fragment: FLIP_VERTEX_Y pattern not found, z is NOT remapped to [0,1] (depth may be wrong)
17:22:12.149 frame_time fps=54.9 avg=18.20ms max=200.99ms gpuBehind=0
17:22:13.031 [diag] Z clip-space remap MISS on sodium/blocks/block_layer_opaque fragment: FLIP_VERTEX_Y pattern not found, z is NOT remapped to [0,1] (depth may be wrong)
17:22:13.065 [diag] Z clip-space remap MISS on sodium/blocks/block_layer_opaque fragment: FLIP_VERTEX_Y pattern not found, z is NOT remapped to [0,1] (depth may be wrong)
17:22:13.096 [diag] Z clip-space remap MISS on sodium/blocks/block_layer_opaque fragment: FLIP_VERTEX_Y pattern not found, z is NOT remapped to [0,1] (depth may be wrong)
17:22:17.161 frame_time fps=51.1 avg=19.58ms max=266.52ms gpuBehind=0
17:22:22.177 frame_time fps=59.8 avg=16.72ms max=33.04ms gpuBehind=0
17:22:27.194 frame_time fps=59.6 avg=16.78ms max=34.60ms gpuBehind=0
17:22:32.194 frame_time fps=60.0 avg=16.67ms max=20.45ms gpuBehind=0
==== Metallum diag start ====
19:07:10.762 [diag] Z clip-space remap MISS on minecraft:pipeline/gui fragment: FLIP_VERTEX_Y pattern not found, z is NOT remapped to [0,1] (depth may be wrong)
19:07:10.791 [diag] Z clip-space remap MISS on minecraft:pipeline/gui_textured fragment: FLIP_VERTEX_Y pattern not found, z is NOT remapped to [0,1] (depth may be wrong)
19:07:10.958 [diag] Z clip-space remap MISS on minecraft:pipeline/mojang_logo fragment: FLIP_VERTEX_Y pattern not found, z is NOT remapped to [0,1] (depth may be wrong)
19:07:10.970 buffers total=42 | usage=0x82 count=15 req=0.0MB alloc=0.0MB | usage=0x22 count=6 req=0.0MB alloc=0.0MB | usage=0x3 count=2 req=1.5MB alloc=1.5MB | usage=0x88 count=15 req=0.0MB alloc=0.0MB | usage=0x28 count=3 req=0.0MB alloc=0.0MB | usage=0x48 count=1 req=0.0MB alloc=0.0MB | sum count=42 req=1.5MB alloc=1.5MB | poolHit=0 poolMiss=42 poolReturn=0 poolHitRate=0%
19:07:11.693 [diag] Z clip-space remap MISS on minecraft:pipeline/entity_cutout_no_cull_z_offset fragment: FLIP_VERTEX_Y pattern not found, z is NOT remapped to [0,1] (depth may be wrong)
19:07:11.720 [diag] Z clip-space remap MISS on minecraft:pipeline/panorama fragment: FLIP_VERTEX_Y pattern not found, z is NOT remapped to [0,1] (depth may be wrong)
19:07:11.749 [diag] Z clip-space remap MISS on minecraft:pipeline/flat_clouds fragment: FLIP_VERTEX_Y pattern not found, z is NOT remapped to [0,1] (depth may be wrong)
19:07:11.775 [diag] Z clip-space remap MISS on minecraft:pipeline/entity_outline_blit fragment: FLIP_VERTEX_Y pattern not found, z is NOT remapped to [0,1] (depth may be wrong)
19:07:11.803 [diag] Z clip-space remap MISS on minecraft:pipeline/secondary_block_outline fragment: FLIP_VERTEX_Y pattern not found, z is NOT remapped to [0,1] (depth may be wrong)
19:07:11.829 [diag] Z clip-space remap MISS on minecraft:pipeline/tripwire_block fragment: FLIP_VERTEX_Y pattern not found, z is NOT remapped to [0,1] (depth may be wrong)
19:07:11.854 [diag] Z clip-space remap MISS on minecraft:pipeline/dragon_rays fragment: FLIP_VERTEX_Y pattern not found, z is NOT remapped to [0,1] (depth may be wrong)
19:07:11.880 [diag] Z clip-space remap MISS on minecraft:pipeline/tracy_blit fragment: FLIP_VERTEX_Y pattern not found, z is NOT remapped to [0,1] (depth may be wrong)
19:07:11.905 [diag] Z clip-space remap MISS on minecraft:pipeline/gui_text_intensity fragment: FLIP_VERTEX_Y pattern not found, z is NOT remapped to [0,1] (depth may be wrong)
19:07:11.932 [diag] Z clip-space remap MISS on minecraft:pipeline/translucent_moving_block fragment: FLIP_VERTEX_Y pattern not found, z is NOT remapped to [0,1] (depth may be wrong)
19:07:11.959 [diag] Z clip-space remap MISS on minecraft:pipeline/end_portal fragment: FLIP_VERTEX_Y pattern not found, z is NOT remapped to [0,1] (depth may be wrong)
19:07:11.986 [diag] Z clip-space remap MISS on minecraft:pipeline/weather_depth_write fragment: FLIP_VERTEX_Y pattern not found, z is NOT remapped to [0,1] (depth may be wrong)
19:07:12.011 [diag] Z clip-space remap MISS on minecraft:pipeline/dragon_explosion_alpha fragment: FLIP_VERTEX_Y pattern not found, z is NOT remapped to [0,1] (depth may be wrong)
19:07:12.037 [diag] Z clip-space remap MISS on minecraft:pipeline/dragon_rays_depth fragment: FLIP_VERTEX_Y pattern not found, z is NOT remapped to [0,1] (depth may be wrong)
19:07:12.062 [diag] Z clip-space remap MISS on minecraft:pipeline/mojang_logo fragment: FLIP_VERTEX_Y pattern not found, z is NOT remapped to [0,1] (depth may be wrong)
19:07:12.087 [diag] Z clip-space remap MISS on minecraft:pipeline/debug_points fragment: FLIP_VERTEX_Y pattern not found, z is NOT remapped to [0,1] (depth may be wrong)
19:07:12.113 [diag] Z clip-space remap MISS on minecraft:pipeline/lines fragment: FLIP_VERTEX_Y pattern not found, z is NOT remapped to [0,1] (depth may be wrong)
19:07:12.139 [diag] Z clip-space remap MISS on minecraft:pipeline/entity_solid_offset_forward fragment: FLIP_VERTEX_Y pattern not found, z is NOT remapped to [0,1] (depth may be wrong)
19:07:12.164 [diag] Z clip-space remap MISS on minecraft:pipeline/debug_triangle_fan fragment: FLIP_VERTEX_Y pattern not found, z is NOT remapped to [0,1] (depth may be wrong)
19:07:12.190 [diag] Z clip-space remap MISS on minecraft:pipeline/armor_decal_cutout_no_cull fragment: FLIP_VERTEX_Y pattern not found, z is NOT remapped to [0,1] (depth may be wrong)
19:07:12.217 [diag] Z clip-space remap MISS on minecraft:pipeline/tripwire_terrain fragment: FLIP_VERTEX_Y pattern not found, z is NOT remapped to [0,1] (depth may be wrong)
19:07:12.242 [diag] Z clip-space remap MISS on minecraft:pipeline/crosshair fragment: FLIP_VERTEX_Y pattern not found, z is NOT remapped to [0,1] (depth may be wrong)
19:07:12.267 [diag] Z clip-space remap MISS on minecraft:pipeline/block_screen_effect fragment: FLIP_VERTEX_Y pattern not found, z is NOT remapped to [0,1] (depth may be wrong)
19:07:12.292 [diag] Z clip-space remap MISS on minecraft:pipeline/text_background fragment: FLIP_VERTEX_Y pattern not found, z is NOT remapped to [0,1] (depth may be wrong)
19:07:12.319 [diag] Z clip-space remap MISS on minecraft:pipeline/entity_decal fragment: FLIP_VERTEX_Y pattern not found, z is NOT remapped to [0,1] (depth may be wrong)
19:07:12.345 [diag] Z clip-space remap MISS on minecraft:pipeline/entity_translucent_emissive fragment: FLIP_VERTEX_Y pattern not found, z is NOT remapped to [0,1] (depth may be wrong)
19:07:12.372 [diag] Z clip-space remap MISS on minecraft:pipeline/wireframe fragment: FLIP_VERTEX_Y pattern not found, z is NOT remapped to [0,1] (depth may be wrong)
19:07:12.397 [diag] Z clip-space remap MISS on minecraft:pipeline/crumbling fragment: FLIP_VERTEX_Y pattern not found, z is NOT remapped to [0,1] (depth may be wrong)
19:07:12.423 [diag] Z clip-space remap MISS on minecraft:pipeline/entity_translucent fragment: FLIP_VERTEX_Y pattern not found, z is NOT remapped to [0,1] (depth may be wrong)
19:07:12.448 [diag] Z clip-space remap MISS on minecraft:pipeline/animate_sprite_interpolate fragment: FLIP_VERTEX_Y pattern not found, z is NOT remapped to [0,1] (depth may be wrong)
19:07:12.474 [diag] Z clip-space remap MISS on minecraft:pipeline/entity_no_outline fragment: FLIP_VERTEX_Y pattern not found, z is NOT remapped to [0,1] (depth may be wrong)
19:07:12.499 [diag] Z clip-space remap MISS on minecraft:pipeline/lightmap fragment: FLIP_VERTEX_Y pattern not found, z is NOT remapped to [0,1] (depth may be wrong)
19:07:12.524 [diag] Z clip-space remap MISS on minecraft:pipeline/energy_swirl fragment: FLIP_VERTEX_Y pattern not found, z is NOT remapped to [0,1] (depth may be wrong)
19:07:12.550 [diag] Z clip-space remap MISS on minecraft:pipeline/sky fragment: FLIP_VERTEX_Y pattern not found, z is NOT remapped to [0,1] (depth may be wrong)
19:07:12.575 [diag] Z clip-space remap MISS on minecraft:pipeline/cutout_block fragment: FLIP_VERTEX_Y pattern not found, z is NOT remapped to [0,1] (depth may be wrong)
19:07:12.600 [diag] Z clip-space remap MISS on minecraft:pipeline/gui_nausea_overlay fragment: FLIP_VERTEX_Y pattern not found, z is NOT remapped to [0,1] (depth may be wrong)
19:07:12.625 [diag] Z clip-space remap MISS on minecraft:pipeline/text_background_see_through fragment: FLIP_VERTEX_Y pattern not found, z is NOT remapped to [0,1] (depth may be wrong)
19:07:12.649 [diag] Z clip-space remap MISS on minecraft:pipeline/animate_sprite_blit fragment: FLIP_VERTEX_Y pattern not found, z is NOT remapped to [0,1] (depth may be wrong)
19:07:12.674 [diag] Z clip-space remap MISS on minecraft:pipeline/gui_invert fragment: FLIP_VERTEX_Y pattern not found, z is NOT remapped to [0,1] (depth may be wrong)
19:07:12.698 [diag] Z clip-space remap MISS on minecraft:pipeline/end_sky fragment: FLIP_VERTEX_Y pattern not found, z is NOT remapped to [0,1] (depth may be wrong)
19:07:12.723 [diag] Z clip-space remap MISS on minecraft:pipeline/item_entity_translucent_cull fragment: FLIP_VERTEX_Y pattern not found, z is NOT remapped to [0,1] (depth may be wrong)
19:07:12.748 [diag] Z clip-space remap MISS on minecraft:pipeline/text_intensity fragment: FLIP_VERTEX_Y pattern not found, z is NOT remapped to [0,1] (depth may be wrong)
19:07:12.775 [diag] Z clip-space remap MISS on minecraft:pipeline/end_gateway fragment: FLIP_VERTEX_Y pattern not found, z is NOT remapped to [0,1] (depth may be wrong)
19:07:12.800 [diag] Z clip-space remap MISS on minecraft:pipeline/fire_screen_effect fragment: FLIP_VERTEX_Y pattern not found, z is NOT remapped to [0,1] (depth may be wrong)
19:07:12.825 [diag] Z clip-space remap MISS on minecraft:pipeline/text_polygon_offset fragment: FLIP_VERTEX_Y pattern not found, z is NOT remapped to [0,1] (depth may be wrong)
19:07:12.853 [diag] Z clip-space remap MISS on minecraft:pipeline/weather_no_depth_write fragment: FLIP_VERTEX_Y pattern not found, z is NOT remapped to [0,1] (depth may be wrong)
19:07:12.878 [diag] Z clip-space remap MISS on minecraft:pipeline/debug_filled_box fragment: FLIP_VERTEX_Y pattern not found, z is NOT remapped to [0,1] (depth may be wrong)
19:07:12.902 [diag] Z clip-space remap MISS on minecraft:pipeline/gui_text_highlight fragment: FLIP_VERTEX_Y pattern not found, z is NOT remapped to [0,1] (depth may be wrong)
19:07:12.927 [diag] Z clip-space remap MISS on minecraft:pipeline/leash fragment: FLIP_VERTEX_Y pattern not found, z is NOT remapped to [0,1] (depth may be wrong)
19:07:12.952 [diag] Z clip-space remap MISS on minecraft:pipeline/beacon_beam_opaque fragment: FLIP_VERTEX_Y pattern not found, z is NOT remapped to [0,1] (depth may be wrong)
19:07:12.977 [diag] Z clip-space remap MISS on minecraft:pipeline/glint fragment: FLIP_VERTEX_Y pattern not found, z is NOT remapped to [0,1] (depth may be wrong)
19:07:13.003 [diag] Z clip-space remap MISS on minecraft:pipeline/clouds fragment: FLIP_VERTEX_Y pattern not found, z is NOT remapped to [0,1] (depth may be wrong)
19:07:13.027 [diag] Z clip-space remap MISS on minecraft:pipeline/vignette fragment: FLIP_VERTEX_Y pattern not found, z is NOT remapped to [0,1] (depth may be wrong)
19:07:13.053 [diag] Z clip-space remap MISS on minecraft:pipeline/cutout_terrain fragment: FLIP_VERTEX_Y pattern not found, z is NOT remapped to [0,1] (depth may be wrong)
19:07:13.079 [diag] Z clip-space remap MISS on minecraft:pipeline/solid_terrain fragment: FLIP_VERTEX_Y pattern not found, z is NOT remapped to [0,1] (depth may be wrong)
19:07:13.105 [diag] Z clip-space remap MISS on minecraft:pipeline/entity_smooth_cutout fragment: FLIP_VERTEX_Y pattern not found, z is NOT remapped to [0,1] (depth may be wrong)
19:07:13.130 [diag] Z clip-space remap MISS on minecraft:pipeline/translucent_particle fragment: FLIP_VERTEX_Y pattern not found, z is NOT remapped to [0,1] (depth may be wrong)
19:07:13.155 [diag] Z clip-space remap MISS on minecraft:pipeline/water_mask fragment: FLIP_VERTEX_Y pattern not found, z is NOT remapped to [0,1] (depth may be wrong)
19:07:13.179 [diag] Z clip-space remap MISS on minecraft:pipeline/outline_no_cull fragment: FLIP_VERTEX_Y pattern not found, z is NOT remapped to [0,1] (depth may be wrong)
19:07:13.203 [diag] Z clip-space remap MISS on minecraft:pipeline/text_intensity_see_through fragment: FLIP_VERTEX_Y pattern not found, z is NOT remapped to [0,1] (depth may be wrong)
19:07:13.228 [diag] Z clip-space remap MISS on minecraft:pipeline/text fragment: FLIP_VERTEX_Y pattern not found, z is NOT remapped to [0,1] (depth may be wrong)
19:07:13.253 [diag] Z clip-space remap MISS on minecraft:pipeline/sunrise_sunset fragment: FLIP_VERTEX_Y pattern not found, z is NOT remapped to [0,1] (depth may be wrong)
19:07:13.278 [diag] Z clip-space remap MISS on minecraft:pipeline/armor_translucent fragment: FLIP_VERTEX_Y pattern not found, z is NOT remapped to [0,1] (depth may be wrong)
19:07:13.302 [diag] Z clip-space remap MISS on minecraft:pipeline/gui_textured_premultiplied_alpha fragment: FLIP_VERTEX_Y pattern not found, z is NOT remapped to [0,1] (depth may be wrong)
19:07:13.327 [diag] Z clip-space remap MISS on minecraft:pipeline/entity_shadow fragment: FLIP_VERTEX_Y pattern not found, z is NOT remapped to [0,1] (depth may be wrong)
19:07:13.352 [diag] Z clip-space remap MISS on minecraft:pipeline/entity_cutout_no_cull fragment: FLIP_VERTEX_Y pattern not found, z is NOT remapped to [0,1] (depth may be wrong)
19:07:13.377 [diag] Z clip-space remap MISS on minecraft:pipeline/outline_cull fragment: FLIP_VERTEX_Y pattern not found, z is NOT remapped to [0,1] (depth may be wrong)
19:07:13.404 [diag] Z clip-space remap MISS on minecraft:pipeline/translucent_terrain fragment: FLIP_VERTEX_Y pattern not found, z is NOT remapped to [0,1] (depth may be wrong)
19:07:13.429 [diag] Z clip-space remap MISS on minecraft:pipeline/beacon_beam_translucent fragment: FLIP_VERTEX_Y pattern not found, z is NOT remapped to [0,1] (depth may be wrong)
19:07:13.454 [diag] Z clip-space remap MISS on minecraft:pipeline/breeze_wind fragment: FLIP_VERTEX_Y pattern not found, z is NOT remapped to [0,1] (depth may be wrong)
19:07:13.480 [diag] Z clip-space remap MISS on minecraft:pipeline/eyes fragment: FLIP_VERTEX_Y pattern not found, z is NOT remapped to [0,1] (depth may be wrong)
19:07:13.504 [diag] Z clip-space remap MISS on minecraft:pipeline/world_border fragment: FLIP_VERTEX_Y pattern not found, z is NOT remapped to [0,1] (depth may be wrong)
19:07:13.529 [diag] Z clip-space remap MISS on minecraft:pipeline/lines_translucent fragment: FLIP_VERTEX_Y pattern not found, z is NOT remapped to [0,1] (depth may be wrong)
19:07:13.554 [diag] Z clip-space remap MISS on minecraft:pipeline/armor_cutout_no_cull fragment: FLIP_VERTEX_Y pattern not found, z is NOT remapped to [0,1] (depth may be wrong)
19:07:13.579 [diag] Z clip-space remap MISS on minecraft:pipeline/text_see_through fragment: FLIP_VERTEX_Y pattern not found, z is NOT remapped to [0,1] (depth may be wrong)
19:07:13.603 [diag] Z clip-space remap MISS on minecraft:pipeline/debug_quads fragment: FLIP_VERTEX_Y pattern not found, z is NOT remapped to [0,1] (depth may be wrong)
19:07:13.628 [diag] Z clip-space remap MISS on minecraft:pipeline/lightning fragment: FLIP_VERTEX_Y pattern not found, z is NOT remapped to [0,1] (depth may be wrong)
19:07:13.654 [diag] Z clip-space remap MISS on minecraft:pipeline/solid_block fragment: FLIP_VERTEX_Y pattern not found, z is NOT remapped to [0,1] (depth may be wrong)
19:07:13.680 [diag] Z clip-space remap MISS on minecraft:pipeline/entity_solid fragment: FLIP_VERTEX_Y pattern not found, z is NOT remapped to [0,1] (depth may be wrong)
19:07:13.704 [diag] Z clip-space remap MISS on minecraft:pipeline/gui_opaque_textured_background fragment: FLIP_VERTEX_Y pattern not found, z is NOT remapped to [0,1] (depth may be wrong)
19:07:13.729 [diag] Z clip-space remap MISS on minecraft:pipeline/stars fragment: FLIP_VERTEX_Y pattern not found, z is NOT remapped to [0,1] (depth may be wrong)
19:07:13.753 [diag] Z clip-space remap MISS on minecraft:pipeline/celestial fragment: FLIP_VERTEX_Y pattern not found, z is NOT remapped to [0,1] (depth may be wrong)
19:07:13.777 [diag] Z clip-space remap MISS on minecraft:pipeline/gui fragment: FLIP_VERTEX_Y pattern not found, z is NOT remapped to [0,1] (depth may be wrong)
19:07:13.802 [diag] Z clip-space remap MISS on minecraft:pipeline/entity_cutout fragment: FLIP_VERTEX_Y pattern not found, z is NOT remapped to [0,1] (depth may be wrong)
19:07:13.827 [diag] Z clip-space remap MISS on minecraft:pipeline/gui_text fragment: FLIP_VERTEX_Y pattern not found, z is NOT remapped to [0,1] (depth may be wrong)
19:07:13.851 [diag] Z clip-space remap MISS on minecraft:pipeline/gui_textured fragment: FLIP_VERTEX_Y pattern not found, z is NOT remapped to [0,1] (depth may be wrong)
19:07:13.876 [diag] Z clip-space remap MISS on minecraft:pipeline/opaque_particle fragment: FLIP_VERTEX_Y pattern not found, z is NOT remapped to [0,1] (depth may be wrong)
19:07:13.917 createBuffer stack sample #1:
  knot//com.metallum.client.metal.render.MetalDevice.createBuffer(MetalDevice.java:149)
  knot//net.minecraft.class_1059.method_45848(class_1059.java:116)
  knot//net.minecraft.class_11697$class_11699.method_73035(class_11697.java:168)
  knot//net.minecraft.class_11697$class_11700.method_73039(class_11697.java:212)
  java.base/java.util.ArrayList.forEach(Unknown Source)
  knot//net.minecraft.class_11697$class_11700.method_73037(class_11697.java:212)
  knot//net.minecraft.class_11697.method_76671(class_11697.java:146)
  knot//net.minecraft.class_11697.method_73029(class_11697.java:142)
  java.base/java.util.concurrent.CompletableFuture$UniAccept.tryFire(Unknown Source)
  java.base/java.util.concurrent.CompletableFuture$Completion.run(Unknown Source)
  knot//net.minecraft.class_4014.method_67574(class_4014.java:59)
  knot//net.minecraft.class_1255.method_18859(class_1255.java:169)
19:07:13.930 createBuffer stack sample #2:
  knot//com.metallum.client.metal.render.MetalDevice.createBuffer(MetalDevice.java:149)
  knot//net.minecraft.class_1059.method_76314(class_1059.java:173)
  knot//net.minecraft.class_1059.method_45848(class_1059.java:135)
  knot//net.minecraft.class_11697$class_11699.method_73035(class_11697.java:168)
  knot//net.minecraft.class_11697$class_11700.method_73039(class_11697.java:212)
  java.base/java.util.ArrayList.forEach(Unknown Source)
  knot//net.minecraft.class_11697$class_11700.method_73037(class_11697.java:212)
  knot//net.minecraft.class_11697.method_76671(class_11697.java:146)
  knot//net.minecraft.class_11697.method_73029(class_11697.java:142)
  java.base/java.util.concurrent.CompletableFuture$UniAccept.tryFire(Unknown Source)
  java.base/java.util.concurrent.CompletableFuture$Completion.run(Unknown Source)
  knot//net.minecraft.class_4014.method_67574(class_4014.java:59)
19:07:13.934 createBuffer stack sample #3:
  knot//com.metallum.client.metal.render.MetalDevice.createBuffer(MetalDevice.java:149)
  knot//net.minecraft.class_1059.method_76314(class_1059.java:173)
  knot//net.minecraft.class_1059.method_45848(class_1059.java:135)
  knot//net.minecraft.class_11697$class_11699.method_73035(class_11697.java:168)
  knot//net.minecraft.class_11697$class_11700.method_73039(class_11697.java:212)
  java.base/java.util.ArrayList.forEach(Unknown Source)
  knot//net.minecraft.class_11697$class_11700.method_73037(class_11697.java:212)
  knot//net.minecraft.class_11697.method_76671(class_11697.java:146)
  knot//net.minecraft.class_11697.method_73029(class_11697.java:142)
  java.base/java.util.concurrent.CompletableFuture$UniAccept.tryFire(Unknown Source)
  java.base/java.util.concurrent.CompletableFuture$Completion.run(Unknown Source)
  knot//net.minecraft.class_4014.method_67574(class_4014.java:59)
19:07:13.952 createBuffer stack sample #4:
  knot//com.metallum.client.metal.render.MetalDevice.createBuffer(MetalDevice.java:149)
  knot//net.minecraft.class_1059.method_76314(class_1059.java:173)
  knot//net.minecraft.class_1059.method_45848(class_1059.java:135)
  knot//net.minecraft.class_11697$class_11699.method_73035(class_11697.java:168)
  knot//net.minecraft.class_11697$class_11700.method_73039(class_11697.java:212)
  java.base/java.util.ArrayList.forEach(Unknown Source)
  knot//net.minecraft.class_11697$class_11700.method_73037(class_11697.java:212)
  knot//net.minecraft.class_11697.method_76671(class_11697.java:146)
  knot//net.minecraft.class_11697.method_73029(class_11697.java:142)
  java.base/java.util.concurrent.CompletableFuture$UniAccept.tryFire(Unknown Source)
  java.base/java.util.concurrent.CompletableFuture$Completion.run(Unknown Source)
  knot//net.minecraft.class_4014.method_67574(class_4014.java:59)
19:07:13.957 createBuffer stack sample #5:
  knot//com.metallum.client.metal.render.MetalDevice.createBuffer(MetalDevice.java:149)
  knot//net.minecraft.class_1059.method_76314(class_1059.java:173)
  knot//net.minecraft.class_1059.method_45848(class_1059.java:135)
  knot//net.minecraft.class_11697$class_11699.method_73035(class_11697.java:168)
  knot//net.minecraft.class_11697$class_11700.method_73039(class_11697.java:212)
  java.base/java.util.ArrayList.forEach(Unknown Source)
  knot//net.minecraft.class_11697$class_11700.method_73037(class_11697.java:212)
  knot//net.minecraft.class_11697.method_76671(class_11697.java:146)
  knot//net.minecraft.class_11697.method_73029(class_11697.java:142)
  java.base/java.util.concurrent.CompletableFuture$UniAccept.tryFire(Unknown Source)
  java.base/java.util.concurrent.CompletableFuture$Completion.run(Unknown Source)
  knot//net.minecraft.class_4014.method_67574(class_4014.java:59)
19:07:15.981 frame_time fps=52.5 avg=19.06ms max=270.73ms gpuBehind=0
19:07:17.309 [diag] Z clip-space remap MISS on minecraft:blur/0 fragment: FLIP_VERTEX_Y pattern not found, z is NOT remapped to [0,1] (depth may be wrong)
19:07:17.336 [diag] Z clip-space remap MISS on minecraft:blur/1 fragment: FLIP_VERTEX_Y pattern not found, z is NOT remapped to [0,1] (depth may be wrong)
19:07:17.361 [diag] Z clip-space remap MISS on minecraft:blur/2 fragment: FLIP_VERTEX_Y pattern not found, z is NOT remapped to [0,1] (depth may be wrong)
19:07:17.386 [diag] Z clip-space remap MISS on minecraft:blur/3 fragment: FLIP_VERTEX_Y pattern not found, z is NOT remapped to [0,1] (depth may be wrong)
19:07:17.411 [diag] Z clip-space remap MISS on minecraft:blur/4 fragment: FLIP_VERTEX_Y pattern not found, z is NOT remapped to [0,1] (depth may be wrong)
19:07:17.436 [diag] Z clip-space remap MISS on minecraft:blur/5 fragment: FLIP_VERTEX_Y pattern not found, z is NOT remapped to [0,1] (depth may be wrong)
19:07:20.866 [diag] Z clip-space remap MISS on sodium/blocks/block_layer_opaque fragment: FLIP_VERTEX_Y pattern not found, z is NOT remapped to [0,1] (depth may be wrong)
19:07:20.899 [diag] Z clip-space remap MISS on sodium/blocks/block_layer_opaque fragment: FLIP_VERTEX_Y pattern not found, z is NOT remapped to [0,1] (depth may be wrong)
19:07:20.933 [diag] Z clip-space remap MISS on sodium/blocks/block_layer_opaque fragment: FLIP_VERTEX_Y pattern not found, z is NOT remapped to [0,1] (depth may be wrong)
19:07:21.039 frame_time fps=48.5 avg=20.61ms max=302.44ms gpuBehind=0
19:07:26.048 frame_time fps=53.5 avg=18.69ms max=118.82ms gpuBehind=0
19:07:31.063 frame_time fps=59.8 avg=16.72ms max=34.80ms gpuBehind=0
19:07:36.080 frame_time fps=60.0 avg=16.67ms max=19.49ms gpuBehind=0
19:07:41.096 frame_time fps=60.0 avg=16.67ms max=17.01ms gpuBehind=0
19:07:46.115 frame_time fps=59.8 avg=16.72ms max=30.22ms gpuBehind=0
19:07:51.129 frame_time fps=60.0 avg=16.67ms max=17.71ms gpuBehind=0
19:07:56.145 frame_time fps=60.0 avg=16.67ms max=17.30ms gpuBehind=0
19:08:01.162 frame_time fps=59.8 avg=16.72ms max=28.64ms gpuBehind=0
19:08:06.179 frame_time fps=59.8 avg=16.72ms max=35.17ms gpuBehind=0
19:08:10.977 buffers total=3352 | usage=0x82 count=51 req=0.0MB alloc=0.0MB | usage=0x22 count=60 req=0.8MB alloc=0.8MB | usage=0x102 count=3 req=2.0MB alloc=2.0MB | usage=0x2 count=1 req=0.4MB alloc=0.4MB | usage=0x3 count=40 req=43.2MB alloc=43.2MB | usage=0x14 count=2996 req=122.6MB alloc=122.6MB | usage=0x88 count=51 req=0.9MB alloc=0.9MB | usage=0x28 count=128 req=242.1MB alloc=242.1MB | usage=0x48 count=11 req=1.7MB alloc=1.7MB | usage=0x9 count=11 req=162.4MB alloc=162.4MB | sum count=3352 req=576.1MB alloc=576.1MB | poolHit=3199 poolMiss=3352 poolReturn=6308 poolHitRate=49%
19:08:11.194 frame_time fps=60.0 avg=16.67ms max=17.44ms gpuBehind=0
19:08:16.211 frame_time fps=60.0 avg=16.67ms max=22.06ms gpuBehind=0
19:08:21.227 frame_time fps=60.0 avg=16.66ms max=18.48ms gpuBehind=0
19:08:26.245 frame_time fps=59.6 avg=16.78ms max=38.40ms gpuBehind=0
19:08:31.259 frame_time fps=60.0 avg=16.67ms max=19.66ms gpuBehind=0
19:08:36.276 frame_time fps=58.6 avg=17.06ms max=59.21ms gpuBehind=0
19:08:41.293 frame_time fps=59.2 avg=16.89ms max=51.56ms gpuBehind=0
19:08:46.308 frame_time fps=59.8 avg=16.72ms max=29.96ms gpuBehind=0
19:08:51.308 frame_time fps=60.0 avg=16.67ms max=19.52ms gpuBehind=0
19:08:56.324 frame_time fps=60.0 avg=16.67ms max=18.86ms gpuBehind=0
19:09:01.342 frame_time fps=59.8 avg=16.72ms max=34.11ms gpuBehind=0
19:09:06.356 frame_time fps=60.0 avg=16.66ms max=21.66ms gpuBehind=0
==== Metallum diag start ====
20:05:33.698 [diag] Z clip-space remap MISS on minecraft:pipeline/gui fragment: FLIP_VERTEX_Y pattern not found, z is NOT remapped to [0,1] (depth may be wrong)
20:05:33.727 [diag] Z clip-space remap MISS on minecraft:pipeline/gui_textured fragment: FLIP_VERTEX_Y pattern not found, z is NOT remapped to [0,1] (depth may be wrong)
20:05:33.994 [diag] Z clip-space remap MISS on minecraft:pipeline/mojang_logo fragment: FLIP_VERTEX_Y pattern not found, z is NOT remapped to [0,1] (depth may be wrong)
20:05:34.005 buffers total=42 | usage=0x82 count=15 req=0.0MB alloc=0.0MB | usage=0x22 count=6 req=0.0MB alloc=0.0MB | usage=0x3 count=2 req=1.5MB alloc=1.5MB | usage=0x88 count=15 req=0.0MB alloc=0.0MB | usage=0x28 count=3 req=0.0MB alloc=0.0MB | usage=0x48 count=1 req=0.0MB alloc=0.0MB | sum count=42 req=1.5MB alloc=1.5MB | poolHit=0 poolMiss=42 poolReturn=0 poolHitRate=0%
20:05:34.772 [diag] Z clip-space remap MISS on minecraft:pipeline/text_polygon_offset fragment: FLIP_VERTEX_Y pattern not found, z is NOT remapped to [0,1] (depth may be wrong)
20:05:34.799 [diag] Z clip-space remap MISS on minecraft:pipeline/glint fragment: FLIP_VERTEX_Y pattern not found, z is NOT remapped to [0,1] (depth may be wrong)
20:05:34.825 [diag] Z clip-space remap MISS on minecraft:pipeline/world_border fragment: FLIP_VERTEX_Y pattern not found, z is NOT remapped to [0,1] (depth may be wrong)
20:05:34.851 [diag] Z clip-space remap MISS on minecraft:pipeline/celestial fragment: FLIP_VERTEX_Y pattern not found, z is NOT remapped to [0,1] (depth may be wrong)
20:05:34.876 [diag] Z clip-space remap MISS on minecraft:pipeline/text_see_through fragment: FLIP_VERTEX_Y pattern not found, z is NOT remapped to [0,1] (depth may be wrong)
20:05:34.902 [diag] Z clip-space remap MISS on minecraft:pipeline/outline_cull fragment: FLIP_VERTEX_Y pattern not found, z is NOT remapped to [0,1] (depth may be wrong)
20:05:34.928 [diag] Z clip-space remap MISS on minecraft:pipeline/clouds fragment: FLIP_VERTEX_Y pattern not found, z is NOT remapped to [0,1] (depth may be wrong)
20:05:34.955 [diag] Z clip-space remap MISS on minecraft:pipeline/entity_cutout fragment: FLIP_VERTEX_Y pattern not found, z is NOT remapped to [0,1] (depth may be wrong)
20:05:34.980 [diag] Z clip-space remap MISS on minecraft:pipeline/gui_invert fragment: FLIP_VERTEX_Y pattern not found, z is NOT remapped to [0,1] (depth may be wrong)
20:05:35.007 [diag] Z clip-space remap MISS on minecraft:pipeline/entity_decal fragment: FLIP_VERTEX_Y pattern not found, z is NOT remapped to [0,1] (depth may be wrong)
20:05:35.032 [diag] Z clip-space remap MISS on minecraft:pipeline/end_sky fragment: FLIP_VERTEX_Y pattern not found, z is NOT remapped to [0,1] (depth may be wrong)
20:05:35.059 [diag] Z clip-space remap MISS on minecraft:pipeline/end_portal fragment: FLIP_VERTEX_Y pattern not found, z is NOT remapped to [0,1] (depth may be wrong)
20:05:35.086 [diag] Z clip-space remap MISS on minecraft:pipeline/dragon_rays_depth fragment: FLIP_VERTEX_Y pattern not found, z is NOT remapped to [0,1] (depth may be wrong)
20:05:35.113 [diag] Z clip-space remap MISS on minecraft:pipeline/item_entity_translucent_cull fragment: FLIP_VERTEX_Y pattern not found, z is NOT remapped to [0,1] (depth may be wrong)
20:05:35.139 [diag] Z clip-space remap MISS on minecraft:pipeline/fire_screen_effect fragment: FLIP_VERTEX_Y pattern not found, z is NOT remapped to [0,1] (depth may be wrong)
20:05:35.165 [diag] Z clip-space remap MISS on minecraft:pipeline/beacon_beam_opaque fragment: FLIP_VERTEX_Y pattern not found, z is NOT remapped to [0,1] (depth may be wrong)
20:05:35.190 [diag] Z clip-space remap MISS on minecraft:pipeline/text fragment: FLIP_VERTEX_Y pattern not found, z is NOT remapped to [0,1] (depth may be wrong)
20:05:35.215 [diag] Z clip-space remap MISS on minecraft:pipeline/debug_triangle_fan fragment: FLIP_VERTEX_Y pattern not found, z is NOT remapped to [0,1] (depth may be wrong)
20:05:35.240 [diag] Z clip-space remap MISS on minecraft:pipeline/gui_text_intensity fragment: FLIP_VERTEX_Y pattern not found, z is NOT remapped to [0,1] (depth may be wrong)
20:05:35.267 [diag] Z clip-space remap MISS on minecraft:pipeline/cutout_terrain fragment: FLIP_VERTEX_Y pattern not found, z is NOT remapped to [0,1] (depth may be wrong)
20:05:35.293 [diag] Z clip-space remap MISS on minecraft:pipeline/gui_nausea_overlay fragment: FLIP_VERTEX_Y pattern not found, z is NOT remapped to [0,1] (depth may be wrong)
20:05:35.319 [diag] Z clip-space remap MISS on minecraft:pipeline/entity_solid fragment: FLIP_VERTEX_Y pattern not found, z is NOT remapped to [0,1] (depth may be wrong)
20:05:35.343 [diag] Z clip-space remap MISS on minecraft:pipeline/panorama fragment: FLIP_VERTEX_Y pattern not found, z is NOT remapped to [0,1] (depth may be wrong)
20:05:35.368 [diag] Z clip-space remap MISS on minecraft:pipeline/text_intensity_see_through fragment: FLIP_VERTEX_Y pattern not found, z is NOT remapped to [0,1] (depth may be wrong)
20:05:35.393 [diag] Z clip-space remap MISS on minecraft:pipeline/text_background_see_through fragment: FLIP_VERTEX_Y pattern not found, z is NOT remapped to [0,1] (depth may be wrong)
20:05:35.419 [diag] Z clip-space remap MISS on minecraft:pipeline/breeze_wind fragment: FLIP_VERTEX_Y pattern not found, z is NOT remapped to [0,1] (depth may be wrong)
20:05:35.445 [diag] Z clip-space remap MISS on minecraft:pipeline/wireframe fragment: FLIP_VERTEX_Y pattern not found, z is NOT remapped to [0,1] (depth may be wrong)
20:05:35.471 [diag] Z clip-space remap MISS on minecraft:pipeline/lightmap fragment: FLIP_VERTEX_Y pattern not found, z is NOT remapped to [0,1] (depth may be wrong)
20:05:35.498 [diag] Z clip-space remap MISS on minecraft:pipeline/eyes fragment: FLIP_VERTEX_Y pattern not found, z is NOT remapped to [0,1] (depth may be wrong)
20:05:35.523 [diag] Z clip-space remap MISS on minecraft:pipeline/gui_textured_premultiplied_alpha fragment: FLIP_VERTEX_Y pattern not found, z is NOT remapped to [0,1] (depth may be wrong)
20:05:35.548 [diag] Z clip-space remap MISS on minecraft:pipeline/tripwire_block fragment: FLIP_VERTEX_Y pattern not found, z is NOT remapped to [0,1] (depth may be wrong)
20:05:35.574 [diag] Z clip-space remap MISS on minecraft:pipeline/armor_cutout_no_cull fragment: FLIP_VERTEX_Y pattern not found, z is NOT remapped to [0,1] (depth may be wrong)
20:05:35.599 [diag] Z clip-space remap MISS on minecraft:pipeline/sunrise_sunset fragment: FLIP_VERTEX_Y pattern not found, z is NOT remapped to [0,1] (depth may be wrong)
20:05:35.624 [diag] Z clip-space remap MISS on minecraft:pipeline/gui_text_highlight fragment: FLIP_VERTEX_Y pattern not found, z is NOT remapped to [0,1] (depth may be wrong)
20:05:35.649 [diag] Z clip-space remap MISS on minecraft:pipeline/text_background fragment: FLIP_VERTEX_Y pattern not found, z is NOT remapped to [0,1] (depth may be wrong)
20:05:35.674 [diag] Z clip-space remap MISS on minecraft:pipeline/outline_no_cull fragment: FLIP_VERTEX_Y pattern not found, z is NOT remapped to [0,1] (depth may be wrong)
20:05:35.701 [diag] Z clip-space remap MISS on minecraft:pipeline/beacon_beam_translucent fragment: FLIP_VERTEX_Y pattern not found, z is NOT remapped to [0,1] (depth may be wrong)
20:05:35.726 [diag] Z clip-space remap MISS on minecraft:pipeline/entity_shadow fragment: FLIP_VERTEX_Y pattern not found, z is NOT remapped to [0,1] (depth may be wrong)
20:05:35.752 [diag] Z clip-space remap MISS on minecraft:pipeline/animate_sprite_blit fragment: FLIP_VERTEX_Y pattern not found, z is NOT remapped to [0,1] (depth may be wrong)
20:05:35.777 [diag] Z clip-space remap MISS on minecraft:pipeline/animate_sprite_interpolate fragment: FLIP_VERTEX_Y pattern not found, z is NOT remapped to [0,1] (depth may be wrong)
20:05:35.803 [diag] Z clip-space remap MISS on minecraft:pipeline/secondary_block_outline fragment: FLIP_VERTEX_Y pattern not found, z is NOT remapped to [0,1] (depth may be wrong)
20:05:35.828 [diag] Z clip-space remap MISS on minecraft:pipeline/gui_text fragment: FLIP_VERTEX_Y pattern not found, z is NOT remapped to [0,1] (depth may be wrong)
20:05:35.853 [diag] Z clip-space remap MISS on minecraft:pipeline/gui_textured fragment: FLIP_VERTEX_Y pattern not found, z is NOT remapped to [0,1] (depth may be wrong)
20:05:35.878 [diag] Z clip-space remap MISS on minecraft:pipeline/lines_translucent fragment: FLIP_VERTEX_Y pattern not found, z is NOT remapped to [0,1] (depth may be wrong)
20:05:35.903 [diag] Z clip-space remap MISS on minecraft:pipeline/dragon_explosion_alpha fragment: FLIP_VERTEX_Y pattern not found, z is NOT remapped to [0,1] (depth may be wrong)
20:05:35.929 [diag] Z clip-space remap MISS on minecraft:pipeline/end_gateway fragment: FLIP_VERTEX_Y pattern not found, z is NOT remapped to [0,1] (depth may be wrong)
20:05:35.955 [diag] Z clip-space remap MISS on minecraft:pipeline/entity_translucent_emissive fragment: FLIP_VERTEX_Y pattern not found, z is NOT remapped to [0,1] (depth may be wrong)
20:05:35.980 [diag] Z clip-space remap MISS on minecraft:pipeline/translucent_particle fragment: FLIP_VERTEX_Y pattern not found, z is NOT remapped to [0,1] (depth may be wrong)
20:05:36.007 [diag] Z clip-space remap MISS on minecraft:pipeline/entity_cutout_no_cull fragment: FLIP_VERTEX_Y pattern not found, z is NOT remapped to [0,1] (depth may be wrong)
20:05:36.032 [diag] Z clip-space remap MISS on minecraft:pipeline/armor_decal_cutout_no_cull fragment: FLIP_VERTEX_Y pattern not found, z is NOT remapped to [0,1] (depth may be wrong)
20:05:36.057 [diag] Z clip-space remap MISS on minecraft:pipeline/debug_quads fragment: FLIP_VERTEX_Y pattern not found, z is NOT remapped to [0,1] (depth may be wrong)
20:05:36.083 [diag] Z clip-space remap MISS on minecraft:pipeline/entity_translucent fragment: FLIP_VERTEX_Y pattern not found, z is NOT remapped to [0,1] (depth may be wrong)
20:05:36.109 [diag] Z clip-space remap MISS on minecraft:pipeline/translucent_terrain fragment: FLIP_VERTEX_Y pattern not found, z is NOT remapped to [0,1] (depth may be wrong)
20:05:36.135 [diag] Z clip-space remap MISS on minecraft:pipeline/weather_no_depth_write fragment: FLIP_VERTEX_Y pattern not found, z is NOT remapped to [0,1] (depth may be wrong)
20:05:36.161 [diag] Z clip-space remap MISS on minecraft:pipeline/tripwire_terrain fragment: FLIP_VERTEX_Y pattern not found, z is NOT remapped to [0,1] (depth may be wrong)
20:05:36.186 [diag] Z clip-space remap MISS on minecraft:pipeline/lines fragment: FLIP_VERTEX_Y pattern not found, z is NOT remapped to [0,1] (depth may be wrong)
20:05:36.211 [diag] Z clip-space remap MISS on minecraft:pipeline/entity_solid_offset_forward fragment: FLIP_VERTEX_Y pattern not found, z is NOT remapped to [0,1] (depth may be wrong)
20:05:36.237 [diag] Z clip-space remap MISS on minecraft:pipeline/solid_block fragment: FLIP_VERTEX_Y pattern not found, z is NOT remapped to [0,1] (depth may be wrong)
20:05:36.262 [diag] Z clip-space remap MISS on minecraft:pipeline/entity_smooth_cutout fragment: FLIP_VERTEX_Y pattern not found, z is NOT remapped to [0,1] (depth may be wrong)
20:05:36.287 [diag] Z clip-space remap MISS on minecraft:pipeline/vignette fragment: FLIP_VERTEX_Y pattern not found, z is NOT remapped to [0,1] (depth may be wrong)
20:05:36.312 [diag] Z clip-space remap MISS on minecraft:pipeline/entity_no_outline fragment: FLIP_VERTEX_Y pattern not found, z is NOT remapped to [0,1] (depth may be wrong)
20:05:36.338 [diag] Z clip-space remap MISS on minecraft:pipeline/energy_swirl fragment: FLIP_VERTEX_Y pattern not found, z is NOT remapped to [0,1] (depth may be wrong)
20:05:36.362 [diag] Z clip-space remap MISS on minecraft:pipeline/gui fragment: FLIP_VERTEX_Y pattern not found, z is NOT remapped to [0,1] (depth may be wrong)
20:05:36.387 [diag] Z clip-space remap MISS on minecraft:pipeline/flat_clouds fragment: FLIP_VERTEX_Y pattern not found, z is NOT remapped to [0,1] (depth may be wrong)
20:05:36.412 [diag] Z clip-space remap MISS on minecraft:pipeline/water_mask fragment: FLIP_VERTEX_Y pattern not found, z is NOT remapped to [0,1] (depth may be wrong)
20:05:36.436 [diag] Z clip-space remap MISS on minecraft:pipeline/debug_filled_box fragment: FLIP_VERTEX_Y pattern not found, z is NOT remapped to [0,1] (depth may be wrong)
20:05:36.461 [diag] Z clip-space remap MISS on minecraft:pipeline/dragon_rays fragment: FLIP_VERTEX_Y pattern not found, z is NOT remapped to [0,1] (depth may be wrong)
20:05:36.486 [diag] Z clip-space remap MISS on minecraft:pipeline/entity_outline_blit fragment: FLIP_VERTEX_Y pattern not found, z is NOT remapped to [0,1] (depth may be wrong)
20:05:36.510 [diag] Z clip-space remap MISS on minecraft:pipeline/lightning fragment: FLIP_VERTEX_Y pattern not found, z is NOT remapped to [0,1] (depth may be wrong)
20:05:36.535 [diag] Z clip-space remap MISS on minecraft:pipeline/leash fragment: FLIP_VERTEX_Y pattern not found, z is NOT remapped to [0,1] (depth may be wrong)
20:05:36.560 [diag] Z clip-space remap MISS on minecraft:pipeline/sky fragment: FLIP_VERTEX_Y pattern not found, z is NOT remapped to [0,1] (depth may be wrong)
20:05:36.585 [diag] Z clip-space remap MISS on minecraft:pipeline/tracy_blit fragment: FLIP_VERTEX_Y pattern not found, z is NOT remapped to [0,1] (depth may be wrong)
20:05:36.611 [diag] Z clip-space remap MISS on minecraft:pipeline/stars fragment: FLIP_VERTEX_Y pattern not found, z is NOT remapped to [0,1] (depth may be wrong)
20:05:36.638 [diag] Z clip-space remap MISS on minecraft:pipeline/entity_cutout_no_cull_z_offset fragment: FLIP_VERTEX_Y pattern not found, z is NOT remapped to [0,1] (depth may be wrong)
20:05:36.666 [diag] Z clip-space remap MISS on minecraft:pipeline/solid_terrain fragment: FLIP_VERTEX_Y pattern not found, z is NOT remapped to [0,1] (depth may be wrong)
20:05:36.692 [diag] Z clip-space remap MISS on minecraft:pipeline/mojang_logo fragment: FLIP_VERTEX_Y pattern not found, z is NOT remapped to [0,1] (depth may be wrong)
20:05:36.717 [diag] Z clip-space remap MISS on minecraft:pipeline/armor_translucent fragment: FLIP_VERTEX_Y pattern not found, z is NOT remapped to [0,1] (depth may be wrong)
20:05:36.743 [diag] Z clip-space remap MISS on minecraft:pipeline/weather_depth_write fragment: FLIP_VERTEX_Y pattern not found, z is NOT remapped to [0,1] (depth may be wrong)
20:05:36.767 [diag] Z clip-space remap MISS on minecraft:pipeline/debug_points fragment: FLIP_VERTEX_Y pattern not found, z is NOT remapped to [0,1] (depth may be wrong)
20:05:36.793 [diag] Z clip-space remap MISS on minecraft:pipeline/translucent_moving_block fragment: FLIP_VERTEX_Y pattern not found, z is NOT remapped to [0,1] (depth may be wrong)
20:05:36.819 [diag] Z clip-space remap MISS on minecraft:pipeline/crumbling fragment: FLIP_VERTEX_Y pattern not found, z is NOT remapped to [0,1] (depth may be wrong)
20:05:36.844 [diag] Z clip-space remap MISS on minecraft:pipeline/cutout_block fragment: FLIP_VERTEX_Y pattern not found, z is NOT remapped to [0,1] (depth may be wrong)
20:05:36.868 [diag] Z clip-space remap MISS on minecraft:pipeline/gui_opaque_textured_background fragment: FLIP_VERTEX_Y pattern not found, z is NOT remapped to [0,1] (depth may be wrong)
20:05:36.893 [diag] Z clip-space remap MISS on minecraft:pipeline/opaque_particle fragment: FLIP_VERTEX_Y pattern not found, z is NOT remapped to [0,1] (depth may be wrong)
20:05:36.918 [diag] Z clip-space remap MISS on minecraft:pipeline/text_intensity fragment: FLIP_VERTEX_Y pattern not found, z is NOT remapped to [0,1] (depth may be wrong)
20:05:36.942 [diag] Z clip-space remap MISS on minecraft:pipeline/block_screen_effect fragment: FLIP_VERTEX_Y pattern not found, z is NOT remapped to [0,1] (depth may be wrong)
20:05:36.967 [diag] Z clip-space remap MISS on minecraft:pipeline/crosshair fragment: FLIP_VERTEX_Y pattern not found, z is NOT remapped to [0,1] (depth may be wrong)
20:05:37.005 createBuffer stack sample #1:
  knot//com.metallum.client.metal.render.MetalDevice.createBuffer(MetalDevice.java:149)
  knot//net.minecraft.class_1059.method_45848(class_1059.java:116)
  knot//net.minecraft.class_11697$class_11699.method_73035(class_11697.java:168)
  knot//net.minecraft.class_11697$class_11700.method_73039(class_11697.java:212)
  java.base/java.util.ArrayList.forEach(Unknown Source)
  knot//net.minecraft.class_11697$class_11700.method_73037(class_11697.java:212)
  knot//net.minecraft.class_11697.method_76671(class_11697.java:146)
  knot//net.minecraft.class_11697.method_73029(class_11697.java:142)
  java.base/java.util.concurrent.CompletableFuture$UniAccept.tryFire(Unknown Source)
  java.base/java.util.concurrent.CompletableFuture$Completion.run(Unknown Source)
  knot//net.minecraft.class_4014.method_67574(class_4014.java:59)
  knot//net.minecraft.class_1255.method_18859(class_1255.java:169)
20:05:37.018 createBuffer stack sample #2:
  knot//com.metallum.client.metal.render.MetalDevice.createBuffer(MetalDevice.java:149)
  knot//net.minecraft.class_1059.method_76314(class_1059.java:173)
  knot//net.minecraft.class_1059.method_45848(class_1059.java:135)
  knot//net.minecraft.class_11697$class_11699.method_73035(class_11697.java:168)
  knot//net.minecraft.class_11697$class_11700.method_73039(class_11697.java:212)
  java.base/java.util.ArrayList.forEach(Unknown Source)
  knot//net.minecraft.class_11697$class_11700.method_73037(class_11697.java:212)
  knot//net.minecraft.class_11697.method_76671(class_11697.java:146)
  knot//net.minecraft.class_11697.method_73029(class_11697.java:142)
  java.base/java.util.concurrent.CompletableFuture$UniAccept.tryFire(Unknown Source)
  java.base/java.util.concurrent.CompletableFuture$Completion.run(Unknown Source)
  knot//net.minecraft.class_4014.method_67574(class_4014.java:59)
20:05:37.022 createBuffer stack sample #3:
  knot//com.metallum.client.metal.render.MetalDevice.createBuffer(MetalDevice.java:149)
  knot//net.minecraft.class_1059.method_76314(class_1059.java:173)
  knot//net.minecraft.class_1059.method_45848(class_1059.java:135)
  knot//net.minecraft.class_11697$class_11699.method_73035(class_11697.java:168)
  knot//net.minecraft.class_11697$class_11700.method_73039(class_11697.java:212)
  java.base/java.util.ArrayList.forEach(Unknown Source)
  knot//net.minecraft.class_11697$class_11700.method_73037(class_11697.java:212)
  knot//net.minecraft.class_11697.method_76671(class_11697.java:146)
  knot//net.minecraft.class_11697.method_73029(class_11697.java:142)
  java.base/java.util.concurrent.CompletableFuture$UniAccept.tryFire(Unknown Source)
  java.base/java.util.concurrent.CompletableFuture$Completion.run(Unknown Source)
  knot//net.minecraft.class_4014.method_67574(class_4014.java:59)
20:05:37.039 createBuffer stack sample #4:
  knot//com.metallum.client.metal.render.MetalDevice.createBuffer(MetalDevice.java:149)
  knot//net.minecraft.class_1059.method_76314(class_1059.java:173)
  knot//net.minecraft.class_1059.method_45848(class_1059.java:135)
  knot//net.minecraft.class_11697$class_11699.method_73035(class_11697.java:168)
  knot//net.minecraft.class_11697$class_11700.method_73039(class_11697.java:212)
  java.base/java.util.ArrayList.forEach(Unknown Source)
  knot//net.minecraft.class_11697$class_11700.method_73037(class_11697.java:212)
  knot//net.minecraft.class_11697.method_76671(class_11697.java:146)
  knot//net.minecraft.class_11697.method_73029(class_11697.java:142)
  java.base/java.util.concurrent.CompletableFuture$UniAccept.tryFire(Unknown Source)
  java.base/java.util.concurrent.CompletableFuture$Completion.run(Unknown Source)
  knot//net.minecraft.class_4014.method_67574(class_4014.java:59)
20:05:37.044 createBuffer stack sample #5:
  knot//com.metallum.client.metal.render.MetalDevice.createBuffer(MetalDevice.java:149)
  knot//net.minecraft.class_1059.method_76314(class_1059.java:173)
  knot//net.minecraft.class_1059.method_45848(class_1059.java:135)
  knot//net.minecraft.class_11697$class_11699.method_73035(class_11697.java:168)
  knot//net.minecraft.class_11697$class_11700.method_73039(class_11697.java:212)
  java.base/java.util.ArrayList.forEach(Unknown Source)
  knot//net.minecraft.class_11697$class_11700.method_73037(class_11697.java:212)
  knot//net.minecraft.class_11697.method_76671(class_11697.java:146)
  knot//net.minecraft.class_11697.method_73029(class_11697.java:142)
  java.base/java.util.concurrent.CompletableFuture$UniAccept.tryFire(Unknown Source)
  java.base/java.util.concurrent.CompletableFuture$Completion.run(Unknown Source)
  knot//net.minecraft.class_4014.method_67574(class_4014.java:59)
20:05:39.012 frame_time fps=53.5 avg=18.70ms max=257.05ms gpuBehind=0
20:05:41.100 [diag] Z clip-space remap MISS on minecraft:blur/0 fragment: FLIP_VERTEX_Y pattern not found, z is NOT remapped to [0,1] (depth may be wrong)
20:05:41.128 [diag] Z clip-space remap MISS on minecraft:blur/1 fragment: FLIP_VERTEX_Y pattern not found, z is NOT remapped to [0,1] (depth may be wrong)
20:05:41.155 [diag] Z clip-space remap MISS on minecraft:blur/2 fragment: FLIP_VERTEX_Y pattern not found, z is NOT remapped to [0,1] (depth may be wrong)
20:05:41.181 [diag] Z clip-space remap MISS on minecraft:blur/3 fragment: FLIP_VERTEX_Y pattern not found, z is NOT remapped to [0,1] (depth may be wrong)
20:05:41.207 [diag] Z clip-space remap MISS on minecraft:blur/4 fragment: FLIP_VERTEX_Y pattern not found, z is NOT remapped to [0,1] (depth may be wrong)
20:05:41.234 [diag] Z clip-space remap MISS on minecraft:blur/5 fragment: FLIP_VERTEX_Y pattern not found, z is NOT remapped to [0,1] (depth may be wrong)
20:05:44.028 frame_time fps=54.6 avg=18.31ms max=189.63ms gpuBehind=0
20:05:44.463 [diag] Z clip-space remap MISS on sodium/blocks/block_layer_opaque fragment: FLIP_VERTEX_Y pattern not found, z is NOT remapped to [0,1] (depth may be wrong)
20:05:44.504 [diag] Z clip-space remap MISS on sodium/blocks/block_layer_opaque fragment: FLIP_VERTEX_Y pattern not found, z is NOT remapped to [0,1] (depth may be wrong)
20:05:44.542 [diag] Z clip-space remap MISS on sodium/blocks/block_layer_opaque fragment: FLIP_VERTEX_Y pattern not found, z is NOT remapped to [0,1] (depth may be wrong)
20:05:49.045 frame_time fps=48.6 avg=20.56ms max=313.60ms gpuBehind=0
20:05:54.060 frame_time fps=60.0 avg=16.66ms max=23.07ms gpuBehind=0
20:05:59.077 frame_time fps=59.8 avg=16.72ms max=35.57ms gpuBehind=0
20:06:04.093 frame_time fps=60.0 avg=16.67ms max=22.01ms gpuBehind=0
20:06:09.109 frame_time fps=60.0 avg=16.67ms max=26.09ms gpuBehind=0
20:06:14.125 frame_time fps=59.8 avg=16.72ms max=35.02ms gpuBehind=0
20:06:19.145 frame_time fps=59.4 avg=16.84ms max=48.96ms gpuBehind=0
20:06:24.159 frame_time fps=60.0 avg=16.66ms max=19.46ms gpuBehind=0
20:06:29.174 frame_time fps=60.0 avg=16.66ms max=18.70ms gpuBehind=0
20:06:34.008 buffers total=3213 | usage=0x82 count=51 req=0.0MB alloc=0.0MB | usage=0x22 count=33 req=0.7MB alloc=0.7MB | usage=0x102 count=3 req=2.0MB alloc=2.0MB | usage=0x2 count=1 req=0.4MB alloc=0.4MB | usage=0x3 count=41 req=43.7MB alloc=43.7MB | usage=0x14 count=2877 req=120.6MB alloc=120.6MB | usage=0x88 count=51 req=0.9MB alloc=0.9MB | usage=0x28 count=141 req=301.4MB alloc=301.4MB | usage=0x48 count=8 req=1.7MB alloc=1.7MB | usage=0x9 count=7 req=103.4MB alloc=103.4MB | sum count=3213 req=574.8MB alloc=574.8MB | poolHit=3189 poolMiss=3213 poolReturn=6148 poolHitRate=50%
20:06:34.190 frame_time fps=60.0 avg=16.66ms max=26.51ms gpuBehind=0
20:06:39.207 frame_time fps=59.8 avg=16.72ms max=33.39ms gpuBehind=0
20:06:44.223 frame_time fps=60.0 avg=16.66ms max=18.95ms gpuBehind=0
20:06:49.241 frame_time fps=59.8 avg=16.72ms max=29.72ms gpuBehind=0
20:06:54.256 frame_time fps=60.0 avg=16.67ms max=19.13ms gpuBehind=0
20:06:59.275 frame_time fps=60.0 avg=16.67ms max=26.17ms gpuBehind=0
20:07:04.274 frame_time fps=59.8 avg=16.72ms max=33.30ms gpuBehind=0
20:07:09.288 frame_time fps=60.0 avg=16.66ms max=20.06ms gpuBehind=0
==== Metallum diag start ====
21:54:24.656 [diag] Z clip-space remap MISS on minecraft:pipeline/gui fragment: FLIP_VERTEX_Y pattern not found, z is NOT remapped to [0,1] (depth may be wrong)
21:54:24.685 [diag] Z clip-space remap MISS on minecraft:pipeline/gui_textured fragment: FLIP_VERTEX_Y pattern not found, z is NOT remapped to [0,1] (depth may be wrong)
21:54:24.857 [diag] Z clip-space remap MISS on minecraft:pipeline/mojang_logo fragment: FLIP_VERTEX_Y pattern not found, z is NOT remapped to [0,1] (depth may be wrong)
21:54:24.869 buffers total=42 | usage=0x82 count=15 req=0.0MB alloc=0.0MB | usage=0x22 count=6 req=0.0MB alloc=0.0MB | usage=0x3 count=2 req=1.5MB alloc=1.5MB | usage=0x88 count=15 req=0.0MB alloc=0.0MB | usage=0x28 count=3 req=0.0MB alloc=0.0MB | usage=0x48 count=1 req=0.0MB alloc=0.0MB | sum count=42 req=1.5MB alloc=1.5MB | poolHit=0 poolMiss=42 poolReturn=0 poolHitRate=0%
21:54:25.669 [diag] Z clip-space remap MISS on minecraft:pipeline/energy_swirl fragment: FLIP_VERTEX_Y pattern not found, z is NOT remapped to [0,1] (depth may be wrong)
21:54:25.699 [diag] Z clip-space remap MISS on minecraft:pipeline/item_entity_translucent_cull fragment: FLIP_VERTEX_Y pattern not found, z is NOT remapped to [0,1] (depth may be wrong)
21:54:25.726 [diag] Z clip-space remap MISS on minecraft:pipeline/entity_shadow fragment: FLIP_VERTEX_Y pattern not found, z is NOT remapped to [0,1] (depth may be wrong)
21:54:25.751 [diag] Z clip-space remap MISS on minecraft:pipeline/tracy_blit fragment: FLIP_VERTEX_Y pattern not found, z is NOT remapped to [0,1] (depth may be wrong)
21:54:25.776 [diag] Z clip-space remap MISS on minecraft:pipeline/end_sky fragment: FLIP_VERTEX_Y pattern not found, z is NOT remapped to [0,1] (depth may be wrong)
21:54:25.802 [diag] Z clip-space remap MISS on minecraft:pipeline/entity_smooth_cutout fragment: FLIP_VERTEX_Y pattern not found, z is NOT remapped to [0,1] (depth may be wrong)
21:54:25.829 [diag] Z clip-space remap MISS on minecraft:pipeline/end_gateway fragment: FLIP_VERTEX_Y pattern not found, z is NOT remapped to [0,1] (depth may be wrong)
21:54:25.855 [diag] Z clip-space remap MISS on minecraft:pipeline/gui_nausea_overlay fragment: FLIP_VERTEX_Y pattern not found, z is NOT remapped to [0,1] (depth may be wrong)
21:54:25.880 [diag] Z clip-space remap MISS on minecraft:pipeline/gui_invert fragment: FLIP_VERTEX_Y pattern not found, z is NOT remapped to [0,1] (depth may be wrong)
21:54:25.905 [diag] Z clip-space remap MISS on minecraft:pipeline/gui_textured fragment: FLIP_VERTEX_Y pattern not found, z is NOT remapped to [0,1] (depth may be wrong)
21:54:25.931 [diag] Z clip-space remap MISS on minecraft:pipeline/entity_decal fragment: FLIP_VERTEX_Y pattern not found, z is NOT remapped to [0,1] (depth may be wrong)
21:54:25.957 [diag] Z clip-space remap MISS on minecraft:pipeline/text_intensity fragment: FLIP_VERTEX_Y pattern not found, z is NOT remapped to [0,1] (depth may be wrong)
21:54:25.983 [diag] Z clip-space remap MISS on minecraft:pipeline/debug_points fragment: FLIP_VERTEX_Y pattern not found, z is NOT remapped to [0,1] (depth may be wrong)
21:54:26.009 [diag] Z clip-space remap MISS on minecraft:pipeline/armor_cutout_no_cull fragment: FLIP_VERTEX_Y pattern not found, z is NOT remapped to [0,1] (depth may be wrong)
21:54:26.034 [diag] Z clip-space remap MISS on minecraft:pipeline/entity_outline_blit fragment: FLIP_VERTEX_Y pattern not found, z is NOT remapped to [0,1] (depth may be wrong)
21:54:26.059 [diag] Z clip-space remap MISS on minecraft:pipeline/weather_depth_write fragment: FLIP_VERTEX_Y pattern not found, z is NOT remapped to [0,1] (depth may be wrong)
21:54:26.086 [diag] Z clip-space remap MISS on minecraft:pipeline/tripwire_terrain fragment: FLIP_VERTEX_Y pattern not found, z is NOT remapped to [0,1] (depth may be wrong)
21:54:26.111 [diag] Z clip-space remap MISS on minecraft:pipeline/gui_text_highlight fragment: FLIP_VERTEX_Y pattern not found, z is NOT remapped to [0,1] (depth may be wrong)
21:54:26.135 [diag] Z clip-space remap MISS on minecraft:pipeline/stars fragment: FLIP_VERTEX_Y pattern not found, z is NOT remapped to [0,1] (depth may be wrong)
21:54:26.161 [diag] Z clip-space remap MISS on minecraft:pipeline/beacon_beam_opaque fragment: FLIP_VERTEX_Y pattern not found, z is NOT remapped to [0,1] (depth may be wrong)
21:54:26.185 [diag] Z clip-space remap MISS on minecraft:pipeline/sunrise_sunset fragment: FLIP_VERTEX_Y pattern not found, z is NOT remapped to [0,1] (depth may be wrong)
21:54:26.210 [diag] Z clip-space remap MISS on minecraft:pipeline/water_mask fragment: FLIP_VERTEX_Y pattern not found, z is NOT remapped to [0,1] (depth may be wrong)
21:54:26.235 [diag] Z clip-space remap MISS on minecraft:pipeline/leash fragment: FLIP_VERTEX_Y pattern not found, z is NOT remapped to [0,1] (depth may be wrong)
21:54:26.261 [diag] Z clip-space remap MISS on minecraft:pipeline/solid_terrain fragment: FLIP_VERTEX_Y pattern not found, z is NOT remapped to [0,1] (depth may be wrong)
21:54:26.286 [diag] Z clip-space remap MISS on minecraft:pipeline/lightning fragment: FLIP_VERTEX_Y pattern not found, z is NOT remapped to [0,1] (depth may be wrong)
21:54:26.311 [diag] Z clip-space remap MISS on minecraft:pipeline/text_intensity_see_through fragment: FLIP_VERTEX_Y pattern not found, z is NOT remapped to [0,1] (depth may be wrong)
21:54:26.336 [diag] Z clip-space remap MISS on minecraft:pipeline/text_background_see_through fragment: FLIP_VERTEX_Y pattern not found, z is NOT remapped to [0,1] (depth may be wrong)
21:54:26.363 [diag] Z clip-space remap MISS on minecraft:pipeline/end_portal fragment: FLIP_VERTEX_Y pattern not found, z is NOT remapped to [0,1] (depth may be wrong)
21:54:26.389 [diag] Z clip-space remap MISS on minecraft:pipeline/lines_translucent fragment: FLIP_VERTEX_Y pattern not found, z is NOT remapped to [0,1] (depth may be wrong)
21:54:26.414 [diag] Z clip-space remap MISS on minecraft:pipeline/world_border fragment: FLIP_VERTEX_Y pattern not found, z is NOT remapped to [0,1] (depth may be wrong)
21:54:26.440 [diag] Z clip-space remap MISS on minecraft:pipeline/solid_block fragment: FLIP_VERTEX_Y pattern not found, z is NOT remapped to [0,1] (depth may be wrong)
21:54:26.466 [diag] Z clip-space remap MISS on minecraft:pipeline/entity_translucent fragment: FLIP_VERTEX_Y pattern not found, z is NOT remapped to [0,1] (depth may be wrong)
21:54:26.492 [diag] Z clip-space remap MISS on minecraft:pipeline/breeze_wind fragment: FLIP_VERTEX_Y pattern not found, z is NOT remapped to [0,1] (depth may be wrong)
21:54:26.518 [diag] Z clip-space remap MISS on minecraft:pipeline/crumbling fragment: FLIP_VERTEX_Y pattern not found, z is NOT remapped to [0,1] (depth may be wrong)
21:54:26.543 [diag] Z clip-space remap MISS on minecraft:pipeline/vignette fragment: FLIP_VERTEX_Y pattern not found, z is NOT remapped to [0,1] (depth may be wrong)
21:54:26.568 [diag] Z clip-space remap MISS on minecraft:pipeline/weather_no_depth_write fragment: FLIP_VERTEX_Y pattern not found, z is NOT remapped to [0,1] (depth may be wrong)
21:54:26.593 [diag] Z clip-space remap MISS on minecraft:pipeline/glint fragment: FLIP_VERTEX_Y pattern not found, z is NOT remapped to [0,1] (depth may be wrong)
21:54:26.619 [diag] Z clip-space remap MISS on minecraft:pipeline/entity_cutout_no_cull_z_offset fragment: FLIP_VERTEX_Y pattern not found, z is NOT remapped to [0,1] (depth may be wrong)
21:54:26.645 [diag] Z clip-space remap MISS on minecraft:pipeline/translucent_moving_block fragment: FLIP_VERTEX_Y pattern not found, z is NOT remapped to [0,1] (depth may be wrong)
21:54:26.670 [diag] Z clip-space remap MISS on minecraft:pipeline/gui fragment: FLIP_VERTEX_Y pattern not found, z is NOT remapped to [0,1] (depth may be wrong)
21:54:26.695 [diag] Z clip-space remap MISS on minecraft:pipeline/outline_cull fragment: FLIP_VERTEX_Y pattern not found, z is NOT remapped to [0,1] (depth may be wrong)
21:54:26.719 [diag] Z clip-space remap MISS on minecraft:pipeline/panorama fragment: FLIP_VERTEX_Y pattern not found, z is NOT remapped to [0,1] (depth may be wrong)
21:54:26.744 [diag] Z clip-space remap MISS on minecraft:pipeline/cutout_block fragment: FLIP_VERTEX_Y pattern not found, z is NOT remapped to [0,1] (depth may be wrong)
21:54:26.769 [diag] Z clip-space remap MISS on minecraft:pipeline/crosshair fragment: FLIP_VERTEX_Y pattern not found, z is NOT remapped to [0,1] (depth may be wrong)
21:54:26.794 [diag] Z clip-space remap MISS on minecraft:pipeline/dragon_rays_depth fragment: FLIP_VERTEX_Y pattern not found, z is NOT remapped to [0,1] (depth may be wrong)
21:54:26.819 [diag] Z clip-space remap MISS on minecraft:pipeline/animate_sprite_interpolate fragment: FLIP_VERTEX_Y pattern not found, z is NOT remapped to [0,1] (depth may be wrong)
21:54:26.844 [diag] Z clip-space remap MISS on minecraft:pipeline/text_polygon_offset fragment: FLIP_VERTEX_Y pattern not found, z is NOT remapped to [0,1] (depth may be wrong)
21:54:26.869 [diag] Z clip-space remap MISS on minecraft:pipeline/beacon_beam_translucent fragment: FLIP_VERTEX_Y pattern not found, z is NOT remapped to [0,1] (depth may be wrong)
21:54:26.894 [diag] Z clip-space remap MISS on minecraft:pipeline/gui_text_intensity fragment: FLIP_VERTEX_Y pattern not found, z is NOT remapped to [0,1] (depth may be wrong)
21:54:26.919 [diag] Z clip-space remap MISS on minecraft:pipeline/block_screen_effect fragment: FLIP_VERTEX_Y pattern not found, z is NOT remapped to [0,1] (depth may be wrong)
21:54:26.943 [diag] Z clip-space remap MISS on minecraft:pipeline/celestial fragment: FLIP_VERTEX_Y pattern not found, z is NOT remapped to [0,1] (depth may be wrong)
21:54:26.968 [diag] Z clip-space remap MISS on minecraft:pipeline/gui_textured_premultiplied_alpha fragment: FLIP_VERTEX_Y pattern not found, z is NOT remapped to [0,1] (depth may be wrong)
21:54:26.993 [diag] Z clip-space remap MISS on minecraft:pipeline/armor_translucent fragment: FLIP_VERTEX_Y pattern not found, z is NOT remapped to [0,1] (depth may be wrong)
21:54:27.018 [diag] Z clip-space remap MISS on minecraft:pipeline/mojang_logo fragment: FLIP_VERTEX_Y pattern not found, z is NOT remapped to [0,1] (depth may be wrong)
21:54:27.043 [diag] Z clip-space remap MISS on minecraft:pipeline/sky fragment: FLIP_VERTEX_Y pattern not found, z is NOT remapped to [0,1] (depth may be wrong)
21:54:27.069 [diag] Z clip-space remap MISS on minecraft:pipeline/entity_translucent_emissive fragment: FLIP_VERTEX_Y pattern not found, z is NOT remapped to [0,1] (depth may be wrong)
21:54:27.095 [diag] Z clip-space remap MISS on minecraft:pipeline/entity_cutout_no_cull fragment: FLIP_VERTEX_Y pattern not found, z is NOT remapped to [0,1] (depth may be wrong)
21:54:27.121 [diag] Z clip-space remap MISS on minecraft:pipeline/entity_no_outline fragment: FLIP_VERTEX_Y pattern not found, z is NOT remapped to [0,1] (depth may be wrong)
21:54:27.146 [diag] Z clip-space remap MISS on minecraft:pipeline/dragon_rays fragment: FLIP_VERTEX_Y pattern not found, z is NOT remapped to [0,1] (depth may be wrong)
21:54:27.171 [diag] Z clip-space remap MISS on minecraft:pipeline/flat_clouds fragment: FLIP_VERTEX_Y pattern not found, z is NOT remapped to [0,1] (depth may be wrong)
21:54:27.198 [diag] Z clip-space remap MISS on minecraft:pipeline/cutout_terrain fragment: FLIP_VERTEX_Y pattern not found, z is NOT remapped to [0,1] (depth may be wrong)
21:54:27.225 [diag] Z clip-space remap MISS on minecraft:pipeline/gui_text fragment: FLIP_VERTEX_Y pattern not found, z is NOT remapped to [0,1] (depth may be wrong)
21:54:27.251 [diag] Z clip-space remap MISS on minecraft:pipeline/translucent_particle fragment: FLIP_VERTEX_Y pattern not found, z is NOT remapped to [0,1] (depth may be wrong)
21:54:27.277 [diag] Z clip-space remap MISS on minecraft:pipeline/entity_solid_offset_forward fragment: FLIP_VERTEX_Y pattern not found, z is NOT remapped to [0,1] (depth may be wrong)
21:54:27.302 [diag] Z clip-space remap MISS on minecraft:pipeline/text fragment: FLIP_VERTEX_Y pattern not found, z is NOT remapped to [0,1] (depth may be wrong)
21:54:27.328 [diag] Z clip-space remap MISS on minecraft:pipeline/clouds fragment: FLIP_VERTEX_Y pattern not found, z is NOT remapped to [0,1] (depth may be wrong)
21:54:27.354 [diag] Z clip-space remap MISS on minecraft:pipeline/entity_cutout fragment: FLIP_VERTEX_Y pattern not found, z is NOT remapped to [0,1] (depth may be wrong)
21:54:27.379 [diag] Z clip-space remap MISS on minecraft:pipeline/debug_quads fragment: FLIP_VERTEX_Y pattern not found, z is NOT remapped to [0,1] (depth may be wrong)
21:54:27.403 [diag] Z clip-space remap MISS on minecraft:pipeline/dragon_explosion_alpha fragment: FLIP_VERTEX_Y pattern not found, z is NOT remapped to [0,1] (depth may be wrong)
21:54:27.428 [diag] Z clip-space remap MISS on minecraft:pipeline/animate_sprite_blit fragment: FLIP_VERTEX_Y pattern not found, z is NOT remapped to [0,1] (depth may be wrong)
21:54:27.453 [diag] Z clip-space remap MISS on minecraft:pipeline/secondary_block_outline fragment: FLIP_VERTEX_Y pattern not found, z is NOT remapped to [0,1] (depth may be wrong)
21:54:27.479 [diag] Z clip-space remap MISS on minecraft:pipeline/tripwire_block fragment: FLIP_VERTEX_Y pattern not found, z is NOT remapped to [0,1] (depth may be wrong)
21:54:27.504 [diag] Z clip-space remap MISS on minecraft:pipeline/text_background fragment: FLIP_VERTEX_Y pattern not found, z is NOT remapped to [0,1] (depth may be wrong)
21:54:27.530 [diag] Z clip-space remap MISS on minecraft:pipeline/opaque_particle fragment: FLIP_VERTEX_Y pattern not found, z is NOT remapped to [0,1] (depth may be wrong)
21:54:27.554 [diag] Z clip-space remap MISS on minecraft:pipeline/fire_screen_effect fragment: FLIP_VERTEX_Y pattern not found, z is NOT remapped to [0,1] (depth may be wrong)
21:54:27.579 [diag] Z clip-space remap MISS on minecraft:pipeline/gui_opaque_textured_background fragment: FLIP_VERTEX_Y pattern not found, z is NOT remapped to [0,1] (depth may be wrong)
21:54:27.604 [diag] Z clip-space remap MISS on minecraft:pipeline/lightmap fragment: FLIP_VERTEX_Y pattern not found, z is NOT remapped to [0,1] (depth may be wrong)
21:54:27.630 [diag] Z clip-space remap MISS on minecraft:pipeline/armor_decal_cutout_no_cull fragment: FLIP_VERTEX_Y pattern not found, z is NOT remapped to [0,1] (depth may be wrong)
21:54:27.655 [diag] Z clip-space remap MISS on minecraft:pipeline/debug_filled_box fragment: FLIP_VERTEX_Y pattern not found, z is NOT remapped to [0,1] (depth may be wrong)
21:54:27.679 [diag] Z clip-space remap MISS on minecraft:pipeline/text_see_through fragment: FLIP_VERTEX_Y pattern not found, z is NOT remapped to [0,1] (depth may be wrong)
21:54:27.704 [diag] Z clip-space remap MISS on minecraft:pipeline/debug_triangle_fan fragment: FLIP_VERTEX_Y pattern not found, z is NOT remapped to [0,1] (depth may be wrong)
21:54:27.730 [diag] Z clip-space remap MISS on minecraft:pipeline/wireframe fragment: FLIP_VERTEX_Y pattern not found, z is NOT remapped to [0,1] (depth may be wrong)
21:54:27.756 [diag] Z clip-space remap MISS on minecraft:pipeline/translucent_terrain fragment: FLIP_VERTEX_Y pattern not found, z is NOT remapped to [0,1] (depth may be wrong)
21:54:27.781 [diag] Z clip-space remap MISS on minecraft:pipeline/outline_no_cull fragment: FLIP_VERTEX_Y pattern not found, z is NOT remapped to [0,1] (depth may be wrong)
21:54:27.806 [diag] Z clip-space remap MISS on minecraft:pipeline/eyes fragment: FLIP_VERTEX_Y pattern not found, z is NOT remapped to [0,1] (depth may be wrong)
21:54:27.832 [diag] Z clip-space remap MISS on minecraft:pipeline/entity_solid fragment: FLIP_VERTEX_Y pattern not found, z is NOT remapped to [0,1] (depth may be wrong)
21:54:27.857 [diag] Z clip-space remap MISS on minecraft:pipeline/lines fragment: FLIP_VERTEX_Y pattern not found, z is NOT remapped to [0,1] (depth may be wrong)
21:54:27.896 createBuffer stack sample #1:
  knot//com.metallum.client.metal.render.MetalDevice.createBuffer(MetalDevice.java:149)
  knot//net.minecraft.class_1059.method_45848(class_1059.java:116)
  knot//net.minecraft.class_11697$class_11699.method_73035(class_11697.java:168)
  knot//net.minecraft.class_11697$class_11700.method_73039(class_11697.java:212)
  java.base/java.util.ArrayList.forEach(Unknown Source)
  knot//net.minecraft.class_11697$class_11700.method_73037(class_11697.java:212)
  knot//net.minecraft.class_11697.method_76671(class_11697.java:146)
  knot//net.minecraft.class_11697.method_73029(class_11697.java:142)
  java.base/java.util.concurrent.CompletableFuture$UniAccept.tryFire(Unknown Source)
  java.base/java.util.concurrent.CompletableFuture$Completion.run(Unknown Source)
  knot//net.minecraft.class_4014.method_67574(class_4014.java:59)
  knot//net.minecraft.class_1255.method_18859(class_1255.java:169)
21:54:27.916 createBuffer stack sample #2:
  knot//com.metallum.client.metal.render.MetalDevice.createBuffer(MetalDevice.java:149)
  knot//net.minecraft.class_1059.method_76314(class_1059.java:173)
  knot//net.minecraft.class_1059.method_45848(class_1059.java:135)
  knot//net.minecraft.class_11697$class_11699.method_73035(class_11697.java:168)
  knot//net.minecraft.class_11697$class_11700.method_73039(class_11697.java:212)
  java.base/java.util.ArrayList.forEach(Unknown Source)
  knot//net.minecraft.class_11697$class_11700.method_73037(class_11697.java:212)
  knot//net.minecraft.class_11697.method_76671(class_11697.java:146)
  knot//net.minecraft.class_11697.method_73029(class_11697.java:142)
  java.base/java.util.concurrent.CompletableFuture$UniAccept.tryFire(Unknown Source)
  java.base/java.util.concurrent.CompletableFuture$Completion.run(Unknown Source)
  knot//net.minecraft.class_4014.method_67574(class_4014.java:59)
21:54:27.920 createBuffer stack sample #3:
  knot//com.metallum.client.metal.render.MetalDevice.createBuffer(MetalDevice.java:149)
  knot//net.minecraft.class_1059.method_76314(class_1059.java:173)
  knot//net.minecraft.class_1059.method_45848(class_1059.java:135)
  knot//net.minecraft.class_11697$class_11699.method_73035(class_11697.java:168)
  knot//net.minecraft.class_11697$class_11700.method_73039(class_11697.java:212)
  java.base/java.util.ArrayList.forEach(Unknown Source)
  knot//net.minecraft.class_11697$class_11700.method_73037(class_11697.java:212)
  knot//net.minecraft.class_11697.method_76671(class_11697.java:146)
  knot//net.minecraft.class_11697.method_73029(class_11697.java:142)
  java.base/java.util.concurrent.CompletableFuture$UniAccept.tryFire(Unknown Source)
  java.base/java.util.concurrent.CompletableFuture$Completion.run(Unknown Source)
  knot//net.minecraft.class_4014.method_67574(class_4014.java:59)
21:54:27.938 createBuffer stack sample #4:
  knot//com.metallum.client.metal.render.MetalDevice.createBuffer(MetalDevice.java:149)
  knot//net.minecraft.class_1059.method_76314(class_1059.java:173)
  knot//net.minecraft.class_1059.method_45848(class_1059.java:135)
  knot//net.minecraft.class_11697$class_11699.method_73035(class_11697.java:168)
  knot//net.minecraft.class_11697$class_11700.method_73039(class_11697.java:212)
  java.base/java.util.ArrayList.forEach(Unknown Source)
  knot//net.minecraft.class_11697$class_11700.method_73037(class_11697.java:212)
  knot//net.minecraft.class_11697.method_76671(class_11697.java:146)
  knot//net.minecraft.class_11697.method_73029(class_11697.java:142)
  java.base/java.util.concurrent.CompletableFuture$UniAccept.tryFire(Unknown Source)
  java.base/java.util.concurrent.CompletableFuture$Completion.run(Unknown Source)
  knot//net.minecraft.class_4014.method_67574(class_4014.java:59)
21:54:27.943 createBuffer stack sample #5:
  knot//com.metallum.client.metal.render.MetalDevice.createBuffer(MetalDevice.java:149)
  knot//net.minecraft.class_1059.method_76314(class_1059.java:173)
  knot//net.minecraft.class_1059.method_45848(class_1059.java:135)
  knot//net.minecraft.class_11697$class_11699.method_73035(class_11697.java:168)
  knot//net.minecraft.class_11697$class_11700.method_73039(class_11697.java:212)
  java.base/java.util.ArrayList.forEach(Unknown Source)
  knot//net.minecraft.class_11697$class_11700.method_73037(class_11697.java:212)
  knot//net.minecraft.class_11697.method_76671(class_11697.java:146)
  knot//net.minecraft.class_11697.method_73029(class_11697.java:142)
  java.base/java.util.concurrent.CompletableFuture$UniAccept.tryFire(Unknown Source)
  java.base/java.util.concurrent.CompletableFuture$Completion.run(Unknown Source)
  knot//net.minecraft.class_4014.method_67574(class_4014.java:59)
21:54:29.875 frame_time fps=51.5 avg=19.41ms max=224.42ms gpuBehind=0
21:54:31.136 [diag] Z clip-space remap MISS on minecraft:blur/0 fragment: FLIP_VERTEX_Y pattern not found, z is NOT remapped to [0,1] (depth may be wrong)
21:54:31.163 [diag] Z clip-space remap MISS on minecraft:blur/1 fragment: FLIP_VERTEX_Y pattern not found, z is NOT remapped to [0,1] (depth may be wrong)
21:54:31.189 [diag] Z clip-space remap MISS on minecraft:blur/2 fragment: FLIP_VERTEX_Y pattern not found, z is NOT remapped to [0,1] (depth may be wrong)
21:54:31.214 [diag] Z clip-space remap MISS on minecraft:blur/3 fragment: FLIP_VERTEX_Y pattern not found, z is NOT remapped to [0,1] (depth may be wrong)
21:54:31.239 [diag] Z clip-space remap MISS on minecraft:blur/4 fragment: FLIP_VERTEX_Y pattern not found, z is NOT remapped to [0,1] (depth may be wrong)
21:54:31.264 [diag] Z clip-space remap MISS on minecraft:blur/5 fragment: FLIP_VERTEX_Y pattern not found, z is NOT remapped to [0,1] (depth may be wrong)
21:54:34.731 [diag] Z clip-space remap MISS on sodium/blocks/block_layer_opaque fragment: FLIP_VERTEX_Y pattern not found, z is NOT remapped to [0,1] (depth may be wrong)
21:54:34.764 [diag] Z clip-space remap MISS on sodium/blocks/block_layer_opaque fragment: FLIP_VERTEX_Y pattern not found, z is NOT remapped to [0,1] (depth may be wrong)
21:54:34.802 [diag] Z clip-space remap MISS on sodium/blocks/block_layer_opaque fragment: FLIP_VERTEX_Y pattern not found, z is NOT remapped to [0,1] (depth may be wrong)
21:54:34.889 frame_time fps=50.2 avg=19.91ms max=279.81ms gpuBehind=0
21:54:39.889 frame_time fps=54.0 avg=18.52ms max=105.49ms gpuBehind=0
21:54:44.906 frame_time fps=59.6 avg=16.78ms max=36.94ms gpuBehind=0
21:54:49.922 frame_time fps=60.0 avg=16.67ms max=17.78ms gpuBehind=0
21:54:54.938 frame_time fps=60.0 avg=16.67ms max=17.27ms gpuBehind=0
21:54:59.955 frame_time fps=59.6 avg=16.78ms max=38.50ms gpuBehind=0
21:55:04.971 frame_time fps=59.4 avg=16.83ms max=43.97ms gpuBehind=0
21:55:09.987 frame_time fps=60.0 avg=16.67ms max=16.81ms gpuBehind=0
21:55:15.004 frame_time fps=59.6 avg=16.78ms max=45.25ms gpuBehind=0
21:55:20.020 frame_time fps=59.4 avg=16.83ms max=37.57ms gpuBehind=0
21:55:24.870 buffers total=5553 | usage=0x82 count=51 req=0.0MB alloc=0.0MB | usage=0x22 count=93 req=1.0MB alloc=1.0MB | usage=0x2 count=1 req=0.4MB alloc=0.4MB | usage=0x102 count=3 req=2.0MB alloc=2.0MB | usage=0x3 count=40 req=43.2MB alloc=43.2MB | usage=0x14 count=5101 req=209.4MB alloc=209.4MB | usage=0x88 count=51 req=0.9MB alloc=0.9MB | usage=0x28 count=171 req=373.4MB alloc=373.4MB | usage=0x48 count=15 req=1.8MB alloc=1.8MB | usage=0x9 count=27 req=398.6MB alloc=398.6MB | sum count=5553 req=1030.7MB alloc=1030.7MB | poolHit=3349 poolMiss=5553 poolReturn=8658 poolHitRate=38%
21:55:25.036 frame_time fps=60.0 avg=16.67ms max=17.59ms gpuBehind=0
21:55:30.053 frame_time fps=58.0 avg=17.24ms max=82.24ms gpuBehind=0
21:55:35.070 frame_time fps=58.8 avg=17.00ms max=47.00ms gpuBehind=0
21:55:40.086 frame_time fps=60.0 avg=16.67ms max=27.04ms gpuBehind=0
21:55:45.103 frame_time fps=59.6 avg=16.78ms max=32.20ms gpuBehind=0
21:55:50.118 frame_time fps=60.0 avg=16.67ms max=22.44ms gpuBehind=0
21:55:55.134 frame_time fps=60.0 avg=16.67ms max=28.20ms gpuBehind=0
21:56:00.153 frame_time fps=60.0 avg=16.67ms max=20.86ms gpuBehind=0
21:56:05.167 frame_time fps=60.0 avg=16.67ms max=17.51ms gpuBehind=0
21:56:10.183 frame_time fps=60.0 avg=16.66ms max=17.09ms gpuBehind=0
21:56:15.200 frame_time fps=60.0 avg=16.67ms max=23.28ms gpuBehind=0
21:56:20.217 frame_time fps=59.4 avg=16.83ms max=48.49ms gpuBehind=0
==== Metallum diag start ====
21:58:00.142 [diag] Z clip-space remap MISS on minecraft:pipeline/gui fragment: FLIP_VERTEX_Y pattern not found, z is NOT remapped to [0,1] (depth may be wrong)
21:58:00.176 [diag] Z clip-space remap MISS on minecraft:pipeline/gui_textured fragment: FLIP_VERTEX_Y pattern not found, z is NOT remapped to [0,1] (depth may be wrong)
21:58:00.416 [diag] Z clip-space remap MISS on minecraft:pipeline/mojang_logo fragment: FLIP_VERTEX_Y pattern not found, z is NOT remapped to [0,1] (depth may be wrong)
21:58:00.457 buffers total=42 | usage=0x82 count=15 req=0.0MB alloc=0.0MB | usage=0x22 count=6 req=0.0MB alloc=0.0MB | usage=0x3 count=2 req=1.5MB alloc=1.5MB | usage=0x88 count=15 req=0.0MB alloc=0.0MB | usage=0x28 count=3 req=0.0MB alloc=0.0MB | usage=0x48 count=1 req=0.0MB alloc=0.0MB | sum count=42 req=1.5MB alloc=1.5MB | poolHit=0 poolMiss=42 poolReturn=0 poolHitRate=0%
21:58:01.552 [diag] Z clip-space remap MISS on minecraft:pipeline/celestial fragment: FLIP_VERTEX_Y pattern not found, z is NOT remapped to [0,1] (depth may be wrong)
21:58:01.599 [diag] Z clip-space remap MISS on minecraft:pipeline/lightmap fragment: FLIP_VERTEX_Y pattern not found, z is NOT remapped to [0,1] (depth may be wrong)
21:58:01.642 [diag] Z clip-space remap MISS on minecraft:pipeline/wireframe fragment: FLIP_VERTEX_Y pattern not found, z is NOT remapped to [0,1] (depth may be wrong)
21:58:01.679 [diag] Z clip-space remap MISS on minecraft:pipeline/text_intensity_see_through fragment: FLIP_VERTEX_Y pattern not found, z is NOT remapped to [0,1] (depth may be wrong)
21:58:01.715 [diag] Z clip-space remap MISS on minecraft:pipeline/beacon_beam_translucent fragment: FLIP_VERTEX_Y pattern not found, z is NOT remapped to [0,1] (depth may be wrong)
21:58:01.750 [diag] Z clip-space remap MISS on minecraft:pipeline/entity_cutout_no_cull fragment: FLIP_VERTEX_Y pattern not found, z is NOT remapped to [0,1] (depth may be wrong)
21:58:01.783 [diag] Z clip-space remap MISS on minecraft:pipeline/entity_solid fragment: FLIP_VERTEX_Y pattern not found, z is NOT remapped to [0,1] (depth may be wrong)
21:58:01.817 [diag] Z clip-space remap MISS on minecraft:pipeline/translucent_terrain fragment: FLIP_VERTEX_Y pattern not found, z is NOT remapped to [0,1] (depth may be wrong)
21:58:01.849 [diag] Z clip-space remap MISS on minecraft:pipeline/translucent_moving_block fragment: FLIP_VERTEX_Y pattern not found, z is NOT remapped to [0,1] (depth may be wrong)
21:58:01.880 [diag] Z clip-space remap MISS on minecraft:pipeline/armor_decal_cutout_no_cull fragment: FLIP_VERTEX_Y pattern not found, z is NOT remapped to [0,1] (depth may be wrong)
21:58:01.910 [diag] Z clip-space remap MISS on minecraft:pipeline/breeze_wind fragment: FLIP_VERTEX_Y pattern not found, z is NOT remapped to [0,1] (depth may be wrong)
21:58:01.940 [diag] Z clip-space remap MISS on minecraft:pipeline/outline_no_cull fragment: FLIP_VERTEX_Y pattern not found, z is NOT remapped to [0,1] (depth may be wrong)
21:58:01.969 [diag] Z clip-space remap MISS on minecraft:pipeline/outline_cull fragment: FLIP_VERTEX_Y pattern not found, z is NOT remapped to [0,1] (depth may be wrong)
21:58:01.998 [diag] Z clip-space remap MISS on minecraft:pipeline/text_intensity fragment: FLIP_VERTEX_Y pattern not found, z is NOT remapped to [0,1] (depth may be wrong)
21:58:02.027 [diag] Z clip-space remap MISS on minecraft:pipeline/flat_clouds fragment: FLIP_VERTEX_Y pattern not found, z is NOT remapped to [0,1] (depth may be wrong)
21:58:02.055 [diag] Z clip-space remap MISS on minecraft:pipeline/text_background fragment: FLIP_VERTEX_Y pattern not found, z is NOT remapped to [0,1] (depth may be wrong)
21:58:02.083 [diag] Z clip-space remap MISS on minecraft:pipeline/opaque_particle fragment: FLIP_VERTEX_Y pattern not found, z is NOT remapped to [0,1] (depth may be wrong)
21:58:02.110 [diag] Z clip-space remap MISS on minecraft:pipeline/tracy_blit fragment: FLIP_VERTEX_Y pattern not found, z is NOT remapped to [0,1] (depth may be wrong)
21:58:02.137 [diag] Z clip-space remap MISS on minecraft:pipeline/entity_translucent_emissive fragment: FLIP_VERTEX_Y pattern not found, z is NOT remapped to [0,1] (depth may be wrong)
21:58:02.164 [diag] Z clip-space remap MISS on minecraft:pipeline/gui_nausea_overlay fragment: FLIP_VERTEX_Y pattern not found, z is NOT remapped to [0,1] (depth may be wrong)
21:58:02.190 [diag] Z clip-space remap MISS on minecraft:pipeline/gui_text_highlight fragment: FLIP_VERTEX_Y pattern not found, z is NOT remapped to [0,1] (depth may be wrong)
21:58:02.215 [diag] Z clip-space remap MISS on minecraft:pipeline/animate_sprite_blit fragment: FLIP_VERTEX_Y pattern not found, z is NOT remapped to [0,1] (depth may be wrong)
21:58:02.242 [diag] Z clip-space remap MISS on minecraft:pipeline/armor_translucent fragment: FLIP_VERTEX_Y pattern not found, z is NOT remapped to [0,1] (depth may be wrong)
21:58:02.267 [diag] Z clip-space remap MISS on minecraft:pipeline/crosshair fragment: FLIP_VERTEX_Y pattern not found, z is NOT remapped to [0,1] (depth may be wrong)
21:58:02.293 [diag] Z clip-space remap MISS on minecraft:pipeline/eyes fragment: FLIP_VERTEX_Y pattern not found, z is NOT remapped to [0,1] (depth may be wrong)
21:58:02.319 [diag] Z clip-space remap MISS on minecraft:pipeline/entity_solid_offset_forward fragment: FLIP_VERTEX_Y pattern not found, z is NOT remapped to [0,1] (depth may be wrong)
21:58:02.345 [diag] Z clip-space remap MISS on minecraft:pipeline/water_mask fragment: FLIP_VERTEX_Y pattern not found, z is NOT remapped to [0,1] (depth may be wrong)
21:58:02.370 [diag] Z clip-space remap MISS on minecraft:pipeline/block_screen_effect fragment: FLIP_VERTEX_Y pattern not found, z is NOT remapped to [0,1] (depth may be wrong)
21:58:02.397 [diag] Z clip-space remap MISS on minecraft:pipeline/entity_cutout_no_cull_z_offset fragment: FLIP_VERTEX_Y pattern not found, z is NOT remapped to [0,1] (depth may be wrong)
21:58:02.423 [diag] Z clip-space remap MISS on minecraft:pipeline/clouds fragment: FLIP_VERTEX_Y pattern not found, z is NOT remapped to [0,1] (depth may be wrong)
21:58:02.448 [diag] Z clip-space remap MISS on minecraft:pipeline/gui_text fragment: FLIP_VERTEX_Y pattern not found, z is NOT remapped to [0,1] (depth may be wrong)
21:58:02.474 [diag] Z clip-space remap MISS on minecraft:pipeline/glint fragment: FLIP_VERTEX_Y pattern not found, z is NOT remapped to [0,1] (depth may be wrong)
21:58:02.500 [diag] Z clip-space remap MISS on minecraft:pipeline/gui_text_intensity fragment: FLIP_VERTEX_Y pattern not found, z is NOT remapped to [0,1] (depth may be wrong)
21:58:02.525 [diag] Z clip-space remap MISS on minecraft:pipeline/solid_block fragment: FLIP_VERTEX_Y pattern not found, z is NOT remapped to [0,1] (depth may be wrong)
21:58:02.551 [diag] Z clip-space remap MISS on minecraft:pipeline/gui_textured_premultiplied_alpha fragment: FLIP_VERTEX_Y pattern not found, z is NOT remapped to [0,1] (depth may be wrong)
21:58:02.576 [diag] Z clip-space remap MISS on minecraft:pipeline/debug_points fragment: FLIP_VERTEX_Y pattern not found, z is NOT remapped to [0,1] (depth may be wrong)
21:58:02.602 [diag] Z clip-space remap MISS on minecraft:pipeline/armor_cutout_no_cull fragment: FLIP_VERTEX_Y pattern not found, z is NOT remapped to [0,1] (depth may be wrong)
21:58:02.627 [diag] Z clip-space remap MISS on minecraft:pipeline/debug_triangle_fan fragment: FLIP_VERTEX_Y pattern not found, z is NOT remapped to [0,1] (depth may be wrong)
21:58:02.652 [diag] Z clip-space remap MISS on minecraft:pipeline/entity_smooth_cutout fragment: FLIP_VERTEX_Y pattern not found, z is NOT remapped to [0,1] (depth may be wrong)
21:58:02.678 [diag] Z clip-space remap MISS on minecraft:pipeline/cutout_block fragment: FLIP_VERTEX_Y pattern not found, z is NOT remapped to [0,1] (depth may be wrong)
21:58:02.706 [diag] Z clip-space remap MISS on minecraft:pipeline/crumbling fragment: FLIP_VERTEX_Y pattern not found, z is NOT remapped to [0,1] (depth may be wrong)
21:58:02.731 [diag] Z clip-space remap MISS on minecraft:pipeline/weather_no_depth_write fragment: FLIP_VERTEX_Y pattern not found, z is NOT remapped to [0,1] (depth may be wrong)
21:58:02.756 [diag] Z clip-space remap MISS on minecraft:pipeline/gui_invert fragment: FLIP_VERTEX_Y pattern not found, z is NOT remapped to [0,1] (depth may be wrong)
21:58:02.782 [diag] Z clip-space remap MISS on minecraft:pipeline/lightning fragment: FLIP_VERTEX_Y pattern not found, z is NOT remapped to [0,1] (depth may be wrong)
21:58:02.807 [diag] Z clip-space remap MISS on minecraft:pipeline/lines fragment: FLIP_VERTEX_Y pattern not found, z is NOT remapped to [0,1] (depth may be wrong)
21:58:02.832 [diag] Z clip-space remap MISS on minecraft:pipeline/fire_screen_effect fragment: FLIP_VERTEX_Y pattern not found, z is NOT remapped to [0,1] (depth may be wrong)
21:58:02.858 [diag] Z clip-space remap MISS on minecraft:pipeline/text_polygon_offset fragment: FLIP_VERTEX_Y pattern not found, z is NOT remapped to [0,1] (depth may be wrong)
21:58:02.883 [diag] Z clip-space remap MISS on minecraft:pipeline/gui_textured fragment: FLIP_VERTEX_Y pattern not found, z is NOT remapped to [0,1] (depth may be wrong)
21:58:02.907 [diag] Z clip-space remap MISS on minecraft:pipeline/entity_outline_blit fragment: FLIP_VERTEX_Y pattern not found, z is NOT remapped to [0,1] (depth may be wrong)
21:58:02.933 [diag] Z clip-space remap MISS on minecraft:pipeline/sky fragment: FLIP_VERTEX_Y pattern not found, z is NOT remapped to [0,1] (depth may be wrong)
21:58:02.957 [diag] Z clip-space remap MISS on minecraft:pipeline/dragon_explosion_alpha fragment: FLIP_VERTEX_Y pattern not found, z is NOT remapped to [0,1] (depth may be wrong)
21:58:02.983 [diag] Z clip-space remap MISS on minecraft:pipeline/stars fragment: FLIP_VERTEX_Y pattern not found, z is NOT remapped to [0,1] (depth may be wrong)
21:58:03.007 [diag] Z clip-space remap MISS on minecraft:pipeline/sunrise_sunset fragment: FLIP_VERTEX_Y pattern not found, z is NOT remapped to [0,1] (depth may be wrong)
21:58:03.033 [diag] Z clip-space remap MISS on minecraft:pipeline/entity_decal fragment: FLIP_VERTEX_Y pattern not found, z is NOT remapped to [0,1] (depth may be wrong)
21:58:03.059 [diag] Z clip-space remap MISS on minecraft:pipeline/end_sky fragment: FLIP_VERTEX_Y pattern not found, z is NOT remapped to [0,1] (depth may be wrong)
21:58:03.084 [diag] Z clip-space remap MISS on minecraft:pipeline/beacon_beam_opaque fragment: FLIP_VERTEX_Y pattern not found, z is NOT remapped to [0,1] (depth may be wrong)
21:58:03.109 [diag] Z clip-space remap MISS on minecraft:pipeline/text_background_see_through fragment: FLIP_VERTEX_Y pattern not found, z is NOT remapped to [0,1] (depth may be wrong)
21:58:03.133 [diag] Z clip-space remap MISS on minecraft:pipeline/panorama fragment: FLIP_VERTEX_Y pattern not found, z is NOT remapped to [0,1] (depth may be wrong)
21:58:03.158 [diag] Z clip-space remap MISS on minecraft:pipeline/mojang_logo fragment: FLIP_VERTEX_Y pattern not found, z is NOT remapped to [0,1] (depth may be wrong)
21:58:03.184 [diag] Z clip-space remap MISS on minecraft:pipeline/entity_no_outline fragment: FLIP_VERTEX_Y pattern not found, z is NOT remapped to [0,1] (depth may be wrong)
21:58:03.211 [diag] Z clip-space remap MISS on minecraft:pipeline/solid_terrain fragment: FLIP_VERTEX_Y pattern not found, z is NOT remapped to [0,1] (depth may be wrong)
21:58:03.236 [diag] Z clip-space remap MISS on minecraft:pipeline/debug_quads fragment: FLIP_VERTEX_Y pattern not found, z is NOT remapped to [0,1] (depth may be wrong)
21:58:03.261 [diag] Z clip-space remap MISS on minecraft:pipeline/translucent_particle fragment: FLIP_VERTEX_Y pattern not found, z is NOT remapped to [0,1] (depth may be wrong)
21:58:03.286 [diag] Z clip-space remap MISS on minecraft:pipeline/gui_opaque_textured_background fragment: FLIP_VERTEX_Y pattern not found, z is NOT remapped to [0,1] (depth may be wrong)
21:58:03.311 [diag] Z clip-space remap MISS on minecraft:pipeline/vignette fragment: FLIP_VERTEX_Y pattern not found, z is NOT remapped to [0,1] (depth may be wrong)
21:58:03.336 [diag] Z clip-space remap MISS on minecraft:pipeline/item_entity_translucent_cull fragment: FLIP_VERTEX_Y pattern not found, z is NOT remapped to [0,1] (depth may be wrong)
21:58:03.362 [diag] Z clip-space remap MISS on minecraft:pipeline/tripwire_block fragment: FLIP_VERTEX_Y pattern not found, z is NOT remapped to [0,1] (depth may be wrong)
21:58:03.387 [diag] Z clip-space remap MISS on minecraft:pipeline/weather_depth_write fragment: FLIP_VERTEX_Y pattern not found, z is NOT remapped to [0,1] (depth may be wrong)
21:58:03.412 [diag] Z clip-space remap MISS on minecraft:pipeline/world_border fragment: FLIP_VERTEX_Y pattern not found, z is NOT remapped to [0,1] (depth may be wrong)
21:58:03.436 [diag] Z clip-space remap MISS on minecraft:pipeline/debug_filled_box fragment: FLIP_VERTEX_Y pattern not found, z is NOT remapped to [0,1] (depth may be wrong)
21:58:03.462 [diag] Z clip-space remap MISS on minecraft:pipeline/secondary_block_outline fragment: FLIP_VERTEX_Y pattern not found, z is NOT remapped to [0,1] (depth may be wrong)
21:58:03.487 [diag] Z clip-space remap MISS on minecraft:pipeline/entity_cutout fragment: FLIP_VERTEX_Y pattern not found, z is NOT remapped to [0,1] (depth may be wrong)
21:58:03.514 [diag] Z clip-space remap MISS on minecraft:pipeline/cutout_terrain fragment: FLIP_VERTEX_Y pattern not found, z is NOT remapped to [0,1] (depth may be wrong)
21:58:03.540 [diag] Z clip-space remap MISS on minecraft:pipeline/text fragment: FLIP_VERTEX_Y pattern not found, z is NOT remapped to [0,1] (depth may be wrong)
21:58:03.565 [diag] Z clip-space remap MISS on minecraft:pipeline/entity_shadow fragment: FLIP_VERTEX_Y pattern not found, z is NOT remapped to [0,1] (depth may be wrong)
21:58:03.590 [diag] Z clip-space remap MISS on minecraft:pipeline/dragon_rays_depth fragment: FLIP_VERTEX_Y pattern not found, z is NOT remapped to [0,1] (depth may be wrong)
21:58:03.616 [diag] Z clip-space remap MISS on minecraft:pipeline/animate_sprite_interpolate fragment: FLIP_VERTEX_Y pattern not found, z is NOT remapped to [0,1] (depth may be wrong)
21:58:03.640 [diag] Z clip-space remap MISS on minecraft:pipeline/gui fragment: FLIP_VERTEX_Y pattern not found, z is NOT remapped to [0,1] (depth may be wrong)
21:58:03.665 [diag] Z clip-space remap MISS on minecraft:pipeline/dragon_rays fragment: FLIP_VERTEX_Y pattern not found, z is NOT remapped to [0,1] (depth may be wrong)
21:58:03.691 [diag] Z clip-space remap MISS on minecraft:pipeline/leash fragment: FLIP_VERTEX_Y pattern not found, z is NOT remapped to [0,1] (depth may be wrong)
21:58:03.717 [diag] Z clip-space remap MISS on minecraft:pipeline/end_portal fragment: FLIP_VERTEX_Y pattern not found, z is NOT remapped to [0,1] (depth may be wrong)
21:58:03.743 [diag] Z clip-space remap MISS on minecraft:pipeline/entity_translucent fragment: FLIP_VERTEX_Y pattern not found, z is NOT remapped to [0,1] (depth may be wrong)
21:58:03.769 [diag] Z clip-space remap MISS on minecraft:pipeline/tripwire_terrain fragment: FLIP_VERTEX_Y pattern not found, z is NOT remapped to [0,1] (depth may be wrong)
21:58:03.796 [diag] Z clip-space remap MISS on minecraft:pipeline/end_gateway fragment: FLIP_VERTEX_Y pattern not found, z is NOT remapped to [0,1] (depth may be wrong)
21:58:03.821 [diag] Z clip-space remap MISS on minecraft:pipeline/text_see_through fragment: FLIP_VERTEX_Y pattern not found, z is NOT remapped to [0,1] (depth may be wrong)
21:58:03.846 [diag] Z clip-space remap MISS on minecraft:pipeline/lines_translucent fragment: FLIP_VERTEX_Y pattern not found, z is NOT remapped to [0,1] (depth may be wrong)
21:58:03.872 [diag] Z clip-space remap MISS on minecraft:pipeline/energy_swirl fragment: FLIP_VERTEX_Y pattern not found, z is NOT remapped to [0,1] (depth may be wrong)
21:58:03.910 createBuffer stack sample #1:
  knot//com.metallum.client.metal.render.MetalDevice.createBuffer(MetalDevice.java:149)
  knot//net.minecraft.class_1059.method_45848(class_1059.java:116)
  knot//net.minecraft.class_11697$class_11699.method_73035(class_11697.java:168)
  knot//net.minecraft.class_11697$class_11700.method_73039(class_11697.java:212)
  java.base/java.util.ArrayList.forEach(Unknown Source)
  knot//net.minecraft.class_11697$class_11700.method_73037(class_11697.java:212)
  knot//net.minecraft.class_11697.method_76671(class_11697.java:146)
  knot//net.minecraft.class_11697.method_73029(class_11697.java:142)
  java.base/java.util.concurrent.CompletableFuture$UniAccept.tryFire(Unknown Source)
  java.base/java.util.concurrent.CompletableFuture$Completion.run(Unknown Source)
  knot//net.minecraft.class_4014.method_67574(class_4014.java:59)
  knot//net.minecraft.class_1255.method_18859(class_1255.java:169)
21:58:03.924 createBuffer stack sample #2:
  knot//com.metallum.client.metal.render.MetalDevice.createBuffer(MetalDevice.java:149)
  knot//net.minecraft.class_1059.method_76314(class_1059.java:173)
  knot//net.minecraft.class_1059.method_45848(class_1059.java:135)
  knot//net.minecraft.class_11697$class_11699.method_73035(class_11697.java:168)
  knot//net.minecraft.class_11697$class_11700.method_73039(class_11697.java:212)
  java.base/java.util.ArrayList.forEach(Unknown Source)
  knot//net.minecraft.class_11697$class_11700.method_73037(class_11697.java:212)
  knot//net.minecraft.class_11697.method_76671(class_11697.java:146)
  knot//net.minecraft.class_11697.method_73029(class_11697.java:142)
  java.base/java.util.concurrent.CompletableFuture$UniAccept.tryFire(Unknown Source)
  java.base/java.util.concurrent.CompletableFuture$Completion.run(Unknown Source)
  knot//net.minecraft.class_4014.method_67574(class_4014.java:59)
21:58:03.928 createBuffer stack sample #3:
  knot//com.metallum.client.metal.render.MetalDevice.createBuffer(MetalDevice.java:149)
  knot//net.minecraft.class_1059.method_76314(class_1059.java:173)
  knot//net.minecraft.class_1059.method_45848(class_1059.java:135)
  knot//net.minecraft.class_11697$class_11699.method_73035(class_11697.java:168)
  knot//net.minecraft.class_11697$class_11700.method_73039(class_11697.java:212)
  java.base/java.util.ArrayList.forEach(Unknown Source)
  knot//net.minecraft.class_11697$class_11700.method_73037(class_11697.java:212)
  knot//net.minecraft.class_11697.method_76671(class_11697.java:146)
  knot//net.minecraft.class_11697.method_73029(class_11697.java:142)
  java.base/java.util.concurrent.CompletableFuture$UniAccept.tryFire(Unknown Source)
  java.base/java.util.concurrent.CompletableFuture$Completion.run(Unknown Source)
  knot//net.minecraft.class_4014.method_67574(class_4014.java:59)
21:58:03.944 createBuffer stack sample #4:
  knot//com.metallum.client.metal.render.MetalDevice.createBuffer(MetalDevice.java:149)
  knot//net.minecraft.class_1059.method_76314(class_1059.java:173)
  knot//net.minecraft.class_1059.method_45848(class_1059.java:135)
  knot//net.minecraft.class_11697$class_11699.method_73035(class_11697.java:168)
  knot//net.minecraft.class_11697$class_11700.method_73039(class_11697.java:212)
  java.base/java.util.ArrayList.forEach(Unknown Source)
  knot//net.minecraft.class_11697$class_11700.method_73037(class_11697.java:212)
  knot//net.minecraft.class_11697.method_76671(class_11697.java:146)
  knot//net.minecraft.class_11697.method_73029(class_11697.java:142)
  java.base/java.util.concurrent.CompletableFuture$UniAccept.tryFire(Unknown Source)
  java.base/java.util.concurrent.CompletableFuture$Completion.run(Unknown Source)
  knot//net.minecraft.class_4014.method_67574(class_4014.java:59)
21:58:03.949 createBuffer stack sample #5:
  knot//com.metallum.client.metal.render.MetalDevice.createBuffer(MetalDevice.java:149)
  knot//net.minecraft.class_1059.method_76314(class_1059.java:173)
  knot//net.minecraft.class_1059.method_45848(class_1059.java:135)
  knot//net.minecraft.class_11697$class_11699.method_73035(class_11697.java:168)
  knot//net.minecraft.class_11697$class_11700.method_73039(class_11697.java:212)
  java.base/java.util.ArrayList.forEach(Unknown Source)
  knot//net.minecraft.class_11697$class_11700.method_73037(class_11697.java:212)
  knot//net.minecraft.class_11697.method_76671(class_11697.java:146)
  knot//net.minecraft.class_11697.method_73029(class_11697.java:142)
  java.base/java.util.concurrent.CompletableFuture$UniAccept.tryFire(Unknown Source)
  java.base/java.util.concurrent.CompletableFuture$Completion.run(Unknown Source)
  knot//net.minecraft.class_4014.method_67574(class_4014.java:59)
21:58:05.459 frame_time fps=50.7 avg=19.73ms max=191.46ms gpuBehind=0
21:58:06.754 [diag] Z clip-space remap MISS on minecraft:blur/0 fragment: FLIP_VERTEX_Y pattern not found, z is NOT remapped to [0,1] (depth may be wrong)
21:58:06.781 [diag] Z clip-space remap MISS on minecraft:blur/1 fragment: FLIP_VERTEX_Y pattern not found, z is NOT remapped to [0,1] (depth may be wrong)
21:58:06.806 [diag] Z clip-space remap MISS on minecraft:blur/2 fragment: FLIP_VERTEX_Y pattern not found, z is NOT remapped to [0,1] (depth may be wrong)
21:58:06.831 [diag] Z clip-space remap MISS on minecraft:blur/3 fragment: FLIP_VERTEX_Y pattern not found, z is NOT remapped to [0,1] (depth may be wrong)
21:58:06.856 [diag] Z clip-space remap MISS on minecraft:blur/4 fragment: FLIP_VERTEX_Y pattern not found, z is NOT remapped to [0,1] (depth may be wrong)
21:58:06.881 [diag] Z clip-space remap MISS on minecraft:blur/5 fragment: FLIP_VERTEX_Y pattern not found, z is NOT remapped to [0,1] (depth may be wrong)
21:58:10.471 frame_time fps=54.5 avg=18.35ms max=190.08ms gpuBehind=0
21:58:11.177 [diag] Z clip-space remap MISS on sodium/blocks/block_layer_opaque fragment: FLIP_VERTEX_Y pattern not found, z is NOT remapped to [0,1] (depth may be wrong)
21:58:11.247 [diag] Z clip-space remap MISS on sodium/blocks/block_layer_opaque fragment: FLIP_VERTEX_Y pattern not found, z is NOT remapped to [0,1] (depth may be wrong)
21:58:11.303 [diag] Z clip-space remap MISS on sodium/blocks/block_layer_opaque fragment: FLIP_VERTEX_Y pattern not found, z is NOT remapped to [0,1] (depth may be wrong)
21:58:16.056 frame_time fps=47.7 avg=20.98ms max=471.75ms gpuBehind=0
21:58:21.058 frame_time fps=46.2 avg=21.66ms max=210.63ms gpuBehind=0
21:58:26.058 frame_time fps=59.8 avg=16.73ms max=41.72ms gpuBehind=0
==== Metallum diag start ====
00:07:07.468 [diag] Z clip-space remap MISS on minecraft:pipeline/gui fragment: FLIP_VERTEX_Y pattern not found, z is NOT remapped to [0,1] (depth may be wrong)
00:07:07.497 [diag] Z clip-space remap MISS on minecraft:pipeline/gui_textured fragment: FLIP_VERTEX_Y pattern not found, z is NOT remapped to [0,1] (depth may be wrong)
00:07:07.681 [diag] Z clip-space remap MISS on minecraft:pipeline/mojang_logo fragment: FLIP_VERTEX_Y pattern not found, z is NOT remapped to [0,1] (depth may be wrong)
00:07:07.731 buffers total=42 | usage=0x82 count=15 req=0.0MB alloc=0.0MB | usage=0x22 count=6 req=0.0MB alloc=0.0MB | usage=0x3 count=2 req=1.5MB alloc=1.5MB | usage=0x88 count=15 req=0.0MB alloc=0.0MB | usage=0x28 count=3 req=0.0MB alloc=0.0MB | usage=0x48 count=1 req=0.0MB alloc=0.0MB | sum count=42 req=1.5MB alloc=1.5MB | poolHit=0 poolMiss=42 poolReturn=0 poolHitRate=0%
00:07:08.502 [diag] Z clip-space remap MISS on minecraft:pipeline/debug_filled_box fragment: FLIP_VERTEX_Y pattern not found, z is NOT remapped to [0,1] (depth may be wrong)
00:07:08.528 [diag] Z clip-space remap MISS on minecraft:pipeline/tracy_blit fragment: FLIP_VERTEX_Y pattern not found, z is NOT remapped to [0,1] (depth may be wrong)
00:07:08.554 [diag] Z clip-space remap MISS on minecraft:pipeline/debug_quads fragment: FLIP_VERTEX_Y pattern not found, z is NOT remapped to [0,1] (depth may be wrong)
00:07:08.583 [diag] Z clip-space remap MISS on minecraft:pipeline/cutout_terrain fragment: FLIP_VERTEX_Y pattern not found, z is NOT remapped to [0,1] (depth may be wrong)
00:07:08.613 [diag] Z clip-space remap MISS on minecraft:pipeline/tripwire_terrain fragment: FLIP_VERTEX_Y pattern not found, z is NOT remapped to [0,1] (depth may be wrong)
00:07:08.641 [diag] Z clip-space remap MISS on minecraft:pipeline/gui_text fragment: FLIP_VERTEX_Y pattern not found, z is NOT remapped to [0,1] (depth may be wrong)
00:07:08.669 [diag] Z clip-space remap MISS on minecraft:pipeline/solid_terrain fragment: FLIP_VERTEX_Y pattern not found, z is NOT remapped to [0,1] (depth may be wrong)
00:07:08.696 [diag] Z clip-space remap MISS on minecraft:pipeline/beacon_beam_translucent fragment: FLIP_VERTEX_Y pattern not found, z is NOT remapped to [0,1] (depth may be wrong)
00:07:08.721 [diag] Z clip-space remap MISS on minecraft:pipeline/entity_outline_blit fragment: FLIP_VERTEX_Y pattern not found, z is NOT remapped to [0,1] (depth may be wrong)
00:07:08.746 [diag] Z clip-space remap MISS on minecraft:pipeline/outline_cull fragment: FLIP_VERTEX_Y pattern not found, z is NOT remapped to [0,1] (depth may be wrong)
00:07:08.773 [diag] Z clip-space remap MISS on minecraft:pipeline/weather_no_depth_write fragment: FLIP_VERTEX_Y pattern not found, z is NOT remapped to [0,1] (depth may be wrong)
00:07:08.800 [diag] Z clip-space remap MISS on minecraft:pipeline/crosshair fragment: FLIP_VERTEX_Y pattern not found, z is NOT remapped to [0,1] (depth may be wrong)
00:07:08.826 [diag] Z clip-space remap MISS on minecraft:pipeline/panorama fragment: FLIP_VERTEX_Y pattern not found, z is NOT remapped to [0,1] (depth may be wrong)
00:07:08.852 [diag] Z clip-space remap MISS on minecraft:pipeline/animate_sprite_blit fragment: FLIP_VERTEX_Y pattern not found, z is NOT remapped to [0,1] (depth may be wrong)
00:07:08.879 [diag] Z clip-space remap MISS on minecraft:pipeline/armor_cutout_no_cull fragment: FLIP_VERTEX_Y pattern not found, z is NOT remapped to [0,1] (depth may be wrong)
00:07:08.905 [diag] Z clip-space remap MISS on minecraft:pipeline/end_portal fragment: FLIP_VERTEX_Y pattern not found, z is NOT remapped to [0,1] (depth may be wrong)
00:07:08.932 [diag] Z clip-space remap MISS on minecraft:pipeline/text_intensity fragment: FLIP_VERTEX_Y pattern not found, z is NOT remapped to [0,1] (depth may be wrong)
00:07:08.958 [diag] Z clip-space remap MISS on minecraft:pipeline/secondary_block_outline fragment: FLIP_VERTEX_Y pattern not found, z is NOT remapped to [0,1] (depth may be wrong)
00:07:08.984 [diag] Z clip-space remap MISS on minecraft:pipeline/opaque_particle fragment: FLIP_VERTEX_Y pattern not found, z is NOT remapped to [0,1] (depth may be wrong)
00:07:09.010 [diag] Z clip-space remap MISS on minecraft:pipeline/outline_no_cull fragment: FLIP_VERTEX_Y pattern not found, z is NOT remapped to [0,1] (depth may be wrong)
00:07:09.036 [diag] Z clip-space remap MISS on minecraft:pipeline/entity_cutout_no_cull fragment: FLIP_VERTEX_Y pattern not found, z is NOT remapped to [0,1] (depth may be wrong)
00:07:09.062 [diag] Z clip-space remap MISS on minecraft:pipeline/lines fragment: FLIP_VERTEX_Y pattern not found, z is NOT remapped to [0,1] (depth may be wrong)
00:07:09.087 [diag] Z clip-space remap MISS on minecraft:pipeline/beacon_beam_opaque fragment: FLIP_VERTEX_Y pattern not found, z is NOT remapped to [0,1] (depth may be wrong)
00:07:09.112 [diag] Z clip-space remap MISS on minecraft:pipeline/sunrise_sunset fragment: FLIP_VERTEX_Y pattern not found, z is NOT remapped to [0,1] (depth may be wrong)
00:07:09.138 [diag] Z clip-space remap MISS on minecraft:pipeline/armor_translucent fragment: FLIP_VERTEX_Y pattern not found, z is NOT remapped to [0,1] (depth may be wrong)
00:07:09.163 [diag] Z clip-space remap MISS on minecraft:pipeline/debug_triangle_fan fragment: FLIP_VERTEX_Y pattern not found, z is NOT remapped to [0,1] (depth may be wrong)
00:07:09.189 [diag] Z clip-space remap MISS on minecraft:pipeline/translucent_terrain fragment: FLIP_VERTEX_Y pattern not found, z is NOT remapped to [0,1] (depth may be wrong)
00:07:09.216 [diag] Z clip-space remap MISS on minecraft:pipeline/entity_no_outline fragment: FLIP_VERTEX_Y pattern not found, z is NOT remapped to [0,1] (depth may be wrong)
00:07:09.242 [diag] Z clip-space remap MISS on minecraft:pipeline/crumbling fragment: FLIP_VERTEX_Y pattern not found, z is NOT remapped to [0,1] (depth may be wrong)
00:07:09.267 [diag] Z clip-space remap MISS on minecraft:pipeline/gui_text_highlight fragment: FLIP_VERTEX_Y pattern not found, z is NOT remapped to [0,1] (depth may be wrong)
00:07:09.292 [diag] Z clip-space remap MISS on minecraft:pipeline/sky fragment: FLIP_VERTEX_Y pattern not found, z is NOT remapped to [0,1] (depth may be wrong)
00:07:09.318 [diag] Z clip-space remap MISS on minecraft:pipeline/entity_cutout_no_cull_z_offset fragment: FLIP_VERTEX_Y pattern not found, z is NOT remapped to [0,1] (depth may be wrong)
00:07:09.344 [diag] Z clip-space remap MISS on minecraft:pipeline/entity_decal fragment: FLIP_VERTEX_Y pattern not found, z is NOT remapped to [0,1] (depth may be wrong)
00:07:09.370 [diag] Z clip-space remap MISS on minecraft:pipeline/tripwire_block fragment: FLIP_VERTEX_Y pattern not found, z is NOT remapped to [0,1] (depth may be wrong)
00:07:09.395 [diag] Z clip-space remap MISS on minecraft:pipeline/fire_screen_effect fragment: FLIP_VERTEX_Y pattern not found, z is NOT remapped to [0,1] (depth may be wrong)
00:07:09.420 [diag] Z clip-space remap MISS on minecraft:pipeline/gui_nausea_overlay fragment: FLIP_VERTEX_Y pattern not found, z is NOT remapped to [0,1] (depth may be wrong)
00:07:09.446 [diag] Z clip-space remap MISS on minecraft:pipeline/energy_swirl fragment: FLIP_VERTEX_Y pattern not found, z is NOT remapped to [0,1] (depth may be wrong)
00:07:09.472 [diag] Z clip-space remap MISS on minecraft:pipeline/clouds fragment: FLIP_VERTEX_Y pattern not found, z is NOT remapped to [0,1] (depth may be wrong)
00:07:09.497 [diag] Z clip-space remap MISS on minecraft:pipeline/block_screen_effect fragment: FLIP_VERTEX_Y pattern not found, z is NOT remapped to [0,1] (depth may be wrong)
00:07:09.524 [diag] Z clip-space remap MISS on minecraft:pipeline/end_gateway fragment: FLIP_VERTEX_Y pattern not found, z is NOT remapped to [0,1] (depth may be wrong)
00:07:09.552 [diag] Z clip-space remap MISS on minecraft:pipeline/entity_shadow fragment: FLIP_VERTEX_Y pattern not found, z is NOT remapped to [0,1] (depth may be wrong)
00:07:09.578 [diag] Z clip-space remap MISS on minecraft:pipeline/leash fragment: FLIP_VERTEX_Y pattern not found, z is NOT remapped to [0,1] (depth may be wrong)
00:07:09.604 [diag] Z clip-space remap MISS on minecraft:pipeline/armor_decal_cutout_no_cull fragment: FLIP_VERTEX_Y pattern not found, z is NOT remapped to [0,1] (depth may be wrong)
00:07:09.629 [diag] Z clip-space remap MISS on minecraft:pipeline/text fragment: FLIP_VERTEX_Y pattern not found, z is NOT remapped to [0,1] (depth may be wrong)
00:07:09.655 [diag] Z clip-space remap MISS on minecraft:pipeline/water_mask fragment: FLIP_VERTEX_Y pattern not found, z is NOT remapped to [0,1] (depth may be wrong)
00:07:09.680 [diag] Z clip-space remap MISS on minecraft:pipeline/dragon_explosion_alpha fragment: FLIP_VERTEX_Y pattern not found, z is NOT remapped to [0,1] (depth may be wrong)
00:07:09.705 [diag] Z clip-space remap MISS on minecraft:pipeline/dragon_rays fragment: FLIP_VERTEX_Y pattern not found, z is NOT remapped to [0,1] (depth may be wrong)
00:07:09.732 [diag] Z clip-space remap MISS on minecraft:pipeline/wireframe fragment: FLIP_VERTEX_Y pattern not found, z is NOT remapped to [0,1] (depth may be wrong)
00:07:09.758 [diag] Z clip-space remap MISS on minecraft:pipeline/gui_text_intensity fragment: FLIP_VERTEX_Y pattern not found, z is NOT remapped to [0,1] (depth may be wrong)
00:07:09.783 [diag] Z clip-space remap MISS on minecraft:pipeline/celestial fragment: FLIP_VERTEX_Y pattern not found, z is NOT remapped to [0,1] (depth may be wrong)
00:07:09.809 [diag] Z clip-space remap MISS on minecraft:pipeline/flat_clouds fragment: FLIP_VERTEX_Y pattern not found, z is NOT remapped to [0,1] (depth may be wrong)
00:07:09.833 [diag] Z clip-space remap MISS on minecraft:pipeline/gui_textured_premultiplied_alpha fragment: FLIP_VERTEX_Y pattern not found, z is NOT remapped to [0,1] (depth may be wrong)
00:07:09.858 [diag] Z clip-space remap MISS on minecraft:pipeline/vignette fragment: FLIP_VERTEX_Y pattern not found, z is NOT remapped to [0,1] (depth may be wrong)
00:07:09.884 [diag] Z clip-space remap MISS on minecraft:pipeline/weather_depth_write fragment: FLIP_VERTEX_Y pattern not found, z is NOT remapped to [0,1] (depth may be wrong)
00:07:09.910 [diag] Z clip-space remap MISS on minecraft:pipeline/eyes fragment: FLIP_VERTEX_Y pattern not found, z is NOT remapped to [0,1] (depth may be wrong)
00:07:09.935 [diag] Z clip-space remap MISS on minecraft:pipeline/text_polygon_offset fragment: FLIP_VERTEX_Y pattern not found, z is NOT remapped to [0,1] (depth may be wrong)
00:07:09.961 [diag] Z clip-space remap MISS on minecraft:pipeline/translucent_particle fragment: FLIP_VERTEX_Y pattern not found, z is NOT remapped to [0,1] (depth may be wrong)
00:07:09.986 [diag] Z clip-space remap MISS on minecraft:pipeline/translucent_moving_block fragment: FLIP_VERTEX_Y pattern not found, z is NOT remapped to [0,1] (depth may be wrong)
00:07:10.013 [diag] Z clip-space remap MISS on minecraft:pipeline/text_background fragment: FLIP_VERTEX_Y pattern not found, z is NOT remapped to [0,1] (depth may be wrong)
00:07:10.039 [diag] Z clip-space remap MISS on minecraft:pipeline/cutout_block fragment: FLIP_VERTEX_Y pattern not found, z is NOT remapped to [0,1] (depth may be wrong)
00:07:10.065 [diag] Z clip-space remap MISS on minecraft:pipeline/dragon_rays_depth fragment: FLIP_VERTEX_Y pattern not found, z is NOT remapped to [0,1] (depth may be wrong)
00:07:10.090 [diag] Z clip-space remap MISS on minecraft:pipeline/lightning fragment: FLIP_VERTEX_Y pattern not found, z is NOT remapped to [0,1] (depth may be wrong)
00:07:10.116 [diag] Z clip-space remap MISS on minecraft:pipeline/item_entity_translucent_cull fragment: FLIP_VERTEX_Y pattern not found, z is NOT remapped to [0,1] (depth may be wrong)
00:07:10.141 [diag] Z clip-space remap MISS on minecraft:pipeline/text_intensity_see_through fragment: FLIP_VERTEX_Y pattern not found, z is NOT remapped to [0,1] (depth may be wrong)
00:07:10.167 [diag] Z clip-space remap MISS on minecraft:pipeline/entity_solid fragment: FLIP_VERTEX_Y pattern not found, z is NOT remapped to [0,1] (depth may be wrong)
00:07:10.193 [diag] Z clip-space remap MISS on minecraft:pipeline/solid_block fragment: FLIP_VERTEX_Y pattern not found, z is NOT remapped to [0,1] (depth may be wrong)
00:07:10.218 [diag] Z clip-space remap MISS on minecraft:pipeline/mojang_logo fragment: FLIP_VERTEX_Y pattern not found, z is NOT remapped to [0,1] (depth may be wrong)
00:07:10.243 [diag] Z clip-space remap MISS on minecraft:pipeline/glint fragment: FLIP_VERTEX_Y pattern not found, z is NOT remapped to [0,1] (depth may be wrong)
00:07:10.269 [diag] Z clip-space remap MISS on minecraft:pipeline/entity_translucent_emissive fragment: FLIP_VERTEX_Y pattern not found, z is NOT remapped to [0,1] (depth may be wrong)
00:07:10.295 [diag] Z clip-space remap MISS on minecraft:pipeline/entity_solid_offset_forward fragment: FLIP_VERTEX_Y pattern not found, z is NOT remapped to [0,1] (depth may be wrong)
00:07:10.320 [diag] Z clip-space remap MISS on minecraft:pipeline/text_background_see_through fragment: FLIP_VERTEX_Y pattern not found, z is NOT remapped to [0,1] (depth may be wrong)
00:07:10.345 [diag] Z clip-space remap MISS on minecraft:pipeline/gui fragment: FLIP_VERTEX_Y pattern not found, z is NOT remapped to [0,1] (depth may be wrong)
00:07:10.372 [diag] Z clip-space remap MISS on minecraft:pipeline/breeze_wind fragment: FLIP_VERTEX_Y pattern not found, z is NOT remapped to [0,1] (depth may be wrong)
00:07:10.397 [diag] Z clip-space remap MISS on minecraft:pipeline/animate_sprite_interpolate fragment: FLIP_VERTEX_Y pattern not found, z is NOT remapped to [0,1] (depth may be wrong)
00:07:10.422 [diag] Z clip-space remap MISS on minecraft:pipeline/text_see_through fragment: FLIP_VERTEX_Y pattern not found, z is NOT remapped to [0,1] (depth may be wrong)
00:07:10.448 [diag] Z clip-space remap MISS on minecraft:pipeline/lightmap fragment: FLIP_VERTEX_Y pattern not found, z is NOT remapped to [0,1] (depth may be wrong)
00:07:10.473 [diag] Z clip-space remap MISS on minecraft:pipeline/gui_invert fragment: FLIP_VERTEX_Y pattern not found, z is NOT remapped to [0,1] (depth may be wrong)
00:07:10.498 [diag] Z clip-space remap MISS on minecraft:pipeline/entity_smooth_cutout fragment: FLIP_VERTEX_Y pattern not found, z is NOT remapped to [0,1] (depth may be wrong)
00:07:10.523 [diag] Z clip-space remap MISS on minecraft:pipeline/end_sky fragment: FLIP_VERTEX_Y pattern not found, z is NOT remapped to [0,1] (depth may be wrong)
00:07:10.548 [diag] Z clip-space remap MISS on minecraft:pipeline/entity_cutout fragment: FLIP_VERTEX_Y pattern not found, z is NOT remapped to [0,1] (depth may be wrong)
00:07:10.573 [diag] Z clip-space remap MISS on minecraft:pipeline/gui_textured fragment: FLIP_VERTEX_Y pattern not found, z is NOT remapped to [0,1] (depth may be wrong)
00:07:10.598 [diag] Z clip-space remap MISS on minecraft:pipeline/lines_translucent fragment: FLIP_VERTEX_Y pattern not found, z is NOT remapped to [0,1] (depth may be wrong)
00:07:10.623 [diag] Z clip-space remap MISS on minecraft:pipeline/world_border fragment: FLIP_VERTEX_Y pattern not found, z is NOT remapped to [0,1] (depth may be wrong)
00:07:10.648 [diag] Z clip-space remap MISS on minecraft:pipeline/debug_points fragment: FLIP_VERTEX_Y pattern not found, z is NOT remapped to [0,1] (depth may be wrong)
00:07:10.674 [diag] Z clip-space remap MISS on minecraft:pipeline/entity_translucent fragment: FLIP_VERTEX_Y pattern not found, z is NOT remapped to [0,1] (depth may be wrong)
00:07:10.698 [diag] Z clip-space remap MISS on minecraft:pipeline/stars fragment: FLIP_VERTEX_Y pattern not found, z is NOT remapped to [0,1] (depth may be wrong)
00:07:10.723 [diag] Z clip-space remap MISS on minecraft:pipeline/gui_opaque_textured_background fragment: FLIP_VERTEX_Y pattern not found, z is NOT remapped to [0,1] (depth may be wrong)
00:07:10.763 createBuffer stack sample #1:
  knot//com.metallum.client.metal.render.MetalDevice.createBuffer(MetalDevice.java:149)
  knot//net.minecraft.class_1059.method_45848(class_1059.java:116)
  knot//net.minecraft.class_11697$class_11699.method_73035(class_11697.java:168)
  knot//net.minecraft.class_11697$class_11700.method_73039(class_11697.java:212)
  java.base/java.util.ArrayList.forEach(Unknown Source)
  knot//net.minecraft.class_11697$class_11700.method_73037(class_11697.java:212)
  knot//net.minecraft.class_11697.method_76671(class_11697.java:146)
  knot//net.minecraft.class_11697.method_73029(class_11697.java:142)
  java.base/java.util.concurrent.CompletableFuture$UniAccept.tryFire(Unknown Source)
  java.base/java.util.concurrent.CompletableFuture$Completion.run(Unknown Source)
  knot//net.minecraft.class_4014.method_67574(class_4014.java:59)
  knot//net.minecraft.class_1255.method_18859(class_1255.java:169)
00:07:10.777 createBuffer stack sample #2:
  knot//com.metallum.client.metal.render.MetalDevice.createBuffer(MetalDevice.java:149)
  knot//net.minecraft.class_1059.method_76314(class_1059.java:173)
  knot//net.minecraft.class_1059.method_45848(class_1059.java:135)
  knot//net.minecraft.class_11697$class_11699.method_73035(class_11697.java:168)
  knot//net.minecraft.class_11697$class_11700.method_73039(class_11697.java:212)
  java.base/java.util.ArrayList.forEach(Unknown Source)
  knot//net.minecraft.class_11697$class_11700.method_73037(class_11697.java:212)
  knot//net.minecraft.class_11697.method_76671(class_11697.java:146)
  knot//net.minecraft.class_11697.method_73029(class_11697.java:142)
  java.base/java.util.concurrent.CompletableFuture$UniAccept.tryFire(Unknown Source)
  java.base/java.util.concurrent.CompletableFuture$Completion.run(Unknown Source)
  knot//net.minecraft.class_4014.method_67574(class_4014.java:59)
00:07:10.781 createBuffer stack sample #3:
  knot//com.metallum.client.metal.render.MetalDevice.createBuffer(MetalDevice.java:149)
  knot//net.minecraft.class_1059.method_76314(class_1059.java:173)
  knot//net.minecraft.class_1059.method_45848(class_1059.java:135)
  knot//net.minecraft.class_11697$class_11699.method_73035(class_11697.java:168)
  knot//net.minecraft.class_11697$class_11700.method_73039(class_11697.java:212)
  java.base/java.util.ArrayList.forEach(Unknown Source)
  knot//net.minecraft.class_11697$class_11700.method_73037(class_11697.java:212)
  knot//net.minecraft.class_11697.method_76671(class_11697.java:146)
  knot//net.minecraft.class_11697.method_73029(class_11697.java:142)
  java.base/java.util.concurrent.CompletableFuture$UniAccept.tryFire(Unknown Source)
  java.base/java.util.concurrent.CompletableFuture$Completion.run(Unknown Source)
  knot//net.minecraft.class_4014.method_67574(class_4014.java:59)
00:07:10.798 createBuffer stack sample #4:
  knot//com.metallum.client.metal.render.MetalDevice.createBuffer(MetalDevice.java:149)
  knot//net.minecraft.class_1059.method_76314(class_1059.java:173)
  knot//net.minecraft.class_1059.method_45848(class_1059.java:135)
  knot//net.minecraft.class_11697$class_11699.method_73035(class_11697.java:168)
  knot//net.minecraft.class_11697$class_11700.method_73039(class_11697.java:212)
  java.base/java.util.ArrayList.forEach(Unknown Source)
  knot//net.minecraft.class_11697$class_11700.method_73037(class_11697.java:212)
  knot//net.minecraft.class_11697.method_76671(class_11697.java:146)
  knot//net.minecraft.class_11697.method_73029(class_11697.java:142)
  java.base/java.util.concurrent.CompletableFuture$UniAccept.tryFire(Unknown Source)
  java.base/java.util.concurrent.CompletableFuture$Completion.run(Unknown Source)
  knot//net.minecraft.class_4014.method_67574(class_4014.java:59)
00:07:10.803 createBuffer stack sample #5:
  knot//com.metallum.client.metal.render.MetalDevice.createBuffer(MetalDevice.java:149)
  knot//net.minecraft.class_1059.method_76314(class_1059.java:173)
  knot//net.minecraft.class_1059.method_45848(class_1059.java:135)
  knot//net.minecraft.class_11697$class_11699.method_73035(class_11697.java:168)
  knot//net.minecraft.class_11697$class_11700.method_73039(class_11697.java:212)
  java.base/java.util.ArrayList.forEach(Unknown Source)
  knot//net.minecraft.class_11697$class_11700.method_73037(class_11697.java:212)
  knot//net.minecraft.class_11697.method_76671(class_11697.java:146)
  knot//net.minecraft.class_11697.method_73029(class_11697.java:142)
  java.base/java.util.concurrent.CompletableFuture$UniAccept.tryFire(Unknown Source)
  java.base/java.util.concurrent.CompletableFuture$Completion.run(Unknown Source)
  knot//net.minecraft.class_4014.method_67574(class_4014.java:59)
00:07:12.732 frame_time fps=55.6 avg=17.97ms max=81.76ms gpuBehind=0
00:07:14.637 [diag] Z clip-space remap MISS on minecraft:blur/0 fragment: FLIP_VERTEX_Y pattern not found, z is NOT remapped to [0,1] (depth may be wrong)
00:07:14.664 [diag] Z clip-space remap MISS on minecraft:blur/1 fragment: FLIP_VERTEX_Y pattern not found, z is NOT remapped to [0,1] (depth may be wrong)
00:07:14.689 [diag] Z clip-space remap MISS on minecraft:blur/2 fragment: FLIP_VERTEX_Y pattern not found, z is NOT remapped to [0,1] (depth may be wrong)
00:07:14.714 [diag] Z clip-space remap MISS on minecraft:blur/3 fragment: FLIP_VERTEX_Y pattern not found, z is NOT remapped to [0,1] (depth may be wrong)
00:07:14.739 [diag] Z clip-space remap MISS on minecraft:blur/4 fragment: FLIP_VERTEX_Y pattern not found, z is NOT remapped to [0,1] (depth may be wrong)
00:07:14.763 [diag] Z clip-space remap MISS on minecraft:blur/5 fragment: FLIP_VERTEX_Y pattern not found, z is NOT remapped to [0,1] (depth may be wrong)
00:07:17.749 frame_time fps=54.2 avg=18.45ms max=195.96ms gpuBehind=0
00:07:18.095 [diag] Z clip-space remap MISS on sodium/blocks/block_layer_opaque fragment: FLIP_VERTEX_Y pattern not found, z is NOT remapped to [0,1] (depth may be wrong)
00:07:18.132 [diag] Z clip-space remap MISS on sodium/blocks/block_layer_opaque fragment: FLIP_VERTEX_Y pattern not found, z is NOT remapped to [0,1] (depth may be wrong)
00:07:18.166 [diag] Z clip-space remap MISS on sodium/blocks/block_layer_opaque fragment: FLIP_VERTEX_Y pattern not found, z is NOT remapped to [0,1] (depth may be wrong)
00:07:22.765 frame_time fps=45.1 avg=22.20ms max=280.88ms gpuBehind=0
00:07:27.782 frame_time fps=53.4 avg=18.72ms max=119.16ms gpuBehind=0
00:07:32.842 frame_time fps=54.6 avg=18.33ms max=112.11ms gpuBehind=0
00:07:37.848 frame_time fps=55.3 avg=18.08ms max=82.78ms gpuBehind=0
00:07:42.865 frame_time fps=54.6 avg=18.31ms max=111.01ms gpuBehind=0
00:07:47.881 frame_time fps=59.0 avg=16.95ms max=69.99ms gpuBehind=0
00:07:52.896 frame_time fps=59.6 avg=16.78ms max=33.09ms gpuBehind=0
00:07:57.912 frame_time fps=60.0 avg=16.67ms max=19.25ms gpuBehind=0
00:08:02.928 frame_time fps=60.0 avg=16.67ms max=16.83ms gpuBehind=0
00:08:07.733 buffers total=12044 | usage=0x82 count=54 req=0.0MB alloc=0.0MB | usage=0x22 count=36 req=0.7MB alloc=0.7MB | usage=0x102 count=3 req=2.0MB alloc=2.0MB | usage=0x2 count=1 req=0.4MB alloc=0.4MB | usage=0x3 count=60 req=53.2MB alloc=53.2MB | usage=0x14 count=11390 req=445.6MB alloc=445.6MB | usage=0x88 count=51 req=0.9MB alloc=0.9MB | usage=0x28 count=424 req=858.0MB alloc=858.0MB | usage=0x48 count=10 req=1.7MB alloc=1.7MB | usage=0x9 count=15 req=221.5MB alloc=221.5MB | sum count=12044 req=1584.1MB alloc=1584.1MB | poolHit=4070 poolMiss=12044 poolReturn=15601 poolHitRate=25%
00:08:07.945 frame_time fps=60.0 avg=16.67ms max=18.10ms gpuBehind=0
00:08:12.961 frame_time fps=60.0 avg=16.67ms max=16.84ms gpuBehind=0
00:08:17.978 frame_time fps=59.6 avg=16.78ms max=39.02ms gpuBehind=0
00:08:22.995 frame_time fps=58.8 avg=17.00ms max=58.61ms gpuBehind=0
00:08:28.011 frame_time fps=57.2 avg=17.48ms max=73.85ms gpuBehind=0
==== Metallum diag start ====
11:19:14.834 [diag] Z clip-space remap MISS on minecraft:pipeline/gui fragment: FLIP_VERTEX_Y pattern not found, z is NOT remapped to [0,1] (depth may be wrong)
11:19:14.864 [diag] Z clip-space remap MISS on minecraft:pipeline/gui_textured fragment: FLIP_VERTEX_Y pattern not found, z is NOT remapped to [0,1] (depth may be wrong)
11:19:15.036 [diag] Z clip-space remap MISS on minecraft:pipeline/mojang_logo fragment: FLIP_VERTEX_Y pattern not found, z is NOT remapped to [0,1] (depth may be wrong)
11:19:15.051 buffers total=42 | usage=0x82 count=15 req=0.0MB alloc=0.0MB | usage=0x22 count=6 req=0.0MB alloc=0.0MB | usage=0x3 count=2 req=1.5MB alloc=1.5MB | usage=0x88 count=15 req=0.0MB alloc=0.0MB | usage=0x28 count=3 req=0.0MB alloc=0.0MB | usage=0x48 count=1 req=0.0MB alloc=0.0MB | sum count=42 req=1.5MB alloc=1.5MB | poolHit=0 poolMiss=42 poolReturn=0 poolHitRate=0%
11:19:15.776 [diag] Z clip-space remap MISS on minecraft:pipeline/entity_cutout_no_cull fragment: FLIP_VERTEX_Y pattern not found, z is NOT remapped to [0,1] (depth may be wrong)
11:19:15.805 [diag] Z clip-space remap MISS on minecraft:pipeline/text_intensity_see_through fragment: FLIP_VERTEX_Y pattern not found, z is NOT remapped to [0,1] (depth may be wrong)
11:19:15.833 [diag] Z clip-space remap MISS on minecraft:pipeline/tripwire_block fragment: FLIP_VERTEX_Y pattern not found, z is NOT remapped to [0,1] (depth may be wrong)
11:19:15.860 [diag] Z clip-space remap MISS on minecraft:pipeline/dragon_explosion_alpha fragment: FLIP_VERTEX_Y pattern not found, z is NOT remapped to [0,1] (depth may be wrong)
11:19:15.886 [diag] Z clip-space remap MISS on minecraft:pipeline/sunrise_sunset fragment: FLIP_VERTEX_Y pattern not found, z is NOT remapped to [0,1] (depth may be wrong)
11:19:15.914 [diag] Z clip-space remap MISS on minecraft:pipeline/translucent_terrain fragment: FLIP_VERTEX_Y pattern not found, z is NOT remapped to [0,1] (depth may be wrong)
11:19:15.941 [diag] Z clip-space remap MISS on minecraft:pipeline/celestial fragment: FLIP_VERTEX_Y pattern not found, z is NOT remapped to [0,1] (depth may be wrong)
11:19:15.967 [diag] Z clip-space remap MISS on minecraft:pipeline/animate_sprite_interpolate fragment: FLIP_VERTEX_Y pattern not found, z is NOT remapped to [0,1] (depth may be wrong)
11:19:15.993 [diag] Z clip-space remap MISS on minecraft:pipeline/dragon_rays_depth fragment: FLIP_VERTEX_Y pattern not found, z is NOT remapped to [0,1] (depth may be wrong)
11:19:16.021 [diag] Z clip-space remap MISS on minecraft:pipeline/end_portal fragment: FLIP_VERTEX_Y pattern not found, z is NOT remapped to [0,1] (depth may be wrong)
11:19:16.048 [diag] Z clip-space remap MISS on minecraft:pipeline/entity_solid_offset_forward fragment: FLIP_VERTEX_Y pattern not found, z is NOT remapped to [0,1] (depth may be wrong)
11:19:16.076 [diag] Z clip-space remap MISS on minecraft:pipeline/entity_translucent_emissive fragment: FLIP_VERTEX_Y pattern not found, z is NOT remapped to [0,1] (depth may be wrong)
11:19:16.104 [diag] Z clip-space remap MISS on minecraft:pipeline/gui_textured fragment: FLIP_VERTEX_Y pattern not found, z is NOT remapped to [0,1] (depth may be wrong)
11:19:16.131 [diag] Z clip-space remap MISS on minecraft:pipeline/debug_triangle_fan fragment: FLIP_VERTEX_Y pattern not found, z is NOT remapped to [0,1] (depth may be wrong)
11:19:16.157 [diag] Z clip-space remap MISS on minecraft:pipeline/glint fragment: FLIP_VERTEX_Y pattern not found, z is NOT remapped to [0,1] (depth may be wrong)
11:19:16.183 [diag] Z clip-space remap MISS on minecraft:pipeline/gui_opaque_textured_background fragment: FLIP_VERTEX_Y pattern not found, z is NOT remapped to [0,1] (depth may be wrong)
11:19:16.208 [diag] Z clip-space remap MISS on minecraft:pipeline/lightning fragment: FLIP_VERTEX_Y pattern not found, z is NOT remapped to [0,1] (depth may be wrong)
11:19:16.234 [diag] Z clip-space remap MISS on minecraft:pipeline/weather_depth_write fragment: FLIP_VERTEX_Y pattern not found, z is NOT remapped to [0,1] (depth may be wrong)
11:19:16.262 [diag] Z clip-space remap MISS on minecraft:pipeline/debug_points fragment: FLIP_VERTEX_Y pattern not found, z is NOT remapped to [0,1] (depth may be wrong)
11:19:16.287 [diag] Z clip-space remap MISS on minecraft:pipeline/weather_no_depth_write fragment: FLIP_VERTEX_Y pattern not found, z is NOT remapped to [0,1] (depth may be wrong)
11:19:16.314 [diag] Z clip-space remap MISS on minecraft:pipeline/clouds fragment: FLIP_VERTEX_Y pattern not found, z is NOT remapped to [0,1] (depth may be wrong)
11:19:16.340 [diag] Z clip-space remap MISS on minecraft:pipeline/text_background fragment: FLIP_VERTEX_Y pattern not found, z is NOT remapped to [0,1] (depth may be wrong)
11:19:16.365 [diag] Z clip-space remap MISS on minecraft:pipeline/mojang_logo fragment: FLIP_VERTEX_Y pattern not found, z is NOT remapped to [0,1] (depth may be wrong)
11:19:16.390 [diag] Z clip-space remap MISS on minecraft:pipeline/gui_text fragment: FLIP_VERTEX_Y pattern not found, z is NOT remapped to [0,1] (depth may be wrong)
11:19:16.414 [diag] Z clip-space remap MISS on minecraft:pipeline/end_sky fragment: FLIP_VERTEX_Y pattern not found, z is NOT remapped to [0,1] (depth may be wrong)
11:19:16.439 [diag] Z clip-space remap MISS on minecraft:pipeline/text_polygon_offset fragment: FLIP_VERTEX_Y pattern not found, z is NOT remapped to [0,1] (depth may be wrong)
11:19:16.465 [diag] Z clip-space remap MISS on minecraft:pipeline/entity_no_outline fragment: FLIP_VERTEX_Y pattern not found, z is NOT remapped to [0,1] (depth may be wrong)
11:19:16.491 [diag] Z clip-space remap MISS on minecraft:pipeline/armor_translucent fragment: FLIP_VERTEX_Y pattern not found, z is NOT remapped to [0,1] (depth may be wrong)
11:19:16.516 [diag] Z clip-space remap MISS on minecraft:pipeline/text_see_through fragment: FLIP_VERTEX_Y pattern not found, z is NOT remapped to [0,1] (depth may be wrong)
11:19:16.541 [diag] Z clip-space remap MISS on minecraft:pipeline/world_border fragment: FLIP_VERTEX_Y pattern not found, z is NOT remapped to [0,1] (depth may be wrong)
11:19:16.566 [diag] Z clip-space remap MISS on minecraft:pipeline/crumbling fragment: FLIP_VERTEX_Y pattern not found, z is NOT remapped to [0,1] (depth may be wrong)
11:19:16.592 [diag] Z clip-space remap MISS on minecraft:pipeline/solid_terrain fragment: FLIP_VERTEX_Y pattern not found, z is NOT remapped to [0,1] (depth may be wrong)
11:19:16.619 [diag] Z clip-space remap MISS on minecraft:pipeline/breeze_wind fragment: FLIP_VERTEX_Y pattern not found, z is NOT remapped to [0,1] (depth may be wrong)
11:19:16.645 [diag] Z clip-space remap MISS on minecraft:pipeline/entity_cutout fragment: FLIP_VERTEX_Y pattern not found, z is NOT remapped to [0,1] (depth may be wrong)
11:19:16.671 [diag] Z clip-space remap MISS on minecraft:pipeline/lines fragment: FLIP_VERTEX_Y pattern not found, z is NOT remapped to [0,1] (depth may be wrong)
11:19:16.697 [diag] Z clip-space remap MISS on minecraft:pipeline/end_gateway fragment: FLIP_VERTEX_Y pattern not found, z is NOT remapped to [0,1] (depth may be wrong)
11:19:16.722 [diag] Z clip-space remap MISS on minecraft:pipeline/animate_sprite_blit fragment: FLIP_VERTEX_Y pattern not found, z is NOT remapped to [0,1] (depth may be wrong)
11:19:16.748 [diag] Z clip-space remap MISS on minecraft:pipeline/entity_decal fragment: FLIP_VERTEX_Y pattern not found, z is NOT remapped to [0,1] (depth may be wrong)
11:19:16.773 [diag] Z clip-space remap MISS on minecraft:pipeline/fire_screen_effect fragment: FLIP_VERTEX_Y pattern not found, z is NOT remapped to [0,1] (depth may be wrong)
11:19:16.798 [diag] Z clip-space remap MISS on minecraft:pipeline/translucent_moving_block fragment: FLIP_VERTEX_Y pattern not found, z is NOT remapped to [0,1] (depth may be wrong)
11:19:16.826 [diag] Z clip-space remap MISS on minecraft:pipeline/flat_clouds fragment: FLIP_VERTEX_Y pattern not found, z is NOT remapped to [0,1] (depth may be wrong)
11:19:16.851 [diag] Z clip-space remap MISS on minecraft:pipeline/sky fragment: FLIP_VERTEX_Y pattern not found, z is NOT remapped to [0,1] (depth may be wrong)
11:19:16.878 [diag] Z clip-space remap MISS on minecraft:pipeline/tripwire_terrain fragment: FLIP_VERTEX_Y pattern not found, z is NOT remapped to [0,1] (depth may be wrong)
11:19:16.903 [diag] Z clip-space remap MISS on minecraft:pipeline/gui_text_intensity fragment: FLIP_VERTEX_Y pattern not found, z is NOT remapped to [0,1] (depth may be wrong)
11:19:16.928 [diag] Z clip-space remap MISS on minecraft:pipeline/debug_filled_box fragment: FLIP_VERTEX_Y pattern not found, z is NOT remapped to [0,1] (depth may be wrong)
11:19:16.953 [diag] Z clip-space remap MISS on minecraft:pipeline/translucent_particle fragment: FLIP_VERTEX_Y pattern not found, z is NOT remapped to [0,1] (depth may be wrong)
11:19:16.978 [diag] Z clip-space remap MISS on minecraft:pipeline/entity_cutout_no_cull_z_offset fragment: FLIP_VERTEX_Y pattern not found, z is NOT remapped to [0,1] (depth may be wrong)
11:19:17.003 [diag] Z clip-space remap MISS on minecraft:pipeline/text fragment: FLIP_VERTEX_Y pattern not found, z is NOT remapped to [0,1] (depth may be wrong)
11:19:17.029 [diag] Z clip-space remap MISS on minecraft:pipeline/energy_swirl fragment: FLIP_VERTEX_Y pattern not found, z is NOT remapped to [0,1] (depth may be wrong)
11:19:17.054 [diag] Z clip-space remap MISS on minecraft:pipeline/armor_decal_cutout_no_cull fragment: FLIP_VERTEX_Y pattern not found, z is NOT remapped to [0,1] (depth may be wrong)
11:19:17.080 [diag] Z clip-space remap MISS on minecraft:pipeline/solid_block fragment: FLIP_VERTEX_Y pattern not found, z is NOT remapped to [0,1] (depth may be wrong)
11:19:17.105 [diag] Z clip-space remap MISS on minecraft:pipeline/opaque_particle fragment: FLIP_VERTEX_Y pattern not found, z is NOT remapped to [0,1] (depth may be wrong)
11:19:17.132 [diag] Z clip-space remap MISS on minecraft:pipeline/secondary_block_outline fragment: FLIP_VERTEX_Y pattern not found, z is NOT remapped to [0,1] (depth may be wrong)
11:19:17.157 [diag] Z clip-space remap MISS on minecraft:pipeline/beacon_beam_opaque fragment: FLIP_VERTEX_Y pattern not found, z is NOT remapped to [0,1] (depth may be wrong)
11:19:17.183 [diag] Z clip-space remap MISS on minecraft:pipeline/entity_translucent fragment: FLIP_VERTEX_Y pattern not found, z is NOT remapped to [0,1] (depth may be wrong)
11:19:17.207 [diag] Z clip-space remap MISS on minecraft:pipeline/gui_text_highlight fragment: FLIP_VERTEX_Y pattern not found, z is NOT remapped to [0,1] (depth may be wrong)
11:19:17.232 [diag] Z clip-space remap MISS on minecraft:pipeline/entity_smooth_cutout fragment: FLIP_VERTEX_Y pattern not found, z is NOT remapped to [0,1] (depth may be wrong)
11:19:17.259 [diag] Z clip-space remap MISS on minecraft:pipeline/cutout_terrain fragment: FLIP_VERTEX_Y pattern not found, z is NOT remapped to [0,1] (depth may be wrong)
11:19:17.285 [diag] Z clip-space remap MISS on minecraft:pipeline/stars fragment: FLIP_VERTEX_Y pattern not found, z is NOT remapped to [0,1] (depth may be wrong)
11:19:17.311 [diag] Z clip-space remap MISS on minecraft:pipeline/beacon_beam_translucent fragment: FLIP_VERTEX_Y pattern not found, z is NOT remapped to [0,1] (depth may be wrong)
11:19:17.337 [diag] Z clip-space remap MISS on minecraft:pipeline/block_screen_effect fragment: FLIP_VERTEX_Y pattern not found, z is NOT remapped to [0,1] (depth may be wrong)
11:19:17.363 [diag] Z clip-space remap MISS on minecraft:pipeline/cutout_block fragment: FLIP_VERTEX_Y pattern not found, z is NOT remapped to [0,1] (depth may be wrong)
11:19:17.388 [diag] Z clip-space remap MISS on minecraft:pipeline/text_intensity fragment: FLIP_VERTEX_Y pattern not found, z is NOT remapped to [0,1] (depth may be wrong)
11:19:17.414 [diag] Z clip-space remap MISS on minecraft:pipeline/entity_solid fragment: FLIP_VERTEX_Y pattern not found, z is NOT remapped to [0,1] (depth may be wrong)
11:19:17.440 [diag] Z clip-space remap MISS on minecraft:pipeline/wireframe fragment: FLIP_VERTEX_Y pattern not found, z is NOT remapped to [0,1] (depth may be wrong)
11:19:17.465 [diag] Z clip-space remap MISS on minecraft:pipeline/gui fragment: FLIP_VERTEX_Y pattern not found, z is NOT remapped to [0,1] (depth may be wrong)
11:19:17.490 [diag] Z clip-space remap MISS on minecraft:pipeline/lines_translucent fragment: FLIP_VERTEX_Y pattern not found, z is NOT remapped to [0,1] (depth may be wrong)
11:19:17.516 [diag] Z clip-space remap MISS on minecraft:pipeline/armor_cutout_no_cull fragment: FLIP_VERTEX_Y pattern not found, z is NOT remapped to [0,1] (depth may be wrong)
11:19:17.540 [diag] Z clip-space remap MISS on minecraft:pipeline/entity_outline_blit fragment: FLIP_VERTEX_Y pattern not found, z is NOT remapped to [0,1] (depth may be wrong)
11:19:17.565 [diag] Z clip-space remap MISS on minecraft:pipeline/lightmap fragment: FLIP_VERTEX_Y pattern not found, z is NOT remapped to [0,1] (depth may be wrong)
11:19:17.590 [diag] Z clip-space remap MISS on minecraft:pipeline/text_background_see_through fragment: FLIP_VERTEX_Y pattern not found, z is NOT remapped to [0,1] (depth may be wrong)
11:19:17.615 [diag] Z clip-space remap MISS on minecraft:pipeline/gui_textured_premultiplied_alpha fragment: FLIP_VERTEX_Y pattern not found, z is NOT remapped to [0,1] (depth may be wrong)
11:19:17.639 [diag] Z clip-space remap MISS on minecraft:pipeline/tracy_blit fragment: FLIP_VERTEX_Y pattern not found, z is NOT remapped to [0,1] (depth may be wrong)
11:19:17.664 [diag] Z clip-space remap MISS on minecraft:pipeline/item_entity_translucent_cull fragment: FLIP_VERTEX_Y pattern not found, z is NOT remapped to [0,1] (depth may be wrong)
11:19:17.689 [diag] Z clip-space remap MISS on minecraft:pipeline/gui_invert fragment: FLIP_VERTEX_Y pattern not found, z is NOT remapped to [0,1] (depth may be wrong)
11:19:17.713 [diag] Z clip-space remap MISS on minecraft:pipeline/leash fragment: FLIP_VERTEX_Y pattern not found, z is NOT remapped to [0,1] (depth may be wrong)
11:19:17.738 [diag] Z clip-space remap MISS on minecraft:pipeline/vignette fragment: FLIP_VERTEX_Y pattern not found, z is NOT remapped to [0,1] (depth may be wrong)
11:19:17.762 [diag] Z clip-space remap MISS on minecraft:pipeline/crosshair fragment: FLIP_VERTEX_Y pattern not found, z is NOT remapped to [0,1] (depth may be wrong)
11:19:17.786 [diag] Z clip-space remap MISS on minecraft:pipeline/outline_no_cull fragment: FLIP_VERTEX_Y pattern not found, z is NOT remapped to [0,1] (depth may be wrong)
11:19:17.811 [diag] Z clip-space remap MISS on minecraft:pipeline/panorama fragment: FLIP_VERTEX_Y pattern not found, z is NOT remapped to [0,1] (depth may be wrong)
11:19:17.835 [diag] Z clip-space remap MISS on minecraft:pipeline/debug_quads fragment: FLIP_VERTEX_Y pattern not found, z is NOT remapped to [0,1] (depth may be wrong)
11:19:17.859 [diag] Z clip-space remap MISS on minecraft:pipeline/water_mask fragment: FLIP_VERTEX_Y pattern not found, z is NOT remapped to [0,1] (depth may be wrong)
11:19:17.884 [diag] Z clip-space remap MISS on minecraft:pipeline/entity_shadow fragment: FLIP_VERTEX_Y pattern not found, z is NOT remapped to [0,1] (depth may be wrong)
11:19:17.908 [diag] Z clip-space remap MISS on minecraft:pipeline/outline_cull fragment: FLIP_VERTEX_Y pattern not found, z is NOT remapped to [0,1] (depth may be wrong)
11:19:17.933 [diag] Z clip-space remap MISS on minecraft:pipeline/eyes fragment: FLIP_VERTEX_Y pattern not found, z is NOT remapped to [0,1] (depth may be wrong)
11:19:17.958 [diag] Z clip-space remap MISS on minecraft:pipeline/gui_nausea_overlay fragment: FLIP_VERTEX_Y pattern not found, z is NOT remapped to [0,1] (depth may be wrong)
11:19:17.983 [diag] Z clip-space remap MISS on minecraft:pipeline/dragon_rays fragment: FLIP_VERTEX_Y pattern not found, z is NOT remapped to [0,1] (depth may be wrong)
11:19:18.024 createBuffer stack sample #1:
  knot//com.metallum.client.metal.render.MetalDevice.createBuffer(MetalDevice.java:149)
  knot//net.minecraft.class_1059.method_45848(class_1059.java:116)
  knot//net.minecraft.class_11697$class_11699.method_73035(class_11697.java:168)
  knot//net.minecraft.class_11697$class_11700.method_73039(class_11697.java:212)
  java.base/java.util.ArrayList.forEach(Unknown Source)
  knot//net.minecraft.class_11697$class_11700.method_73037(class_11697.java:212)
  knot//net.minecraft.class_11697.method_76671(class_11697.java:146)
  knot//net.minecraft.class_11697.method_73029(class_11697.java:142)
  java.base/java.util.concurrent.CompletableFuture$UniAccept.tryFire(Unknown Source)
  java.base/java.util.concurrent.CompletableFuture$Completion.run(Unknown Source)
  knot//net.minecraft.class_4014.method_67574(class_4014.java:59)
  knot//net.minecraft.class_1255.method_18859(class_1255.java:169)
11:19:18.045 createBuffer stack sample #2:
  knot//com.metallum.client.metal.render.MetalDevice.createBuffer(MetalDevice.java:149)
  knot//net.minecraft.class_1059.method_76314(class_1059.java:173)
  knot//net.minecraft.class_1059.method_45848(class_1059.java:135)
  knot//net.minecraft.class_11697$class_11699.method_73035(class_11697.java:168)
  knot//net.minecraft.class_11697$class_11700.method_73039(class_11697.java:212)
  java.base/java.util.ArrayList.forEach(Unknown Source)
  knot//net.minecraft.class_11697$class_11700.method_73037(class_11697.java:212)
  knot//net.minecraft.class_11697.method_76671(class_11697.java:146)
  knot//net.minecraft.class_11697.method_73029(class_11697.java:142)
  java.base/java.util.concurrent.CompletableFuture$UniAccept.tryFire(Unknown Source)
  java.base/java.util.concurrent.CompletableFuture$Completion.run(Unknown Source)
  knot//net.minecraft.class_4014.method_67574(class_4014.java:59)
11:19:18.049 createBuffer stack sample #3:
  knot//com.metallum.client.metal.render.MetalDevice.createBuffer(MetalDevice.java:149)
  knot//net.minecraft.class_1059.method_76314(class_1059.java:173)
  knot//net.minecraft.class_1059.method_45848(class_1059.java:135)
  knot//net.minecraft.class_11697$class_11699.method_73035(class_11697.java:168)
  knot//net.minecraft.class_11697$class_11700.method_73039(class_11697.java:212)
  java.base/java.util.ArrayList.forEach(Unknown Source)
  knot//net.minecraft.class_11697$class_11700.method_73037(class_11697.java:212)
  knot//net.minecraft.class_11697.method_76671(class_11697.java:146)
  knot//net.minecraft.class_11697.method_73029(class_11697.java:142)
  java.base/java.util.concurrent.CompletableFuture$UniAccept.tryFire(Unknown Source)
  java.base/java.util.concurrent.CompletableFuture$Completion.run(Unknown Source)
  knot//net.minecraft.class_4014.method_67574(class_4014.java:59)
11:19:18.067 createBuffer stack sample #4:
  knot//com.metallum.client.metal.render.MetalDevice.createBuffer(MetalDevice.java:149)
  knot//net.minecraft.class_1059.method_76314(class_1059.java:173)
  knot//net.minecraft.class_1059.method_45848(class_1059.java:135)
  knot//net.minecraft.class_11697$class_11699.method_73035(class_11697.java:168)
  knot//net.minecraft.class_11697$class_11700.method_73039(class_11697.java:212)
  java.base/java.util.ArrayList.forEach(Unknown Source)
  knot//net.minecraft.class_11697$class_11700.method_73037(class_11697.java:212)
  knot//net.minecraft.class_11697.method_76671(class_11697.java:146)
  knot//net.minecraft.class_11697.method_73029(class_11697.java:142)
  java.base/java.util.concurrent.CompletableFuture$UniAccept.tryFire(Unknown Source)
  java.base/java.util.concurrent.CompletableFuture$Completion.run(Unknown Source)
  knot//net.minecraft.class_4014.method_67574(class_4014.java:59)
11:19:18.071 createBuffer stack sample #5:
  knot//com.metallum.client.metal.render.MetalDevice.createBuffer(MetalDevice.java:149)
  knot//net.minecraft.class_1059.method_76314(class_1059.java:173)
  knot//net.minecraft.class_1059.method_45848(class_1059.java:135)
  knot//net.minecraft.class_11697$class_11699.method_73035(class_11697.java:168)
  knot//net.minecraft.class_11697$class_11700.method_73039(class_11697.java:212)
  java.base/java.util.ArrayList.forEach(Unknown Source)
  knot//net.minecraft.class_11697$class_11700.method_73037(class_11697.java:212)
  knot//net.minecraft.class_11697.method_76671(class_11697.java:146)
  knot//net.minecraft.class_11697.method_73029(class_11697.java:142)
  java.base/java.util.concurrent.CompletableFuture$UniAccept.tryFire(Unknown Source)
  java.base/java.util.concurrent.CompletableFuture$Completion.run(Unknown Source)
  knot//net.minecraft.class_4014.method_67574(class_4014.java:59)
11:19:20.067 frame_time fps=53.1 avg=18.85ms max=222.31ms gpuBehind=0
11:19:21.224 [diag] Z clip-space remap MISS on minecraft:blur/0 fragment: FLIP_VERTEX_Y pattern not found, z is NOT remapped to [0,1] (depth may be wrong)
11:19:21.251 [diag] Z clip-space remap MISS on minecraft:blur/1 fragment: FLIP_VERTEX_Y pattern not found, z is NOT remapped to [0,1] (depth may be wrong)
11:19:21.277 [diag] Z clip-space remap MISS on minecraft:blur/2 fragment: FLIP_VERTEX_Y pattern not found, z is NOT remapped to [0,1] (depth may be wrong)
11:19:21.302 [diag] Z clip-space remap MISS on minecraft:blur/3 fragment: FLIP_VERTEX_Y pattern not found, z is NOT remapped to [0,1] (depth may be wrong)
11:19:21.327 [diag] Z clip-space remap MISS on minecraft:blur/4 fragment: FLIP_VERTEX_Y pattern not found, z is NOT remapped to [0,1] (depth may be wrong)
11:19:21.352 [diag] Z clip-space remap MISS on minecraft:blur/5 fragment: FLIP_VERTEX_Y pattern not found, z is NOT remapped to [0,1] (depth may be wrong)
11:19:25.211 [diag] Z clip-space remap MISS on sodium/blocks/block_layer_opaque fragment: FLIP_VERTEX_Y pattern not found, z is NOT remapped to [0,1] (depth may be wrong)
11:19:25.249 [diag] Z clip-space remap MISS on sodium/blocks/block_layer_opaque fragment: FLIP_VERTEX_Y pattern not found, z is NOT remapped to [0,1] (depth may be wrong)
11:19:25.283 [diag] Z clip-space remap MISS on sodium/blocks/block_layer_opaque fragment: FLIP_VERTEX_Y pattern not found, z is NOT remapped to [0,1] (depth may be wrong)
11:19:25.302 frame_time fps=50.6 avg=19.77ms max=283.96ms gpuBehind=0
11:19:25.521 [diag] sodium regionUniform regionOffset=(-28.16,-44.51,-96.86) currentTime=364 fadePeriodInv=0.001333
11:19:25.522 [diag] sodium encoder rebuilds(last5s)=1
11:19:25.526 [diag] sodium draws(last5s)=1 batchSize=1 firstDraw=e=1788 bv=192236 io=0
11:19:30.366 frame_time fps=47.2 avg=21.19ms max=225.37ms gpuBehind=0
11:19:30.522 [diag] sodium regionUniform regionOffset=(-26.30,-36.20,-101.85) currentTime=5366 fadePeriodInv=0.001333
11:19:30.523 [diag] sodium encoder rebuilds(last5s)=789
11:19:30.525 [diag] sodium draws(last5s)=67 batchSize=67 firstDraw=e=1296 bv=192664 io=0
11:19:35.367 frame_time fps=51.4 avg=19.46ms max=110.77ms gpuBehind=0
11:19:35.535 [diag] sodium regionUniform regionOffset=(-26.30,-36.20,-101.85) currentTime=10379 fadePeriodInv=0.001333
11:19:35.536 [diag] sodium draws(last5s)=40 batchSize=40 firstDraw=e=966 bv=313892 io=0
11:19:35.536 [diag] sodium encoder rebuilds(last5s)=1390
11:19:40.382 frame_time fps=58.0 avg=17.24ms max=124.68ms gpuBehind=0
==== Metallum diag start ====
11:44:11.847 [diag] Z clip-space remap MISS on minecraft:pipeline/gui fragment: FLIP_VERTEX_Y pattern not found, z is NOT remapped to [0,1] (depth may be wrong)
11:44:11.876 [diag] Z clip-space remap MISS on minecraft:pipeline/gui_textured fragment: FLIP_VERTEX_Y pattern not found, z is NOT remapped to [0,1] (depth may be wrong)
11:44:12.068 [diag] Z clip-space remap MISS on minecraft:pipeline/mojang_logo fragment: FLIP_VERTEX_Y pattern not found, z is NOT remapped to [0,1] (depth may be wrong)
11:44:12.079 buffers total=42 | usage=0x82 count=15 req=0.0MB alloc=0.0MB | usage=0x22 count=6 req=0.0MB alloc=0.0MB | usage=0x3 count=2 req=1.5MB alloc=1.5MB | usage=0x88 count=15 req=0.0MB alloc=0.0MB | usage=0x28 count=3 req=0.0MB alloc=0.0MB | usage=0x48 count=1 req=0.0MB alloc=0.0MB | sum count=42 req=1.5MB alloc=1.5MB | poolHit=0 poolMiss=42 poolReturn=0 poolHitRate=0%
11:44:12.855 [diag] Z clip-space remap MISS on minecraft:pipeline/entity_solid fragment: FLIP_VERTEX_Y pattern not found, z is NOT remapped to [0,1] (depth may be wrong)
11:44:12.882 [diag] Z clip-space remap MISS on minecraft:pipeline/outline_cull fragment: FLIP_VERTEX_Y pattern not found, z is NOT remapped to [0,1] (depth may be wrong)
11:44:12.907 [diag] Z clip-space remap MISS on minecraft:pipeline/gui fragment: FLIP_VERTEX_Y pattern not found, z is NOT remapped to [0,1] (depth may be wrong)
11:44:12.932 [diag] Z clip-space remap MISS on minecraft:pipeline/tracy_blit fragment: FLIP_VERTEX_Y pattern not found, z is NOT remapped to [0,1] (depth may be wrong)
11:44:12.957 [diag] Z clip-space remap MISS on minecraft:pipeline/lightning fragment: FLIP_VERTEX_Y pattern not found, z is NOT remapped to [0,1] (depth may be wrong)
11:44:12.983 [diag] Z clip-space remap MISS on minecraft:pipeline/secondary_block_outline fragment: FLIP_VERTEX_Y pattern not found, z is NOT remapped to [0,1] (depth may be wrong)
11:44:13.010 [diag] Z clip-space remap MISS on minecraft:pipeline/entity_cutout_no_cull fragment: FLIP_VERTEX_Y pattern not found, z is NOT remapped to [0,1] (depth may be wrong)
11:44:13.036 [diag] Z clip-space remap MISS on minecraft:pipeline/flat_clouds fragment: FLIP_VERTEX_Y pattern not found, z is NOT remapped to [0,1] (depth may be wrong)
11:44:13.062 [diag] Z clip-space remap MISS on minecraft:pipeline/clouds fragment: FLIP_VERTEX_Y pattern not found, z is NOT remapped to [0,1] (depth may be wrong)
11:44:13.088 [diag] Z clip-space remap MISS on minecraft:pipeline/gui_opaque_textured_background fragment: FLIP_VERTEX_Y pattern not found, z is NOT remapped to [0,1] (depth may be wrong)
11:44:13.117 [diag] Z clip-space remap MISS on minecraft:pipeline/gui_text_intensity fragment: FLIP_VERTEX_Y pattern not found, z is NOT remapped to [0,1] (depth may be wrong)
11:44:13.144 [diag] Z clip-space remap MISS on minecraft:pipeline/entity_cutout fragment: FLIP_VERTEX_Y pattern not found, z is NOT remapped to [0,1] (depth may be wrong)
11:44:13.170 [diag] Z clip-space remap MISS on minecraft:pipeline/gui_textured fragment: FLIP_VERTEX_Y pattern not found, z is NOT remapped to [0,1] (depth may be wrong)
11:44:13.197 [diag] Z clip-space remap MISS on minecraft:pipeline/wireframe fragment: FLIP_VERTEX_Y pattern not found, z is NOT remapped to [0,1] (depth may be wrong)
11:44:13.223 [diag] Z clip-space remap MISS on minecraft:pipeline/armor_decal_cutout_no_cull fragment: FLIP_VERTEX_Y pattern not found, z is NOT remapped to [0,1] (depth may be wrong)
11:44:13.249 [diag] Z clip-space remap MISS on minecraft:pipeline/weather_no_depth_write fragment: FLIP_VERTEX_Y pattern not found, z is NOT remapped to [0,1] (depth may be wrong)
11:44:13.274 [diag] Z clip-space remap MISS on minecraft:pipeline/translucent_particle fragment: FLIP_VERTEX_Y pattern not found, z is NOT remapped to [0,1] (depth may be wrong)
11:44:13.299 [diag] Z clip-space remap MISS on minecraft:pipeline/beacon_beam_translucent fragment: FLIP_VERTEX_Y pattern not found, z is NOT remapped to [0,1] (depth may be wrong)
11:44:13.324 [diag] Z clip-space remap MISS on minecraft:pipeline/gui_text_highlight fragment: FLIP_VERTEX_Y pattern not found, z is NOT remapped to [0,1] (depth may be wrong)
11:44:13.349 [diag] Z clip-space remap MISS on minecraft:pipeline/solid_block fragment: FLIP_VERTEX_Y pattern not found, z is NOT remapped to [0,1] (depth may be wrong)
11:44:13.374 [diag] Z clip-space remap MISS on minecraft:pipeline/opaque_particle fragment: FLIP_VERTEX_Y pattern not found, z is NOT remapped to [0,1] (depth may be wrong)
11:44:13.399 [diag] Z clip-space remap MISS on minecraft:pipeline/entity_outline_blit fragment: FLIP_VERTEX_Y pattern not found, z is NOT remapped to [0,1] (depth may be wrong)
11:44:13.423 [diag] Z clip-space remap MISS on minecraft:pipeline/debug_quads fragment: FLIP_VERTEX_Y pattern not found, z is NOT remapped to [0,1] (depth may be wrong)
11:44:13.449 [diag] Z clip-space remap MISS on minecraft:pipeline/solid_terrain fragment: FLIP_VERTEX_Y pattern not found, z is NOT remapped to [0,1] (depth may be wrong)
11:44:13.474 [diag] Z clip-space remap MISS on minecraft:pipeline/animate_sprite_blit fragment: FLIP_VERTEX_Y pattern not found, z is NOT remapped to [0,1] (depth may be wrong)
11:44:13.499 [diag] Z clip-space remap MISS on minecraft:pipeline/debug_points fragment: FLIP_VERTEX_Y pattern not found, z is NOT remapped to [0,1] (depth may be wrong)
11:44:13.524 [diag] Z clip-space remap MISS on minecraft:pipeline/item_entity_translucent_cull fragment: FLIP_VERTEX_Y pattern not found, z is NOT remapped to [0,1] (depth may be wrong)
11:44:13.549 [diag] Z clip-space remap MISS on minecraft:pipeline/celestial fragment: FLIP_VERTEX_Y pattern not found, z is NOT remapped to [0,1] (depth may be wrong)
11:44:13.573 [diag] Z clip-space remap MISS on minecraft:pipeline/panorama fragment: FLIP_VERTEX_Y pattern not found, z is NOT remapped to [0,1] (depth may be wrong)
11:44:13.599 [diag] Z clip-space remap MISS on minecraft:pipeline/glint fragment: FLIP_VERTEX_Y pattern not found, z is NOT remapped to [0,1] (depth may be wrong)
11:44:13.625 [diag] Z clip-space remap MISS on minecraft:pipeline/lines fragment: FLIP_VERTEX_Y pattern not found, z is NOT remapped to [0,1] (depth may be wrong)
11:44:13.650 [diag] Z clip-space remap MISS on minecraft:pipeline/outline_no_cull fragment: FLIP_VERTEX_Y pattern not found, z is NOT remapped to [0,1] (depth may be wrong)
11:44:13.676 [diag] Z clip-space remap MISS on minecraft:pipeline/dragon_rays fragment: FLIP_VERTEX_Y pattern not found, z is NOT remapped to [0,1] (depth may be wrong)
11:44:13.702 [diag] Z clip-space remap MISS on minecraft:pipeline/tripwire_block fragment: FLIP_VERTEX_Y pattern not found, z is NOT remapped to [0,1] (depth may be wrong)
11:44:13.727 [diag] Z clip-space remap MISS on minecraft:pipeline/cutout_block fragment: FLIP_VERTEX_Y pattern not found, z is NOT remapped to [0,1] (depth may be wrong)
11:44:13.752 [diag] Z clip-space remap MISS on minecraft:pipeline/vignette fragment: FLIP_VERTEX_Y pattern not found, z is NOT remapped to [0,1] (depth may be wrong)
11:44:13.776 [diag] Z clip-space remap MISS on minecraft:pipeline/text_background_see_through fragment: FLIP_VERTEX_Y pattern not found, z is NOT remapped to [0,1] (depth may be wrong)
11:44:13.803 [diag] Z clip-space remap MISS on minecraft:pipeline/end_gateway fragment: FLIP_VERTEX_Y pattern not found, z is NOT remapped to [0,1] (depth may be wrong)
11:44:13.827 [diag] Z clip-space remap MISS on minecraft:pipeline/water_mask fragment: FLIP_VERTEX_Y pattern not found, z is NOT remapped to [0,1] (depth may be wrong)
11:44:13.854 [diag] Z clip-space remap MISS on minecraft:pipeline/debug_triangle_fan fragment: FLIP_VERTEX_Y pattern not found, z is NOT remapped to [0,1] (depth may be wrong)
11:44:13.880 [diag] Z clip-space remap MISS on minecraft:pipeline/text_polygon_offset fragment: FLIP_VERTEX_Y pattern not found, z is NOT remapped to [0,1] (depth may be wrong)
11:44:13.905 [diag] Z clip-space remap MISS on minecraft:pipeline/entity_no_outline fragment: FLIP_VERTEX_Y pattern not found, z is NOT remapped to [0,1] (depth may be wrong)
11:44:13.931 [diag] Z clip-space remap MISS on minecraft:pipeline/dragon_explosion_alpha fragment: FLIP_VERTEX_Y pattern not found, z is NOT remapped to [0,1] (depth may be wrong)
11:44:13.958 [diag] Z clip-space remap MISS on minecraft:pipeline/weather_depth_write fragment: FLIP_VERTEX_Y pattern not found, z is NOT remapped to [0,1] (depth may be wrong)
11:44:13.983 [diag] Z clip-space remap MISS on minecraft:pipeline/eyes fragment: FLIP_VERTEX_Y pattern not found, z is NOT remapped to [0,1] (depth may be wrong)
11:44:14.009 [diag] Z clip-space remap MISS on minecraft:pipeline/energy_swirl fragment: FLIP_VERTEX_Y pattern not found, z is NOT remapped to [0,1] (depth may be wrong)
11:44:14.034 [diag] Z clip-space remap MISS on minecraft:pipeline/dragon_rays_depth fragment: FLIP_VERTEX_Y pattern not found, z is NOT remapped to [0,1] (depth may be wrong)
11:44:14.059 [diag] Z clip-space remap MISS on minecraft:pipeline/sunrise_sunset fragment: FLIP_VERTEX_Y pattern not found, z is NOT remapped to [0,1] (depth may be wrong)
11:44:14.084 [diag] Z clip-space remap MISS on minecraft:pipeline/gui_text fragment: FLIP_VERTEX_Y pattern not found, z is NOT remapped to [0,1] (depth may be wrong)
11:44:14.108 [diag] Z clip-space remap MISS on minecraft:pipeline/gui_nausea_overlay fragment: FLIP_VERTEX_Y pattern not found, z is NOT remapped to [0,1] (depth may be wrong)
11:44:14.134 [diag] Z clip-space remap MISS on minecraft:pipeline/cutout_terrain fragment: FLIP_VERTEX_Y pattern not found, z is NOT remapped to [0,1] (depth may be wrong)
11:44:14.160 [diag] Z clip-space remap MISS on minecraft:pipeline/world_border fragment: FLIP_VERTEX_Y pattern not found, z is NOT remapped to [0,1] (depth may be wrong)
11:44:14.186 [diag] Z clip-space remap MISS on minecraft:pipeline/translucent_moving_block fragment: FLIP_VERTEX_Y pattern not found, z is NOT remapped to [0,1] (depth may be wrong)
11:44:14.214 [diag] Z clip-space remap MISS on minecraft:pipeline/tripwire_terrain fragment: FLIP_VERTEX_Y pattern not found, z is NOT remapped to [0,1] (depth may be wrong)
11:44:14.240 [diag] Z clip-space remap MISS on minecraft:pipeline/armor_translucent fragment: FLIP_VERTEX_Y pattern not found, z is NOT remapped to [0,1] (depth may be wrong)
11:44:14.266 [diag] Z clip-space remap MISS on minecraft:pipeline/leash fragment: FLIP_VERTEX_Y pattern not found, z is NOT remapped to [0,1] (depth may be wrong)
11:44:14.291 [diag] Z clip-space remap MISS on minecraft:pipeline/beacon_beam_opaque fragment: FLIP_VERTEX_Y pattern not found, z is NOT remapped to [0,1] (depth may be wrong)
11:44:14.315 [diag] Z clip-space remap MISS on minecraft:pipeline/stars fragment: FLIP_VERTEX_Y pattern not found, z is NOT remapped to [0,1] (depth may be wrong)
11:44:14.341 [diag] Z clip-space remap MISS on minecraft:pipeline/entity_translucent fragment: FLIP_VERTEX_Y pattern not found, z is NOT remapped to [0,1] (depth may be wrong)
11:44:14.367 [diag] Z clip-space remap MISS on minecraft:pipeline/entity_cutout_no_cull_z_offset fragment: FLIP_VERTEX_Y pattern not found, z is NOT remapped to [0,1] (depth may be wrong)
11:44:14.392 [diag] Z clip-space remap MISS on minecraft:pipeline/entity_translucent_emissive fragment: FLIP_VERTEX_Y pattern not found, z is NOT remapped to [0,1] (depth may be wrong)
11:44:14.418 [diag] Z clip-space remap MISS on minecraft:pipeline/lightmap fragment: FLIP_VERTEX_Y pattern not found, z is NOT remapped to [0,1] (depth may be wrong)
11:44:14.443 [diag] Z clip-space remap MISS on minecraft:pipeline/entity_shadow fragment: FLIP_VERTEX_Y pattern not found, z is NOT remapped to [0,1] (depth may be wrong)
11:44:14.468 [diag] Z clip-space remap MISS on minecraft:pipeline/fire_screen_effect fragment: FLIP_VERTEX_Y pattern not found, z is NOT remapped to [0,1] (depth may be wrong)
11:44:14.492 [diag] Z clip-space remap MISS on minecraft:pipeline/block_screen_effect fragment: FLIP_VERTEX_Y pattern not found, z is NOT remapped to [0,1] (depth may be wrong)
11:44:14.517 [diag] Z clip-space remap MISS on minecraft:pipeline/armor_cutout_no_cull fragment: FLIP_VERTEX_Y pattern not found, z is NOT remapped to [0,1] (depth may be wrong)
11:44:14.543 [diag] Z clip-space remap MISS on minecraft:pipeline/entity_solid_offset_forward fragment: FLIP_VERTEX_Y pattern not found, z is NOT remapped to [0,1] (depth may be wrong)
11:44:14.567 [diag] Z clip-space remap MISS on minecraft:pipeline/animate_sprite_interpolate fragment: FLIP_VERTEX_Y pattern not found, z is NOT remapped to [0,1] (depth may be wrong)
11:44:14.592 [diag] Z clip-space remap MISS on minecraft:pipeline/crosshair fragment: FLIP_VERTEX_Y pattern not found, z is NOT remapped to [0,1] (depth may be wrong)
11:44:14.617 [diag] Z clip-space remap MISS on minecraft:pipeline/end_portal fragment: FLIP_VERTEX_Y pattern not found, z is NOT remapped to [0,1] (depth may be wrong)
11:44:14.643 [diag] Z clip-space remap MISS on minecraft:pipeline/text_background fragment: FLIP_VERTEX_Y pattern not found, z is NOT remapped to [0,1] (depth may be wrong)
11:44:14.667 [diag] Z clip-space remap MISS on minecraft:pipeline/gui_textured_premultiplied_alpha fragment: FLIP_VERTEX_Y pattern not found, z is NOT remapped to [0,1] (depth may be wrong)
11:44:14.692 [diag] Z clip-space remap MISS on minecraft:pipeline/text fragment: FLIP_VERTEX_Y pattern not found, z is NOT remapped to [0,1] (depth may be wrong)
11:44:14.717 [diag] Z clip-space remap MISS on minecraft:pipeline/crumbling fragment: FLIP_VERTEX_Y pattern not found, z is NOT remapped to [0,1] (depth may be wrong)
11:44:14.742 [diag] Z clip-space remap MISS on minecraft:pipeline/text_see_through fragment: FLIP_VERTEX_Y pattern not found, z is NOT remapped to [0,1] (depth may be wrong)
11:44:14.768 [diag] Z clip-space remap MISS on minecraft:pipeline/translucent_terrain fragment: FLIP_VERTEX_Y pattern not found, z is NOT remapped to [0,1] (depth may be wrong)
11:44:14.792 [diag] Z clip-space remap MISS on minecraft:pipeline/mojang_logo fragment: FLIP_VERTEX_Y pattern not found, z is NOT remapped to [0,1] (depth may be wrong)
11:44:14.817 [diag] Z clip-space remap MISS on minecraft:pipeline/debug_filled_box fragment: FLIP_VERTEX_Y pattern not found, z is NOT remapped to [0,1] (depth may be wrong)
11:44:14.841 [diag] Z clip-space remap MISS on minecraft:pipeline/gui_invert fragment: FLIP_VERTEX_Y pattern not found, z is NOT remapped to [0,1] (depth may be wrong)
11:44:14.865 [diag] Z clip-space remap MISS on minecraft:pipeline/text_intensity_see_through fragment: FLIP_VERTEX_Y pattern not found, z is NOT remapped to [0,1] (depth may be wrong)
11:44:14.891 [diag] Z clip-space remap MISS on minecraft:pipeline/entity_smooth_cutout fragment: FLIP_VERTEX_Y pattern not found, z is NOT remapped to [0,1] (depth may be wrong)
11:44:14.916 [diag] Z clip-space remap MISS on minecraft:pipeline/text_intensity fragment: FLIP_VERTEX_Y pattern not found, z is NOT remapped to [0,1] (depth may be wrong)
11:44:14.941 [diag] Z clip-space remap MISS on minecraft:pipeline/lines_translucent fragment: FLIP_VERTEX_Y pattern not found, z is NOT remapped to [0,1] (depth may be wrong)
11:44:14.966 [diag] Z clip-space remap MISS on minecraft:pipeline/end_sky fragment: FLIP_VERTEX_Y pattern not found, z is NOT remapped to [0,1] (depth may be wrong)
11:44:14.991 [diag] Z clip-space remap MISS on minecraft:pipeline/breeze_wind fragment: FLIP_VERTEX_Y pattern not found, z is NOT remapped to [0,1] (depth may be wrong)
11:44:15.017 [diag] Z clip-space remap MISS on minecraft:pipeline/entity_decal fragment: FLIP_VERTEX_Y pattern not found, z is NOT remapped to [0,1] (depth may be wrong)
11:44:15.042 [diag] Z clip-space remap MISS on minecraft:pipeline/sky fragment: FLIP_VERTEX_Y pattern not found, z is NOT remapped to [0,1] (depth may be wrong)
11:44:15.080 createBuffer stack sample #1:
  knot//com.metallum.client.metal.render.MetalDevice.createBuffer(MetalDevice.java:149)
  knot//net.minecraft.class_1059.method_45848(class_1059.java:116)
  knot//net.minecraft.class_11697$class_11699.method_73035(class_11697.java:168)
  knot//net.minecraft.class_11697$class_11700.method_73039(class_11697.java:212)
  java.base/java.util.ArrayList.forEach(Unknown Source)
  knot//net.minecraft.class_11697$class_11700.method_73037(class_11697.java:212)
  knot//net.minecraft.class_11697.method_76671(class_11697.java:146)
  knot//net.minecraft.class_11697.method_73029(class_11697.java:142)
  java.base/java.util.concurrent.CompletableFuture$UniAccept.tryFire(Unknown Source)
  java.base/java.util.concurrent.CompletableFuture$Completion.run(Unknown Source)
  knot//net.minecraft.class_4014.method_67574(class_4014.java:59)
  knot//net.minecraft.class_1255.method_18859(class_1255.java:169)
11:44:15.094 createBuffer stack sample #2:
  knot//com.metallum.client.metal.render.MetalDevice.createBuffer(MetalDevice.java:149)
  knot//net.minecraft.class_1059.method_76314(class_1059.java:173)
  knot//net.minecraft.class_1059.method_45848(class_1059.java:135)
  knot//net.minecraft.class_11697$class_11699.method_73035(class_11697.java:168)
  knot//net.minecraft.class_11697$class_11700.method_73039(class_11697.java:212)
  java.base/java.util.ArrayList.forEach(Unknown Source)
  knot//net.minecraft.class_11697$class_11700.method_73037(class_11697.java:212)
  knot//net.minecraft.class_11697.method_76671(class_11697.java:146)
  knot//net.minecraft.class_11697.method_73029(class_11697.java:142)
  java.base/java.util.concurrent.CompletableFuture$UniAccept.tryFire(Unknown Source)
  java.base/java.util.concurrent.CompletableFuture$Completion.run(Unknown Source)
  knot//net.minecraft.class_4014.method_67574(class_4014.java:59)
11:44:15.097 createBuffer stack sample #3:
  knot//com.metallum.client.metal.render.MetalDevice.createBuffer(MetalDevice.java:149)
  knot//net.minecraft.class_1059.method_76314(class_1059.java:173)
  knot//net.minecraft.class_1059.method_45848(class_1059.java:135)
  knot//net.minecraft.class_11697$class_11699.method_73035(class_11697.java:168)
  knot//net.minecraft.class_11697$class_11700.method_73039(class_11697.java:212)
  java.base/java.util.ArrayList.forEach(Unknown Source)
  knot//net.minecraft.class_11697$class_11700.method_73037(class_11697.java:212)
  knot//net.minecraft.class_11697.method_76671(class_11697.java:146)
  knot//net.minecraft.class_11697.method_73029(class_11697.java:142)
  java.base/java.util.concurrent.CompletableFuture$UniAccept.tryFire(Unknown Source)
  java.base/java.util.concurrent.CompletableFuture$Completion.run(Unknown Source)
  knot//net.minecraft.class_4014.method_67574(class_4014.java:59)
11:44:15.116 createBuffer stack sample #4:
  knot//com.metallum.client.metal.render.MetalDevice.createBuffer(MetalDevice.java:149)
  knot//net.minecraft.class_1059.method_76314(class_1059.java:173)
  knot//net.minecraft.class_1059.method_45848(class_1059.java:135)
  knot//net.minecraft.class_11697$class_11699.method_73035(class_11697.java:168)
  knot//net.minecraft.class_11697$class_11700.method_73039(class_11697.java:212)
  java.base/java.util.ArrayList.forEach(Unknown Source)
  knot//net.minecraft.class_11697$class_11700.method_73037(class_11697.java:212)
  knot//net.minecraft.class_11697.method_76671(class_11697.java:146)
  knot//net.minecraft.class_11697.method_73029(class_11697.java:142)
  java.base/java.util.concurrent.CompletableFuture$UniAccept.tryFire(Unknown Source)
  java.base/java.util.concurrent.CompletableFuture$Completion.run(Unknown Source)
  knot//net.minecraft.class_4014.method_67574(class_4014.java:59)
11:44:15.121 createBuffer stack sample #5:
  knot//com.metallum.client.metal.render.MetalDevice.createBuffer(MetalDevice.java:149)
  knot//net.minecraft.class_1059.method_76314(class_1059.java:173)
  knot//net.minecraft.class_1059.method_45848(class_1059.java:135)
  knot//net.minecraft.class_11697$class_11699.method_73035(class_11697.java:168)
  knot//net.minecraft.class_11697$class_11700.method_73039(class_11697.java:212)
  java.base/java.util.ArrayList.forEach(Unknown Source)
  knot//net.minecraft.class_11697$class_11700.method_73037(class_11697.java:212)
  knot//net.minecraft.class_11697.method_76671(class_11697.java:146)
  knot//net.minecraft.class_11697.method_73029(class_11697.java:142)
  java.base/java.util.concurrent.CompletableFuture$UniAccept.tryFire(Unknown Source)
  java.base/java.util.concurrent.CompletableFuture$Completion.run(Unknown Source)
  knot//net.minecraft.class_4014.method_67574(class_4014.java:59)
11:44:17.090 frame_time fps=54.1 avg=18.49ms max=185.77ms gpuBehind=0
11:44:17.969 [diag] Z clip-space remap MISS on minecraft:blur/0 fragment: FLIP_VERTEX_Y pattern not found, z is NOT remapped to [0,1] (depth may be wrong)
11:44:17.996 [diag] Z clip-space remap MISS on minecraft:blur/1 fragment: FLIP_VERTEX_Y pattern not found, z is NOT remapped to [0,1] (depth may be wrong)
11:44:18.022 [diag] Z clip-space remap MISS on minecraft:blur/2 fragment: FLIP_VERTEX_Y pattern not found, z is NOT remapped to [0,1] (depth may be wrong)
11:44:18.047 [diag] Z clip-space remap MISS on minecraft:blur/3 fragment: FLIP_VERTEX_Y pattern not found, z is NOT remapped to [0,1] (depth may be wrong)
11:44:18.072 [diag] Z clip-space remap MISS on minecraft:blur/4 fragment: FLIP_VERTEX_Y pattern not found, z is NOT remapped to [0,1] (depth may be wrong)
11:44:18.097 [diag] Z clip-space remap MISS on minecraft:blur/5 fragment: FLIP_VERTEX_Y pattern not found, z is NOT remapped to [0,1] (depth may be wrong)
11:44:21.331 [diag] Z clip-space remap MISS on sodium/blocks/block_layer_opaque fragment: FLIP_VERTEX_Y pattern not found, z is NOT remapped to [0,1] (depth may be wrong)
11:44:21.364 [diag] Z clip-space remap MISS on sodium/blocks/block_layer_opaque fragment: FLIP_VERTEX_Y pattern not found, z is NOT remapped to [0,1] (depth may be wrong)
11:44:21.397 [diag] Z clip-space remap MISS on sodium/blocks/block_layer_opaque fragment: FLIP_VERTEX_Y pattern not found, z is NOT remapped to [0,1] (depth may be wrong)
11:44:21.710 [diag] sodium regionUniform regionOffset=(-26.30,-100.19,-101.85) currentTime=441 fadePeriodInv=0.001333
11:44:21.712 [diag] sodium encoder rebuilds(last5s)=1
11:44:21.714 [diag] sodium draws(last5s)=1 batchSize=1 firstDraw=e=1536 bv=191488 io=374784
11:44:22.107 frame_time fps=47.1 avg=21.24ms max=338.96ms gpuBehind=0
11:44:27.124 frame_time fps=50.4 avg=19.83ms max=160.19ms gpuBehind=0
==== Metallum diag start ====
11:54:46.407 [diag] Z clip-space remap MISS on minecraft:pipeline/gui fragment: FLIP_VERTEX_Y pattern not found, z is NOT remapped to [0,1] (depth may be wrong)
11:54:46.435 [diag] Z clip-space remap MISS on minecraft:pipeline/gui_textured fragment: FLIP_VERTEX_Y pattern not found, z is NOT remapped to [0,1] (depth may be wrong)
11:54:46.614 [diag] Z clip-space remap MISS on minecraft:pipeline/mojang_logo fragment: FLIP_VERTEX_Y pattern not found, z is NOT remapped to [0,1] (depth may be wrong)
11:54:46.625 buffers total=42 | usage=0x82 count=15 req=0.0MB alloc=0.0MB | usage=0x22 count=6 req=0.0MB alloc=0.0MB | usage=0x3 count=2 req=1.5MB alloc=1.5MB | usage=0x88 count=15 req=0.0MB alloc=0.0MB | usage=0x28 count=3 req=0.0MB alloc=0.0MB | usage=0x48 count=1 req=0.0MB alloc=0.0MB | sum count=42 req=1.5MB alloc=1.5MB | poolHit=0 poolMiss=42 poolReturn=0 poolHitRate=0%
11:54:47.374 [diag] Z clip-space remap MISS on minecraft:pipeline/leash fragment: FLIP_VERTEX_Y pattern not found, z is NOT remapped to [0,1] (depth may be wrong)
11:54:47.402 [diag] Z clip-space remap MISS on minecraft:pipeline/text_background fragment: FLIP_VERTEX_Y pattern not found, z is NOT remapped to [0,1] (depth may be wrong)
11:54:47.428 [diag] Z clip-space remap MISS on minecraft:pipeline/lightmap fragment: FLIP_VERTEX_Y pattern not found, z is NOT remapped to [0,1] (depth may be wrong)
11:54:47.454 [diag] Z clip-space remap MISS on minecraft:pipeline/text_polygon_offset fragment: FLIP_VERTEX_Y pattern not found, z is NOT remapped to [0,1] (depth may be wrong)
11:54:47.482 [diag] Z clip-space remap MISS on minecraft:pipeline/entity_translucent_emissive fragment: FLIP_VERTEX_Y pattern not found, z is NOT remapped to [0,1] (depth may be wrong)
11:54:47.507 [diag] Z clip-space remap MISS on minecraft:pipeline/sky fragment: FLIP_VERTEX_Y pattern not found, z is NOT remapped to [0,1] (depth may be wrong)
11:54:47.534 [diag] Z clip-space remap MISS on minecraft:pipeline/solid_terrain fragment: FLIP_VERTEX_Y pattern not found, z is NOT remapped to [0,1] (depth may be wrong)
11:54:47.559 [diag] Z clip-space remap MISS on minecraft:pipeline/entity_outline_blit fragment: FLIP_VERTEX_Y pattern not found, z is NOT remapped to [0,1] (depth may be wrong)
11:54:47.585 [diag] Z clip-space remap MISS on minecraft:pipeline/item_entity_translucent_cull fragment: FLIP_VERTEX_Y pattern not found, z is NOT remapped to [0,1] (depth may be wrong)
11:54:47.611 [diag] Z clip-space remap MISS on minecraft:pipeline/weather_depth_write fragment: FLIP_VERTEX_Y pattern not found, z is NOT remapped to [0,1] (depth may be wrong)
11:54:47.636 [diag] Z clip-space remap MISS on minecraft:pipeline/outline_no_cull fragment: FLIP_VERTEX_Y pattern not found, z is NOT remapped to [0,1] (depth may be wrong)
11:54:47.661 [diag] Z clip-space remap MISS on minecraft:pipeline/beacon_beam_opaque fragment: FLIP_VERTEX_Y pattern not found, z is NOT remapped to [0,1] (depth may be wrong)
11:54:47.686 [diag] Z clip-space remap MISS on minecraft:pipeline/debug_filled_box fragment: FLIP_VERTEX_Y pattern not found, z is NOT remapped to [0,1] (depth may be wrong)
11:54:47.712 [diag] Z clip-space remap MISS on minecraft:pipeline/entity_solid_offset_forward fragment: FLIP_VERTEX_Y pattern not found, z is NOT remapped to [0,1] (depth may be wrong)
11:54:47.739 [diag] Z clip-space remap MISS on minecraft:pipeline/cutout_terrain fragment: FLIP_VERTEX_Y pattern not found, z is NOT remapped to [0,1] (depth may be wrong)
11:54:47.764 [diag] Z clip-space remap MISS on minecraft:pipeline/panorama fragment: FLIP_VERTEX_Y pattern not found, z is NOT remapped to [0,1] (depth may be wrong)
11:54:47.789 [diag] Z clip-space remap MISS on minecraft:pipeline/stars fragment: FLIP_VERTEX_Y pattern not found, z is NOT remapped to [0,1] (depth may be wrong)
11:54:47.813 [diag] Z clip-space remap MISS on minecraft:pipeline/beacon_beam_translucent fragment: FLIP_VERTEX_Y pattern not found, z is NOT remapped to [0,1] (depth may be wrong)
11:54:47.839 [diag] Z clip-space remap MISS on minecraft:pipeline/lightning fragment: FLIP_VERTEX_Y pattern not found, z is NOT remapped to [0,1] (depth may be wrong)
11:54:47.865 [diag] Z clip-space remap MISS on minecraft:pipeline/solid_block fragment: FLIP_VERTEX_Y pattern not found, z is NOT remapped to [0,1] (depth may be wrong)
11:54:47.891 [diag] Z clip-space remap MISS on minecraft:pipeline/entity_smooth_cutout fragment: FLIP_VERTEX_Y pattern not found, z is NOT remapped to [0,1] (depth may be wrong)
11:54:47.916 [diag] Z clip-space remap MISS on minecraft:pipeline/dragon_rays fragment: FLIP_VERTEX_Y pattern not found, z is NOT remapped to [0,1] (depth may be wrong)
11:54:47.940 [diag] Z clip-space remap MISS on minecraft:pipeline/gui_nausea_overlay fragment: FLIP_VERTEX_Y pattern not found, z is NOT remapped to [0,1] (depth may be wrong)
11:54:47.965 [diag] Z clip-space remap MISS on minecraft:pipeline/mojang_logo fragment: FLIP_VERTEX_Y pattern not found, z is NOT remapped to [0,1] (depth may be wrong)
11:54:47.990 [diag] Z clip-space remap MISS on minecraft:pipeline/end_gateway fragment: FLIP_VERTEX_Y pattern not found, z is NOT remapped to [0,1] (depth may be wrong)
11:54:48.017 [diag] Z clip-space remap MISS on minecraft:pipeline/end_portal fragment: FLIP_VERTEX_Y pattern not found, z is NOT remapped to [0,1] (depth may be wrong)
11:54:48.043 [diag] Z clip-space remap MISS on minecraft:pipeline/entity_cutout_no_cull_z_offset fragment: FLIP_VERTEX_Y pattern not found, z is NOT remapped to [0,1] (depth may be wrong)
11:54:48.068 [diag] Z clip-space remap MISS on minecraft:pipeline/armor_translucent fragment: FLIP_VERTEX_Y pattern not found, z is NOT remapped to [0,1] (depth may be wrong)
11:54:48.093 [diag] Z clip-space remap MISS on minecraft:pipeline/debug_quads fragment: FLIP_VERTEX_Y pattern not found, z is NOT remapped to [0,1] (depth may be wrong)
11:54:48.118 [diag] Z clip-space remap MISS on minecraft:pipeline/secondary_block_outline fragment: FLIP_VERTEX_Y pattern not found, z is NOT remapped to [0,1] (depth may be wrong)
11:54:48.144 [diag] Z clip-space remap MISS on minecraft:pipeline/flat_clouds fragment: FLIP_VERTEX_Y pattern not found, z is NOT remapped to [0,1] (depth may be wrong)
11:54:48.169 [diag] Z clip-space remap MISS on minecraft:pipeline/entity_solid fragment: FLIP_VERTEX_Y pattern not found, z is NOT remapped to [0,1] (depth may be wrong)
11:54:48.193 [diag] Z clip-space remap MISS on minecraft:pipeline/text_see_through fragment: FLIP_VERTEX_Y pattern not found, z is NOT remapped to [0,1] (depth may be wrong)
11:54:48.219 [diag] Z clip-space remap MISS on minecraft:pipeline/wireframe fragment: FLIP_VERTEX_Y pattern not found, z is NOT remapped to [0,1] (depth may be wrong)
11:54:48.244 [diag] Z clip-space remap MISS on minecraft:pipeline/tracy_blit fragment: FLIP_VERTEX_Y pattern not found, z is NOT remapped to [0,1] (depth may be wrong)
11:54:48.268 [diag] Z clip-space remap MISS on minecraft:pipeline/water_mask fragment: FLIP_VERTEX_Y pattern not found, z is NOT remapped to [0,1] (depth may be wrong)
11:54:48.293 [diag] Z clip-space remap MISS on minecraft:pipeline/weather_no_depth_write fragment: FLIP_VERTEX_Y pattern not found, z is NOT remapped to [0,1] (depth may be wrong)
11:54:48.318 [diag] Z clip-space remap MISS on minecraft:pipeline/end_sky fragment: FLIP_VERTEX_Y pattern not found, z is NOT remapped to [0,1] (depth may be wrong)
11:54:48.343 [diag] Z clip-space remap MISS on minecraft:pipeline/translucent_moving_block fragment: FLIP_VERTEX_Y pattern not found, z is NOT remapped to [0,1] (depth may be wrong)
11:54:48.368 [diag] Z clip-space remap MISS on minecraft:pipeline/dragon_rays_depth fragment: FLIP_VERTEX_Y pattern not found, z is NOT remapped to [0,1] (depth may be wrong)
11:54:48.394 [diag] Z clip-space remap MISS on minecraft:pipeline/eyes fragment: FLIP_VERTEX_Y pattern not found, z is NOT remapped to [0,1] (depth may be wrong)
11:54:48.419 [diag] Z clip-space remap MISS on minecraft:pipeline/gui_textured fragment: FLIP_VERTEX_Y pattern not found, z is NOT remapped to [0,1] (depth may be wrong)
11:54:48.443 [diag] Z clip-space remap MISS on minecraft:pipeline/translucent_particle fragment: FLIP_VERTEX_Y pattern not found, z is NOT remapped to [0,1] (depth may be wrong)
11:54:48.468 [diag] Z clip-space remap MISS on minecraft:pipeline/debug_triangle_fan fragment: FLIP_VERTEX_Y pattern not found, z is NOT remapped to [0,1] (depth may be wrong)
11:54:48.493 [diag] Z clip-space remap MISS on minecraft:pipeline/entity_cutout_no_cull fragment: FLIP_VERTEX_Y pattern not found, z is NOT remapped to [0,1] (depth may be wrong)
11:54:48.518 [diag] Z clip-space remap MISS on minecraft:pipeline/gui_text_highlight fragment: FLIP_VERTEX_Y pattern not found, z is NOT remapped to [0,1] (depth may be wrong)
11:54:48.543 [diag] Z clip-space remap MISS on minecraft:pipeline/armor_cutout_no_cull fragment: FLIP_VERTEX_Y pattern not found, z is NOT remapped to [0,1] (depth may be wrong)
11:54:48.568 [diag] Z clip-space remap MISS on minecraft:pipeline/lines fragment: FLIP_VERTEX_Y pattern not found, z is NOT remapped to [0,1] (depth may be wrong)
11:54:48.593 [diag] Z clip-space remap MISS on minecraft:pipeline/gui_textured_premultiplied_alpha fragment: FLIP_VERTEX_Y pattern not found, z is NOT remapped to [0,1] (depth may be wrong)
11:54:48.618 [diag] Z clip-space remap MISS on minecraft:pipeline/glint fragment: FLIP_VERTEX_Y pattern not found, z is NOT remapped to [0,1] (depth may be wrong)
11:54:48.642 [diag] Z clip-space remap MISS on minecraft:pipeline/text_intensity_see_through fragment: FLIP_VERTEX_Y pattern not found, z is NOT remapped to [0,1] (depth may be wrong)
11:54:48.667 [diag] Z clip-space remap MISS on minecraft:pipeline/celestial fragment: FLIP_VERTEX_Y pattern not found, z is NOT remapped to [0,1] (depth may be wrong)
11:54:48.692 [diag] Z clip-space remap MISS on minecraft:pipeline/text_intensity fragment: FLIP_VERTEX_Y pattern not found, z is NOT remapped to [0,1] (depth may be wrong)
11:54:48.717 [diag] Z clip-space remap MISS on minecraft:pipeline/debug_points fragment: FLIP_VERTEX_Y pattern not found, z is NOT remapped to [0,1] (depth may be wrong)
11:54:48.741 [diag] Z clip-space remap MISS on minecraft:pipeline/vignette fragment: FLIP_VERTEX_Y pattern not found, z is NOT remapped to [0,1] (depth may be wrong)
11:54:48.766 [diag] Z clip-space remap MISS on minecraft:pipeline/cutout_block fragment: FLIP_VERTEX_Y pattern not found, z is NOT remapped to [0,1] (depth may be wrong)
11:54:48.791 [diag] Z clip-space remap MISS on minecraft:pipeline/text fragment: FLIP_VERTEX_Y pattern not found, z is NOT remapped to [0,1] (depth may be wrong)
11:54:48.817 [diag] Z clip-space remap MISS on minecraft:pipeline/armor_decal_cutout_no_cull fragment: FLIP_VERTEX_Y pattern not found, z is NOT remapped to [0,1] (depth may be wrong)
11:54:48.842 [diag] Z clip-space remap MISS on minecraft:pipeline/lines_translucent fragment: FLIP_VERTEX_Y pattern not found, z is NOT remapped to [0,1] (depth may be wrong)
11:54:48.867 [diag] Z clip-space remap MISS on minecraft:pipeline/animate_sprite_blit fragment: FLIP_VERTEX_Y pattern not found, z is NOT remapped to [0,1] (depth may be wrong)
11:54:48.892 [diag] Z clip-space remap MISS on minecraft:pipeline/gui_text fragment: FLIP_VERTEX_Y pattern not found, z is NOT remapped to [0,1] (depth may be wrong)
11:54:48.916 [diag] Z clip-space remap MISS on minecraft:pipeline/gui_opaque_textured_background fragment: FLIP_VERTEX_Y pattern not found, z is NOT remapped to [0,1] (depth may be wrong)
11:54:48.942 [diag] Z clip-space remap MISS on minecraft:pipeline/entity_cutout fragment: FLIP_VERTEX_Y pattern not found, z is NOT remapped to [0,1] (depth may be wrong)
11:54:48.966 [diag] Z clip-space remap MISS on minecraft:pipeline/crosshair fragment: FLIP_VERTEX_Y pattern not found, z is NOT remapped to [0,1] (depth may be wrong)
11:54:48.991 [diag] Z clip-space remap MISS on minecraft:pipeline/crumbling fragment: FLIP_VERTEX_Y pattern not found, z is NOT remapped to [0,1] (depth may be wrong)
11:54:49.015 [diag] Z clip-space remap MISS on minecraft:pipeline/gui fragment: FLIP_VERTEX_Y pattern not found, z is NOT remapped to [0,1] (depth may be wrong)
11:54:49.040 [diag] Z clip-space remap MISS on minecraft:pipeline/fire_screen_effect fragment: FLIP_VERTEX_Y pattern not found, z is NOT remapped to [0,1] (depth may be wrong)
11:54:49.065 [diag] Z clip-space remap MISS on minecraft:pipeline/energy_swirl fragment: FLIP_VERTEX_Y pattern not found, z is NOT remapped to [0,1] (depth may be wrong)
11:54:49.091 [diag] Z clip-space remap MISS on minecraft:pipeline/translucent_terrain fragment: FLIP_VERTEX_Y pattern not found, z is NOT remapped to [0,1] (depth may be wrong)
11:54:49.117 [diag] Z clip-space remap MISS on minecraft:pipeline/entity_translucent fragment: FLIP_VERTEX_Y pattern not found, z is NOT remapped to [0,1] (depth may be wrong)
11:54:49.142 [diag] Z clip-space remap MISS on minecraft:pipeline/entity_decal fragment: FLIP_VERTEX_Y pattern not found, z is NOT remapped to [0,1] (depth may be wrong)
11:54:49.168 [diag] Z clip-space remap MISS on minecraft:pipeline/entity_no_outline fragment: FLIP_VERTEX_Y pattern not found, z is NOT remapped to [0,1] (depth may be wrong)
11:54:49.192 [diag] Z clip-space remap MISS on minecraft:pipeline/world_border fragment: FLIP_VERTEX_Y pattern not found, z is NOT remapped to [0,1] (depth may be wrong)
11:54:49.217 [diag] Z clip-space remap MISS on minecraft:pipeline/gui_text_intensity fragment: FLIP_VERTEX_Y pattern not found, z is NOT remapped to [0,1] (depth may be wrong)
11:54:49.243 [diag] Z clip-space remap MISS on minecraft:pipeline/breeze_wind fragment: FLIP_VERTEX_Y pattern not found, z is NOT remapped to [0,1] (depth may be wrong)
11:54:49.267 [diag] Z clip-space remap MISS on minecraft:pipeline/sunrise_sunset fragment: FLIP_VERTEX_Y pattern not found, z is NOT remapped to [0,1] (depth may be wrong)
11:54:49.292 [diag] Z clip-space remap MISS on minecraft:pipeline/opaque_particle fragment: FLIP_VERTEX_Y pattern not found, z is NOT remapped to [0,1] (depth may be wrong)
11:54:49.317 [diag] Z clip-space remap MISS on minecraft:pipeline/text_background_see_through fragment: FLIP_VERTEX_Y pattern not found, z is NOT remapped to [0,1] (depth may be wrong)
11:54:49.341 [diag] Z clip-space remap MISS on minecraft:pipeline/block_screen_effect fragment: FLIP_VERTEX_Y pattern not found, z is NOT remapped to [0,1] (depth may be wrong)
11:54:49.365 [diag] Z clip-space remap MISS on minecraft:pipeline/dragon_explosion_alpha fragment: FLIP_VERTEX_Y pattern not found, z is NOT remapped to [0,1] (depth may be wrong)
11:54:49.390 [diag] Z clip-space remap MISS on minecraft:pipeline/clouds fragment: FLIP_VERTEX_Y pattern not found, z is NOT remapped to [0,1] (depth may be wrong)
11:54:49.415 [diag] Z clip-space remap MISS on minecraft:pipeline/entity_shadow fragment: FLIP_VERTEX_Y pattern not found, z is NOT remapped to [0,1] (depth may be wrong)
11:54:49.440 [diag] Z clip-space remap MISS on minecraft:pipeline/gui_invert fragment: FLIP_VERTEX_Y pattern not found, z is NOT remapped to [0,1] (depth may be wrong)
11:54:49.464 [diag] Z clip-space remap MISS on minecraft:pipeline/tripwire_block fragment: FLIP_VERTEX_Y pattern not found, z is NOT remapped to [0,1] (depth may be wrong)
11:54:49.489 [diag] Z clip-space remap MISS on minecraft:pipeline/animate_sprite_interpolate fragment: FLIP_VERTEX_Y pattern not found, z is NOT remapped to [0,1] (depth may be wrong)
11:54:49.515 [diag] Z clip-space remap MISS on minecraft:pipeline/tripwire_terrain fragment: FLIP_VERTEX_Y pattern not found, z is NOT remapped to [0,1] (depth may be wrong)
11:54:49.540 [diag] Z clip-space remap MISS on minecraft:pipeline/outline_cull fragment: FLIP_VERTEX_Y pattern not found, z is NOT remapped to [0,1] (depth may be wrong)
11:54:49.578 createBuffer stack sample #1:
  knot//com.metallum.client.metal.render.MetalDevice.createBuffer(MetalDevice.java:149)
  knot//net.minecraft.class_1059.method_45848(class_1059.java:116)
  knot//net.minecraft.class_11697$class_11699.method_73035(class_11697.java:168)
  knot//net.minecraft.class_11697$class_11700.method_73039(class_11697.java:212)
  java.base/java.util.ArrayList.forEach(Unknown Source)
  knot//net.minecraft.class_11697$class_11700.method_73037(class_11697.java:212)
  knot//net.minecraft.class_11697.method_76671(class_11697.java:146)
  knot//net.minecraft.class_11697.method_73029(class_11697.java:142)
  java.base/java.util.concurrent.CompletableFuture$UniAccept.tryFire(Unknown Source)
  java.base/java.util.concurrent.CompletableFuture$Completion.run(Unknown Source)
  knot//net.minecraft.class_4014.method_67574(class_4014.java:59)
  knot//net.minecraft.class_1255.method_18859(class_1255.java:169)
11:54:49.597 createBuffer stack sample #2:
  knot//com.metallum.client.metal.render.MetalDevice.createBuffer(MetalDevice.java:149)
  knot//net.minecraft.class_1059.method_76314(class_1059.java:173)
  knot//net.minecraft.class_1059.method_45848(class_1059.java:135)
  knot//net.minecraft.class_11697$class_11699.method_73035(class_11697.java:168)
  knot//net.minecraft.class_11697$class_11700.method_73039(class_11697.java:212)
  java.base/java.util.ArrayList.forEach(Unknown Source)
  knot//net.minecraft.class_11697$class_11700.method_73037(class_11697.java:212)
  knot//net.minecraft.class_11697.method_76671(class_11697.java:146)
  knot//net.minecraft.class_11697.method_73029(class_11697.java:142)
  java.base/java.util.concurrent.CompletableFuture$UniAccept.tryFire(Unknown Source)
  java.base/java.util.concurrent.CompletableFuture$Completion.run(Unknown Source)
  knot//net.minecraft.class_4014.method_67574(class_4014.java:59)
11:54:49.602 createBuffer stack sample #3:
  knot//com.metallum.client.metal.render.MetalDevice.createBuffer(MetalDevice.java:149)
  knot//net.minecraft.class_1059.method_76314(class_1059.java:173)
  knot//net.minecraft.class_1059.method_45848(class_1059.java:135)
  knot//net.minecraft.class_11697$class_11699.method_73035(class_11697.java:168)
  knot//net.minecraft.class_11697$class_11700.method_73039(class_11697.java:212)
  java.base/java.util.ArrayList.forEach(Unknown Source)
  knot//net.minecraft.class_11697$class_11700.method_73037(class_11697.java:212)
  knot//net.minecraft.class_11697.method_76671(class_11697.java:146)
  knot//net.minecraft.class_11697.method_73029(class_11697.java:142)
  java.base/java.util.concurrent.CompletableFuture$UniAccept.tryFire(Unknown Source)
  java.base/java.util.concurrent.CompletableFuture$Completion.run(Unknown Source)
  knot//net.minecraft.class_4014.method_67574(class_4014.java:59)
11:54:49.619 createBuffer stack sample #4:
  knot//com.metallum.client.metal.render.MetalDevice.createBuffer(MetalDevice.java:149)
  knot//net.minecraft.class_1059.method_76314(class_1059.java:173)
  knot//net.minecraft.class_1059.method_45848(class_1059.java:135)
  knot//net.minecraft.class_11697$class_11699.method_73035(class_11697.java:168)
  knot//net.minecraft.class_11697$class_11700.method_73039(class_11697.java:212)
  java.base/java.util.ArrayList.forEach(Unknown Source)
  knot//net.minecraft.class_11697$class_11700.method_73037(class_11697.java:212)
  knot//net.minecraft.class_11697.method_76671(class_11697.java:146)
  knot//net.minecraft.class_11697.method_73029(class_11697.java:142)
  java.base/java.util.concurrent.CompletableFuture$UniAccept.tryFire(Unknown Source)
  java.base/java.util.concurrent.CompletableFuture$Completion.run(Unknown Source)
  knot//net.minecraft.class_4014.method_67574(class_4014.java:59)
11:54:49.624 createBuffer stack sample #5:
  knot//com.metallum.client.metal.render.MetalDevice.createBuffer(MetalDevice.java:149)
  knot//net.minecraft.class_1059.method_76314(class_1059.java:173)
  knot//net.minecraft.class_1059.method_45848(class_1059.java:135)
  knot//net.minecraft.class_11697$class_11699.method_73035(class_11697.java:168)
  knot//net.minecraft.class_11697$class_11700.method_73039(class_11697.java:212)
  java.base/java.util.ArrayList.forEach(Unknown Source)
  knot//net.minecraft.class_11697$class_11700.method_73037(class_11697.java:212)
  knot//net.minecraft.class_11697.method_76671(class_11697.java:146)
  knot//net.minecraft.class_11697.method_73029(class_11697.java:142)
  java.base/java.util.concurrent.CompletableFuture$UniAccept.tryFire(Unknown Source)
  java.base/java.util.concurrent.CompletableFuture$Completion.run(Unknown Source)
  knot//net.minecraft.class_4014.method_67574(class_4014.java:59)
11:54:51.627 frame_time fps=54.7 avg=18.28ms max=160.44ms gpuBehind=0
11:54:53.030 [diag] Z clip-space remap MISS on minecraft:blur/0 fragment: FLIP_VERTEX_Y pattern not found, z is NOT remapped to [0,1] (depth may be wrong)
11:54:53.057 [diag] Z clip-space remap MISS on minecraft:blur/1 fragment: FLIP_VERTEX_Y pattern not found, z is NOT remapped to [0,1] (depth may be wrong)
11:54:53.083 [diag] Z clip-space remap MISS on minecraft:blur/2 fragment: FLIP_VERTEX_Y pattern not found, z is NOT remapped to [0,1] (depth may be wrong)
11:54:53.108 [diag] Z clip-space remap MISS on minecraft:blur/3 fragment: FLIP_VERTEX_Y pattern not found, z is NOT remapped to [0,1] (depth may be wrong)
11:54:53.133 [diag] Z clip-space remap MISS on minecraft:blur/4 fragment: FLIP_VERTEX_Y pattern not found, z is NOT remapped to [0,1] (depth may be wrong)
11:54:53.158 [diag] Z clip-space remap MISS on minecraft:blur/5 fragment: FLIP_VERTEX_Y pattern not found, z is NOT remapped to [0,1] (depth may be wrong)
11:54:56.630 frame_time fps=55.1 avg=18.15ms max=181.70ms gpuBehind=0
11:54:56.966 [diag] Z clip-space remap MISS on sodium/blocks/block_layer_opaque fragment: FLIP_VERTEX_Y pattern not found, z is NOT remapped to [0,1] (depth may be wrong)
11:54:57.000 [diag] Z clip-space remap MISS on sodium/blocks/block_layer_opaque fragment: FLIP_VERTEX_Y pattern not found, z is NOT remapped to [0,1] (depth may be wrong)
11:54:57.037 [diag] Z clip-space remap MISS on sodium/blocks/block_layer_opaque fragment: FLIP_VERTEX_Y pattern not found, z is NOT remapped to [0,1] (depth may be wrong)
11:54:57.283 [diag] sodium regionUniform regionOffset=(-26.30,-36.19,-101.85) currentTime=403 fadePeriodInv=0.001333
11:54:57.284 [diag] sodium encoder rebuilds(last5s)=1
11:54:57.286 [diag] sodium draws(last5s)=1 batchSize=1 firstDraw=e=84 bv=193480 io=0
11:55:01.636 frame_time fps=41.6 avg=24.06ms max=292.82ms gpuBehind=0
11:55:02.333 [diag] sodium regionUniform regionOffset=(-26.30,-36.20,-101.85) currentTime=5451 fadePeriodInv=0.001333
11:55:02.335 [diag] sodium draws(last5s)=26 batchSize=26 firstDraw=e=966 bv=192792 io=0
11:55:02.337 [diag] sodium encoder rebuilds(last5s)=753
11:55:06.643 frame_time fps=56.9 avg=17.57ms max=95.57ms gpuBehind=0
==== Metallum diag start ====
12:35:58.523 [diag] Z clip-space remap MISS on minecraft:pipeline/gui fragment: FLIP_VERTEX_Y pattern not found, z is NOT remapped to [0,1] (depth may be wrong)
12:35:58.555 [diag] Z clip-space remap MISS on minecraft:pipeline/gui_textured fragment: FLIP_VERTEX_Y pattern not found, z is NOT remapped to [0,1] (depth may be wrong)
12:35:58.758 [diag] Z clip-space remap MISS on minecraft:pipeline/mojang_logo fragment: FLIP_VERTEX_Y pattern not found, z is NOT remapped to [0,1] (depth may be wrong)
12:35:58.770 buffers total=42 | usage=0x82 count=15 req=0.0MB alloc=0.0MB | usage=0x22 count=6 req=0.0MB alloc=0.0MB | usage=0x3 count=2 req=1.5MB alloc=1.5MB | usage=0x88 count=15 req=0.0MB alloc=0.0MB | usage=0x28 count=3 req=0.0MB alloc=0.0MB | usage=0x48 count=1 req=0.0MB alloc=0.0MB | sum count=42 req=1.5MB alloc=1.5MB | poolHit=0 poolMiss=42 poolReturn=0 poolHitRate=0%
12:35:59.414 [diag] Z clip-space remap MISS on minecraft:pipeline/gui fragment: FLIP_VERTEX_Y pattern not found, z is NOT remapped to [0,1] (depth may be wrong)
12:35:59.444 [diag] Z clip-space remap MISS on minecraft:pipeline/text fragment: FLIP_VERTEX_Y pattern not found, z is NOT remapped to [0,1] (depth may be wrong)
12:35:59.471 [diag] Z clip-space remap MISS on minecraft:pipeline/stars fragment: FLIP_VERTEX_Y pattern not found, z is NOT remapped to [0,1] (depth may be wrong)
12:35:59.497 [diag] Z clip-space remap MISS on minecraft:pipeline/block_screen_effect fragment: FLIP_VERTEX_Y pattern not found, z is NOT remapped to [0,1] (depth may be wrong)
12:35:59.525 [diag] Z clip-space remap MISS on minecraft:pipeline/entity_cutout_no_cull fragment: FLIP_VERTEX_Y pattern not found, z is NOT remapped to [0,1] (depth may be wrong)
12:35:59.552 [diag] Z clip-space remap MISS on minecraft:pipeline/text_intensity fragment: FLIP_VERTEX_Y pattern not found, z is NOT remapped to [0,1] (depth may be wrong)
12:35:59.580 [diag] Z clip-space remap MISS on minecraft:pipeline/armor_decal_cutout_no_cull fragment: FLIP_VERTEX_Y pattern not found, z is NOT remapped to [0,1] (depth may be wrong)
12:35:59.606 [diag] Z clip-space remap MISS on minecraft:pipeline/end_gateway fragment: FLIP_VERTEX_Y pattern not found, z is NOT remapped to [0,1] (depth may be wrong)
12:35:59.631 [diag] Z clip-space remap MISS on minecraft:pipeline/water_mask fragment: FLIP_VERTEX_Y pattern not found, z is NOT remapped to [0,1] (depth may be wrong)
12:35:59.656 [diag] Z clip-space remap MISS on minecraft:pipeline/animate_sprite_interpolate fragment: FLIP_VERTEX_Y pattern not found, z is NOT remapped to [0,1] (depth may be wrong)
12:35:59.682 [diag] Z clip-space remap MISS on minecraft:pipeline/dragon_explosion_alpha fragment: FLIP_VERTEX_Y pattern not found, z is NOT remapped to [0,1] (depth may be wrong)
12:35:59.706 [diag] Z clip-space remap MISS on minecraft:pipeline/panorama fragment: FLIP_VERTEX_Y pattern not found, z is NOT remapped to [0,1] (depth may be wrong)
12:35:59.732 [diag] Z clip-space remap MISS on minecraft:pipeline/translucent_moving_block fragment: FLIP_VERTEX_Y pattern not found, z is NOT remapped to [0,1] (depth may be wrong)
12:35:59.758 [diag] Z clip-space remap MISS on minecraft:pipeline/sunrise_sunset fragment: FLIP_VERTEX_Y pattern not found, z is NOT remapped to [0,1] (depth may be wrong)
12:35:59.783 [diag] Z clip-space remap MISS on minecraft:pipeline/cutout_block fragment: FLIP_VERTEX_Y pattern not found, z is NOT remapped to [0,1] (depth may be wrong)
12:35:59.808 [diag] Z clip-space remap MISS on minecraft:pipeline/debug_triangle_fan fragment: FLIP_VERTEX_Y pattern not found, z is NOT remapped to [0,1] (depth may be wrong)
12:35:59.835 [diag] Z clip-space remap MISS on minecraft:pipeline/entity_decal fragment: FLIP_VERTEX_Y pattern not found, z is NOT remapped to [0,1] (depth may be wrong)
12:35:59.861 [diag] Z clip-space remap MISS on minecraft:pipeline/leash fragment: FLIP_VERTEX_Y pattern not found, z is NOT remapped to [0,1] (depth may be wrong)
12:35:59.887 [diag] Z clip-space remap MISS on minecraft:pipeline/entity_smooth_cutout fragment: FLIP_VERTEX_Y pattern not found, z is NOT remapped to [0,1] (depth may be wrong)
12:35:59.913 [diag] Z clip-space remap MISS on minecraft:pipeline/outline_no_cull fragment: FLIP_VERTEX_Y pattern not found, z is NOT remapped to [0,1] (depth may be wrong)
12:35:59.938 [diag] Z clip-space remap MISS on minecraft:pipeline/breeze_wind fragment: FLIP_VERTEX_Y pattern not found, z is NOT remapped to [0,1] (depth may be wrong)
12:35:59.964 [diag] Z clip-space remap MISS on minecraft:pipeline/entity_solid fragment: FLIP_VERTEX_Y pattern not found, z is NOT remapped to [0,1] (depth may be wrong)
12:35:59.989 [diag] Z clip-space remap MISS on minecraft:pipeline/entity_cutout fragment: FLIP_VERTEX_Y pattern not found, z is NOT remapped to [0,1] (depth may be wrong)
12:36:00.014 [diag] Z clip-space remap MISS on minecraft:pipeline/gui_nausea_overlay fragment: FLIP_VERTEX_Y pattern not found, z is NOT remapped to [0,1] (depth may be wrong)
12:36:00.039 [diag] Z clip-space remap MISS on minecraft:pipeline/weather_no_depth_write fragment: FLIP_VERTEX_Y pattern not found, z is NOT remapped to [0,1] (depth may be wrong)
12:36:00.065 [diag] Z clip-space remap MISS on minecraft:pipeline/lightning fragment: FLIP_VERTEX_Y pattern not found, z is NOT remapped to [0,1] (depth may be wrong)
12:36:00.089 [diag] Z clip-space remap MISS on minecraft:pipeline/vignette fragment: FLIP_VERTEX_Y pattern not found, z is NOT remapped to [0,1] (depth may be wrong)
12:36:00.114 [diag] Z clip-space remap MISS on minecraft:pipeline/dragon_rays fragment: FLIP_VERTEX_Y pattern not found, z is NOT remapped to [0,1] (depth may be wrong)
12:36:00.139 [diag] Z clip-space remap MISS on minecraft:pipeline/armor_cutout_no_cull fragment: FLIP_VERTEX_Y pattern not found, z is NOT remapped to [0,1] (depth may be wrong)
12:36:00.164 [diag] Z clip-space remap MISS on minecraft:pipeline/beacon_beam_opaque fragment: FLIP_VERTEX_Y pattern not found, z is NOT remapped to [0,1] (depth may be wrong)
12:36:00.189 [diag] Z clip-space remap MISS on minecraft:pipeline/translucent_particle fragment: FLIP_VERTEX_Y pattern not found, z is NOT remapped to [0,1] (depth may be wrong)
12:36:00.215 [diag] Z clip-space remap MISS on minecraft:pipeline/end_portal fragment: FLIP_VERTEX_Y pattern not found, z is NOT remapped to [0,1] (depth may be wrong)
12:36:00.241 [diag] Z clip-space remap MISS on minecraft:pipeline/energy_swirl fragment: FLIP_VERTEX_Y pattern not found, z is NOT remapped to [0,1] (depth may be wrong)
12:36:00.266 [diag] Z clip-space remap MISS on minecraft:pipeline/text_polygon_offset fragment: FLIP_VERTEX_Y pattern not found, z is NOT remapped to [0,1] (depth may be wrong)
12:36:00.291 [diag] Z clip-space remap MISS on minecraft:pipeline/lightmap fragment: FLIP_VERTEX_Y pattern not found, z is NOT remapped to [0,1] (depth may be wrong)
12:36:00.316 [diag] Z clip-space remap MISS on minecraft:pipeline/debug_filled_box fragment: FLIP_VERTEX_Y pattern not found, z is NOT remapped to [0,1] (depth may be wrong)
12:36:00.340 [diag] Z clip-space remap MISS on minecraft:pipeline/text_intensity_see_through fragment: FLIP_VERTEX_Y pattern not found, z is NOT remapped to [0,1] (depth may be wrong)
12:36:00.366 [diag] Z clip-space remap MISS on minecraft:pipeline/entity_translucent_emissive fragment: FLIP_VERTEX_Y pattern not found, z is NOT remapped to [0,1] (depth may be wrong)
12:36:00.390 [diag] Z clip-space remap MISS on minecraft:pipeline/debug_points fragment: FLIP_VERTEX_Y pattern not found, z is NOT remapped to [0,1] (depth may be wrong)
12:36:00.415 [diag] Z clip-space remap MISS on minecraft:pipeline/entity_translucent fragment: FLIP_VERTEX_Y pattern not found, z is NOT remapped to [0,1] (depth may be wrong)
12:36:00.441 [diag] Z clip-space remap MISS on minecraft:pipeline/armor_translucent fragment: FLIP_VERTEX_Y pattern not found, z is NOT remapped to [0,1] (depth may be wrong)
12:36:00.465 [diag] Z clip-space remap MISS on minecraft:pipeline/crosshair fragment: FLIP_VERTEX_Y pattern not found, z is NOT remapped to [0,1] (depth may be wrong)
12:36:00.490 [diag] Z clip-space remap MISS on minecraft:pipeline/gui_text fragment: FLIP_VERTEX_Y pattern not found, z is NOT remapped to [0,1] (depth may be wrong)
12:36:00.515 [diag] Z clip-space remap MISS on minecraft:pipeline/entity_no_outline fragment: FLIP_VERTEX_Y pattern not found, z is NOT remapped to [0,1] (depth may be wrong)
12:36:00.543 [diag] Z clip-space remap MISS on minecraft:pipeline/tripwire_block fragment: FLIP_VERTEX_Y pattern not found, z is NOT remapped to [0,1] (depth may be wrong)
12:36:00.569 [diag] Z clip-space remap MISS on minecraft:pipeline/secondary_block_outline fragment: FLIP_VERTEX_Y pattern not found, z is NOT remapped to [0,1] (depth may be wrong)
12:36:00.593 [diag] Z clip-space remap MISS on minecraft:pipeline/gui_textured fragment: FLIP_VERTEX_Y pattern not found, z is NOT remapped to [0,1] (depth may be wrong)
12:36:00.619 [diag] Z clip-space remap MISS on minecraft:pipeline/clouds fragment: FLIP_VERTEX_Y pattern not found, z is NOT remapped to [0,1] (depth may be wrong)
12:36:00.645 [diag] Z clip-space remap MISS on minecraft:pipeline/translucent_terrain fragment: FLIP_VERTEX_Y pattern not found, z is NOT remapped to [0,1] (depth may be wrong)
12:36:00.670 [diag] Z clip-space remap MISS on minecraft:pipeline/lines fragment: FLIP_VERTEX_Y pattern not found, z is NOT remapped to [0,1] (depth may be wrong)
12:36:00.695 [diag] Z clip-space remap MISS on minecraft:pipeline/weather_depth_write fragment: FLIP_VERTEX_Y pattern not found, z is NOT remapped to [0,1] (depth may be wrong)
12:36:00.720 [diag] Z clip-space remap MISS on minecraft:pipeline/celestial fragment: FLIP_VERTEX_Y pattern not found, z is NOT remapped to [0,1] (depth may be wrong)
12:36:00.744 [diag] Z clip-space remap MISS on minecraft:pipeline/mojang_logo fragment: FLIP_VERTEX_Y pattern not found, z is NOT remapped to [0,1] (depth may be wrong)
12:36:00.769 [diag] Z clip-space remap MISS on minecraft:pipeline/dragon_rays_depth fragment: FLIP_VERTEX_Y pattern not found, z is NOT remapped to [0,1] (depth may be wrong)
12:36:00.795 [diag] Z clip-space remap MISS on minecraft:pipeline/eyes fragment: FLIP_VERTEX_Y pattern not found, z is NOT remapped to [0,1] (depth may be wrong)
12:36:00.819 [diag] Z clip-space remap MISS on minecraft:pipeline/tracy_blit fragment: FLIP_VERTEX_Y pattern not found, z is NOT remapped to [0,1] (depth may be wrong)
12:36:00.845 [diag] Z clip-space remap MISS on minecraft:pipeline/item_entity_translucent_cull fragment: FLIP_VERTEX_Y pattern not found, z is NOT remapped to [0,1] (depth may be wrong)
12:36:00.871 [diag] Z clip-space remap MISS on minecraft:pipeline/sky fragment: FLIP_VERTEX_Y pattern not found, z is NOT remapped to [0,1] (depth may be wrong)
12:36:00.895 [diag] Z clip-space remap MISS on minecraft:pipeline/end_sky fragment: FLIP_VERTEX_Y pattern not found, z is NOT remapped to [0,1] (depth may be wrong)
12:36:00.921 [diag] Z clip-space remap MISS on minecraft:pipeline/entity_cutout_no_cull_z_offset fragment: FLIP_VERTEX_Y pattern not found, z is NOT remapped to [0,1] (depth may be wrong)
12:36:00.946 [diag] Z clip-space remap MISS on minecraft:pipeline/text_background fragment: FLIP_VERTEX_Y pattern not found, z is NOT remapped to [0,1] (depth may be wrong)
12:36:00.972 [diag] Z clip-space remap MISS on minecraft:pipeline/entity_shadow fragment: FLIP_VERTEX_Y pattern not found, z is NOT remapped to [0,1] (depth may be wrong)
12:36:00.998 [diag] Z clip-space remap MISS on minecraft:pipeline/tripwire_terrain fragment: FLIP_VERTEX_Y pattern not found, z is NOT remapped to [0,1] (depth may be wrong)
12:36:01.023 [diag] Z clip-space remap MISS on minecraft:pipeline/crumbling fragment: FLIP_VERTEX_Y pattern not found, z is NOT remapped to [0,1] (depth may be wrong)
12:36:01.048 [diag] Z clip-space remap MISS on minecraft:pipeline/opaque_particle fragment: FLIP_VERTEX_Y pattern not found, z is NOT remapped to [0,1] (depth may be wrong)
12:36:01.072 [diag] Z clip-space remap MISS on minecraft:pipeline/fire_screen_effect fragment: FLIP_VERTEX_Y pattern not found, z is NOT remapped to [0,1] (depth may be wrong)
12:36:01.097 [diag] Z clip-space remap MISS on minecraft:pipeline/animate_sprite_blit fragment: FLIP_VERTEX_Y pattern not found, z is NOT remapped to [0,1] (depth may be wrong)
12:36:01.121 [diag] Z clip-space remap MISS on minecraft:pipeline/gui_opaque_textured_background fragment: FLIP_VERTEX_Y pattern not found, z is NOT remapped to [0,1] (depth may be wrong)
12:36:01.145 [diag] Z clip-space remap MISS on minecraft:pipeline/text_see_through fragment: FLIP_VERTEX_Y pattern not found, z is NOT remapped to [0,1] (depth may be wrong)
12:36:01.170 [diag] Z clip-space remap MISS on minecraft:pipeline/text_background_see_through fragment: FLIP_VERTEX_Y pattern not found, z is NOT remapped to [0,1] (depth may be wrong)
12:36:01.196 [diag] Z clip-space remap MISS on minecraft:pipeline/cutout_terrain fragment: FLIP_VERTEX_Y pattern not found, z is NOT remapped to [0,1] (depth may be wrong)
12:36:01.222 [diag] Z clip-space remap MISS on minecraft:pipeline/gui_text_intensity fragment: FLIP_VERTEX_Y pattern not found, z is NOT remapped to [0,1] (depth may be wrong)
12:36:01.248 [diag] Z clip-space remap MISS on minecraft:pipeline/flat_clouds fragment: FLIP_VERTEX_Y pattern not found, z is NOT remapped to [0,1] (depth may be wrong)
12:36:01.273 [diag] Z clip-space remap MISS on minecraft:pipeline/entity_solid_offset_forward fragment: FLIP_VERTEX_Y pattern not found, z is NOT remapped to [0,1] (depth may be wrong)
12:36:01.298 [diag] Z clip-space remap MISS on minecraft:pipeline/debug_quads fragment: FLIP_VERTEX_Y pattern not found, z is NOT remapped to [0,1] (depth may be wrong)
12:36:01.322 [diag] Z clip-space remap MISS on minecraft:pipeline/outline_cull fragment: FLIP_VERTEX_Y pattern not found, z is NOT remapped to [0,1] (depth may be wrong)
12:36:01.349 [diag] Z clip-space remap MISS on minecraft:pipeline/solid_terrain fragment: FLIP_VERTEX_Y pattern not found, z is NOT remapped to [0,1] (depth may be wrong)
12:36:01.374 [diag] Z clip-space remap MISS on minecraft:pipeline/beacon_beam_translucent fragment: FLIP_VERTEX_Y pattern not found, z is NOT remapped to [0,1] (depth may be wrong)
12:36:01.399 [diag] Z clip-space remap MISS on minecraft:pipeline/gui_text_highlight fragment: FLIP_VERTEX_Y pattern not found, z is NOT remapped to [0,1] (depth may be wrong)
12:36:01.424 [diag] Z clip-space remap MISS on minecraft:pipeline/glint fragment: FLIP_VERTEX_Y pattern not found, z is NOT remapped to [0,1] (depth may be wrong)
12:36:01.449 [diag] Z clip-space remap MISS on minecraft:pipeline/world_border fragment: FLIP_VERTEX_Y pattern not found, z is NOT remapped to [0,1] (depth may be wrong)
12:36:01.474 [diag] Z clip-space remap MISS on minecraft:pipeline/lines_translucent fragment: FLIP_VERTEX_Y pattern not found, z is NOT remapped to [0,1] (depth may be wrong)
12:36:01.500 [diag] Z clip-space remap MISS on minecraft:pipeline/wireframe fragment: FLIP_VERTEX_Y pattern not found, z is NOT remapped to [0,1] (depth may be wrong)
12:36:01.525 [diag] Z clip-space remap MISS on minecraft:pipeline/gui_textured_premultiplied_alpha fragment: FLIP_VERTEX_Y pattern not found, z is NOT remapped to [0,1] (depth may be wrong)
12:36:01.550 [diag] Z clip-space remap MISS on minecraft:pipeline/gui_invert fragment: FLIP_VERTEX_Y pattern not found, z is NOT remapped to [0,1] (depth may be wrong)
12:36:01.574 [diag] Z clip-space remap MISS on minecraft:pipeline/entity_outline_blit fragment: FLIP_VERTEX_Y pattern not found, z is NOT remapped to [0,1] (depth may be wrong)
12:36:01.599 [diag] Z clip-space remap MISS on minecraft:pipeline/solid_block fragment: FLIP_VERTEX_Y pattern not found, z is NOT remapped to [0,1] (depth may be wrong)
12:36:01.636 createBuffer stack sample #1:
  knot//com.metallum.client.metal.render.MetalDevice.createBuffer(MetalDevice.java:149)
  knot//net.minecraft.class_1059.method_45848(class_1059.java:116)
  knot//net.minecraft.class_11697$class_11699.method_73035(class_11697.java:168)
  knot//net.minecraft.class_11697$class_11700.method_73039(class_11697.java:212)
  java.base/java.util.ArrayList.forEach(Unknown Source)
  knot//net.minecraft.class_11697$class_11700.method_73037(class_11697.java:212)
  knot//net.minecraft.class_11697.method_76671(class_11697.java:146)
  knot//net.minecraft.class_11697.method_73029(class_11697.java:142)
  java.base/java.util.concurrent.CompletableFuture$UniAccept.tryFire(Unknown Source)
  java.base/java.util.concurrent.CompletableFuture$Completion.run(Unknown Source)
  knot//net.minecraft.class_4014.method_67574(class_4014.java:59)
  knot//net.minecraft.class_1255.method_18859(class_1255.java:169)
12:36:01.649 createBuffer stack sample #2:
  knot//com.metallum.client.metal.render.MetalDevice.createBuffer(MetalDevice.java:149)
  knot//net.minecraft.class_1059.method_76314(class_1059.java:173)
  knot//net.minecraft.class_1059.method_45848(class_1059.java:135)
  knot//net.minecraft.class_11697$class_11699.method_73035(class_11697.java:168)
  knot//net.minecraft.class_11697$class_11700.method_73039(class_11697.java:212)
  java.base/java.util.ArrayList.forEach(Unknown Source)
  knot//net.minecraft.class_11697$class_11700.method_73037(class_11697.java:212)
  knot//net.minecraft.class_11697.method_76671(class_11697.java:146)
  knot//net.minecraft.class_11697.method_73029(class_11697.java:142)
  java.base/java.util.concurrent.CompletableFuture$UniAccept.tryFire(Unknown Source)
  java.base/java.util.concurrent.CompletableFuture$Completion.run(Unknown Source)
  knot//net.minecraft.class_4014.method_67574(class_4014.java:59)
12:36:01.653 createBuffer stack sample #3:
  knot//com.metallum.client.metal.render.MetalDevice.createBuffer(MetalDevice.java:149)
  knot//net.minecraft.class_1059.method_76314(class_1059.java:173)
  knot//net.minecraft.class_1059.method_45848(class_1059.java:135)
  knot//net.minecraft.class_11697$class_11699.method_73035(class_11697.java:168)
  knot//net.minecraft.class_11697$class_11700.method_73039(class_11697.java:212)
  java.base/java.util.ArrayList.forEach(Unknown Source)
  knot//net.minecraft.class_11697$class_11700.method_73037(class_11697.java:212)
  knot//net.minecraft.class_11697.method_76671(class_11697.java:146)
  knot//net.minecraft.class_11697.method_73029(class_11697.java:142)
  java.base/java.util.concurrent.CompletableFuture$UniAccept.tryFire(Unknown Source)
  java.base/java.util.concurrent.CompletableFuture$Completion.run(Unknown Source)
  knot//net.minecraft.class_4014.method_67574(class_4014.java:59)
12:36:01.670 createBuffer stack sample #4:
  knot//com.metallum.client.metal.render.MetalDevice.createBuffer(MetalDevice.java:149)
  knot//net.minecraft.class_1059.method_76314(class_1059.java:173)
  knot//net.minecraft.class_1059.method_45848(class_1059.java:135)
  knot//net.minecraft.class_11697$class_11699.method_73035(class_11697.java:168)
  knot//net.minecraft.class_11697$class_11700.method_73039(class_11697.java:212)
  java.base/java.util.ArrayList.forEach(Unknown Source)
  knot//net.minecraft.class_11697$class_11700.method_73037(class_11697.java:212)
  knot//net.minecraft.class_11697.method_76671(class_11697.java:146)
  knot//net.minecraft.class_11697.method_73029(class_11697.java:142)
  java.base/java.util.concurrent.CompletableFuture$UniAccept.tryFire(Unknown Source)
  java.base/java.util.concurrent.CompletableFuture$Completion.run(Unknown Source)
  knot//net.minecraft.class_4014.method_67574(class_4014.java:59)
12:36:01.675 createBuffer stack sample #5:
  knot//com.metallum.client.metal.render.MetalDevice.createBuffer(MetalDevice.java:149)
  knot//net.minecraft.class_1059.method_76314(class_1059.java:173)
  knot//net.minecraft.class_1059.method_45848(class_1059.java:135)
  knot//net.minecraft.class_11697$class_11699.method_73035(class_11697.java:168)
  knot//net.minecraft.class_11697$class_11700.method_73039(class_11697.java:212)
  java.base/java.util.ArrayList.forEach(Unknown Source)
  knot//net.minecraft.class_11697$class_11700.method_73037(class_11697.java:212)
  knot//net.minecraft.class_11697.method_76671(class_11697.java:146)
  knot//net.minecraft.class_11697.method_73029(class_11697.java:142)
  java.base/java.util.concurrent.CompletableFuture$UniAccept.tryFire(Unknown Source)
  java.base/java.util.concurrent.CompletableFuture$Completion.run(Unknown Source)
  knot//net.minecraft.class_4014.method_67574(class_4014.java:59)
12:36:03.782 frame_time fps=53.1 avg=18.83ms max=264.34ms gpuBehind=0
12:36:08.798 frame_time fps=60.0 avg=16.67ms max=19.25ms gpuBehind=0
12:36:13.798 frame_time fps=59.8 avg=16.72ms max=33.32ms gpuBehind=0
12:36:18.814 frame_time fps=60.0 avg=16.66ms max=19.05ms gpuBehind=0
12:36:20.030 [diag] Z clip-space remap MISS on minecraft:blur/0 fragment: FLIP_VERTEX_Y pattern not found, z is NOT remapped to [0,1] (depth may be wrong)
12:36:20.057 [diag] Z clip-space remap MISS on minecraft:blur/1 fragment: FLIP_VERTEX_Y pattern not found, z is NOT remapped to [0,1] (depth may be wrong)
12:36:20.082 [diag] Z clip-space remap MISS on minecraft:blur/2 fragment: FLIP_VERTEX_Y pattern not found, z is NOT remapped to [0,1] (depth may be wrong)
12:36:20.107 [diag] Z clip-space remap MISS on minecraft:blur/3 fragment: FLIP_VERTEX_Y pattern not found, z is NOT remapped to [0,1] (depth may be wrong)
12:36:20.132 [diag] Z clip-space remap MISS on minecraft:blur/4 fragment: FLIP_VERTEX_Y pattern not found, z is NOT remapped to [0,1] (depth may be wrong)
12:36:20.157 [diag] Z clip-space remap MISS on minecraft:blur/5 fragment: FLIP_VERTEX_Y pattern not found, z is NOT remapped to [0,1] (depth may be wrong)
12:36:23.045 [diag] Z clip-space remap MISS on sodium/blocks/block_layer_opaque fragment: FLIP_VERTEX_Y pattern not found, z is NOT remapped to [0,1] (depth may be wrong)
12:36:23.076 [diag] Z clip-space remap MISS on sodium/blocks/block_layer_opaque fragment: FLIP_VERTEX_Y pattern not found, z is NOT remapped to [0,1] (depth may be wrong)
12:36:23.108 [diag] Z clip-space remap MISS on sodium/blocks/block_layer_opaque fragment: FLIP_VERTEX_Y pattern not found, z is NOT remapped to [0,1] (depth may be wrong)
12:36:23.280 [diag] sodium regionUniform regionOffset=(-154.30,-36.19,-101.85) currentTime=30 fadePeriodInv=0.001333
12:36:23.281 [diag] sodium encoder rebuilds(last5s)=1
12:36:23.284 [diag] sodium draws(last5s)=1 batchSize=1 firstDraw=e=396 bv=193020 io=0
12:36:23.837 frame_time fps=47.8 avg=20.92ms max=274.68ms gpuBehind=0
12:36:28.288 [diag] sodium regionUniform regionOffset=(-6.00,-34.04,-88.16) currentTime=5307 fadePeriodInv=0.001333
12:36:28.290 [diag] sodium draws(last5s)=21 batchSize=21 firstDraw=e=84 bv=289400 io=0
12:36:28.291 [diag] sodium encoder rebuilds(last5s)=735
12:36:28.881 frame_time fps=47.4 avg=21.10ms max=138.65ms gpuBehind=0
12:36:33.300 [diag] sodium regionUniform regionOffset=(-59.01,-22.67,-79.03) currentTime=10049 fadePeriodInv=0.001333
12:36:33.301 [diag] sodium draws(last5s)=43 batchSize=43 firstDraw=e=1164 bv=392752 io=0
12:36:33.302 [diag] sodium encoder rebuilds(last5s)=1187
12:36:33.881 frame_time fps=50.2 avg=19.92ms max=106.75ms gpuBehind=0
12:36:38.314 [diag] sodium regionUniform regionOffset=(-57.61,-22.67,-81.85) currentTime=15064 fadePeriodInv=0.001333
12:36:38.315 [diag] sodium draws(last5s)=74 batchSize=74 firstDraw=e=1164 bv=392752 io=0
12:36:38.483 [diag] sodium encoder rebuilds(last5s)=995
12:36:38.897 frame_time fps=58.2 avg=17.18ms max=92.23ms gpuBehind=0
12:36:43.316 [diag] sodium regionUniform regionOffset=(-13.12,-36.71,-98.10) currentTime=20065 fadePeriodInv=0.001333
12:36:43.317 [diag] sodium draws(last5s)=18 batchSize=18 firstDraw=e=1998 bv=76968 io=0
12:36:43.491 [diag] sodium encoder rebuilds(last5s)=938
12:36:43.913 frame_time fps=56.8 avg=17.60ms max=72.46ms gpuBehind=0
12:36:48.333 [diag] sodium regionUniform regionOffset=(-22.40,-38.79,0.08) currentTime=25037 fadePeriodInv=0.001333
12:36:48.334 [diag] sodium draws(last5s)=37 batchSize=37 firstDraw=e=228 bv=743228 io=0
12:36:48.713 [diag] sodium encoder rebuilds(last5s)=308
12:36:48.915 frame_time fps=58.8 avg=17.01ms max=67.66ms gpuBehind=0
12:36:53.334 [diag] sodium regionUniform regionOffset=(-22.35,-38.79,-0.29) currentTime=30038 fadePeriodInv=0.001333
12:36:53.336 [diag] sodium draws(last5s)=104 batchSize=104 firstDraw=e=228 bv=743228 io=0
12:36:53.929 frame_time fps=59.8 avg=16.71ms max=27.92ms gpuBehind=0
12:36:54.884 [diag] sodium encoder rebuilds(last5s)=13
12:36:58.347 [diag] sodium regionUniform regionOffset=(-39.42,-38.79,-89.51) currentTime=35096 fadePeriodInv=0.001333
12:36:58.347 [diag] sodium draws(last5s)=59 batchSize=59 firstDraw=e=18 bv=483216 io=0
12:36:58.779 buffers total=20418 | usage=0x82 count=51 req=0.0MB alloc=0.0MB | usage=0x22 count=50 req=0.8MB alloc=0.8MB | usage=0x102 count=3 req=2.0MB alloc=2.0MB | usage=0x2 count=1 req=0.4MB alloc=0.4MB | usage=0x3 count=60 req=53.2MB alloc=53.2MB | usage=0x14 count=19559 req=751.5MB alloc=751.5MB | usage=0x88 count=51 req=0.9MB alloc=0.9MB | usage=0x28 count=622 req=1403.2MB alloc=1403.2MB | usage=0x48 count=11 req=1.7MB alloc=1.7MB | usage=0x9 count=10 req=147.6MB alloc=147.6MB | sum count=20418 req=2361.4MB alloc=2361.5MB | poolHit=3877 poolMiss=20418 poolReturn=23556 poolHitRate=16%
12:36:58.945 frame_time fps=60.0 avg=16.66ms max=17.56ms gpuBehind=0
12:36:59.886 [diag] sodium encoder rebuilds(last5s)=489
12:37:03.347 [diag] sodium regionUniform regionOffset=(-75.18,-172.79,-453.90) currentTime=34741 fadePeriodInv=0.001333
12:37:03.348 [diag] sodium draws(last5s)=13 batchSize=13 firstDraw=e=174 bv=193328 io=0
12:37:03.948 frame_time fps=59.4 avg=16.84ms max=38.87ms gpuBehind=0
12:37:04.899 [diag] sodium encoder rebuilds(last5s)=480
12:37:08.354 [diag] sodium regionUniform regionOffset=(-93.70,-44.79,-33.49) currentTime=45103 fadePeriodInv=0.001333
12:37:08.355 [diag] sodium draws(last5s)=77 batchSize=77 firstDraw=e=288 bv=495284 io=0
12:37:08.962 frame_time fps=56.7 avg=17.65ms max=101.37ms gpuBehind=0
12:37:13.363 [diag] sodium regionUniform regionOffset=(-97.14,-44.79,-65.13) currentTime=50113 fadePeriodInv=0.001333
12:37:13.365 [diag] sodium draws(last5s)=25 batchSize=25 firstDraw=e=162 bv=569188 io=0
12:37:13.962 frame_time fps=60.0 avg=16.67ms max=26.67ms gpuBehind=0
==== Metallum diag start ====
12:53:27.663 [diag] Z clip-space remap MISS on minecraft:pipeline/gui fragment: FLIP_VERTEX_Y pattern not found, z is NOT remapped to [0,1] (depth may be wrong)
12:53:27.700 [diag] Z clip-space remap MISS on minecraft:pipeline/gui_textured fragment: FLIP_VERTEX_Y pattern not found, z is NOT remapped to [0,1] (depth may be wrong)
12:53:27.961 [diag] Z clip-space remap MISS on minecraft:pipeline/mojang_logo fragment: FLIP_VERTEX_Y pattern not found, z is NOT remapped to [0,1] (depth may be wrong)
12:53:27.973 buffers total=42 | usage=0x82 count=15 req=0.0MB alloc=0.0MB | usage=0x22 count=6 req=0.0MB alloc=0.0MB | usage=0x3 count=2 req=1.5MB alloc=1.5MB | usage=0x88 count=15 req=0.0MB alloc=0.0MB | usage=0x28 count=3 req=0.0MB alloc=0.0MB | usage=0x48 count=1 req=0.0MB alloc=0.0MB | sum count=42 req=1.5MB alloc=1.5MB | poolHit=0 poolMiss=42 poolReturn=0 poolHitRate=0%
12:53:29.071 [diag] Z clip-space remap MISS on minecraft:pipeline/beacon_beam_opaque fragment: FLIP_VERTEX_Y pattern not found, z is NOT remapped to [0,1] (depth may be wrong)
12:53:29.114 [diag] Z clip-space remap MISS on minecraft:pipeline/beacon_beam_translucent fragment: FLIP_VERTEX_Y pattern not found, z is NOT remapped to [0,1] (depth may be wrong)
12:53:29.153 [diag] Z clip-space remap MISS on minecraft:pipeline/weather_no_depth_write fragment: FLIP_VERTEX_Y pattern not found, z is NOT remapped to [0,1] (depth may be wrong)
12:53:29.191 [diag] Z clip-space remap MISS on minecraft:pipeline/entity_no_outline fragment: FLIP_VERTEX_Y pattern not found, z is NOT remapped to [0,1] (depth may be wrong)
12:53:29.227 [diag] Z clip-space remap MISS on minecraft:pipeline/breeze_wind fragment: FLIP_VERTEX_Y pattern not found, z is NOT remapped to [0,1] (depth may be wrong)
12:53:29.261 [diag] Z clip-space remap MISS on minecraft:pipeline/lines_translucent fragment: FLIP_VERTEX_Y pattern not found, z is NOT remapped to [0,1] (depth may be wrong)
12:53:29.292 [diag] Z clip-space remap MISS on minecraft:pipeline/sky fragment: FLIP_VERTEX_Y pattern not found, z is NOT remapped to [0,1] (depth may be wrong)
12:53:29.322 [diag] Z clip-space remap MISS on minecraft:pipeline/gui_opaque_textured_background fragment: FLIP_VERTEX_Y pattern not found, z is NOT remapped to [0,1] (depth may be wrong)
12:53:29.351 [diag] Z clip-space remap MISS on minecraft:pipeline/lines fragment: FLIP_VERTEX_Y pattern not found, z is NOT remapped to [0,1] (depth may be wrong)
12:53:29.381 [diag] Z clip-space remap MISS on minecraft:pipeline/crumbling fragment: FLIP_VERTEX_Y pattern not found, z is NOT remapped to [0,1] (depth may be wrong)
12:53:29.436 [diag] Z clip-space remap MISS on minecraft:pipeline/translucent_particle fragment: FLIP_VERTEX_Y pattern not found, z is NOT remapped to [0,1] (depth may be wrong)
12:53:29.474 [diag] Z clip-space remap MISS on minecraft:pipeline/entity_cutout_no_cull fragment: FLIP_VERTEX_Y pattern not found, z is NOT remapped to [0,1] (depth may be wrong)
12:53:29.506 [diag] Z clip-space remap MISS on minecraft:pipeline/eyes fragment: FLIP_VERTEX_Y pattern not found, z is NOT remapped to [0,1] (depth may be wrong)
12:53:29.541 [diag] Z clip-space remap MISS on minecraft:pipeline/glint fragment: FLIP_VERTEX_Y pattern not found, z is NOT remapped to [0,1] (depth may be wrong)
12:53:29.574 [diag] Z clip-space remap MISS on minecraft:pipeline/item_entity_translucent_cull fragment: FLIP_VERTEX_Y pattern not found, z is NOT remapped to [0,1] (depth may be wrong)
12:53:29.604 [diag] Z clip-space remap MISS on minecraft:pipeline/weather_depth_write fragment: FLIP_VERTEX_Y pattern not found, z is NOT remapped to [0,1] (depth may be wrong)
12:53:29.635 [diag] Z clip-space remap MISS on minecraft:pipeline/dragon_rays_depth fragment: FLIP_VERTEX_Y pattern not found, z is NOT remapped to [0,1] (depth may be wrong)
12:53:29.665 [diag] Z clip-space remap MISS on minecraft:pipeline/gui_text_highlight fragment: FLIP_VERTEX_Y pattern not found, z is NOT remapped to [0,1] (depth may be wrong)
12:53:29.694 [diag] Z clip-space remap MISS on minecraft:pipeline/text_intensity fragment: FLIP_VERTEX_Y pattern not found, z is NOT remapped to [0,1] (depth may be wrong)
12:53:29.725 [diag] Z clip-space remap MISS on minecraft:pipeline/debug_points fragment: FLIP_VERTEX_Y pattern not found, z is NOT remapped to [0,1] (depth may be wrong)
12:53:29.756 [diag] Z clip-space remap MISS on minecraft:pipeline/opaque_particle fragment: FLIP_VERTEX_Y pattern not found, z is NOT remapped to [0,1] (depth may be wrong)
12:53:29.786 [diag] Z clip-space remap MISS on minecraft:pipeline/dragon_explosion_alpha fragment: FLIP_VERTEX_Y pattern not found, z is NOT remapped to [0,1] (depth may be wrong)
12:53:29.817 [diag] Z clip-space remap MISS on minecraft:pipeline/debug_triangle_fan fragment: FLIP_VERTEX_Y pattern not found, z is NOT remapped to [0,1] (depth may be wrong)
12:53:29.848 [diag] Z clip-space remap MISS on minecraft:pipeline/end_gateway fragment: FLIP_VERTEX_Y pattern not found, z is NOT remapped to [0,1] (depth may be wrong)
12:53:29.878 [diag] Z clip-space remap MISS on minecraft:pipeline/text_see_through fragment: FLIP_VERTEX_Y pattern not found, z is NOT remapped to [0,1] (depth may be wrong)
12:53:29.908 [diag] Z clip-space remap MISS on minecraft:pipeline/stars fragment: FLIP_VERTEX_Y pattern not found, z is NOT remapped to [0,1] (depth may be wrong)
12:53:29.939 [diag] Z clip-space remap MISS on minecraft:pipeline/gui_text fragment: FLIP_VERTEX_Y pattern not found, z is NOT remapped to [0,1] (depth may be wrong)
12:53:29.968 [diag] Z clip-space remap MISS on minecraft:pipeline/gui_nausea_overlay fragment: FLIP_VERTEX_Y pattern not found, z is NOT remapped to [0,1] (depth may be wrong)
12:53:29.997 [diag] Z clip-space remap MISS on minecraft:pipeline/debug_quads fragment: FLIP_VERTEX_Y pattern not found, z is NOT remapped to [0,1] (depth may be wrong)
12:53:30.027 [diag] Z clip-space remap MISS on minecraft:pipeline/entity_solid_offset_forward fragment: FLIP_VERTEX_Y pattern not found, z is NOT remapped to [0,1] (depth may be wrong)
12:53:30.058 [diag] Z clip-space remap MISS on minecraft:pipeline/armor_decal_cutout_no_cull fragment: FLIP_VERTEX_Y pattern not found, z is NOT remapped to [0,1] (depth may be wrong)
12:53:30.086 [diag] Z clip-space remap MISS on minecraft:pipeline/tracy_blit fragment: FLIP_VERTEX_Y pattern not found, z is NOT remapped to [0,1] (depth may be wrong)
12:53:30.113 [diag] Z clip-space remap MISS on minecraft:pipeline/water_mask fragment: FLIP_VERTEX_Y pattern not found, z is NOT remapped to [0,1] (depth may be wrong)
12:53:30.140 [diag] Z clip-space remap MISS on minecraft:pipeline/lightmap fragment: FLIP_VERTEX_Y pattern not found, z is NOT remapped to [0,1] (depth may be wrong)
12:53:30.166 [diag] Z clip-space remap MISS on minecraft:pipeline/gui_textured_premultiplied_alpha fragment: FLIP_VERTEX_Y pattern not found, z is NOT remapped to [0,1] (depth may be wrong)
12:53:30.192 [diag] Z clip-space remap MISS on minecraft:pipeline/panorama fragment: FLIP_VERTEX_Y pattern not found, z is NOT remapped to [0,1] (depth may be wrong)
12:53:30.219 [diag] Z clip-space remap MISS on minecraft:pipeline/entity_smooth_cutout fragment: FLIP_VERTEX_Y pattern not found, z is NOT remapped to [0,1] (depth may be wrong)
12:53:30.245 [diag] Z clip-space remap MISS on minecraft:pipeline/leash fragment: FLIP_VERTEX_Y pattern not found, z is NOT remapped to [0,1] (depth may be wrong)
12:53:30.272 [diag] Z clip-space remap MISS on minecraft:pipeline/wireframe fragment: FLIP_VERTEX_Y pattern not found, z is NOT remapped to [0,1] (depth may be wrong)
12:53:30.298 [diag] Z clip-space remap MISS on minecraft:pipeline/entity_outline_blit fragment: FLIP_VERTEX_Y pattern not found, z is NOT remapped to [0,1] (depth may be wrong)
12:53:30.324 [diag] Z clip-space remap MISS on minecraft:pipeline/solid_block fragment: FLIP_VERTEX_Y pattern not found, z is NOT remapped to [0,1] (depth may be wrong)
12:53:30.351 [diag] Z clip-space remap MISS on minecraft:pipeline/entity_translucent_emissive fragment: FLIP_VERTEX_Y pattern not found, z is NOT remapped to [0,1] (depth may be wrong)
12:53:30.377 [diag] Z clip-space remap MISS on minecraft:pipeline/crosshair fragment: FLIP_VERTEX_Y pattern not found, z is NOT remapped to [0,1] (depth may be wrong)
12:53:30.402 [diag] Z clip-space remap MISS on minecraft:pipeline/celestial fragment: FLIP_VERTEX_Y pattern not found, z is NOT remapped to [0,1] (depth may be wrong)
12:53:30.428 [diag] Z clip-space remap MISS on minecraft:pipeline/text fragment: FLIP_VERTEX_Y pattern not found, z is NOT remapped to [0,1] (depth may be wrong)
12:53:30.453 [diag] Z clip-space remap MISS on minecraft:pipeline/text_background fragment: FLIP_VERTEX_Y pattern not found, z is NOT remapped to [0,1] (depth may be wrong)
12:53:30.480 [diag] Z clip-space remap MISS on minecraft:pipeline/solid_terrain fragment: FLIP_VERTEX_Y pattern not found, z is NOT remapped to [0,1] (depth may be wrong)
12:53:30.506 [diag] Z clip-space remap MISS on minecraft:pipeline/cutout_block fragment: FLIP_VERTEX_Y pattern not found, z is NOT remapped to [0,1] (depth may be wrong)
12:53:30.532 [diag] Z clip-space remap MISS on minecraft:pipeline/end_sky fragment: FLIP_VERTEX_Y pattern not found, z is NOT remapped to [0,1] (depth may be wrong)
12:53:30.561 [diag] Z clip-space remap MISS on minecraft:pipeline/block_screen_effect fragment: FLIP_VERTEX_Y pattern not found, z is NOT remapped to [0,1] (depth may be wrong)
12:53:30.586 [diag] Z clip-space remap MISS on minecraft:pipeline/gui_text_intensity fragment: FLIP_VERTEX_Y pattern not found, z is NOT remapped to [0,1] (depth may be wrong)
12:53:30.612 [diag] Z clip-space remap MISS on minecraft:pipeline/translucent_moving_block fragment: FLIP_VERTEX_Y pattern not found, z is NOT remapped to [0,1] (depth may be wrong)
12:53:30.637 [diag] Z clip-space remap MISS on minecraft:pipeline/vignette fragment: FLIP_VERTEX_Y pattern not found, z is NOT remapped to [0,1] (depth may be wrong)
12:53:30.663 [diag] Z clip-space remap MISS on minecraft:pipeline/outline_no_cull fragment: FLIP_VERTEX_Y pattern not found, z is NOT remapped to [0,1] (depth may be wrong)
12:53:30.689 [diag] Z clip-space remap MISS on minecraft:pipeline/end_portal fragment: FLIP_VERTEX_Y pattern not found, z is NOT remapped to [0,1] (depth may be wrong)
12:53:30.716 [diag] Z clip-space remap MISS on minecraft:pipeline/cutout_terrain fragment: FLIP_VERTEX_Y pattern not found, z is NOT remapped to [0,1] (depth may be wrong)
12:53:30.742 [diag] Z clip-space remap MISS on minecraft:pipeline/armor_translucent fragment: FLIP_VERTEX_Y pattern not found, z is NOT remapped to [0,1] (depth may be wrong)
12:53:30.767 [diag] Z clip-space remap MISS on minecraft:pipeline/world_border fragment: FLIP_VERTEX_Y pattern not found, z is NOT remapped to [0,1] (depth may be wrong)
12:53:30.793 [diag] Z clip-space remap MISS on minecraft:pipeline/energy_swirl fragment: FLIP_VERTEX_Y pattern not found, z is NOT remapped to [0,1] (depth may be wrong)
12:53:30.819 [diag] Z clip-space remap MISS on minecraft:pipeline/clouds fragment: FLIP_VERTEX_Y pattern not found, z is NOT remapped to [0,1] (depth may be wrong)
12:53:30.844 [diag] Z clip-space remap MISS on minecraft:pipeline/entity_translucent fragment: FLIP_VERTEX_Y pattern not found, z is NOT remapped to [0,1] (depth may be wrong)
12:53:30.869 [diag] Z clip-space remap MISS on minecraft:pipeline/sunrise_sunset fragment: FLIP_VERTEX_Y pattern not found, z is NOT remapped to [0,1] (depth may be wrong)
12:53:30.895 [diag] Z clip-space remap MISS on minecraft:pipeline/entity_decal fragment: FLIP_VERTEX_Y pattern not found, z is NOT remapped to [0,1] (depth may be wrong)
12:53:30.921 [diag] Z clip-space remap MISS on minecraft:pipeline/armor_cutout_no_cull fragment: FLIP_VERTEX_Y pattern not found, z is NOT remapped to [0,1] (depth may be wrong)
12:53:30.948 [diag] Z clip-space remap MISS on minecraft:pipeline/tripwire_terrain fragment: FLIP_VERTEX_Y pattern not found, z is NOT remapped to [0,1] (depth may be wrong)
12:53:30.974 [diag] Z clip-space remap MISS on minecraft:pipeline/entity_cutout_no_cull_z_offset fragment: FLIP_VERTEX_Y pattern not found, z is NOT remapped to [0,1] (depth may be wrong)
12:53:30.999 [diag] Z clip-space remap MISS on minecraft:pipeline/mojang_logo fragment: FLIP_VERTEX_Y pattern not found, z is NOT remapped to [0,1] (depth may be wrong)
12:53:31.024 [diag] Z clip-space remap MISS on minecraft:pipeline/debug_filled_box fragment: FLIP_VERTEX_Y pattern not found, z is NOT remapped to [0,1] (depth may be wrong)
12:53:31.050 [diag] Z clip-space remap MISS on minecraft:pipeline/secondary_block_outline fragment: FLIP_VERTEX_Y pattern not found, z is NOT remapped to [0,1] (depth may be wrong)
12:53:31.077 [diag] Z clip-space remap MISS on minecraft:pipeline/entity_cutout fragment: FLIP_VERTEX_Y pattern not found, z is NOT remapped to [0,1] (depth may be wrong)
12:53:31.104 [diag] Z clip-space remap MISS on minecraft:pipeline/gui fragment: FLIP_VERTEX_Y pattern not found, z is NOT remapped to [0,1] (depth may be wrong)
12:53:31.130 [diag] Z clip-space remap MISS on minecraft:pipeline/text_intensity_see_through fragment: FLIP_VERTEX_Y pattern not found, z is NOT remapped to [0,1] (depth may be wrong)
12:53:31.155 [diag] Z clip-space remap MISS on minecraft:pipeline/text_background_see_through fragment: FLIP_VERTEX_Y pattern not found, z is NOT remapped to [0,1] (depth may be wrong)
12:53:31.180 [diag] Z clip-space remap MISS on minecraft:pipeline/fire_screen_effect fragment: FLIP_VERTEX_Y pattern not found, z is NOT remapped to [0,1] (depth may be wrong)
12:53:31.205 [diag] Z clip-space remap MISS on minecraft:pipeline/entity_shadow fragment: FLIP_VERTEX_Y pattern not found, z is NOT remapped to [0,1] (depth may be wrong)
12:53:31.232 [diag] Z clip-space remap MISS on minecraft:pipeline/translucent_terrain fragment: FLIP_VERTEX_Y pattern not found, z is NOT remapped to [0,1] (depth may be wrong)
12:53:31.259 [diag] Z clip-space remap MISS on minecraft:pipeline/entity_solid fragment: FLIP_VERTEX_Y pattern not found, z is NOT remapped to [0,1] (depth may be wrong)
12:53:31.284 [diag] Z clip-space remap MISS on minecraft:pipeline/animate_sprite_interpolate fragment: FLIP_VERTEX_Y pattern not found, z is NOT remapped to [0,1] (depth may be wrong)
12:53:31.310 [diag] Z clip-space remap MISS on minecraft:pipeline/lightning fragment: FLIP_VERTEX_Y pattern not found, z is NOT remapped to [0,1] (depth may be wrong)
12:53:31.335 [diag] Z clip-space remap MISS on minecraft:pipeline/gui_textured fragment: FLIP_VERTEX_Y pattern not found, z is NOT remapped to [0,1] (depth may be wrong)
12:53:31.361 [diag] Z clip-space remap MISS on minecraft:pipeline/tripwire_block fragment: FLIP_VERTEX_Y pattern not found, z is NOT remapped to [0,1] (depth may be wrong)
12:53:31.387 [diag] Z clip-space remap MISS on minecraft:pipeline/animate_sprite_blit fragment: FLIP_VERTEX_Y pattern not found, z is NOT remapped to [0,1] (depth may be wrong)
12:53:31.412 [diag] Z clip-space remap MISS on minecraft:pipeline/text_polygon_offset fragment: FLIP_VERTEX_Y pattern not found, z is NOT remapped to [0,1] (depth may be wrong)
12:53:31.438 [diag] Z clip-space remap MISS on minecraft:pipeline/gui_invert fragment: FLIP_VERTEX_Y pattern not found, z is NOT remapped to [0,1] (depth may be wrong)
12:53:31.463 [diag] Z clip-space remap MISS on minecraft:pipeline/flat_clouds fragment: FLIP_VERTEX_Y pattern not found, z is NOT remapped to [0,1] (depth may be wrong)
12:53:31.488 [diag] Z clip-space remap MISS on minecraft:pipeline/outline_cull fragment: FLIP_VERTEX_Y pattern not found, z is NOT remapped to [0,1] (depth may be wrong)
12:53:31.514 [diag] Z clip-space remap MISS on minecraft:pipeline/dragon_rays fragment: FLIP_VERTEX_Y pattern not found, z is NOT remapped to [0,1] (depth may be wrong)
12:53:31.555 createBuffer stack sample #1:
  knot//com.metallum.client.metal.render.MetalDevice.createBuffer(MetalDevice.java:149)
  knot//net.minecraft.class_1059.method_45848(class_1059.java:116)
  knot//net.minecraft.class_11697$class_11699.method_73035(class_11697.java:168)
  knot//net.minecraft.class_11697$class_11700.method_73039(class_11697.java:212)
  java.base/java.util.ArrayList.forEach(Unknown Source)
  knot//net.minecraft.class_11697$class_11700.method_73037(class_11697.java:212)
  knot//net.minecraft.class_11697.method_76671(class_11697.java:146)
  knot//net.minecraft.class_11697.method_73029(class_11697.java:142)
  java.base/java.util.concurrent.CompletableFuture$UniAccept.tryFire(Unknown Source)
  java.base/java.util.concurrent.CompletableFuture$Completion.run(Unknown Source)
  knot//net.minecraft.class_4014.method_67574(class_4014.java:59)
  knot//net.minecraft.class_1255.method_18859(class_1255.java:169)
12:53:31.569 createBuffer stack sample #2:
  knot//com.metallum.client.metal.render.MetalDevice.createBuffer(MetalDevice.java:149)
  knot//net.minecraft.class_1059.method_76314(class_1059.java:173)
  knot//net.minecraft.class_1059.method_45848(class_1059.java:135)
  knot//net.minecraft.class_11697$class_11699.method_73035(class_11697.java:168)
  knot//net.minecraft.class_11697$class_11700.method_73039(class_11697.java:212)
  java.base/java.util.ArrayList.forEach(Unknown Source)
  knot//net.minecraft.class_11697$class_11700.method_73037(class_11697.java:212)
  knot//net.minecraft.class_11697.method_76671(class_11697.java:146)
  knot//net.minecraft.class_11697.method_73029(class_11697.java:142)
  java.base/java.util.concurrent.CompletableFuture$UniAccept.tryFire(Unknown Source)
  java.base/java.util.concurrent.CompletableFuture$Completion.run(Unknown Source)
  knot//net.minecraft.class_4014.method_67574(class_4014.java:59)
12:53:31.573 createBuffer stack sample #3:
  knot//com.metallum.client.metal.render.MetalDevice.createBuffer(MetalDevice.java:149)
  knot//net.minecraft.class_1059.method_76314(class_1059.java:173)
  knot//net.minecraft.class_1059.method_45848(class_1059.java:135)
  knot//net.minecraft.class_11697$class_11699.method_73035(class_11697.java:168)
  knot//net.minecraft.class_11697$class_11700.method_73039(class_11697.java:212)
  java.base/java.util.ArrayList.forEach(Unknown Source)
  knot//net.minecraft.class_11697$class_11700.method_73037(class_11697.java:212)
  knot//net.minecraft.class_11697.method_76671(class_11697.java:146)
  knot//net.minecraft.class_11697.method_73029(class_11697.java:142)
  java.base/java.util.concurrent.CompletableFuture$UniAccept.tryFire(Unknown Source)
  java.base/java.util.concurrent.CompletableFuture$Completion.run(Unknown Source)
  knot//net.minecraft.class_4014.method_67574(class_4014.java:59)
12:53:31.591 createBuffer stack sample #4:
  knot//com.metallum.client.metal.render.MetalDevice.createBuffer(MetalDevice.java:149)
  knot//net.minecraft.class_1059.method_76314(class_1059.java:173)
  knot//net.minecraft.class_1059.method_45848(class_1059.java:135)
  knot//net.minecraft.class_11697$class_11699.method_73035(class_11697.java:168)
  knot//net.minecraft.class_11697$class_11700.method_73039(class_11697.java:212)
  java.base/java.util.ArrayList.forEach(Unknown Source)
  knot//net.minecraft.class_11697$class_11700.method_73037(class_11697.java:212)
  knot//net.minecraft.class_11697.method_76671(class_11697.java:146)
  knot//net.minecraft.class_11697.method_73029(class_11697.java:142)
  java.base/java.util.concurrent.CompletableFuture$UniAccept.tryFire(Unknown Source)
  java.base/java.util.concurrent.CompletableFuture$Completion.run(Unknown Source)
  knot//net.minecraft.class_4014.method_67574(class_4014.java:59)
12:53:31.595 createBuffer stack sample #5:
  knot//com.metallum.client.metal.render.MetalDevice.createBuffer(MetalDevice.java:149)
  knot//net.minecraft.class_1059.method_76314(class_1059.java:173)
  knot//net.minecraft.class_1059.method_45848(class_1059.java:135)
  knot//net.minecraft.class_11697$class_11699.method_73035(class_11697.java:168)
  knot//net.minecraft.class_11697$class_11700.method_73039(class_11697.java:212)
  java.base/java.util.ArrayList.forEach(Unknown Source)
  knot//net.minecraft.class_11697$class_11700.method_73037(class_11697.java:212)
  knot//net.minecraft.class_11697.method_76671(class_11697.java:146)
  knot//net.minecraft.class_11697.method_73029(class_11697.java:142)
  java.base/java.util.concurrent.CompletableFuture$UniAccept.tryFire(Unknown Source)
  java.base/java.util.concurrent.CompletableFuture$Completion.run(Unknown Source)
  knot//net.minecraft.class_4014.method_67574(class_4014.java:59)
12:53:32.985 frame_time fps=48.6 avg=20.56ms max=253.61ms gpuBehind=0
12:53:37.990 frame_time fps=59.9 avg=16.68ms max=36.54ms gpuBehind=0
12:53:38.917 [diag] Z clip-space remap MISS on minecraft:blur/0 fragment: FLIP_VERTEX_Y pattern not found, z is NOT remapped to [0,1] (depth may be wrong)
12:53:38.946 [diag] Z clip-space remap MISS on minecraft:blur/1 fragment: FLIP_VERTEX_Y pattern not found, z is NOT remapped to [0,1] (depth may be wrong)
12:53:38.974 [diag] Z clip-space remap MISS on minecraft:blur/2 fragment: FLIP_VERTEX_Y pattern not found, z is NOT remapped to [0,1] (depth may be wrong)
12:53:39.002 [diag] Z clip-space remap MISS on minecraft:blur/3 fragment: FLIP_VERTEX_Y pattern not found, z is NOT remapped to [0,1] (depth may be wrong)
12:53:39.029 [diag] Z clip-space remap MISS on minecraft:blur/4 fragment: FLIP_VERTEX_Y pattern not found, z is NOT remapped to [0,1] (depth may be wrong)
12:53:39.055 [diag] Z clip-space remap MISS on minecraft:blur/5 fragment: FLIP_VERTEX_Y pattern not found, z is NOT remapped to [0,1] (depth may be wrong)
12:53:43.006 frame_time fps=54.9 avg=18.21ms max=216.36ms gpuBehind=0
12:53:44.805 [diag] Z clip-space remap MISS on sodium/blocks/block_layer_opaque fragment: FLIP_VERTEX_Y pattern not found, z is NOT remapped to [0,1] (depth may be wrong)
12:53:44.846 [diag] Z clip-space remap MISS on sodium/blocks/block_layer_opaque fragment: FLIP_VERTEX_Y pattern not found, z is NOT remapped to [0,1] (depth may be wrong)
12:53:44.884 [diag] Z clip-space remap MISS on sodium/blocks/block_layer_opaque fragment: FLIP_VERTEX_Y pattern not found, z is NOT remapped to [0,1] (depth may be wrong)
12:53:44.996 [diag] sodium regionUniform regionOffset=(-97.20,-44.76,-65.45) currentTime=283 fadePeriodInv=0.001333
12:53:44.997 [diag] sodium encoder rebuilds(last5s)=1
12:53:45.000 [diag] sodium draws(last5s)=1 batchSize=1 firstDraw=e=192 bv=193388 io=0
12:53:48.027 frame_time fps=44.0 avg=22.71ms max=347.92ms gpuBehind=0
12:53:49.998 [diag] sodium regionUniform regionOffset=(-97.20,-108.79,62.55) currentTime=4731 fadePeriodInv=0.001333
12:53:50.003 [diag] sodium draws(last5s)=10 batchSize=10 firstDraw=e=60 bv=193492 io=0
12:53:50.005 [diag] sodium encoder rebuilds(last5s)=491
12:53:53.047 frame_time fps=46.2 avg=21.63ms max=156.19ms gpuBehind=0
12:53:55.013 [diag] sodium regionUniform regionOffset=(-97.20,-44.79,-65.45) currentTime=10297 fadePeriodInv=0.001333
12:53:55.017 [diag] sodium draws(last5s)=16 batchSize=16 firstDraw=e=192 bv=193388 io=0
12:53:55.055 [diag] sodium encoder rebuilds(last5s)=263
12:53:58.060 frame_time fps=49.5 avg=20.21ms max=123.06ms gpuBehind=0
12:54:00.013 [diag] sodium regionUniform regionOffset=(-97.20,-44.79,-65.45) currentTime=15299 fadePeriodInv=0.001333
12:54:00.023 [diag] sodium draws(last5s)=16 batchSize=16 firstDraw=e=192 bv=193388 io=0
12:54:03.073 frame_time fps=51.4 avg=19.44ms max=139.30ms gpuBehind=0
12:54:05.021 [diag] sodium regionUniform regionOffset=(-97.20,-44.79,-65.45) currentTime=20308 fadePeriodInv=0.001333
12:54:05.040 [diag] sodium draws(last5s)=16 batchSize=16 firstDraw=e=192 bv=193388 io=0
12:54:08.087 frame_time fps=60.0 avg=16.66ms max=18.10ms gpuBehind=0
12:54:10.021 [diag] sodium regionUniform regionOffset=(-225.20,-108.79,62.55) currentTime=24367 fadePeriodInv=0.001333
12:54:10.054 [diag] sodium draws(last5s)=16 batchSize=16 firstDraw=e=192 bv=193388 io=0
12:54:13.104 frame_time fps=60.0 avg=16.67ms max=17.28ms gpuBehind=0
12:54:15.040 [diag] sodium regionUniform regionOffset=(-97.20,-44.79,-65.45) currentTime=30327 fadePeriodInv=0.001333
12:54:15.054 [diag] sodium draws(last5s)=150 batchSize=150 firstDraw=e=2712 bv=538196 io=0
12:54:18.121 frame_time fps=60.0 avg=16.67ms max=17.88ms gpuBehind=0
12:54:20.040 [diag] sodium regionUniform regionOffset=(-97.20,-44.79,-65.45) currentTime=35327 fadePeriodInv=0.001333
12:54:20.054 [diag] sodium draws(last5s)=3 batchSize=3 firstDraw=e=8022 bv=175516 io=0
12:54:23.137 frame_time fps=60.0 avg=16.67ms max=30.55ms gpuBehind=0
12:54:25.040 [diag] sodium regionUniform regionOffset=(158.80,-44.79,190.55) currentTime=38238 fadePeriodInv=0.001333
12:54:25.054 [diag] sodium draws(last5s)=10 batchSize=10 firstDraw=e=354 bv=193288 io=0
12:54:27.987 buffers total=3256 | usage=0x82 count=51 req=0.0MB alloc=0.0MB | usage=0x22 count=33 req=0.7MB alloc=0.7MB | usage=0x2 count=1 req=0.4MB alloc=0.4MB | usage=0x102 count=3 req=2.0MB alloc=2.0MB | usage=0x3 count=41 req=43.7MB alloc=43.7MB | usage=0x14 count=2900 req=118.1MB alloc=118.1MB | usage=0x88 count=51 req=0.9MB alloc=0.9MB | usage=0x28 count=157 req=287.0MB alloc=287.0MB | usage=0x48 count=9 req=1.7MB alloc=1.7MB | usage=0x9 count=10 req=147.6MB alloc=147.6MB | sum count=3256 req=602.1MB alloc=602.1MB | poolHit=2548 poolMiss=3256 poolReturn=5528 poolHitRate=44%
12:54:28.153 frame_time fps=59.8 avg=16.72ms max=37.05ms gpuBehind=0
12:54:29.442 [diag] sodium encoder rebuilds(last5s)=48
12:54:30.040 [diag] sodium regionUniform regionOffset=(29.93,-108.79,-69.19) currentTime=44937 fadePeriodInv=0.001333
12:54:30.055 [diag] sodium draws(last5s)=21 batchSize=21 firstDraw=e=192 bv=193388 io=0
12:54:33.154 frame_time fps=59.6 avg=16.78ms max=47.88ms gpuBehind=0
12:54:34.455 [diag] sodium encoder rebuilds(last5s)=927
12:54:35.056 [diag] sodium regionUniform regionOffset=(-6.24,-44.79,-80.56) currentTime=49952 fadePeriodInv=0.001333
12:54:35.056 [diag] sodium draws(last5s)=1 batchSize=1 firstDraw=e=1788 bv=498096 io=0
12:54:38.169 frame_time fps=59.8 avg=16.72ms max=39.25ms gpuBehind=0
12:54:40.055 [diag] sodium regionUniform regionOffset=(121.76,19.21,303.44) currentTime=49693 fadePeriodInv=0.001333
12:54:40.056 [diag] sodium draws(last5s)=6 batchSize=6 firstDraw=e=18 bv=181016 io=373968
12:54:43.173 frame_time fps=70.8 avg=14.13ms max=33.32ms gpuBehind=0
==== Metallum diag start ====
13:13:41.265 [diag] Z clip-space remap MISS on minecraft:pipeline/gui fragment: FLIP_VERTEX_Y pattern not found, z is NOT remapped to [0,1] (depth may be wrong)
13:13:41.295 [diag] Z clip-space remap MISS on minecraft:pipeline/gui_textured fragment: FLIP_VERTEX_Y pattern not found, z is NOT remapped to [0,1] (depth may be wrong)
13:13:41.603 [diag] Z clip-space remap MISS on minecraft:pipeline/mojang_logo fragment: FLIP_VERTEX_Y pattern not found, z is NOT remapped to [0,1] (depth may be wrong)
13:13:41.635 buffers total=42 | usage=0x82 count=15 req=0.0MB alloc=0.0MB | usage=0x22 count=6 req=0.0MB alloc=0.0MB | usage=0x3 count=2 req=1.5MB alloc=1.5MB | usage=0x88 count=15 req=0.0MB alloc=0.0MB | usage=0x28 count=3 req=0.0MB alloc=0.0MB | usage=0x48 count=1 req=0.0MB alloc=0.0MB | sum count=42 req=1.5MB alloc=1.5MB | poolHit=0 poolMiss=42 poolReturn=0 poolHitRate=0%
13:13:42.675 [diag] Z clip-space remap MISS on minecraft:pipeline/wireframe fragment: FLIP_VERTEX_Y pattern not found, z is NOT remapped to [0,1] (depth may be wrong)
13:13:42.716 [diag] Z clip-space remap MISS on minecraft:pipeline/entity_translucent_emissive fragment: FLIP_VERTEX_Y pattern not found, z is NOT remapped to [0,1] (depth may be wrong)
13:13:42.750 [diag] Z clip-space remap MISS on minecraft:pipeline/tripwire_block fragment: FLIP_VERTEX_Y pattern not found, z is NOT remapped to [0,1] (depth may be wrong)
13:13:42.783 [diag] Z clip-space remap MISS on minecraft:pipeline/armor_cutout_no_cull fragment: FLIP_VERTEX_Y pattern not found, z is NOT remapped to [0,1] (depth may be wrong)
13:13:42.813 [diag] Z clip-space remap MISS on minecraft:pipeline/block_screen_effect fragment: FLIP_VERTEX_Y pattern not found, z is NOT remapped to [0,1] (depth may be wrong)
13:13:42.842 [diag] Z clip-space remap MISS on minecraft:pipeline/gui_opaque_textured_background fragment: FLIP_VERTEX_Y pattern not found, z is NOT remapped to [0,1] (depth may be wrong)
13:13:42.871 [diag] Z clip-space remap MISS on minecraft:pipeline/dragon_explosion_alpha fragment: FLIP_VERTEX_Y pattern not found, z is NOT remapped to [0,1] (depth may be wrong)
13:13:42.901 [diag] Z clip-space remap MISS on minecraft:pipeline/text fragment: FLIP_VERTEX_Y pattern not found, z is NOT remapped to [0,1] (depth may be wrong)
13:13:42.930 [diag] Z clip-space remap MISS on minecraft:pipeline/entity_cutout fragment: FLIP_VERTEX_Y pattern not found, z is NOT remapped to [0,1] (depth may be wrong)
13:13:42.959 [diag] Z clip-space remap MISS on minecraft:pipeline/secondary_block_outline fragment: FLIP_VERTEX_Y pattern not found, z is NOT remapped to [0,1] (depth may be wrong)
13:13:42.986 [diag] Z clip-space remap MISS on minecraft:pipeline/panorama fragment: FLIP_VERTEX_Y pattern not found, z is NOT remapped to [0,1] (depth may be wrong)
13:13:43.015 [diag] Z clip-space remap MISS on minecraft:pipeline/armor_decal_cutout_no_cull fragment: FLIP_VERTEX_Y pattern not found, z is NOT remapped to [0,1] (depth may be wrong)
13:13:43.040 [diag] Z clip-space remap MISS on minecraft:pipeline/vignette fragment: FLIP_VERTEX_Y pattern not found, z is NOT remapped to [0,1] (depth may be wrong)
13:13:43.065 [diag] Z clip-space remap MISS on minecraft:pipeline/water_mask fragment: FLIP_VERTEX_Y pattern not found, z is NOT remapped to [0,1] (depth may be wrong)
13:13:43.093 [diag] Z clip-space remap MISS on minecraft:pipeline/translucent_terrain fragment: FLIP_VERTEX_Y pattern not found, z is NOT remapped to [0,1] (depth may be wrong)
13:13:43.120 [diag] Z clip-space remap MISS on minecraft:pipeline/weather_no_depth_write fragment: FLIP_VERTEX_Y pattern not found, z is NOT remapped to [0,1] (depth may be wrong)
13:13:43.146 [diag] Z clip-space remap MISS on minecraft:pipeline/debug_filled_box fragment: FLIP_VERTEX_Y pattern not found, z is NOT remapped to [0,1] (depth may be wrong)
13:13:43.172 [diag] Z clip-space remap MISS on minecraft:pipeline/armor_translucent fragment: FLIP_VERTEX_Y pattern not found, z is NOT remapped to [0,1] (depth may be wrong)
13:13:43.199 [diag] Z clip-space remap MISS on minecraft:pipeline/beacon_beam_opaque fragment: FLIP_VERTEX_Y pattern not found, z is NOT remapped to [0,1] (depth may be wrong)
13:13:43.226 [diag] Z clip-space remap MISS on minecraft:pipeline/flat_clouds fragment: FLIP_VERTEX_Y pattern not found, z is NOT remapped to [0,1] (depth may be wrong)
13:13:43.252 [diag] Z clip-space remap MISS on minecraft:pipeline/world_border fragment: FLIP_VERTEX_Y pattern not found, z is NOT remapped to [0,1] (depth may be wrong)
13:13:43.279 [diag] Z clip-space remap MISS on minecraft:pipeline/solid_terrain fragment: FLIP_VERTEX_Y pattern not found, z is NOT remapped to [0,1] (depth may be wrong)
13:13:43.305 [diag] Z clip-space remap MISS on minecraft:pipeline/crumbling fragment: FLIP_VERTEX_Y pattern not found, z is NOT remapped to [0,1] (depth may be wrong)
13:13:43.332 [diag] Z clip-space remap MISS on minecraft:pipeline/gui_text_intensity fragment: FLIP_VERTEX_Y pattern not found, z is NOT remapped to [0,1] (depth may be wrong)
13:13:43.358 [diag] Z clip-space remap MISS on minecraft:pipeline/text_background fragment: FLIP_VERTEX_Y pattern not found, z is NOT remapped to [0,1] (depth may be wrong)
13:13:43.384 [diag] Z clip-space remap MISS on minecraft:pipeline/item_entity_translucent_cull fragment: FLIP_VERTEX_Y pattern not found, z is NOT remapped to [0,1] (depth may be wrong)
13:13:43.410 [diag] Z clip-space remap MISS on minecraft:pipeline/outline_cull fragment: FLIP_VERTEX_Y pattern not found, z is NOT remapped to [0,1] (depth may be wrong)
13:13:43.436 [diag] Z clip-space remap MISS on minecraft:pipeline/entity_decal fragment: FLIP_VERTEX_Y pattern not found, z is NOT remapped to [0,1] (depth may be wrong)
13:13:43.462 [diag] Z clip-space remap MISS on minecraft:pipeline/text_intensity fragment: FLIP_VERTEX_Y pattern not found, z is NOT remapped to [0,1] (depth may be wrong)
13:13:43.488 [diag] Z clip-space remap MISS on minecraft:pipeline/dragon_rays fragment: FLIP_VERTEX_Y pattern not found, z is NOT remapped to [0,1] (depth may be wrong)
13:13:43.513 [diag] Z clip-space remap MISS on minecraft:pipeline/celestial fragment: FLIP_VERTEX_Y pattern not found, z is NOT remapped to [0,1] (depth may be wrong)
13:13:43.539 [diag] Z clip-space remap MISS on minecraft:pipeline/lines_translucent fragment: FLIP_VERTEX_Y pattern not found, z is NOT remapped to [0,1] (depth may be wrong)
13:13:43.567 [diag] Z clip-space remap MISS on minecraft:pipeline/entity_no_outline fragment: FLIP_VERTEX_Y pattern not found, z is NOT remapped to [0,1] (depth may be wrong)
13:13:43.592 [diag] Z clip-space remap MISS on minecraft:pipeline/sunrise_sunset fragment: FLIP_VERTEX_Y pattern not found, z is NOT remapped to [0,1] (depth may be wrong)
13:13:43.617 [diag] Z clip-space remap MISS on minecraft:pipeline/beacon_beam_translucent fragment: FLIP_VERTEX_Y pattern not found, z is NOT remapped to [0,1] (depth may be wrong)
13:13:43.643 [diag] Z clip-space remap MISS on minecraft:pipeline/cutout_block fragment: FLIP_VERTEX_Y pattern not found, z is NOT remapped to [0,1] (depth may be wrong)
13:13:43.668 [diag] Z clip-space remap MISS on minecraft:pipeline/debug_quads fragment: FLIP_VERTEX_Y pattern not found, z is NOT remapped to [0,1] (depth may be wrong)
13:13:43.694 [diag] Z clip-space remap MISS on minecraft:pipeline/lightmap fragment: FLIP_VERTEX_Y pattern not found, z is NOT remapped to [0,1] (depth may be wrong)
13:13:43.722 [diag] Z clip-space remap MISS on minecraft:pipeline/entity_smooth_cutout fragment: FLIP_VERTEX_Y pattern not found, z is NOT remapped to [0,1] (depth may be wrong)
13:13:43.748 [diag] Z clip-space remap MISS on minecraft:pipeline/lines fragment: FLIP_VERTEX_Y pattern not found, z is NOT remapped to [0,1] (depth may be wrong)
13:13:43.775 [diag] Z clip-space remap MISS on minecraft:pipeline/entity_solid_offset_forward fragment: FLIP_VERTEX_Y pattern not found, z is NOT remapped to [0,1] (depth may be wrong)
13:13:43.801 [diag] Z clip-space remap MISS on minecraft:pipeline/entity_solid fragment: FLIP_VERTEX_Y pattern not found, z is NOT remapped to [0,1] (depth may be wrong)
13:13:43.827 [diag] Z clip-space remap MISS on minecraft:pipeline/gui_text fragment: FLIP_VERTEX_Y pattern not found, z is NOT remapped to [0,1] (depth may be wrong)
13:13:43.853 [diag] Z clip-space remap MISS on minecraft:pipeline/gui_invert fragment: FLIP_VERTEX_Y pattern not found, z is NOT remapped to [0,1] (depth may be wrong)
13:13:43.877 [diag] Z clip-space remap MISS on minecraft:pipeline/debug_triangle_fan fragment: FLIP_VERTEX_Y pattern not found, z is NOT remapped to [0,1] (depth may be wrong)
13:13:43.904 [diag] Z clip-space remap MISS on minecraft:pipeline/entity_cutout_no_cull_z_offset fragment: FLIP_VERTEX_Y pattern not found, z is NOT remapped to [0,1] (depth may be wrong)
13:13:43.931 [diag] Z clip-space remap MISS on minecraft:pipeline/entity_cutout_no_cull fragment: FLIP_VERTEX_Y pattern not found, z is NOT remapped to [0,1] (depth may be wrong)
13:13:43.957 [diag] Z clip-space remap MISS on minecraft:pipeline/energy_swirl fragment: FLIP_VERTEX_Y pattern not found, z is NOT remapped to [0,1] (depth may be wrong)
13:13:43.984 [diag] Z clip-space remap MISS on minecraft:pipeline/entity_translucent fragment: FLIP_VERTEX_Y pattern not found, z is NOT remapped to [0,1] (depth may be wrong)
13:13:44.009 [diag] Z clip-space remap MISS on minecraft:pipeline/text_polygon_offset fragment: FLIP_VERTEX_Y pattern not found, z is NOT remapped to [0,1] (depth may be wrong)
13:13:44.034 [diag] Z clip-space remap MISS on minecraft:pipeline/text_intensity_see_through fragment: FLIP_VERTEX_Y pattern not found, z is NOT remapped to [0,1] (depth may be wrong)
13:13:44.059 [diag] Z clip-space remap MISS on minecraft:pipeline/opaque_particle fragment: FLIP_VERTEX_Y pattern not found, z is NOT remapped to [0,1] (depth may be wrong)
13:13:44.084 [diag] Z clip-space remap MISS on minecraft:pipeline/text_background_see_through fragment: FLIP_VERTEX_Y pattern not found, z is NOT remapped to [0,1] (depth may be wrong)
13:13:44.110 [diag] Z clip-space remap MISS on minecraft:pipeline/text_see_through fragment: FLIP_VERTEX_Y pattern not found, z is NOT remapped to [0,1] (depth may be wrong)
13:13:44.136 [diag] Z clip-space remap MISS on minecraft:pipeline/clouds fragment: FLIP_VERTEX_Y pattern not found, z is NOT remapped to [0,1] (depth may be wrong)
13:13:44.161 [diag] Z clip-space remap MISS on minecraft:pipeline/animate_sprite_interpolate fragment: FLIP_VERTEX_Y pattern not found, z is NOT remapped to [0,1] (depth may be wrong)
13:13:44.186 [diag] Z clip-space remap MISS on minecraft:pipeline/end_sky fragment: FLIP_VERTEX_Y pattern not found, z is NOT remapped to [0,1] (depth may be wrong)
13:13:44.210 [diag] Z clip-space remap MISS on minecraft:pipeline/gui_textured_premultiplied_alpha fragment: FLIP_VERTEX_Y pattern not found, z is NOT remapped to [0,1] (depth may be wrong)
13:13:44.235 [diag] Z clip-space remap MISS on minecraft:pipeline/stars fragment: FLIP_VERTEX_Y pattern not found, z is NOT remapped to [0,1] (depth may be wrong)
13:13:44.260 [diag] Z clip-space remap MISS on minecraft:pipeline/gui_text_highlight fragment: FLIP_VERTEX_Y pattern not found, z is NOT remapped to [0,1] (depth may be wrong)
13:13:44.285 [diag] Z clip-space remap MISS on minecraft:pipeline/fire_screen_effect fragment: FLIP_VERTEX_Y pattern not found, z is NOT remapped to [0,1] (depth may be wrong)
13:13:44.311 [diag] Z clip-space remap MISS on minecraft:pipeline/animate_sprite_blit fragment: FLIP_VERTEX_Y pattern not found, z is NOT remapped to [0,1] (depth may be wrong)
13:13:44.337 [diag] Z clip-space remap MISS on minecraft:pipeline/end_portal fragment: FLIP_VERTEX_Y pattern not found, z is NOT remapped to [0,1] (depth may be wrong)
13:13:44.363 [diag] Z clip-space remap MISS on minecraft:pipeline/translucent_particle fragment: FLIP_VERTEX_Y pattern not found, z is NOT remapped to [0,1] (depth may be wrong)
13:13:44.388 [diag] Z clip-space remap MISS on minecraft:pipeline/entity_outline_blit fragment: FLIP_VERTEX_Y pattern not found, z is NOT remapped to [0,1] (depth may be wrong)
13:13:44.414 [diag] Z clip-space remap MISS on minecraft:pipeline/solid_block fragment: FLIP_VERTEX_Y pattern not found, z is NOT remapped to [0,1] (depth may be wrong)
13:13:44.441 [diag] Z clip-space remap MISS on minecraft:pipeline/tripwire_terrain fragment: FLIP_VERTEX_Y pattern not found, z is NOT remapped to [0,1] (depth may be wrong)
13:13:44.467 [diag] Z clip-space remap MISS on minecraft:pipeline/glint fragment: FLIP_VERTEX_Y pattern not found, z is NOT remapped to [0,1] (depth may be wrong)
13:13:44.494 [diag] Z clip-space remap MISS on minecraft:pipeline/end_gateway fragment: FLIP_VERTEX_Y pattern not found, z is NOT remapped to [0,1] (depth may be wrong)
13:13:44.520 [diag] Z clip-space remap MISS on minecraft:pipeline/breeze_wind fragment: FLIP_VERTEX_Y pattern not found, z is NOT remapped to [0,1] (depth may be wrong)
13:13:44.545 [diag] Z clip-space remap MISS on minecraft:pipeline/translucent_moving_block fragment: FLIP_VERTEX_Y pattern not found, z is NOT remapped to [0,1] (depth may be wrong)
13:13:44.570 [diag] Z clip-space remap MISS on minecraft:pipeline/gui fragment: FLIP_VERTEX_Y pattern not found, z is NOT remapped to [0,1] (depth may be wrong)
13:13:44.597 [diag] Z clip-space remap MISS on minecraft:pipeline/cutout_terrain fragment: FLIP_VERTEX_Y pattern not found, z is NOT remapped to [0,1] (depth may be wrong)
13:13:44.622 [diag] Z clip-space remap MISS on minecraft:pipeline/crosshair fragment: FLIP_VERTEX_Y pattern not found, z is NOT remapped to [0,1] (depth may be wrong)
13:13:44.647 [diag] Z clip-space remap MISS on minecraft:pipeline/debug_points fragment: FLIP_VERTEX_Y pattern not found, z is NOT remapped to [0,1] (depth may be wrong)
13:13:44.672 [diag] Z clip-space remap MISS on minecraft:pipeline/tracy_blit fragment: FLIP_VERTEX_Y pattern not found, z is NOT remapped to [0,1] (depth may be wrong)
13:13:44.698 [diag] Z clip-space remap MISS on minecraft:pipeline/sky fragment: FLIP_VERTEX_Y pattern not found, z is NOT remapped to [0,1] (depth may be wrong)
13:13:44.723 [diag] Z clip-space remap MISS on minecraft:pipeline/outline_no_cull fragment: FLIP_VERTEX_Y pattern not found, z is NOT remapped to [0,1] (depth may be wrong)
13:13:44.748 [diag] Z clip-space remap MISS on minecraft:pipeline/entity_shadow fragment: FLIP_VERTEX_Y pattern not found, z is NOT remapped to [0,1] (depth may be wrong)
13:13:44.773 [diag] Z clip-space remap MISS on minecraft:pipeline/mojang_logo fragment: FLIP_VERTEX_Y pattern not found, z is NOT remapped to [0,1] (depth may be wrong)
13:13:44.799 [diag] Z clip-space remap MISS on minecraft:pipeline/leash fragment: FLIP_VERTEX_Y pattern not found, z is NOT remapped to [0,1] (depth may be wrong)
13:13:44.824 [diag] Z clip-space remap MISS on minecraft:pipeline/gui_textured fragment: FLIP_VERTEX_Y pattern not found, z is NOT remapped to [0,1] (depth may be wrong)
13:13:44.850 [diag] Z clip-space remap MISS on minecraft:pipeline/lightning fragment: FLIP_VERTEX_Y pattern not found, z is NOT remapped to [0,1] (depth may be wrong)
13:13:44.875 [diag] Z clip-space remap MISS on minecraft:pipeline/gui_nausea_overlay fragment: FLIP_VERTEX_Y pattern not found, z is NOT remapped to [0,1] (depth may be wrong)
13:13:44.901 [diag] Z clip-space remap MISS on minecraft:pipeline/eyes fragment: FLIP_VERTEX_Y pattern not found, z is NOT remapped to [0,1] (depth may be wrong)
13:13:44.926 [diag] Z clip-space remap MISS on minecraft:pipeline/weather_depth_write fragment: FLIP_VERTEX_Y pattern not found, z is NOT remapped to [0,1] (depth may be wrong)
13:13:44.952 [diag] Z clip-space remap MISS on minecraft:pipeline/dragon_rays_depth fragment: FLIP_VERTEX_Y pattern not found, z is NOT remapped to [0,1] (depth may be wrong)
13:13:44.992 createBuffer stack sample #1:
  knot//com.metallum.client.metal.render.MetalDevice.createBuffer(MetalDevice.java:149)
  knot//net.minecraft.class_1059.method_45848(class_1059.java:116)
  knot//net.minecraft.class_11697$class_11699.method_73035(class_11697.java:168)
  knot//net.minecraft.class_11697$class_11700.method_73039(class_11697.java:212)
  java.base/java.util.ArrayList.forEach(Unknown Source)
  knot//net.minecraft.class_11697$class_11700.method_73037(class_11697.java:212)
  knot//net.minecraft.class_11697.method_76671(class_11697.java:146)
  knot//net.minecraft.class_11697.method_73029(class_11697.java:142)
  java.base/java.util.concurrent.CompletableFuture$UniAccept.tryFire(Unknown Source)
  java.base/java.util.concurrent.CompletableFuture$Completion.run(Unknown Source)
  knot//net.minecraft.class_4014.method_67574(class_4014.java:59)
  knot//net.minecraft.class_1255.method_18859(class_1255.java:169)
13:13:45.012 createBuffer stack sample #2:
  knot//com.metallum.client.metal.render.MetalDevice.createBuffer(MetalDevice.java:149)
  knot//net.minecraft.class_1059.method_76314(class_1059.java:173)
  knot//net.minecraft.class_1059.method_45848(class_1059.java:135)
  knot//net.minecraft.class_11697$class_11699.method_73035(class_11697.java:168)
  knot//net.minecraft.class_11697$class_11700.method_73039(class_11697.java:212)
  java.base/java.util.ArrayList.forEach(Unknown Source)
  knot//net.minecraft.class_11697$class_11700.method_73037(class_11697.java:212)
  knot//net.minecraft.class_11697.method_76671(class_11697.java:146)
  knot//net.minecraft.class_11697.method_73029(class_11697.java:142)
  java.base/java.util.concurrent.CompletableFuture$UniAccept.tryFire(Unknown Source)
  java.base/java.util.concurrent.CompletableFuture$Completion.run(Unknown Source)
  knot//net.minecraft.class_4014.method_67574(class_4014.java:59)
13:13:45.016 createBuffer stack sample #3:
  knot//com.metallum.client.metal.render.MetalDevice.createBuffer(MetalDevice.java:149)
  knot//net.minecraft.class_1059.method_76314(class_1059.java:173)
  knot//net.minecraft.class_1059.method_45848(class_1059.java:135)
  knot//net.minecraft.class_11697$class_11699.method_73035(class_11697.java:168)
  knot//net.minecraft.class_11697$class_11700.method_73039(class_11697.java:212)
  java.base/java.util.ArrayList.forEach(Unknown Source)
  knot//net.minecraft.class_11697$class_11700.method_73037(class_11697.java:212)
  knot//net.minecraft.class_11697.method_76671(class_11697.java:146)
  knot//net.minecraft.class_11697.method_73029(class_11697.java:142)
  java.base/java.util.concurrent.CompletableFuture$UniAccept.tryFire(Unknown Source)
  java.base/java.util.concurrent.CompletableFuture$Completion.run(Unknown Source)
  knot//net.minecraft.class_4014.method_67574(class_4014.java:59)
13:13:45.034 createBuffer stack sample #4:
  knot//com.metallum.client.metal.render.MetalDevice.createBuffer(MetalDevice.java:149)
  knot//net.minecraft.class_1059.method_76314(class_1059.java:173)
  knot//net.minecraft.class_1059.method_45848(class_1059.java:135)
  knot//net.minecraft.class_11697$class_11699.method_73035(class_11697.java:168)
  knot//net.minecraft.class_11697$class_11700.method_73039(class_11697.java:212)
  java.base/java.util.ArrayList.forEach(Unknown Source)
  knot//net.minecraft.class_11697$class_11700.method_73037(class_11697.java:212)
  knot//net.minecraft.class_11697.method_76671(class_11697.java:146)
  knot//net.minecraft.class_11697.method_73029(class_11697.java:142)
  java.base/java.util.concurrent.CompletableFuture$UniAccept.tryFire(Unknown Source)
  java.base/java.util.concurrent.CompletableFuture$Completion.run(Unknown Source)
  knot//net.minecraft.class_4014.method_67574(class_4014.java:59)
13:13:45.039 createBuffer stack sample #5:
  knot//com.metallum.client.metal.render.MetalDevice.createBuffer(MetalDevice.java:149)
  knot//net.minecraft.class_1059.method_76314(class_1059.java:173)
  knot//net.minecraft.class_1059.method_45848(class_1059.java:135)
  knot//net.minecraft.class_11697$class_11699.method_73035(class_11697.java:168)
  knot//net.minecraft.class_11697$class_11700.method_73039(class_11697.java:212)
  java.base/java.util.ArrayList.forEach(Unknown Source)
  knot//net.minecraft.class_11697$class_11700.method_73037(class_11697.java:212)
  knot//net.minecraft.class_11697.method_76671(class_11697.java:146)
  knot//net.minecraft.class_11697.method_73029(class_11697.java:142)
  java.base/java.util.concurrent.CompletableFuture$UniAccept.tryFire(Unknown Source)
  java.base/java.util.concurrent.CompletableFuture$Completion.run(Unknown Source)
  knot//net.minecraft.class_4014.method_67574(class_4014.java:59)
13:13:46.644 frame_time fps=51.8 avg=19.29ms max=187.23ms gpuBehind=0
13:13:48.486 [diag] Z clip-space remap MISS on minecraft:blur/0 fragment: FLIP_VERTEX_Y pattern not found, z is NOT remapped to [0,1] (depth may be wrong)
13:13:48.515 [diag] Z clip-space remap MISS on minecraft:blur/1 fragment: FLIP_VERTEX_Y pattern not found, z is NOT remapped to [0,1] (depth may be wrong)
13:13:48.543 [diag] Z clip-space remap MISS on minecraft:blur/2 fragment: FLIP_VERTEX_Y pattern not found, z is NOT remapped to [0,1] (depth may be wrong)
13:13:48.570 [diag] Z clip-space remap MISS on minecraft:blur/3 fragment: FLIP_VERTEX_Y pattern not found, z is NOT remapped to [0,1] (depth may be wrong)
13:13:48.596 [diag] Z clip-space remap MISS on minecraft:blur/4 fragment: FLIP_VERTEX_Y pattern not found, z is NOT remapped to [0,1] (depth may be wrong)
13:13:48.622 [diag] Z clip-space remap MISS on minecraft:blur/5 fragment: FLIP_VERTEX_Y pattern not found, z is NOT remapped to [0,1] (depth may be wrong)
13:13:51.834 [diag] Z clip-space remap MISS on sodium/blocks/block_layer_opaque fragment: FLIP_VERTEX_Y pattern not found, z is NOT remapped to [0,1] (depth may be wrong)
13:13:51.869 [diag] Z clip-space remap MISS on sodium/blocks/block_layer_opaque fragment: FLIP_VERTEX_Y pattern not found, z is NOT remapped to [0,1] (depth may be wrong)
13:13:51.904 [diag] Z clip-space remap MISS on sodium/blocks/block_layer_opaque fragment: FLIP_VERTEX_Y pattern not found, z is NOT remapped to [0,1] (depth may be wrong)
13:13:51.922 frame_time fps=51.1 avg=19.57ms max=311.45ms gpuBehind=0
13:13:52.163 [diag] sodium regionUniform regionOffset=(-134.24,-44.78,-80.56) currentTime=176 fadePeriodInv=0.001333
13:13:52.164 [diag] sodium encoder rebuilds(last5s)=1
13:13:52.166 [diag] sodium draws(last5s)=1 batchSize=1 firstDraw=e=330 bv=193188 io=0
13:13:56.940 frame_time fps=48.3 avg=20.72ms max=163.31ms gpuBehind=0
13:13:57.166 [diag] sodium regionUniform regionOffset=(-262.24,-108.79,47.44) currentTime=4135 fadePeriodInv=0.001333
13:13:57.167 [diag] sodium draws(last5s)=1 batchSize=1 firstDraw=e=6 bv=192076 io=386256
13:13:57.178 [diag] sodium encoder rebuilds(last5s)=529
13:14:01.947 frame_time fps=39.6 avg=25.28ms max=298.25ms gpuBehind=0
13:14:02.185 [diag] sodium regionUniform regionOffset=(-134.24,-44.79,-80.56) currentTime=10197 fadePeriodInv=0.001333
13:14:02.187 [diag] sodium draws(last5s)=25 batchSize=25 firstDraw=e=24 bv=646600 io=0
13:14:02.189 [diag] sodium encoder rebuilds(last5s)=667
13:14:06.959 frame_time fps=49.6 avg=20.14ms max=178.72ms gpuBehind=0
13:14:11.974 frame_time fps=60.0 avg=16.67ms max=18.07ms gpuBehind=0
13:14:16.991 frame_time fps=60.0 avg=16.66ms max=18.16ms gpuBehind=0
13:14:22.007 frame_time fps=60.0 avg=16.67ms max=16.79ms gpuBehind=0
13:14:27.023 frame_time fps=60.0 avg=16.67ms max=17.04ms gpuBehind=0
13:14:32.039 frame_time fps=60.0 avg=16.67ms max=16.90ms gpuBehind=0
==== Metallum diag start ====
13:56:38.333 [diag] Z clip-space remap MISS on minecraft:pipeline/gui fragment: FLIP_VERTEX_Y pattern not found, z is NOT remapped to [0,1] (depth may be wrong)
13:56:38.361 [diag] Z clip-space remap MISS on minecraft:pipeline/gui_textured fragment: FLIP_VERTEX_Y pattern not found, z is NOT remapped to [0,1] (depth may be wrong)
13:56:38.535 [diag] Z clip-space remap MISS on minecraft:pipeline/mojang_logo fragment: FLIP_VERTEX_Y pattern not found, z is NOT remapped to [0,1] (depth may be wrong)
13:56:38.562 buffers total=42 | usage=0x82 count=15 req=0.0MB alloc=0.0MB | usage=0x22 count=6 req=0.0MB alloc=0.0MB | usage=0x3 count=2 req=1.5MB alloc=1.5MB | usage=0x88 count=15 req=0.0MB alloc=0.0MB | usage=0x28 count=3 req=0.0MB alloc=0.0MB | usage=0x48 count=1 req=0.0MB alloc=0.0MB | sum count=42 req=1.5MB alloc=1.5MB | poolHit=0 poolMiss=42 poolReturn=0 poolHitRate=0%
13:56:39.315 [diag] Z clip-space remap MISS on minecraft:pipeline/entity_no_outline fragment: FLIP_VERTEX_Y pattern not found, z is NOT remapped to [0,1] (depth may be wrong)
13:56:39.344 [diag] Z clip-space remap MISS on minecraft:pipeline/text_polygon_offset fragment: FLIP_VERTEX_Y pattern not found, z is NOT remapped to [0,1] (depth may be wrong)
13:56:39.373 [diag] Z clip-space remap MISS on minecraft:pipeline/translucent_terrain fragment: FLIP_VERTEX_Y pattern not found, z is NOT remapped to [0,1] (depth may be wrong)
13:56:39.399 [diag] Z clip-space remap MISS on minecraft:pipeline/leash fragment: FLIP_VERTEX_Y pattern not found, z is NOT remapped to [0,1] (depth may be wrong)
13:56:39.425 [diag] Z clip-space remap MISS on minecraft:pipeline/text_background fragment: FLIP_VERTEX_Y pattern not found, z is NOT remapped to [0,1] (depth may be wrong)
13:56:39.450 [diag] Z clip-space remap MISS on minecraft:pipeline/water_mask fragment: FLIP_VERTEX_Y pattern not found, z is NOT remapped to [0,1] (depth may be wrong)
13:56:39.476 [diag] Z clip-space remap MISS on minecraft:pipeline/entity_translucent_emissive fragment: FLIP_VERTEX_Y pattern not found, z is NOT remapped to [0,1] (depth may be wrong)
13:56:39.502 [diag] Z clip-space remap MISS on minecraft:pipeline/cutout_block fragment: FLIP_VERTEX_Y pattern not found, z is NOT remapped to [0,1] (depth may be wrong)
13:56:39.528 [diag] Z clip-space remap MISS on minecraft:pipeline/eyes fragment: FLIP_VERTEX_Y pattern not found, z is NOT remapped to [0,1] (depth may be wrong)
13:56:39.553 [diag] Z clip-space remap MISS on minecraft:pipeline/sunrise_sunset fragment: FLIP_VERTEX_Y pattern not found, z is NOT remapped to [0,1] (depth may be wrong)
13:56:39.578 [diag] Z clip-space remap MISS on minecraft:pipeline/text_intensity_see_through fragment: FLIP_VERTEX_Y pattern not found, z is NOT remapped to [0,1] (depth may be wrong)
13:56:39.602 [diag] Z clip-space remap MISS on minecraft:pipeline/debug_points fragment: FLIP_VERTEX_Y pattern not found, z is NOT remapped to [0,1] (depth may be wrong)
13:56:39.628 [diag] Z clip-space remap MISS on minecraft:pipeline/secondary_block_outline fragment: FLIP_VERTEX_Y pattern not found, z is NOT remapped to [0,1] (depth may be wrong)
13:56:39.653 [diag] Z clip-space remap MISS on minecraft:pipeline/stars fragment: FLIP_VERTEX_Y pattern not found, z is NOT remapped to [0,1] (depth may be wrong)
13:56:39.678 [diag] Z clip-space remap MISS on minecraft:pipeline/lightmap fragment: FLIP_VERTEX_Y pattern not found, z is NOT remapped to [0,1] (depth may be wrong)
13:56:39.704 [diag] Z clip-space remap MISS on minecraft:pipeline/translucent_particle fragment: FLIP_VERTEX_Y pattern not found, z is NOT remapped to [0,1] (depth may be wrong)
13:56:39.731 [diag] Z clip-space remap MISS on minecraft:pipeline/entity_cutout_no_cull_z_offset fragment: FLIP_VERTEX_Y pattern not found, z is NOT remapped to [0,1] (depth may be wrong)
13:56:39.757 [diag] Z clip-space remap MISS on minecraft:pipeline/entity_solid fragment: FLIP_VERTEX_Y pattern not found, z is NOT remapped to [0,1] (depth may be wrong)
13:56:39.783 [diag] Z clip-space remap MISS on minecraft:pipeline/armor_decal_cutout_no_cull fragment: FLIP_VERTEX_Y pattern not found, z is NOT remapped to [0,1] (depth may be wrong)
13:56:39.809 [diag] Z clip-space remap MISS on minecraft:pipeline/item_entity_translucent_cull fragment: FLIP_VERTEX_Y pattern not found, z is NOT remapped to [0,1] (depth may be wrong)
13:56:39.835 [diag] Z clip-space remap MISS on minecraft:pipeline/entity_translucent fragment: FLIP_VERTEX_Y pattern not found, z is NOT remapped to [0,1] (depth may be wrong)
13:56:39.860 [diag] Z clip-space remap MISS on minecraft:pipeline/mojang_logo fragment: FLIP_VERTEX_Y pattern not found, z is NOT remapped to [0,1] (depth may be wrong)
13:56:39.886 [diag] Z clip-space remap MISS on minecraft:pipeline/armor_translucent fragment: FLIP_VERTEX_Y pattern not found, z is NOT remapped to [0,1] (depth may be wrong)
13:56:39.911 [diag] Z clip-space remap MISS on minecraft:pipeline/dragon_rays_depth fragment: FLIP_VERTEX_Y pattern not found, z is NOT remapped to [0,1] (depth may be wrong)
13:56:39.937 [diag] Z clip-space remap MISS on minecraft:pipeline/gui_text fragment: FLIP_VERTEX_Y pattern not found, z is NOT remapped to [0,1] (depth may be wrong)
13:56:39.962 [diag] Z clip-space remap MISS on minecraft:pipeline/flat_clouds fragment: FLIP_VERTEX_Y pattern not found, z is NOT remapped to [0,1] (depth may be wrong)
13:56:39.987 [diag] Z clip-space remap MISS on minecraft:pipeline/entity_outline_blit fragment: FLIP_VERTEX_Y pattern not found, z is NOT remapped to [0,1] (depth may be wrong)
13:56:40.012 [diag] Z clip-space remap MISS on minecraft:pipeline/end_sky fragment: FLIP_VERTEX_Y pattern not found, z is NOT remapped to [0,1] (depth may be wrong)
13:56:40.038 [diag] Z clip-space remap MISS on minecraft:pipeline/sky fragment: FLIP_VERTEX_Y pattern not found, z is NOT remapped to [0,1] (depth may be wrong)
13:56:40.063 [diag] Z clip-space remap MISS on minecraft:pipeline/celestial fragment: FLIP_VERTEX_Y pattern not found, z is NOT remapped to [0,1] (depth may be wrong)
13:56:40.087 [diag] Z clip-space remap MISS on minecraft:pipeline/outline_cull fragment: FLIP_VERTEX_Y pattern not found, z is NOT remapped to [0,1] (depth may be wrong)
13:56:40.111 [diag] Z clip-space remap MISS on minecraft:pipeline/gui_invert fragment: FLIP_VERTEX_Y pattern not found, z is NOT remapped to [0,1] (depth may be wrong)
13:56:40.137 [diag] Z clip-space remap MISS on minecraft:pipeline/crumbling fragment: FLIP_VERTEX_Y pattern not found, z is NOT remapped to [0,1] (depth may be wrong)
13:56:40.161 [diag] Z clip-space remap MISS on minecraft:pipeline/dragon_explosion_alpha fragment: FLIP_VERTEX_Y pattern not found, z is NOT remapped to [0,1] (depth may be wrong)
13:56:40.187 [diag] Z clip-space remap MISS on minecraft:pipeline/text_intensity fragment: FLIP_VERTEX_Y pattern not found, z is NOT remapped to [0,1] (depth may be wrong)
13:56:40.212 [diag] Z clip-space remap MISS on minecraft:pipeline/text_background_see_through fragment: FLIP_VERTEX_Y pattern not found, z is NOT remapped to [0,1] (depth may be wrong)
13:56:40.238 [diag] Z clip-space remap MISS on minecraft:pipeline/lines fragment: FLIP_VERTEX_Y pattern not found, z is NOT remapped to [0,1] (depth may be wrong)
13:56:40.262 [diag] Z clip-space remap MISS on minecraft:pipeline/crosshair fragment: FLIP_VERTEX_Y pattern not found, z is NOT remapped to [0,1] (depth may be wrong)
13:56:40.288 [diag] Z clip-space remap MISS on minecraft:pipeline/solid_terrain fragment: FLIP_VERTEX_Y pattern not found, z is NOT remapped to [0,1] (depth may be wrong)
13:56:40.313 [diag] Z clip-space remap MISS on minecraft:pipeline/gui_text_highlight fragment: FLIP_VERTEX_Y pattern not found, z is NOT remapped to [0,1] (depth may be wrong)
13:56:40.340 [diag] Z clip-space remap MISS on minecraft:pipeline/gui_opaque_textured_background fragment: FLIP_VERTEX_Y pattern not found, z is NOT remapped to [0,1] (depth may be wrong)
13:56:40.365 [diag] Z clip-space remap MISS on minecraft:pipeline/lightning fragment: FLIP_VERTEX_Y pattern not found, z is NOT remapped to [0,1] (depth may be wrong)
13:56:40.390 [diag] Z clip-space remap MISS on minecraft:pipeline/debug_quads fragment: FLIP_VERTEX_Y pattern not found, z is NOT remapped to [0,1] (depth may be wrong)
13:56:40.415 [diag] Z clip-space remap MISS on minecraft:pipeline/gui_nausea_overlay fragment: FLIP_VERTEX_Y pattern not found, z is NOT remapped to [0,1] (depth may be wrong)
13:56:40.441 [diag] Z clip-space remap MISS on minecraft:pipeline/cutout_terrain fragment: FLIP_VERTEX_Y pattern not found, z is NOT remapped to [0,1] (depth may be wrong)
13:56:40.466 [diag] Z clip-space remap MISS on minecraft:pipeline/fire_screen_effect fragment: FLIP_VERTEX_Y pattern not found, z is NOT remapped to [0,1] (depth may be wrong)
13:56:40.491 [diag] Z clip-space remap MISS on minecraft:pipeline/weather_depth_write fragment: FLIP_VERTEX_Y pattern not found, z is NOT remapped to [0,1] (depth may be wrong)
13:56:40.517 [diag] Z clip-space remap MISS on minecraft:pipeline/entity_cutout_no_cull fragment: FLIP_VERTEX_Y pattern not found, z is NOT remapped to [0,1] (depth may be wrong)
13:56:40.543 [diag] Z clip-space remap MISS on minecraft:pipeline/armor_cutout_no_cull fragment: FLIP_VERTEX_Y pattern not found, z is NOT remapped to [0,1] (depth may be wrong)
13:56:40.568 [diag] Z clip-space remap MISS on minecraft:pipeline/breeze_wind fragment: FLIP_VERTEX_Y pattern not found, z is NOT remapped to [0,1] (depth may be wrong)
13:56:40.593 [diag] Z clip-space remap MISS on minecraft:pipeline/text_see_through fragment: FLIP_VERTEX_Y pattern not found, z is NOT remapped to [0,1] (depth may be wrong)
13:56:40.618 [diag] Z clip-space remap MISS on minecraft:pipeline/debug_filled_box fragment: FLIP_VERTEX_Y pattern not found, z is NOT remapped to [0,1] (depth may be wrong)
13:56:40.643 [diag] Z clip-space remap MISS on minecraft:pipeline/block_screen_effect fragment: FLIP_VERTEX_Y pattern not found, z is NOT remapped to [0,1] (depth may be wrong)
13:56:40.668 [diag] Z clip-space remap MISS on minecraft:pipeline/dragon_rays fragment: FLIP_VERTEX_Y pattern not found, z is NOT remapped to [0,1] (depth may be wrong)
13:56:40.693 [diag] Z clip-space remap MISS on minecraft:pipeline/animate_sprite_blit fragment: FLIP_VERTEX_Y pattern not found, z is NOT remapped to [0,1] (depth may be wrong)
13:56:40.718 [diag] Z clip-space remap MISS on minecraft:pipeline/vignette fragment: FLIP_VERTEX_Y pattern not found, z is NOT remapped to [0,1] (depth may be wrong)
13:56:40.743 [diag] Z clip-space remap MISS on minecraft:pipeline/opaque_particle fragment: FLIP_VERTEX_Y pattern not found, z is NOT remapped to [0,1] (depth may be wrong)
13:56:40.768 [diag] Z clip-space remap MISS on minecraft:pipeline/world_border fragment: FLIP_VERTEX_Y pattern not found, z is NOT remapped to [0,1] (depth may be wrong)
13:56:40.793 [diag] Z clip-space remap MISS on minecraft:pipeline/translucent_moving_block fragment: FLIP_VERTEX_Y pattern not found, z is NOT remapped to [0,1] (depth may be wrong)
13:56:40.820 [diag] Z clip-space remap MISS on minecraft:pipeline/wireframe fragment: FLIP_VERTEX_Y pattern not found, z is NOT remapped to [0,1] (depth may be wrong)
13:56:40.846 [diag] Z clip-space remap MISS on minecraft:pipeline/entity_shadow fragment: FLIP_VERTEX_Y pattern not found, z is NOT remapped to [0,1] (depth may be wrong)
13:56:40.871 [diag] Z clip-space remap MISS on minecraft:pipeline/text fragment: FLIP_VERTEX_Y pattern not found, z is NOT remapped to [0,1] (depth may be wrong)
13:56:40.896 [diag] Z clip-space remap MISS on minecraft:pipeline/gui_text_intensity fragment: FLIP_VERTEX_Y pattern not found, z is NOT remapped to [0,1] (depth may be wrong)
13:56:40.922 [diag] Z clip-space remap MISS on minecraft:pipeline/entity_decal fragment: FLIP_VERTEX_Y pattern not found, z is NOT remapped to [0,1] (depth may be wrong)
13:56:40.948 [diag] Z clip-space remap MISS on minecraft:pipeline/entity_smooth_cutout fragment: FLIP_VERTEX_Y pattern not found, z is NOT remapped to [0,1] (depth may be wrong)
13:56:40.973 [diag] Z clip-space remap MISS on minecraft:pipeline/tripwire_block fragment: FLIP_VERTEX_Y pattern not found, z is NOT remapped to [0,1] (depth may be wrong)
13:56:40.998 [diag] Z clip-space remap MISS on minecraft:pipeline/panorama fragment: FLIP_VERTEX_Y pattern not found, z is NOT remapped to [0,1] (depth may be wrong)
13:56:41.023 [diag] Z clip-space remap MISS on minecraft:pipeline/weather_no_depth_write fragment: FLIP_VERTEX_Y pattern not found, z is NOT remapped to [0,1] (depth may be wrong)
13:56:41.049 [diag] Z clip-space remap MISS on minecraft:pipeline/solid_block fragment: FLIP_VERTEX_Y pattern not found, z is NOT remapped to [0,1] (depth may be wrong)
13:56:41.076 [diag] Z clip-space remap MISS on minecraft:pipeline/tripwire_terrain fragment: FLIP_VERTEX_Y pattern not found, z is NOT remapped to [0,1] (depth may be wrong)
13:56:41.100 [diag] Z clip-space remap MISS on minecraft:pipeline/gui_textured_premultiplied_alpha fragment: FLIP_VERTEX_Y pattern not found, z is NOT remapped to [0,1] (depth may be wrong)
13:56:41.126 [diag] Z clip-space remap MISS on minecraft:pipeline/end_portal fragment: FLIP_VERTEX_Y pattern not found, z is NOT remapped to [0,1] (depth may be wrong)
13:56:41.151 [diag] Z clip-space remap MISS on minecraft:pipeline/gui fragment: FLIP_VERTEX_Y pattern not found, z is NOT remapped to [0,1] (depth may be wrong)
13:56:41.176 [diag] Z clip-space remap MISS on minecraft:pipeline/beacon_beam_opaque fragment: FLIP_VERTEX_Y pattern not found, z is NOT remapped to [0,1] (depth may be wrong)
13:56:41.202 [diag] Z clip-space remap MISS on minecraft:pipeline/clouds fragment: FLIP_VERTEX_Y pattern not found, z is NOT remapped to [0,1] (depth may be wrong)
13:56:41.227 [diag] Z clip-space remap MISS on minecraft:pipeline/glint fragment: FLIP_VERTEX_Y pattern not found, z is NOT remapped to [0,1] (depth may be wrong)
13:56:41.253 [diag] Z clip-space remap MISS on minecraft:pipeline/animate_sprite_interpolate fragment: FLIP_VERTEX_Y pattern not found, z is NOT remapped to [0,1] (depth may be wrong)
13:56:41.278 [diag] Z clip-space remap MISS on minecraft:pipeline/entity_cutout fragment: FLIP_VERTEX_Y pattern not found, z is NOT remapped to [0,1] (depth may be wrong)
13:56:41.304 [diag] Z clip-space remap MISS on minecraft:pipeline/beacon_beam_translucent fragment: FLIP_VERTEX_Y pattern not found, z is NOT remapped to [0,1] (depth may be wrong)
13:56:41.329 [diag] Z clip-space remap MISS on minecraft:pipeline/lines_translucent fragment: FLIP_VERTEX_Y pattern not found, z is NOT remapped to [0,1] (depth may be wrong)
13:56:41.355 [diag] Z clip-space remap MISS on minecraft:pipeline/energy_swirl fragment: FLIP_VERTEX_Y pattern not found, z is NOT remapped to [0,1] (depth may be wrong)
13:56:41.380 [diag] Z clip-space remap MISS on minecraft:pipeline/gui_textured fragment: FLIP_VERTEX_Y pattern not found, z is NOT remapped to [0,1] (depth may be wrong)
13:56:41.404 [diag] Z clip-space remap MISS on minecraft:pipeline/outline_no_cull fragment: FLIP_VERTEX_Y pattern not found, z is NOT remapped to [0,1] (depth may be wrong)
13:56:41.430 [diag] Z clip-space remap MISS on minecraft:pipeline/end_gateway fragment: FLIP_VERTEX_Y pattern not found, z is NOT remapped to [0,1] (depth may be wrong)
13:56:41.455 [diag] Z clip-space remap MISS on minecraft:pipeline/tracy_blit fragment: FLIP_VERTEX_Y pattern not found, z is NOT remapped to [0,1] (depth may be wrong)
13:56:41.481 [diag] Z clip-space remap MISS on minecraft:pipeline/entity_solid_offset_forward fragment: FLIP_VERTEX_Y pattern not found, z is NOT remapped to [0,1] (depth may be wrong)
13:56:41.505 [diag] Z clip-space remap MISS on minecraft:pipeline/debug_triangle_fan fragment: FLIP_VERTEX_Y pattern not found, z is NOT remapped to [0,1] (depth may be wrong)
13:56:41.543 createBuffer stack sample #1:
  knot//com.metallum.client.metal.render.MetalDevice.createBuffer(MetalDevice.java:149)
  knot//net.minecraft.class_1059.method_45848(class_1059.java:116)
  knot//net.minecraft.class_11697$class_11699.method_73035(class_11697.java:168)
  knot//net.minecraft.class_11697$class_11700.method_73039(class_11697.java:212)
  java.base/java.util.ArrayList.forEach(Unknown Source)
  knot//net.minecraft.class_11697$class_11700.method_73037(class_11697.java:212)
  knot//net.minecraft.class_11697.method_76671(class_11697.java:146)
  knot//net.minecraft.class_11697.method_73029(class_11697.java:142)
  java.base/java.util.concurrent.CompletableFuture$UniAccept.tryFire(Unknown Source)
  java.base/java.util.concurrent.CompletableFuture$Completion.run(Unknown Source)
  knot//net.minecraft.class_4014.method_67574(class_4014.java:59)
  knot//net.minecraft.class_1255.method_18859(class_1255.java:169)
13:56:41.557 createBuffer stack sample #2:
  knot//com.metallum.client.metal.render.MetalDevice.createBuffer(MetalDevice.java:149)
  knot//net.minecraft.class_1059.method_76314(class_1059.java:173)
  knot//net.minecraft.class_1059.method_45848(class_1059.java:135)
  knot//net.minecraft.class_11697$class_11699.method_73035(class_11697.java:168)
  knot//net.minecraft.class_11697$class_11700.method_73039(class_11697.java:212)
  java.base/java.util.ArrayList.forEach(Unknown Source)
  knot//net.minecraft.class_11697$class_11700.method_73037(class_11697.java:212)
  knot//net.minecraft.class_11697.method_76671(class_11697.java:146)
  knot//net.minecraft.class_11697.method_73029(class_11697.java:142)
  java.base/java.util.concurrent.CompletableFuture$UniAccept.tryFire(Unknown Source)
  java.base/java.util.concurrent.CompletableFuture$Completion.run(Unknown Source)
  knot//net.minecraft.class_4014.method_67574(class_4014.java:59)
13:56:41.561 createBuffer stack sample #3:
  knot//com.metallum.client.metal.render.MetalDevice.createBuffer(MetalDevice.java:149)
  knot//net.minecraft.class_1059.method_76314(class_1059.java:173)
  knot//net.minecraft.class_1059.method_45848(class_1059.java:135)
  knot//net.minecraft.class_11697$class_11699.method_73035(class_11697.java:168)
  knot//net.minecraft.class_11697$class_11700.method_73039(class_11697.java:212)
  java.base/java.util.ArrayList.forEach(Unknown Source)
  knot//net.minecraft.class_11697$class_11700.method_73037(class_11697.java:212)
  knot//net.minecraft.class_11697.method_76671(class_11697.java:146)
  knot//net.minecraft.class_11697.method_73029(class_11697.java:142)
  java.base/java.util.concurrent.CompletableFuture$UniAccept.tryFire(Unknown Source)
  java.base/java.util.concurrent.CompletableFuture$Completion.run(Unknown Source)
  knot//net.minecraft.class_4014.method_67574(class_4014.java:59)
13:56:41.578 createBuffer stack sample #4:
  knot//com.metallum.client.metal.render.MetalDevice.createBuffer(MetalDevice.java:149)
  knot//net.minecraft.class_1059.method_76314(class_1059.java:173)
  knot//net.minecraft.class_1059.method_45848(class_1059.java:135)
  knot//net.minecraft.class_11697$class_11699.method_73035(class_11697.java:168)
  knot//net.minecraft.class_11697$class_11700.method_73039(class_11697.java:212)
  java.base/java.util.ArrayList.forEach(Unknown Source)
  knot//net.minecraft.class_11697$class_11700.method_73037(class_11697.java:212)
  knot//net.minecraft.class_11697.method_76671(class_11697.java:146)
  knot//net.minecraft.class_11697.method_73029(class_11697.java:142)
  java.base/java.util.concurrent.CompletableFuture$UniAccept.tryFire(Unknown Source)
  java.base/java.util.concurrent.CompletableFuture$Completion.run(Unknown Source)
  knot//net.minecraft.class_4014.method_67574(class_4014.java:59)
13:56:41.583 createBuffer stack sample #5:
  knot//com.metallum.client.metal.render.MetalDevice.createBuffer(MetalDevice.java:149)
  knot//net.minecraft.class_1059.method_76314(class_1059.java:173)
  knot//net.minecraft.class_1059.method_45848(class_1059.java:135)
  knot//net.minecraft.class_11697$class_11699.method_73035(class_11697.java:168)
  knot//net.minecraft.class_11697$class_11700.method_73039(class_11697.java:212)
  java.base/java.util.ArrayList.forEach(Unknown Source)
  knot//net.minecraft.class_11697$class_11700.method_73037(class_11697.java:212)
  knot//net.minecraft.class_11697.method_76671(class_11697.java:146)
  knot//net.minecraft.class_11697.method_73029(class_11697.java:142)
  java.base/java.util.concurrent.CompletableFuture$UniAccept.tryFire(Unknown Source)
  java.base/java.util.concurrent.CompletableFuture$Completion.run(Unknown Source)
  knot//net.minecraft.class_4014.method_67574(class_4014.java:59)
13:56:43.566 frame_time fps=53.9 avg=18.56ms max=210.43ms gpuBehind=0
13:56:45.179 [diag] Z clip-space remap MISS on minecraft:blur/0 fragment: FLIP_VERTEX_Y pattern not found, z is NOT remapped to [0,1] (depth may be wrong)
13:56:45.206 [diag] Z clip-space remap MISS on minecraft:blur/1 fragment: FLIP_VERTEX_Y pattern not found, z is NOT remapped to [0,1] (depth may be wrong)
13:56:45.234 [diag] Z clip-space remap MISS on minecraft:blur/2 fragment: FLIP_VERTEX_Y pattern not found, z is NOT remapped to [0,1] (depth may be wrong)
13:56:45.260 [diag] Z clip-space remap MISS on minecraft:blur/3 fragment: FLIP_VERTEX_Y pattern not found, z is NOT remapped to [0,1] (depth may be wrong)
13:56:45.287 [diag] Z clip-space remap MISS on minecraft:blur/4 fragment: FLIP_VERTEX_Y pattern not found, z is NOT remapped to [0,1] (depth may be wrong)
13:56:45.312 [diag] Z clip-space remap MISS on minecraft:blur/5 fragment: FLIP_VERTEX_Y pattern not found, z is NOT remapped to [0,1] (depth may be wrong)
13:56:48.447 [diag] Z clip-space remap MISS on sodium/blocks/block_layer_opaque fragment: FLIP_VERTEX_Y pattern not found, z is NOT remapped to [0,1] (depth may be wrong)
13:56:48.643 [diag] Z clip-space remap MISS on sodium/blocks/block_layer_opaque fragment: FLIP_VERTEX_Y pattern not found, z is NOT remapped to [0,1] (depth may be wrong)
13:56:48.682 [diag] Z clip-space remap MISS on sodium/blocks/block_layer_opaque fragment: FLIP_VERTEX_Y pattern not found, z is NOT remapped to [0,1] (depth may be wrong)
13:56:48.704 frame_time fps=48.0 avg=20.85ms max=487.78ms gpuBehind=0
13:56:48.912 [diag] sodium regionUniform regionOffset=(-6.24,-108.78,-80.56) currentTime=516 fadePeriodInv=0.001333
13:56:48.913 [diag] sodium encoder rebuilds(last5s)=1
13:56:48.962 [diag] sodium draws(last5s)=2 batchSize=2 firstDraw=e=1086 bv=192740 io=0
13:56:53.719 frame_time fps=44.5 avg=22.48ms max=145.77ms gpuBehind=0
13:56:53.924 [diag] sodium regionUniform regionOffset=(-6.24,-44.79,-80.56) currentTime=5527 fadePeriodInv=0.001333
13:56:53.925 [diag] sodium encoder rebuilds(last5s)=731
13:56:54.018 [diag] sodium draws(last5s)=17 batchSize=17 firstDraw=e=282 bv=465404 io=0
13:56:58.733 frame_time fps=50.1 avg=19.98ms max=99.11ms gpuBehind=0
13:56:58.933 [diag] sodium regionUniform regionOffset=(-6.24,-44.79,-80.56) currentTime=10537 fadePeriodInv=0.001333
13:56:59.033 [diag] sodium draws(last5s)=5 batchSize=5 firstDraw=e=282 bv=465404 io=0
13:56:59.067 [diag] sodium encoder rebuilds(last5s)=1178
13:57:03.748 frame_time fps=60.0 avg=16.67ms max=17.78ms gpuBehind=0
13:57:03.948 [diag] sodium regionUniform regionOffset=(-134.24,-44.79,-80.56) currentTime=15143 fadePeriodInv=0.001333
13:57:04.049 [diag] sodium draws(last5s)=20 batchSize=20 firstDraw=e=24 bv=361120 io=0
==== Metallum diag start ====
14:06:05.134 [diag] Z clip-space remap MISS on minecraft:pipeline/gui fragment: FLIP_VERTEX_Y pattern not found, z is NOT remapped to [0,1] (depth may be wrong)
14:06:05.163 [diag] Z clip-space remap MISS on minecraft:pipeline/gui_textured fragment: FLIP_VERTEX_Y pattern not found, z is NOT remapped to [0,1] (depth may be wrong)
14:06:05.332 [diag] Z clip-space remap MISS on minecraft:pipeline/mojang_logo fragment: FLIP_VERTEX_Y pattern not found, z is NOT remapped to [0,1] (depth may be wrong)
14:06:05.339 buffers total=42 | usage=0x82 count=15 req=0.0MB alloc=0.0MB | usage=0x22 count=6 req=0.0MB alloc=0.0MB | usage=0x3 count=2 req=1.5MB alloc=1.5MB | usage=0x88 count=15 req=0.0MB alloc=0.0MB | usage=0x28 count=3 req=0.0MB alloc=0.0MB | usage=0x48 count=1 req=0.0MB alloc=0.0MB | sum count=42 req=1.5MB alloc=1.5MB | poolHit=0 poolMiss=42 poolReturn=0 poolHitRate=0%
14:06:06.126 [diag] Z clip-space remap MISS on minecraft:pipeline/block_screen_effect fragment: FLIP_VERTEX_Y pattern not found, z is NOT remapped to [0,1] (depth may be wrong)
14:06:06.154 [diag] Z clip-space remap MISS on minecraft:pipeline/gui_opaque_textured_background fragment: FLIP_VERTEX_Y pattern not found, z is NOT remapped to [0,1] (depth may be wrong)
14:06:06.181 [diag] Z clip-space remap MISS on minecraft:pipeline/debug_points fragment: FLIP_VERTEX_Y pattern not found, z is NOT remapped to [0,1] (depth may be wrong)
14:06:06.210 [diag] Z clip-space remap MISS on minecraft:pipeline/armor_cutout_no_cull fragment: FLIP_VERTEX_Y pattern not found, z is NOT remapped to [0,1] (depth may be wrong)
14:06:06.237 [diag] Z clip-space remap MISS on minecraft:pipeline/opaque_particle fragment: FLIP_VERTEX_Y pattern not found, z is NOT remapped to [0,1] (depth may be wrong)
14:06:06.263 [diag] Z clip-space remap MISS on minecraft:pipeline/debug_quads fragment: FLIP_VERTEX_Y pattern not found, z is NOT remapped to [0,1] (depth may be wrong)
14:06:06.289 [diag] Z clip-space remap MISS on minecraft:pipeline/entity_solid_offset_forward fragment: FLIP_VERTEX_Y pattern not found, z is NOT remapped to [0,1] (depth may be wrong)
14:06:06.316 [diag] Z clip-space remap MISS on minecraft:pipeline/flat_clouds fragment: FLIP_VERTEX_Y pattern not found, z is NOT remapped to [0,1] (depth may be wrong)
14:06:06.342 [diag] Z clip-space remap MISS on minecraft:pipeline/gui_text_intensity fragment: FLIP_VERTEX_Y pattern not found, z is NOT remapped to [0,1] (depth may be wrong)
14:06:06.369 [diag] Z clip-space remap MISS on minecraft:pipeline/entity_cutout_no_cull_z_offset fragment: FLIP_VERTEX_Y pattern not found, z is NOT remapped to [0,1] (depth may be wrong)
14:06:06.394 [diag] Z clip-space remap MISS on minecraft:pipeline/dragon_explosion_alpha fragment: FLIP_VERTEX_Y pattern not found, z is NOT remapped to [0,1] (depth may be wrong)
14:06:06.420 [diag] Z clip-space remap MISS on minecraft:pipeline/fire_screen_effect fragment: FLIP_VERTEX_Y pattern not found, z is NOT remapped to [0,1] (depth may be wrong)
14:06:06.446 [diag] Z clip-space remap MISS on minecraft:pipeline/dragon_rays fragment: FLIP_VERTEX_Y pattern not found, z is NOT remapped to [0,1] (depth may be wrong)
14:06:06.471 [diag] Z clip-space remap MISS on minecraft:pipeline/water_mask fragment: FLIP_VERTEX_Y pattern not found, z is NOT remapped to [0,1] (depth may be wrong)
14:06:06.497 [diag] Z clip-space remap MISS on minecraft:pipeline/entity_no_outline fragment: FLIP_VERTEX_Y pattern not found, z is NOT remapped to [0,1] (depth may be wrong)
14:06:06.524 [diag] Z clip-space remap MISS on minecraft:pipeline/cutout_terrain fragment: FLIP_VERTEX_Y pattern not found, z is NOT remapped to [0,1] (depth may be wrong)
14:06:06.549 [diag] Z clip-space remap MISS on minecraft:pipeline/gui_nausea_overlay fragment: FLIP_VERTEX_Y pattern not found, z is NOT remapped to [0,1] (depth may be wrong)
14:06:06.575 [diag] Z clip-space remap MISS on minecraft:pipeline/entity_decal fragment: FLIP_VERTEX_Y pattern not found, z is NOT remapped to [0,1] (depth may be wrong)
14:06:06.599 [diag] Z clip-space remap MISS on minecraft:pipeline/text_background_see_through fragment: FLIP_VERTEX_Y pattern not found, z is NOT remapped to [0,1] (depth may be wrong)
14:06:06.624 [diag] Z clip-space remap MISS on minecraft:pipeline/entity_shadow fragment: FLIP_VERTEX_Y pattern not found, z is NOT remapped to [0,1] (depth may be wrong)
14:06:06.650 [diag] Z clip-space remap MISS on minecraft:pipeline/item_entity_translucent_cull fragment: FLIP_VERTEX_Y pattern not found, z is NOT remapped to [0,1] (depth may be wrong)
14:06:06.676 [diag] Z clip-space remap MISS on minecraft:pipeline/gui_text fragment: FLIP_VERTEX_Y pattern not found, z is NOT remapped to [0,1] (depth may be wrong)
14:06:06.701 [diag] Z clip-space remap MISS on minecraft:pipeline/lightmap fragment: FLIP_VERTEX_Y pattern not found, z is NOT remapped to [0,1] (depth may be wrong)
14:06:06.726 [diag] Z clip-space remap MISS on minecraft:pipeline/leash fragment: FLIP_VERTEX_Y pattern not found, z is NOT remapped to [0,1] (depth may be wrong)
14:06:06.751 [diag] Z clip-space remap MISS on minecraft:pipeline/animate_sprite_blit fragment: FLIP_VERTEX_Y pattern not found, z is NOT remapped to [0,1] (depth may be wrong)
14:06:06.776 [diag] Z clip-space remap MISS on minecraft:pipeline/gui_textured fragment: FLIP_VERTEX_Y pattern not found, z is NOT remapped to [0,1] (depth may be wrong)
14:06:06.801 [diag] Z clip-space remap MISS on minecraft:pipeline/cutout_block fragment: FLIP_VERTEX_Y pattern not found, z is NOT remapped to [0,1] (depth may be wrong)
14:06:06.828 [diag] Z clip-space remap MISS on minecraft:pipeline/eyes fragment: FLIP_VERTEX_Y pattern not found, z is NOT remapped to [0,1] (depth may be wrong)
14:06:06.853 [diag] Z clip-space remap MISS on minecraft:pipeline/debug_triangle_fan fragment: FLIP_VERTEX_Y pattern not found, z is NOT remapped to [0,1] (depth may be wrong)
14:06:06.877 [diag] Z clip-space remap MISS on minecraft:pipeline/gui_text_highlight fragment: FLIP_VERTEX_Y pattern not found, z is NOT remapped to [0,1] (depth may be wrong)
14:06:06.902 [diag] Z clip-space remap MISS on minecraft:pipeline/text fragment: FLIP_VERTEX_Y pattern not found, z is NOT remapped to [0,1] (depth may be wrong)
14:06:06.926 [diag] Z clip-space remap MISS on minecraft:pipeline/entity_outline_blit fragment: FLIP_VERTEX_Y pattern not found, z is NOT remapped to [0,1] (depth may be wrong)
14:06:06.951 [diag] Z clip-space remap MISS on minecraft:pipeline/end_sky fragment: FLIP_VERTEX_Y pattern not found, z is NOT remapped to [0,1] (depth may be wrong)
14:06:06.975 [diag] Z clip-space remap MISS on minecraft:pipeline/mojang_logo fragment: FLIP_VERTEX_Y pattern not found, z is NOT remapped to [0,1] (depth may be wrong)
14:06:07.000 [diag] Z clip-space remap MISS on minecraft:pipeline/text_background fragment: FLIP_VERTEX_Y pattern not found, z is NOT remapped to [0,1] (depth may be wrong)
14:06:07.025 [diag] Z clip-space remap MISS on minecraft:pipeline/dragon_rays_depth fragment: FLIP_VERTEX_Y pattern not found, z is NOT remapped to [0,1] (depth may be wrong)
14:06:07.051 [diag] Z clip-space remap MISS on minecraft:pipeline/text_intensity fragment: FLIP_VERTEX_Y pattern not found, z is NOT remapped to [0,1] (depth may be wrong)
14:06:07.075 [diag] Z clip-space remap MISS on minecraft:pipeline/crosshair fragment: FLIP_VERTEX_Y pattern not found, z is NOT remapped to [0,1] (depth may be wrong)
14:06:07.102 [diag] Z clip-space remap MISS on minecraft:pipeline/tripwire_terrain fragment: FLIP_VERTEX_Y pattern not found, z is NOT remapped to [0,1] (depth may be wrong)
14:06:07.127 [diag] Z clip-space remap MISS on minecraft:pipeline/stars fragment: FLIP_VERTEX_Y pattern not found, z is NOT remapped to [0,1] (depth may be wrong)
14:06:07.152 [diag] Z clip-space remap MISS on minecraft:pipeline/armor_translucent fragment: FLIP_VERTEX_Y pattern not found, z is NOT remapped to [0,1] (depth may be wrong)
14:06:07.178 [diag] Z clip-space remap MISS on minecraft:pipeline/clouds fragment: FLIP_VERTEX_Y pattern not found, z is NOT remapped to [0,1] (depth may be wrong)
14:06:07.202 [diag] Z clip-space remap MISS on minecraft:pipeline/vignette fragment: FLIP_VERTEX_Y pattern not found, z is NOT remapped to [0,1] (depth may be wrong)
14:06:07.228 [diag] Z clip-space remap MISS on minecraft:pipeline/end_gateway fragment: FLIP_VERTEX_Y pattern not found, z is NOT remapped to [0,1] (depth may be wrong)
14:06:07.253 [diag] Z clip-space remap MISS on minecraft:pipeline/energy_swirl fragment: FLIP_VERTEX_Y pattern not found, z is NOT remapped to [0,1] (depth may be wrong)
14:06:07.279 [diag] Z clip-space remap MISS on minecraft:pipeline/tripwire_block fragment: FLIP_VERTEX_Y pattern not found, z is NOT remapped to [0,1] (depth may be wrong)
14:06:07.305 [diag] Z clip-space remap MISS on minecraft:pipeline/entity_translucent fragment: FLIP_VERTEX_Y pattern not found, z is NOT remapped to [0,1] (depth may be wrong)
14:06:07.330 [diag] Z clip-space remap MISS on minecraft:pipeline/beacon_beam_opaque fragment: FLIP_VERTEX_Y pattern not found, z is NOT remapped to [0,1] (depth may be wrong)
14:06:07.356 [diag] Z clip-space remap MISS on minecraft:pipeline/armor_decal_cutout_no_cull fragment: FLIP_VERTEX_Y pattern not found, z is NOT remapped to [0,1] (depth may be wrong)
14:06:07.381 [diag] Z clip-space remap MISS on minecraft:pipeline/solid_block fragment: FLIP_VERTEX_Y pattern not found, z is NOT remapped to [0,1] (depth may be wrong)
14:06:07.406 [diag] Z clip-space remap MISS on minecraft:pipeline/lines_translucent fragment: FLIP_VERTEX_Y pattern not found, z is NOT remapped to [0,1] (depth may be wrong)
14:06:07.432 [diag] Z clip-space remap MISS on minecraft:pipeline/entity_cutout_no_cull fragment: FLIP_VERTEX_Y pattern not found, z is NOT remapped to [0,1] (depth may be wrong)
14:06:07.457 [diag] Z clip-space remap MISS on minecraft:pipeline/entity_smooth_cutout fragment: FLIP_VERTEX_Y pattern not found, z is NOT remapped to [0,1] (depth may be wrong)
14:06:07.483 [diag] Z clip-space remap MISS on minecraft:pipeline/sky fragment: FLIP_VERTEX_Y pattern not found, z is NOT remapped to [0,1] (depth may be wrong)
14:06:07.507 [diag] Z clip-space remap MISS on minecraft:pipeline/gui_invert fragment: FLIP_VERTEX_Y pattern not found, z is NOT remapped to [0,1] (depth may be wrong)
14:06:07.532 [diag] Z clip-space remap MISS on minecraft:pipeline/translucent_particle fragment: FLIP_VERTEX_Y pattern not found, z is NOT remapped to [0,1] (depth may be wrong)
14:06:07.557 [diag] Z clip-space remap MISS on minecraft:pipeline/beacon_beam_translucent fragment: FLIP_VERTEX_Y pattern not found, z is NOT remapped to [0,1] (depth may be wrong)
14:06:07.581 [diag] Z clip-space remap MISS on minecraft:pipeline/tracy_blit fragment: FLIP_VERTEX_Y pattern not found, z is NOT remapped to [0,1] (depth may be wrong)
14:06:07.607 [diag] Z clip-space remap MISS on minecraft:pipeline/end_portal fragment: FLIP_VERTEX_Y pattern not found, z is NOT remapped to [0,1] (depth may be wrong)
14:06:07.631 [diag] Z clip-space remap MISS on minecraft:pipeline/text_intensity_see_through fragment: FLIP_VERTEX_Y pattern not found, z is NOT remapped to [0,1] (depth may be wrong)
14:06:07.656 [diag] Z clip-space remap MISS on minecraft:pipeline/celestial fragment: FLIP_VERTEX_Y pattern not found, z is NOT remapped to [0,1] (depth may be wrong)
14:06:07.682 [diag] Z clip-space remap MISS on minecraft:pipeline/entity_solid fragment: FLIP_VERTEX_Y pattern not found, z is NOT remapped to [0,1] (depth may be wrong)
14:06:07.708 [diag] Z clip-space remap MISS on minecraft:pipeline/translucent_terrain fragment: FLIP_VERTEX_Y pattern not found, z is NOT remapped to [0,1] (depth may be wrong)
14:06:07.734 [diag] Z clip-space remap MISS on minecraft:pipeline/entity_cutout fragment: FLIP_VERTEX_Y pattern not found, z is NOT remapped to [0,1] (depth may be wrong)
14:06:07.758 [diag] Z clip-space remap MISS on minecraft:pipeline/world_border fragment: FLIP_VERTEX_Y pattern not found, z is NOT remapped to [0,1] (depth may be wrong)
14:06:07.784 [diag] Z clip-space remap MISS on minecraft:pipeline/crumbling fragment: FLIP_VERTEX_Y pattern not found, z is NOT remapped to [0,1] (depth may be wrong)
14:06:07.809 [diag] Z clip-space remap MISS on minecraft:pipeline/lines fragment: FLIP_VERTEX_Y pattern not found, z is NOT remapped to [0,1] (depth may be wrong)
14:06:07.834 [diag] Z clip-space remap MISS on minecraft:pipeline/debug_filled_box fragment: FLIP_VERTEX_Y pattern not found, z is NOT remapped to [0,1] (depth may be wrong)
14:06:07.860 [diag] Z clip-space remap MISS on minecraft:pipeline/wireframe fragment: FLIP_VERTEX_Y pattern not found, z is NOT remapped to [0,1] (depth may be wrong)
14:06:07.885 [diag] Z clip-space remap MISS on minecraft:pipeline/text_polygon_offset fragment: FLIP_VERTEX_Y pattern not found, z is NOT remapped to [0,1] (depth may be wrong)
14:06:07.910 [diag] Z clip-space remap MISS on minecraft:pipeline/gui_textured_premultiplied_alpha fragment: FLIP_VERTEX_Y pattern not found, z is NOT remapped to [0,1] (depth may be wrong)
14:06:07.934 [diag] Z clip-space remap MISS on minecraft:pipeline/panorama fragment: FLIP_VERTEX_Y pattern not found, z is NOT remapped to [0,1] (depth may be wrong)
14:06:07.959 [diag] Z clip-space remap MISS on minecraft:pipeline/animate_sprite_interpolate fragment: FLIP_VERTEX_Y pattern not found, z is NOT remapped to [0,1] (depth may be wrong)
14:06:07.984 [diag] Z clip-space remap MISS on minecraft:pipeline/weather_no_depth_write fragment: FLIP_VERTEX_Y pattern not found, z is NOT remapped to [0,1] (depth may be wrong)
14:06:08.010 [diag] Z clip-space remap MISS on minecraft:pipeline/entity_translucent_emissive fragment: FLIP_VERTEX_Y pattern not found, z is NOT remapped to [0,1] (depth may be wrong)
14:06:08.034 [diag] Z clip-space remap MISS on minecraft:pipeline/gui fragment: FLIP_VERTEX_Y pattern not found, z is NOT remapped to [0,1] (depth may be wrong)
14:06:08.059 [diag] Z clip-space remap MISS on minecraft:pipeline/outline_no_cull fragment: FLIP_VERTEX_Y pattern not found, z is NOT remapped to [0,1] (depth may be wrong)
14:06:08.084 [diag] Z clip-space remap MISS on minecraft:pipeline/weather_depth_write fragment: FLIP_VERTEX_Y pattern not found, z is NOT remapped to [0,1] (depth may be wrong)
14:06:08.108 [diag] Z clip-space remap MISS on minecraft:pipeline/sunrise_sunset fragment: FLIP_VERTEX_Y pattern not found, z is NOT remapped to [0,1] (depth may be wrong)
14:06:08.133 [diag] Z clip-space remap MISS on minecraft:pipeline/outline_cull fragment: FLIP_VERTEX_Y pattern not found, z is NOT remapped to [0,1] (depth may be wrong)
14:06:08.158 [diag] Z clip-space remap MISS on minecraft:pipeline/glint fragment: FLIP_VERTEX_Y pattern not found, z is NOT remapped to [0,1] (depth may be wrong)
14:06:08.184 [diag] Z clip-space remap MISS on minecraft:pipeline/translucent_moving_block fragment: FLIP_VERTEX_Y pattern not found, z is NOT remapped to [0,1] (depth may be wrong)
14:06:08.209 [diag] Z clip-space remap MISS on minecraft:pipeline/secondary_block_outline fragment: FLIP_VERTEX_Y pattern not found, z is NOT remapped to [0,1] (depth may be wrong)
14:06:08.234 [diag] Z clip-space remap MISS on minecraft:pipeline/breeze_wind fragment: FLIP_VERTEX_Y pattern not found, z is NOT remapped to [0,1] (depth may be wrong)
14:06:08.259 [diag] Z clip-space remap MISS on minecraft:pipeline/lightning fragment: FLIP_VERTEX_Y pattern not found, z is NOT remapped to [0,1] (depth may be wrong)
14:06:08.284 [diag] Z clip-space remap MISS on minecraft:pipeline/text_see_through fragment: FLIP_VERTEX_Y pattern not found, z is NOT remapped to [0,1] (depth may be wrong)
14:06:08.310 [diag] Z clip-space remap MISS on minecraft:pipeline/solid_terrain fragment: FLIP_VERTEX_Y pattern not found, z is NOT remapped to [0,1] (depth may be wrong)
14:06:08.354 createBuffer stack sample #1:
  knot//com.metallum.client.metal.render.MetalDevice.createBuffer(MetalDevice.java:149)
  knot//net.minecraft.class_1059.method_45848(class_1059.java:116)
  knot//net.minecraft.class_11697$class_11699.method_73035(class_11697.java:168)
  knot//net.minecraft.class_11697$class_11700.method_73039(class_11697.java:212)
  java.base/java.util.ArrayList.forEach(Unknown Source)
  knot//net.minecraft.class_11697$class_11700.method_73037(class_11697.java:212)
  knot//net.minecraft.class_11697.method_76671(class_11697.java:146)
  knot//net.minecraft.class_11697.method_73029(class_11697.java:142)
  java.base/java.util.concurrent.CompletableFuture$UniAccept.tryFire(Unknown Source)
  java.base/java.util.concurrent.CompletableFuture$Completion.run(Unknown Source)
  knot//net.minecraft.class_4014.method_67574(class_4014.java:59)
  knot//net.minecraft.class_1255.method_18859(class_1255.java:169)
14:06:08.367 createBuffer stack sample #2:
  knot//com.metallum.client.metal.render.MetalDevice.createBuffer(MetalDevice.java:149)
  knot//net.minecraft.class_1059.method_76314(class_1059.java:173)
  knot//net.minecraft.class_1059.method_45848(class_1059.java:135)
  knot//net.minecraft.class_11697$class_11699.method_73035(class_11697.java:168)
  knot//net.minecraft.class_11697$class_11700.method_73039(class_11697.java:212)
  java.base/java.util.ArrayList.forEach(Unknown Source)
  knot//net.minecraft.class_11697$class_11700.method_73037(class_11697.java:212)
  knot//net.minecraft.class_11697.method_76671(class_11697.java:146)
  knot//net.minecraft.class_11697.method_73029(class_11697.java:142)
  java.base/java.util.concurrent.CompletableFuture$UniAccept.tryFire(Unknown Source)
  java.base/java.util.concurrent.CompletableFuture$Completion.run(Unknown Source)
  knot//net.minecraft.class_4014.method_67574(class_4014.java:59)
14:06:08.371 createBuffer stack sample #3:
  knot//com.metallum.client.metal.render.MetalDevice.createBuffer(MetalDevice.java:149)
  knot//net.minecraft.class_1059.method_76314(class_1059.java:173)
  knot//net.minecraft.class_1059.method_45848(class_1059.java:135)
  knot//net.minecraft.class_11697$class_11699.method_73035(class_11697.java:168)
  knot//net.minecraft.class_11697$class_11700.method_73039(class_11697.java:212)
  java.base/java.util.ArrayList.forEach(Unknown Source)
  knot//net.minecraft.class_11697$class_11700.method_73037(class_11697.java:212)
  knot//net.minecraft.class_11697.method_76671(class_11697.java:146)
  knot//net.minecraft.class_11697.method_73029(class_11697.java:142)
  java.base/java.util.concurrent.CompletableFuture$UniAccept.tryFire(Unknown Source)
  java.base/java.util.concurrent.CompletableFuture$Completion.run(Unknown Source)
  knot//net.minecraft.class_4014.method_67574(class_4014.java:59)
14:06:08.388 createBuffer stack sample #4:
  knot//com.metallum.client.metal.render.MetalDevice.createBuffer(MetalDevice.java:149)
  knot//net.minecraft.class_1059.method_76314(class_1059.java:173)
  knot//net.minecraft.class_1059.method_45848(class_1059.java:135)
  knot//net.minecraft.class_11697$class_11699.method_73035(class_11697.java:168)
  knot//net.minecraft.class_11697$class_11700.method_73039(class_11697.java:212)
  java.base/java.util.ArrayList.forEach(Unknown Source)
  knot//net.minecraft.class_11697$class_11700.method_73037(class_11697.java:212)
  knot//net.minecraft.class_11697.method_76671(class_11697.java:146)
  knot//net.minecraft.class_11697.method_73029(class_11697.java:142)
  java.base/java.util.concurrent.CompletableFuture$UniAccept.tryFire(Unknown Source)
  java.base/java.util.concurrent.CompletableFuture$Completion.run(Unknown Source)
  knot//net.minecraft.class_4014.method_67574(class_4014.java:59)
14:06:08.393 createBuffer stack sample #5:
  knot//com.metallum.client.metal.render.MetalDevice.createBuffer(MetalDevice.java:149)
  knot//net.minecraft.class_1059.method_76314(class_1059.java:173)
  knot//net.minecraft.class_1059.method_45848(class_1059.java:135)
  knot//net.minecraft.class_11697$class_11699.method_73035(class_11697.java:168)
  knot//net.minecraft.class_11697$class_11700.method_73039(class_11697.java:212)
  java.base/java.util.ArrayList.forEach(Unknown Source)
  knot//net.minecraft.class_11697$class_11700.method_73037(class_11697.java:212)
  knot//net.minecraft.class_11697.method_76671(class_11697.java:146)
  knot//net.minecraft.class_11697.method_73029(class_11697.java:142)
  java.base/java.util.concurrent.CompletableFuture$UniAccept.tryFire(Unknown Source)
  java.base/java.util.concurrent.CompletableFuture$Completion.run(Unknown Source)
  knot//net.minecraft.class_4014.method_67574(class_4014.java:59)
14:06:10.344 frame_time fps=53.8 avg=18.58ms max=189.47ms gpuBehind=0
14:06:15.360 frame_time fps=60.0 avg=16.67ms max=18.11ms gpuBehind=0
14:06:20.377 frame_time fps=60.0 avg=16.67ms max=16.81ms gpuBehind=0
14:06:25.393 frame_time fps=60.0 avg=16.67ms max=16.76ms gpuBehind=0
14:06:30.409 frame_time fps=60.0 avg=16.67ms max=16.76ms gpuBehind=0
14:06:35.426 frame_time fps=60.0 avg=16.67ms max=16.74ms gpuBehind=0
14:06:40.442 frame_time fps=60.0 avg=16.67ms max=16.73ms gpuBehind=0
14:06:45.458 frame_time fps=60.0 avg=16.67ms max=16.77ms gpuBehind=0
14:06:50.475 frame_time fps=60.0 avg=16.67ms max=16.75ms gpuBehind=0
14:06:55.491 frame_time fps=60.0 avg=16.67ms max=16.75ms gpuBehind=0
14:07:00.507 frame_time fps=60.0 avg=16.67ms max=16.76ms gpuBehind=0
14:07:05.341 buffers total=109 | usage=0x82 count=15 req=0.0MB alloc=0.0MB | usage=0x22 count=12 req=0.1MB alloc=0.1MB | usage=0x3 count=35 req=39.5MB alloc=39.5MB | usage=0x88 count=33 req=0.9MB alloc=0.9MB | usage=0x28 count=11 req=0.0MB alloc=0.0MB | usage=0x48 count=3 req=0.0MB alloc=0.0MB | sum count=109 req=40.5MB alloc=40.5MB | poolHit=4 poolMiss=109 poolReturn=35 poolHitRate=4%
14:07:05.524 frame_time fps=60.0 avg=16.67ms max=16.76ms gpuBehind=0
14:07:10.540 frame_time fps=60.0 avg=16.67ms max=16.73ms gpuBehind=0
14:07:15.547 frame_time fps=59.9 avg=16.69ms max=24.15ms gpuBehind=0
14:07:20.556 frame_time fps=60.1 avg=16.64ms max=16.72ms gpuBehind=0
14:07:25.573 frame_time fps=60.0 avg=16.67ms max=16.98ms gpuBehind=0
14:07:30.572 frame_time fps=60.0 avg=16.67ms max=16.76ms gpuBehind=0
14:07:35.572 frame_time fps=60.0 avg=16.67ms max=17.04ms gpuBehind=0
14:07:40.589 frame_time fps=60.0 avg=16.67ms max=16.86ms gpuBehind=0
14:07:45.589 frame_time fps=60.0 avg=16.67ms max=16.74ms gpuBehind=0
14:07:50.589 frame_time fps=60.0 avg=16.67ms max=16.75ms gpuBehind=0
14:07:55.588 frame_time fps=60.0 avg=16.67ms max=16.74ms gpuBehind=0
14:08:00.605 frame_time fps=60.0 avg=16.67ms max=16.91ms gpuBehind=0
==== Metallum diag start ====
14:14:41.376 [diag] Z clip-space remap MISS on minecraft:pipeline/gui fragment: FLIP_VERTEX_Y pattern not found, z is NOT remapped to [0,1] (depth may be wrong)
14:14:41.408 [diag] Z clip-space remap MISS on minecraft:pipeline/gui_textured fragment: FLIP_VERTEX_Y pattern not found, z is NOT remapped to [0,1] (depth may be wrong)
14:14:41.625 [diag] Z clip-space remap MISS on minecraft:pipeline/mojang_logo fragment: FLIP_VERTEX_Y pattern not found, z is NOT remapped to [0,1] (depth may be wrong)
14:14:41.635 buffers total=42 | usage=0x82 count=15 req=0.0MB alloc=0.0MB | usage=0x22 count=6 req=0.0MB alloc=0.0MB | usage=0x3 count=2 req=1.5MB alloc=1.5MB | usage=0x88 count=15 req=0.0MB alloc=0.0MB | usage=0x28 count=3 req=0.0MB alloc=0.0MB | usage=0x48 count=1 req=0.0MB alloc=0.0MB | sum count=42 req=1.5MB alloc=1.5MB | poolHit=0 poolMiss=42 poolReturn=0 poolHitRate=0%
14:14:42.301 [diag] Z clip-space remap MISS on minecraft:pipeline/armor_translucent fragment: FLIP_VERTEX_Y pattern not found, z is NOT remapped to [0,1] (depth may be wrong)
14:14:42.331 [diag] Z clip-space remap MISS on minecraft:pipeline/entity_cutout_no_cull_z_offset fragment: FLIP_VERTEX_Y pattern not found, z is NOT remapped to [0,1] (depth may be wrong)
14:14:42.360 [diag] Z clip-space remap MISS on minecraft:pipeline/solid_terrain fragment: FLIP_VERTEX_Y pattern not found, z is NOT remapped to [0,1] (depth may be wrong)
14:14:42.387 [diag] Z clip-space remap MISS on minecraft:pipeline/breeze_wind fragment: FLIP_VERTEX_Y pattern not found, z is NOT remapped to [0,1] (depth may be wrong)
14:14:42.412 [diag] Z clip-space remap MISS on minecraft:pipeline/gui_nausea_overlay fragment: FLIP_VERTEX_Y pattern not found, z is NOT remapped to [0,1] (depth may be wrong)
14:14:42.438 [diag] Z clip-space remap MISS on minecraft:pipeline/entity_shadow fragment: FLIP_VERTEX_Y pattern not found, z is NOT remapped to [0,1] (depth may be wrong)
14:14:42.463 [diag] Z clip-space remap MISS on minecraft:pipeline/debug_filled_box fragment: FLIP_VERTEX_Y pattern not found, z is NOT remapped to [0,1] (depth may be wrong)
14:14:42.487 [diag] Z clip-space remap MISS on minecraft:pipeline/gui_opaque_textured_background fragment: FLIP_VERTEX_Y pattern not found, z is NOT remapped to [0,1] (depth may be wrong)
14:14:42.513 [diag] Z clip-space remap MISS on minecraft:pipeline/animate_sprite_interpolate fragment: FLIP_VERTEX_Y pattern not found, z is NOT remapped to [0,1] (depth may be wrong)
14:14:42.539 [diag] Z clip-space remap MISS on minecraft:pipeline/sky fragment: FLIP_VERTEX_Y pattern not found, z is NOT remapped to [0,1] (depth may be wrong)
14:14:42.565 [diag] Z clip-space remap MISS on minecraft:pipeline/beacon_beam_opaque fragment: FLIP_VERTEX_Y pattern not found, z is NOT remapped to [0,1] (depth may be wrong)
14:14:42.591 [diag] Z clip-space remap MISS on minecraft:pipeline/text_background fragment: FLIP_VERTEX_Y pattern not found, z is NOT remapped to [0,1] (depth may be wrong)
14:14:42.617 [diag] Z clip-space remap MISS on minecraft:pipeline/solid_block fragment: FLIP_VERTEX_Y pattern not found, z is NOT remapped to [0,1] (depth may be wrong)
14:14:42.643 [diag] Z clip-space remap MISS on minecraft:pipeline/text_intensity fragment: FLIP_VERTEX_Y pattern not found, z is NOT remapped to [0,1] (depth may be wrong)
14:14:42.669 [diag] Z clip-space remap MISS on minecraft:pipeline/lines_translucent fragment: FLIP_VERTEX_Y pattern not found, z is NOT remapped to [0,1] (depth may be wrong)
14:14:42.695 [diag] Z clip-space remap MISS on minecraft:pipeline/entity_translucent fragment: FLIP_VERTEX_Y pattern not found, z is NOT remapped to [0,1] (depth may be wrong)
14:14:42.720 [diag] Z clip-space remap MISS on minecraft:pipeline/gui_text_highlight fragment: FLIP_VERTEX_Y pattern not found, z is NOT remapped to [0,1] (depth may be wrong)
14:14:42.745 [diag] Z clip-space remap MISS on minecraft:pipeline/armor_cutout_no_cull fragment: FLIP_VERTEX_Y pattern not found, z is NOT remapped to [0,1] (depth may be wrong)
14:14:42.770 [diag] Z clip-space remap MISS on minecraft:pipeline/crosshair fragment: FLIP_VERTEX_Y pattern not found, z is NOT remapped to [0,1] (depth may be wrong)
14:14:42.795 [diag] Z clip-space remap MISS on minecraft:pipeline/glint fragment: FLIP_VERTEX_Y pattern not found, z is NOT remapped to [0,1] (depth may be wrong)
14:14:42.821 [diag] Z clip-space remap MISS on minecraft:pipeline/entity_translucent_emissive fragment: FLIP_VERTEX_Y pattern not found, z is NOT remapped to [0,1] (depth may be wrong)
14:14:42.846 [diag] Z clip-space remap MISS on minecraft:pipeline/vignette fragment: FLIP_VERTEX_Y pattern not found, z is NOT remapped to [0,1] (depth may be wrong)
14:14:42.871 [diag] Z clip-space remap MISS on minecraft:pipeline/debug_quads fragment: FLIP_VERTEX_Y pattern not found, z is NOT remapped to [0,1] (depth may be wrong)
14:14:42.896 [diag] Z clip-space remap MISS on minecraft:pipeline/weather_depth_write fragment: FLIP_VERTEX_Y pattern not found, z is NOT remapped to [0,1] (depth may be wrong)
14:14:42.922 [diag] Z clip-space remap MISS on minecraft:pipeline/end_gateway fragment: FLIP_VERTEX_Y pattern not found, z is NOT remapped to [0,1] (depth may be wrong)
14:14:42.946 [diag] Z clip-space remap MISS on minecraft:pipeline/gui_textured fragment: FLIP_VERTEX_Y pattern not found, z is NOT remapped to [0,1] (depth may be wrong)
14:14:42.972 [diag] Z clip-space remap MISS on minecraft:pipeline/translucent_terrain fragment: FLIP_VERTEX_Y pattern not found, z is NOT remapped to [0,1] (depth may be wrong)
14:14:42.998 [diag] Z clip-space remap MISS on minecraft:pipeline/end_portal fragment: FLIP_VERTEX_Y pattern not found, z is NOT remapped to [0,1] (depth may be wrong)
14:14:43.024 [diag] Z clip-space remap MISS on minecraft:pipeline/eyes fragment: FLIP_VERTEX_Y pattern not found, z is NOT remapped to [0,1] (depth may be wrong)
14:14:43.049 [diag] Z clip-space remap MISS on minecraft:pipeline/entity_outline_blit fragment: FLIP_VERTEX_Y pattern not found, z is NOT remapped to [0,1] (depth may be wrong)
14:14:43.074 [diag] Z clip-space remap MISS on minecraft:pipeline/tripwire_block fragment: FLIP_VERTEX_Y pattern not found, z is NOT remapped to [0,1] (depth may be wrong)
14:14:43.099 [diag] Z clip-space remap MISS on minecraft:pipeline/gui_text_intensity fragment: FLIP_VERTEX_Y pattern not found, z is NOT remapped to [0,1] (depth may be wrong)
14:14:43.124 [diag] Z clip-space remap MISS on minecraft:pipeline/entity_solid fragment: FLIP_VERTEX_Y pattern not found, z is NOT remapped to [0,1] (depth may be wrong)
14:14:43.150 [diag] Z clip-space remap MISS on minecraft:pipeline/text_polygon_offset fragment: FLIP_VERTEX_Y pattern not found, z is NOT remapped to [0,1] (depth may be wrong)
14:14:43.175 [diag] Z clip-space remap MISS on minecraft:pipeline/entity_cutout fragment: FLIP_VERTEX_Y pattern not found, z is NOT remapped to [0,1] (depth may be wrong)
14:14:43.201 [diag] Z clip-space remap MISS on minecraft:pipeline/entity_decal fragment: FLIP_VERTEX_Y pattern not found, z is NOT remapped to [0,1] (depth may be wrong)
14:14:43.226 [diag] Z clip-space remap MISS on minecraft:pipeline/water_mask fragment: FLIP_VERTEX_Y pattern not found, z is NOT remapped to [0,1] (depth may be wrong)
14:14:43.251 [diag] Z clip-space remap MISS on minecraft:pipeline/opaque_particle fragment: FLIP_VERTEX_Y pattern not found, z is NOT remapped to [0,1] (depth may be wrong)
14:14:43.278 [diag] Z clip-space remap MISS on minecraft:pipeline/text_see_through fragment: FLIP_VERTEX_Y pattern not found, z is NOT remapped to [0,1] (depth may be wrong)
14:14:43.303 [diag] Z clip-space remap MISS on minecraft:pipeline/cutout_block fragment: FLIP_VERTEX_Y pattern not found, z is NOT remapped to [0,1] (depth may be wrong)
14:14:43.329 [diag] Z clip-space remap MISS on minecraft:pipeline/stars fragment: FLIP_VERTEX_Y pattern not found, z is NOT remapped to [0,1] (depth may be wrong)
14:14:43.354 [diag] Z clip-space remap MISS on minecraft:pipeline/beacon_beam_translucent fragment: FLIP_VERTEX_Y pattern not found, z is NOT remapped to [0,1] (depth may be wrong)
14:14:43.379 [diag] Z clip-space remap MISS on minecraft:pipeline/clouds fragment: FLIP_VERTEX_Y pattern not found, z is NOT remapped to [0,1] (depth may be wrong)
14:14:43.406 [diag] Z clip-space remap MISS on minecraft:pipeline/tripwire_terrain fragment: FLIP_VERTEX_Y pattern not found, z is NOT remapped to [0,1] (depth may be wrong)
14:14:43.431 [diag] Z clip-space remap MISS on minecraft:pipeline/armor_decal_cutout_no_cull fragment: FLIP_VERTEX_Y pattern not found, z is NOT remapped to [0,1] (depth may be wrong)
14:14:43.456 [diag] Z clip-space remap MISS on minecraft:pipeline/dragon_rays_depth fragment: FLIP_VERTEX_Y pattern not found, z is NOT remapped to [0,1] (depth may be wrong)
14:14:43.481 [diag] Z clip-space remap MISS on minecraft:pipeline/lightning fragment: FLIP_VERTEX_Y pattern not found, z is NOT remapped to [0,1] (depth may be wrong)
14:14:43.508 [diag] Z clip-space remap MISS on minecraft:pipeline/cutout_terrain fragment: FLIP_VERTEX_Y pattern not found, z is NOT remapped to [0,1] (depth may be wrong)
14:14:43.533 [diag] Z clip-space remap MISS on minecraft:pipeline/leash fragment: FLIP_VERTEX_Y pattern not found, z is NOT remapped to [0,1] (depth may be wrong)
14:14:43.558 [diag] Z clip-space remap MISS on minecraft:pipeline/energy_swirl fragment: FLIP_VERTEX_Y pattern not found, z is NOT remapped to [0,1] (depth may be wrong)
14:14:43.585 [diag] Z clip-space remap MISS on minecraft:pipeline/wireframe fragment: FLIP_VERTEX_Y pattern not found, z is NOT remapped to [0,1] (depth may be wrong)
14:14:43.611 [diag] Z clip-space remap MISS on minecraft:pipeline/secondary_block_outline fragment: FLIP_VERTEX_Y pattern not found, z is NOT remapped to [0,1] (depth may be wrong)
14:14:43.637 [diag] Z clip-space remap MISS on minecraft:pipeline/entity_cutout_no_cull fragment: FLIP_VERTEX_Y pattern not found, z is NOT remapped to [0,1] (depth may be wrong)
14:14:43.663 [diag] Z clip-space remap MISS on minecraft:pipeline/gui_text fragment: FLIP_VERTEX_Y pattern not found, z is NOT remapped to [0,1] (depth may be wrong)
14:14:43.688 [diag] Z clip-space remap MISS on minecraft:pipeline/outline_cull fragment: FLIP_VERTEX_Y pattern not found, z is NOT remapped to [0,1] (depth may be wrong)
14:14:43.712 [diag] Z clip-space remap MISS on minecraft:pipeline/end_sky fragment: FLIP_VERTEX_Y pattern not found, z is NOT remapped to [0,1] (depth may be wrong)
14:14:43.736 [diag] Z clip-space remap MISS on minecraft:pipeline/sunrise_sunset fragment: FLIP_VERTEX_Y pattern not found, z is NOT remapped to [0,1] (depth may be wrong)
14:14:43.761 [diag] Z clip-space remap MISS on minecraft:pipeline/celestial fragment: FLIP_VERTEX_Y pattern not found, z is NOT remapped to [0,1] (depth may be wrong)
14:14:43.786 [diag] Z clip-space remap MISS on minecraft:pipeline/flat_clouds fragment: FLIP_VERTEX_Y pattern not found, z is NOT remapped to [0,1] (depth may be wrong)
14:14:43.811 [diag] Z clip-space remap MISS on minecraft:pipeline/crumbling fragment: FLIP_VERTEX_Y pattern not found, z is NOT remapped to [0,1] (depth may be wrong)
14:14:43.836 [diag] Z clip-space remap MISS on minecraft:pipeline/gui_invert fragment: FLIP_VERTEX_Y pattern not found, z is NOT remapped to [0,1] (depth may be wrong)
14:14:43.861 [diag] Z clip-space remap MISS on minecraft:pipeline/lines fragment: FLIP_VERTEX_Y pattern not found, z is NOT remapped to [0,1] (depth may be wrong)
14:14:43.886 [diag] Z clip-space remap MISS on minecraft:pipeline/debug_triangle_fan fragment: FLIP_VERTEX_Y pattern not found, z is NOT remapped to [0,1] (depth may be wrong)
14:14:43.911 [diag] Z clip-space remap MISS on minecraft:pipeline/translucent_moving_block fragment: FLIP_VERTEX_Y pattern not found, z is NOT remapped to [0,1] (depth may be wrong)
14:14:43.937 [diag] Z clip-space remap MISS on minecraft:pipeline/text fragment: FLIP_VERTEX_Y pattern not found, z is NOT remapped to [0,1] (depth may be wrong)
14:14:43.962 [diag] Z clip-space remap MISS on minecraft:pipeline/lightmap fragment: FLIP_VERTEX_Y pattern not found, z is NOT remapped to [0,1] (depth may be wrong)
14:14:43.987 [diag] Z clip-space remap MISS on minecraft:pipeline/block_screen_effect fragment: FLIP_VERTEX_Y pattern not found, z is NOT remapped to [0,1] (depth may be wrong)
14:14:44.012 [diag] Z clip-space remap MISS on minecraft:pipeline/entity_smooth_cutout fragment: FLIP_VERTEX_Y pattern not found, z is NOT remapped to [0,1] (depth may be wrong)
14:14:44.037 [diag] Z clip-space remap MISS on minecraft:pipeline/dragon_explosion_alpha fragment: FLIP_VERTEX_Y pattern not found, z is NOT remapped to [0,1] (depth may be wrong)
14:14:44.062 [diag] Z clip-space remap MISS on minecraft:pipeline/text_intensity_see_through fragment: FLIP_VERTEX_Y pattern not found, z is NOT remapped to [0,1] (depth may be wrong)
14:14:44.088 [diag] Z clip-space remap MISS on minecraft:pipeline/translucent_particle fragment: FLIP_VERTEX_Y pattern not found, z is NOT remapped to [0,1] (depth may be wrong)
14:14:44.113 [diag] Z clip-space remap MISS on minecraft:pipeline/entity_no_outline fragment: FLIP_VERTEX_Y pattern not found, z is NOT remapped to [0,1] (depth may be wrong)
14:14:44.138 [diag] Z clip-space remap MISS on minecraft:pipeline/debug_points fragment: FLIP_VERTEX_Y pattern not found, z is NOT remapped to [0,1] (depth may be wrong)
14:14:44.163 [diag] Z clip-space remap MISS on minecraft:pipeline/dragon_rays fragment: FLIP_VERTEX_Y pattern not found, z is NOT remapped to [0,1] (depth may be wrong)
14:14:44.187 [diag] Z clip-space remap MISS on minecraft:pipeline/panorama fragment: FLIP_VERTEX_Y pattern not found, z is NOT remapped to [0,1] (depth may be wrong)
14:14:44.211 [diag] Z clip-space remap MISS on minecraft:pipeline/gui fragment: FLIP_VERTEX_Y pattern not found, z is NOT remapped to [0,1] (depth may be wrong)
14:14:44.237 [diag] Z clip-space remap MISS on minecraft:pipeline/item_entity_translucent_cull fragment: FLIP_VERTEX_Y pattern not found, z is NOT remapped to [0,1] (depth may be wrong)
14:14:44.261 [diag] Z clip-space remap MISS on minecraft:pipeline/tracy_blit fragment: FLIP_VERTEX_Y pattern not found, z is NOT remapped to [0,1] (depth may be wrong)
14:14:44.286 [diag] Z clip-space remap MISS on minecraft:pipeline/animate_sprite_blit fragment: FLIP_VERTEX_Y pattern not found, z is NOT remapped to [0,1] (depth may be wrong)
14:14:44.310 [diag] Z clip-space remap MISS on minecraft:pipeline/fire_screen_effect fragment: FLIP_VERTEX_Y pattern not found, z is NOT remapped to [0,1] (depth may be wrong)
14:14:44.335 [diag] Z clip-space remap MISS on minecraft:pipeline/mojang_logo fragment: FLIP_VERTEX_Y pattern not found, z is NOT remapped to [0,1] (depth may be wrong)
14:14:44.359 [diag] Z clip-space remap MISS on minecraft:pipeline/gui_textured_premultiplied_alpha fragment: FLIP_VERTEX_Y pattern not found, z is NOT remapped to [0,1] (depth may be wrong)
14:14:44.383 [diag] Z clip-space remap MISS on minecraft:pipeline/text_background_see_through fragment: FLIP_VERTEX_Y pattern not found, z is NOT remapped to [0,1] (depth may be wrong)
14:14:44.408 [diag] Z clip-space remap MISS on minecraft:pipeline/weather_no_depth_write fragment: FLIP_VERTEX_Y pattern not found, z is NOT remapped to [0,1] (depth may be wrong)
14:14:44.433 [diag] Z clip-space remap MISS on minecraft:pipeline/world_border fragment: FLIP_VERTEX_Y pattern not found, z is NOT remapped to [0,1] (depth may be wrong)
14:14:44.458 [diag] Z clip-space remap MISS on minecraft:pipeline/outline_no_cull fragment: FLIP_VERTEX_Y pattern not found, z is NOT remapped to [0,1] (depth may be wrong)
14:14:44.483 [diag] Z clip-space remap MISS on minecraft:pipeline/entity_solid_offset_forward fragment: FLIP_VERTEX_Y pattern not found, z is NOT remapped to [0,1] (depth may be wrong)
14:14:44.519 createBuffer stack sample #1:
  knot//com.metallum.client.metal.render.MetalDevice.createBuffer(MetalDevice.java:149)
  knot//net.minecraft.class_1059.method_45848(class_1059.java:116)
  knot//net.minecraft.class_11697$class_11699.method_73035(class_11697.java:168)
  knot//net.minecraft.class_11697$class_11700.method_73039(class_11697.java:212)
  java.base/java.util.ArrayList.forEach(Unknown Source)
  knot//net.minecraft.class_11697$class_11700.method_73037(class_11697.java:212)
  knot//net.minecraft.class_11697.method_76671(class_11697.java:146)
  knot//net.minecraft.class_11697.method_73029(class_11697.java:142)
  java.base/java.util.concurrent.CompletableFuture$UniAccept.tryFire(Unknown Source)
  java.base/java.util.concurrent.CompletableFuture$Completion.run(Unknown Source)
  knot//net.minecraft.class_4014.method_67574(class_4014.java:59)
  knot//net.minecraft.class_1255.method_18859(class_1255.java:169)
14:14:44.532 createBuffer stack sample #2:
  knot//com.metallum.client.metal.render.MetalDevice.createBuffer(MetalDevice.java:149)
  knot//net.minecraft.class_1059.method_76314(class_1059.java:173)
  knot//net.minecraft.class_1059.method_45848(class_1059.java:135)
  knot//net.minecraft.class_11697$class_11699.method_73035(class_11697.java:168)
  knot//net.minecraft.class_11697$class_11700.method_73039(class_11697.java:212)
  java.base/java.util.ArrayList.forEach(Unknown Source)
  knot//net.minecraft.class_11697$class_11700.method_73037(class_11697.java:212)
  knot//net.minecraft.class_11697.method_76671(class_11697.java:146)
  knot//net.minecraft.class_11697.method_73029(class_11697.java:142)
  java.base/java.util.concurrent.CompletableFuture$UniAccept.tryFire(Unknown Source)
  java.base/java.util.concurrent.CompletableFuture$Completion.run(Unknown Source)
  knot//net.minecraft.class_4014.method_67574(class_4014.java:59)
14:14:44.536 createBuffer stack sample #3:
  knot//com.metallum.client.metal.render.MetalDevice.createBuffer(MetalDevice.java:149)
  knot//net.minecraft.class_1059.method_76314(class_1059.java:173)
  knot//net.minecraft.class_1059.method_45848(class_1059.java:135)
  knot//net.minecraft.class_11697$class_11699.method_73035(class_11697.java:168)
  knot//net.minecraft.class_11697$class_11700.method_73039(class_11697.java:212)
  java.base/java.util.ArrayList.forEach(Unknown Source)
  knot//net.minecraft.class_11697$class_11700.method_73037(class_11697.java:212)
  knot//net.minecraft.class_11697.method_76671(class_11697.java:146)
  knot//net.minecraft.class_11697.method_73029(class_11697.java:142)
  java.base/java.util.concurrent.CompletableFuture$UniAccept.tryFire(Unknown Source)
  java.base/java.util.concurrent.CompletableFuture$Completion.run(Unknown Source)
  knot//net.minecraft.class_4014.method_67574(class_4014.java:59)
14:14:44.553 createBuffer stack sample #4:
  knot//com.metallum.client.metal.render.MetalDevice.createBuffer(MetalDevice.java:149)
  knot//net.minecraft.class_1059.method_76314(class_1059.java:173)
  knot//net.minecraft.class_1059.method_45848(class_1059.java:135)
  knot//net.minecraft.class_11697$class_11699.method_73035(class_11697.java:168)
  knot//net.minecraft.class_11697$class_11700.method_73039(class_11697.java:212)
  java.base/java.util.ArrayList.forEach(Unknown Source)
  knot//net.minecraft.class_11697$class_11700.method_73037(class_11697.java:212)
  knot//net.minecraft.class_11697.method_76671(class_11697.java:146)
  knot//net.minecraft.class_11697.method_73029(class_11697.java:142)
  java.base/java.util.concurrent.CompletableFuture$UniAccept.tryFire(Unknown Source)
  java.base/java.util.concurrent.CompletableFuture$Completion.run(Unknown Source)
  knot//net.minecraft.class_4014.method_67574(class_4014.java:59)
14:14:44.559 createBuffer stack sample #5:
  knot//com.metallum.client.metal.render.MetalDevice.createBuffer(MetalDevice.java:149)
  knot//net.minecraft.class_1059.method_76314(class_1059.java:173)
  knot//net.minecraft.class_1059.method_45848(class_1059.java:135)
  knot//net.minecraft.class_11697$class_11699.method_73035(class_11697.java:168)
  knot//net.minecraft.class_11697$class_11700.method_73039(class_11697.java:212)
  java.base/java.util.ArrayList.forEach(Unknown Source)
  knot//net.minecraft.class_11697$class_11700.method_73037(class_11697.java:212)
  knot//net.minecraft.class_11697.method_76671(class_11697.java:146)
  knot//net.minecraft.class_11697.method_73029(class_11697.java:142)
  java.base/java.util.concurrent.CompletableFuture$UniAccept.tryFire(Unknown Source)
  java.base/java.util.concurrent.CompletableFuture$Completion.run(Unknown Source)
  knot//net.minecraft.class_4014.method_67574(class_4014.java:59)
14:14:46.642 frame_time fps=52.8 avg=18.95ms max=265.35ms gpuBehind=0
14:14:51.658 frame_time fps=60.0 avg=16.67ms max=16.78ms gpuBehind=0
14:14:56.674 frame_time fps=60.0 avg=16.67ms max=16.80ms gpuBehind=0
14:14:56.841 [diag] Z clip-space remap MISS on minecraft:blur/0 fragment: FLIP_VERTEX_Y pattern not found, z is NOT remapped to [0,1] (depth may be wrong)
14:14:56.869 [diag] Z clip-space remap MISS on minecraft:blur/1 fragment: FLIP_VERTEX_Y pattern not found, z is NOT remapped to [0,1] (depth may be wrong)
14:14:56.895 [diag] Z clip-space remap MISS on minecraft:blur/2 fragment: FLIP_VERTEX_Y pattern not found, z is NOT remapped to [0,1] (depth may be wrong)
14:14:56.921 [diag] Z clip-space remap MISS on minecraft:blur/3 fragment: FLIP_VERTEX_Y pattern not found, z is NOT remapped to [0,1] (depth may be wrong)
14:14:56.947 [diag] Z clip-space remap MISS on minecraft:blur/4 fragment: FLIP_VERTEX_Y pattern not found, z is NOT remapped to [0,1] (depth may be wrong)
14:14:56.973 [diag] Z clip-space remap MISS on minecraft:blur/5 fragment: FLIP_VERTEX_Y pattern not found, z is NOT remapped to [0,1] (depth may be wrong)
14:15:00.010 [diag] Z clip-space remap MISS on sodium/blocks/block_layer_opaque fragment: FLIP_VERTEX_Y pattern not found, z is NOT remapped to [0,1] (depth may be wrong)
14:15:00.046 [diag] Z clip-space remap MISS on sodium/blocks/block_layer_opaque fragment: FLIP_VERTEX_Y pattern not found, z is NOT remapped to [0,1] (depth may be wrong)
14:15:00.087 [diag] Z clip-space remap MISS on sodium/blocks/block_layer_opaque fragment: FLIP_VERTEX_Y pattern not found, z is NOT remapped to [0,1] (depth may be wrong)
14:15:00.321 [diag] sodium regionUniform regionOffset=(-134.24,-44.78,-80.56) currentTime=114 fadePeriodInv=0.001333
14:15:00.321 [diag] sodium encoder rebuilds(last5s)=1
14:15:00.326 [diag] sodium draws(last5s)=1 batchSize=1 firstDraw=e=510 bv=193020 io=0
14:15:01.675 frame_time fps=44.3 avg=22.56ms max=302.98ms gpuBehind=0
14:15:05.326 [diag] sodium regionUniform regionOffset=(-134.24,-44.79,-80.56) currentTime=5119 fadePeriodInv=0.001333
14:15:05.327 [diag] sodium encoder rebuilds(last5s)=402
14:15:05.327 [diag] sodium draws(last5s)=58 batchSize=58 firstDraw=e=24 bv=340180 io=0
14:15:06.690 frame_time fps=58.6 avg=17.06ms max=82.78ms gpuBehind=0
14:15:10.327 [diag] sodium regionUniform regionOffset=(-6.24,-44.79,-80.56) currentTime=10370 fadePeriodInv=0.001333
14:15:10.329 [diag] sodium draws(last5s)=3 batchSize=3 firstDraw=e=282 bv=187164 io=0
14:15:11.143 [diag] sodium encoder rebuilds(last5s)=43
14:15:11.706 frame_time fps=59.8 avg=16.72ms max=26.28ms gpuBehind=0
14:15:15.340 [diag] sodium regionUniform regionOffset=(-134.24,-44.79,-80.56) currentTime=15134 fadePeriodInv=0.001333
14:15:15.340 [diag] sodium draws(last5s)=40 batchSize=40 firstDraw=e=24 bv=515472 io=0
14:15:16.723 frame_time fps=60.0 avg=16.67ms max=19.34ms gpuBehind=0
14:15:20.356 [diag] sodium regionUniform regionOffset=(-6.24,-44.79,-80.56) currentTime=20401 fadePeriodInv=0.001333
14:15:20.356 [diag] sodium draws(last5s)=2 batchSize=2 firstDraw=e=282 bv=442548 io=0
14:15:21.724 frame_time fps=60.0 avg=16.67ms max=21.86ms gpuBehind=0
14:15:24.345 [diag] sodium encoder rebuilds(last5s)=112
14:15:25.374 [diag] sodium regionUniform regionOffset=(-6.24,-44.79,-80.56) currentTime=25419 fadePeriodInv=0.001333
14:15:25.374 [diag] sodium draws(last5s)=72 batchSize=72 firstDraw=e=84 bv=34752 io=0
14:15:26.739 frame_time fps=60.0 avg=16.66ms max=19.48ms gpuBehind=0
14:15:30.393 [diag] sodium regionUniform regionOffset=(-6.24,-44.79,-80.56) currentTime=30436 fadePeriodInv=0.001333
14:15:30.394 [diag] sodium draws(last5s)=3 batchSize=3 firstDraw=e=282 bv=442548 io=0
14:15:31.755 frame_time fps=59.8 avg=16.72ms max=29.79ms gpuBehind=0
14:15:35.406 [diag] sodium regionUniform regionOffset=(-6.24,-44.79,-80.56) currentTime=35451 fadePeriodInv=0.001333
14:15:35.407 [diag] sodium draws(last5s)=3 batchSize=3 firstDraw=e=282 bv=442548 io=0
14:15:36.757 frame_time fps=60.0 avg=16.67ms max=18.96ms gpuBehind=0
14:15:40.426 [diag] sodium regionUniform regionOffset=(-6.24,-44.79,-80.56) currentTime=40471 fadePeriodInv=0.001333
14:15:40.427 [diag] sodium draws(last5s)=48 batchSize=48 firstDraw=e=906 bv=305188 io=0
14:15:41.638 buffers total=2828 | usage=0x82 count=51 req=0.0MB alloc=0.0MB | usage=0x22 count=36 req=0.7MB alloc=0.7MB | usage=0x102 count=3 req=2.0MB alloc=2.0MB | usage=0x2 count=1 req=0.4MB alloc=0.4MB | usage=0x3 count=41 req=43.7MB alloc=43.7MB | usage=0x14 count=2514 req=113.4MB alloc=113.4MB | usage=0x88 count=51 req=0.9MB alloc=0.9MB | usage=0x28 count=111 req=238.0MB alloc=238.0MB | usage=0x48 count=12 req=1.7MB alloc=1.7MB | usage=0x9 count=8 req=118.1MB alloc=118.1MB | sum count=2828 req=519.0MB alloc=519.0MB | poolHit=2608 poolMiss=2828 poolReturn=5206 poolHitRate=48%
14:15:41.771 frame_time fps=60.0 avg=16.66ms max=19.63ms gpuBehind=0
14:15:45.427 [diag] sodium regionUniform regionOffset=(-6.24,-44.79,-80.56) currentTime=45472 fadePeriodInv=0.001333
14:15:45.428 [diag] sodium draws(last5s)=1 batchSize=1 firstDraw=e=1206 bv=260100 io=0
14:15:46.774 frame_time fps=60.0 avg=16.67ms max=19.98ms gpuBehind=0
14:15:49.722 [diag] sodium encoder rebuilds(last5s)=97
14:15:50.437 [diag] sodium regionUniform regionOffset=(-6.24,-44.79,-80.56) currentTime=50482 fadePeriodInv=0.001333
14:15:50.438 [diag] sodium draws(last5s)=62 batchSize=62 firstDraw=e=1206 bv=260100 io=0
14:15:51.787 frame_time fps=60.0 avg=16.66ms max=21.26ms gpuBehind=0
14:15:55.454 [diag] sodium regionUniform regionOffset=(-6.24,-44.79,-80.56) currentTime=55498 fadePeriodInv=0.001333
14:15:55.456 [diag] sodium draws(last5s)=9 batchSize=9 firstDraw=e=282 bv=442548 io=0
14:15:56.803 frame_time fps=59.8 avg=16.72ms max=33.53ms gpuBehind=0
14:16:00.455 [diag] sodium regionUniform regionOffset=(-6.24,-44.79,-80.56) currentTime=60499 fadePeriodInv=0.001333
14:16:00.474 [diag] sodium draws(last5s)=64 batchSize=64 firstDraw=e=1206 bv=260100 io=0
14:16:01.805 frame_time fps=60.0 avg=16.67ms max=19.91ms gpuBehind=0
14:16:05.476 [diag] sodium regionUniform regionOffset=(-6.24,-44.79,-80.56) currentTime=65521 fadePeriodInv=0.001333
14:16:05.477 [diag] sodium draws(last5s)=51 batchSize=51 firstDraw=e=906 bv=305188 io=0
14:16:06.819 frame_time fps=60.0 avg=16.66ms max=20.14ms gpuBehind=0
14:16:10.486 [diag] sodium regionUniform regionOffset=(-6.24,-44.79,-80.56) currentTime=70531 fadePeriodInv=0.001333
14:16:10.486 [diag] sodium draws(last5s)=25 batchSize=25 firstDraw=e=906 bv=305188 io=0
14:16:11.836 frame_time fps=60.0 avg=16.67ms max=17.46ms gpuBehind=0
14:16:15.487 [diag] sodium regionUniform regionOffset=(-6.24,-44.79,-80.56) currentTime=75532 fadePeriodInv=0.001333
14:16:15.488 [diag] sodium draws(last5s)=25 batchSize=25 firstDraw=e=906 bv=305188 io=0
14:16:16.852 frame_time fps=60.0 avg=16.67ms max=17.59ms gpuBehind=0
14:16:20.502 [diag] sodium regionUniform regionOffset=(-6.24,-44.79,-80.56) currentTime=80547 fadePeriodInv=0.001333
14:16:20.502 [diag] sodium draws(last5s)=25 batchSize=25 firstDraw=e=906 bv=305188 io=0
14:16:21.869 frame_time fps=60.0 avg=16.67ms max=24.12ms gpuBehind=0
14:16:25.503 [diag] sodium regionUniform regionOffset=(-6.24,-44.79,-80.56) currentTime=85548 fadePeriodInv=0.001333
14:16:25.504 [diag] sodium draws(last5s)=25 batchSize=25 firstDraw=e=906 bv=305188 io=0
14:16:26.884 frame_time fps=60.0 avg=16.67ms max=17.19ms gpuBehind=0
14:16:30.519 [diag] sodium regionUniform regionOffset=(-6.24,-44.79,-80.56) currentTime=90563 fadePeriodInv=0.001333
14:16:30.519 [diag] sodium draws(last5s)=25 batchSize=25 firstDraw=e=906 bv=305188 io=0
14:16:31.901 frame_time fps=60.0 avg=16.67ms max=17.56ms gpuBehind=0
14:16:35.521 [diag] sodium regionUniform regionOffset=(-6.24,-44.79,-80.56) currentTime=95566 fadePeriodInv=0.001333
14:16:35.522 [diag] sodium draws(last5s)=25 batchSize=25 firstDraw=e=906 bv=305188 io=0
14:16:36.917 frame_time fps=60.0 avg=16.67ms max=18.41ms gpuBehind=0
==== Metallum diag start ====
14:23:48.052 [diag] Z clip-space remap MISS on minecraft:pipeline/gui fragment: FLIP_VERTEX_Y pattern not found, z is NOT remapped to [0,1] (depth may be wrong)
14:23:48.081 [diag] Z clip-space remap MISS on minecraft:pipeline/gui_textured fragment: FLIP_VERTEX_Y pattern not found, z is NOT remapped to [0,1] (depth may be wrong)
14:23:48.268 [diag] Z clip-space remap MISS on minecraft:pipeline/mojang_logo fragment: FLIP_VERTEX_Y pattern not found, z is NOT remapped to [0,1] (depth may be wrong)
14:23:48.277 buffers total=42 | usage=0x82 count=15 req=0.0MB alloc=0.0MB | usage=0x22 count=6 req=0.0MB alloc=0.0MB | usage=0x3 count=2 req=1.5MB alloc=1.5MB | usage=0x88 count=15 req=0.0MB alloc=0.0MB | usage=0x28 count=3 req=0.0MB alloc=0.0MB | usage=0x48 count=1 req=0.0MB alloc=0.0MB | sum count=42 req=1.5MB alloc=1.5MB | poolHit=0 poolMiss=42 poolReturn=0 poolHitRate=0%
14:23:49.002 [diag] Z clip-space remap MISS on minecraft:pipeline/text_background fragment: FLIP_VERTEX_Y pattern not found, z is NOT remapped to [0,1] (depth may be wrong)
14:23:49.029 [diag] Z clip-space remap MISS on minecraft:pipeline/water_mask fragment: FLIP_VERTEX_Y pattern not found, z is NOT remapped to [0,1] (depth may be wrong)
14:23:49.056 [diag] Z clip-space remap MISS on minecraft:pipeline/glint fragment: FLIP_VERTEX_Y pattern not found, z is NOT remapped to [0,1] (depth may be wrong)
14:23:49.082 [diag] Z clip-space remap MISS on minecraft:pipeline/leash fragment: FLIP_VERTEX_Y pattern not found, z is NOT remapped to [0,1] (depth may be wrong)
14:23:49.107 [diag] Z clip-space remap MISS on minecraft:pipeline/dragon_rays fragment: FLIP_VERTEX_Y pattern not found, z is NOT remapped to [0,1] (depth may be wrong)
14:23:49.132 [diag] Z clip-space remap MISS on minecraft:pipeline/crosshair fragment: FLIP_VERTEX_Y pattern not found, z is NOT remapped to [0,1] (depth may be wrong)
14:23:49.158 [diag] Z clip-space remap MISS on minecraft:pipeline/lightning fragment: FLIP_VERTEX_Y pattern not found, z is NOT remapped to [0,1] (depth may be wrong)
14:23:49.183 [diag] Z clip-space remap MISS on minecraft:pipeline/dragon_rays_depth fragment: FLIP_VERTEX_Y pattern not found, z is NOT remapped to [0,1] (depth may be wrong)
14:23:49.209 [diag] Z clip-space remap MISS on minecraft:pipeline/entity_cutout_no_cull fragment: FLIP_VERTEX_Y pattern not found, z is NOT remapped to [0,1] (depth may be wrong)
14:23:49.236 [diag] Z clip-space remap MISS on minecraft:pipeline/entity_translucent_emissive fragment: FLIP_VERTEX_Y pattern not found, z is NOT remapped to [0,1] (depth may be wrong)
14:23:49.262 [diag] Z clip-space remap MISS on minecraft:pipeline/gui_text_intensity fragment: FLIP_VERTEX_Y pattern not found, z is NOT remapped to [0,1] (depth may be wrong)
14:23:49.287 [diag] Z clip-space remap MISS on minecraft:pipeline/celestial fragment: FLIP_VERTEX_Y pattern not found, z is NOT remapped to [0,1] (depth may be wrong)
14:23:49.312 [diag] Z clip-space remap MISS on minecraft:pipeline/stars fragment: FLIP_VERTEX_Y pattern not found, z is NOT remapped to [0,1] (depth may be wrong)
14:23:49.338 [diag] Z clip-space remap MISS on minecraft:pipeline/crumbling fragment: FLIP_VERTEX_Y pattern not found, z is NOT remapped to [0,1] (depth may be wrong)
14:23:49.363 [diag] Z clip-space remap MISS on minecraft:pipeline/beacon_beam_opaque fragment: FLIP_VERTEX_Y pattern not found, z is NOT remapped to [0,1] (depth may be wrong)
14:23:49.390 [diag] Z clip-space remap MISS on minecraft:pipeline/end_gateway fragment: FLIP_VERTEX_Y pattern not found, z is NOT remapped to [0,1] (depth may be wrong)
14:23:49.415 [diag] Z clip-space remap MISS on minecraft:pipeline/dragon_explosion_alpha fragment: FLIP_VERTEX_Y pattern not found, z is NOT remapped to [0,1] (depth may be wrong)
14:23:49.440 [diag] Z clip-space remap MISS on minecraft:pipeline/end_sky fragment: FLIP_VERTEX_Y pattern not found, z is NOT remapped to [0,1] (depth may be wrong)
14:23:49.464 [diag] Z clip-space remap MISS on minecraft:pipeline/animate_sprite_blit fragment: FLIP_VERTEX_Y pattern not found, z is NOT remapped to [0,1] (depth may be wrong)
14:23:49.490 [diag] Z clip-space remap MISS on minecraft:pipeline/lines_translucent fragment: FLIP_VERTEX_Y pattern not found, z is NOT remapped to [0,1] (depth may be wrong)
14:23:49.516 [diag] Z clip-space remap MISS on minecraft:pipeline/flat_clouds fragment: FLIP_VERTEX_Y pattern not found, z is NOT remapped to [0,1] (depth may be wrong)
14:23:49.540 [diag] Z clip-space remap MISS on minecraft:pipeline/gui_nausea_overlay fragment: FLIP_VERTEX_Y pattern not found, z is NOT remapped to [0,1] (depth may be wrong)
14:23:49.566 [diag] Z clip-space remap MISS on minecraft:pipeline/solid_terrain fragment: FLIP_VERTEX_Y pattern not found, z is NOT remapped to [0,1] (depth may be wrong)
14:23:49.592 [diag] Z clip-space remap MISS on minecraft:pipeline/energy_swirl fragment: FLIP_VERTEX_Y pattern not found, z is NOT remapped to [0,1] (depth may be wrong)
14:23:49.618 [diag] Z clip-space remap MISS on minecraft:pipeline/entity_decal fragment: FLIP_VERTEX_Y pattern not found, z is NOT remapped to [0,1] (depth may be wrong)
14:23:49.643 [diag] Z clip-space remap MISS on minecraft:pipeline/lines fragment: FLIP_VERTEX_Y pattern not found, z is NOT remapped to [0,1] (depth may be wrong)
14:23:49.668 [diag] Z clip-space remap MISS on minecraft:pipeline/tracy_blit fragment: FLIP_VERTEX_Y pattern not found, z is NOT remapped to [0,1] (depth may be wrong)
14:23:49.693 [diag] Z clip-space remap MISS on minecraft:pipeline/weather_depth_write fragment: FLIP_VERTEX_Y pattern not found, z is NOT remapped to [0,1] (depth may be wrong)
14:23:49.718 [diag] Z clip-space remap MISS on minecraft:pipeline/text fragment: FLIP_VERTEX_Y pattern not found, z is NOT remapped to [0,1] (depth may be wrong)
14:23:49.744 [diag] Z clip-space remap MISS on minecraft:pipeline/cutout_block fragment: FLIP_VERTEX_Y pattern not found, z is NOT remapped to [0,1] (depth may be wrong)
14:23:49.770 [diag] Z clip-space remap MISS on minecraft:pipeline/tripwire_block fragment: FLIP_VERTEX_Y pattern not found, z is NOT remapped to [0,1] (depth may be wrong)
14:23:49.795 [diag] Z clip-space remap MISS on minecraft:pipeline/translucent_moving_block fragment: FLIP_VERTEX_Y pattern not found, z is NOT remapped to [0,1] (depth may be wrong)
14:23:49.821 [diag] Z clip-space remap MISS on minecraft:pipeline/gui_text fragment: FLIP_VERTEX_Y pattern not found, z is NOT remapped to [0,1] (depth may be wrong)
14:23:49.845 [diag] Z clip-space remap MISS on minecraft:pipeline/debug_triangle_fan fragment: FLIP_VERTEX_Y pattern not found, z is NOT remapped to [0,1] (depth may be wrong)
14:23:49.871 [diag] Z clip-space remap MISS on minecraft:pipeline/sky fragment: FLIP_VERTEX_Y pattern not found, z is NOT remapped to [0,1] (depth may be wrong)
14:23:49.896 [diag] Z clip-space remap MISS on minecraft:pipeline/clouds fragment: FLIP_VERTEX_Y pattern not found, z is NOT remapped to [0,1] (depth may be wrong)
14:23:49.922 [diag] Z clip-space remap MISS on minecraft:pipeline/weather_no_depth_write fragment: FLIP_VERTEX_Y pattern not found, z is NOT remapped to [0,1] (depth may be wrong)
14:23:49.947 [diag] Z clip-space remap MISS on minecraft:pipeline/entity_shadow fragment: FLIP_VERTEX_Y pattern not found, z is NOT remapped to [0,1] (depth may be wrong)
14:23:49.973 [diag] Z clip-space remap MISS on minecraft:pipeline/entity_solid fragment: FLIP_VERTEX_Y pattern not found, z is NOT remapped to [0,1] (depth may be wrong)
14:23:49.999 [diag] Z clip-space remap MISS on minecraft:pipeline/opaque_particle fragment: FLIP_VERTEX_Y pattern not found, z is NOT remapped to [0,1] (depth may be wrong)
14:23:50.024 [diag] Z clip-space remap MISS on minecraft:pipeline/secondary_block_outline fragment: FLIP_VERTEX_Y pattern not found, z is NOT remapped to [0,1] (depth may be wrong)
14:23:50.051 [diag] Z clip-space remap MISS on minecraft:pipeline/tripwire_terrain fragment: FLIP_VERTEX_Y pattern not found, z is NOT remapped to [0,1] (depth may be wrong)
14:23:50.077 [diag] Z clip-space remap MISS on minecraft:pipeline/breeze_wind fragment: FLIP_VERTEX_Y pattern not found, z is NOT remapped to [0,1] (depth may be wrong)
14:23:50.103 [diag] Z clip-space remap MISS on minecraft:pipeline/translucent_terrain fragment: FLIP_VERTEX_Y pattern not found, z is NOT remapped to [0,1] (depth may be wrong)
14:23:50.128 [diag] Z clip-space remap MISS on minecraft:pipeline/text_see_through fragment: FLIP_VERTEX_Y pattern not found, z is NOT remapped to [0,1] (depth may be wrong)
14:23:50.154 [diag] Z clip-space remap MISS on minecraft:pipeline/armor_decal_cutout_no_cull fragment: FLIP_VERTEX_Y pattern not found, z is NOT remapped to [0,1] (depth may be wrong)
14:23:50.179 [diag] Z clip-space remap MISS on minecraft:pipeline/debug_points fragment: FLIP_VERTEX_Y pattern not found, z is NOT remapped to [0,1] (depth may be wrong)
14:23:50.204 [diag] Z clip-space remap MISS on minecraft:pipeline/panorama fragment: FLIP_VERTEX_Y pattern not found, z is NOT remapped to [0,1] (depth may be wrong)
14:23:50.228 [diag] Z clip-space remap MISS on minecraft:pipeline/gui_invert fragment: FLIP_VERTEX_Y pattern not found, z is NOT remapped to [0,1] (depth may be wrong)
14:23:50.254 [diag] Z clip-space remap MISS on minecraft:pipeline/cutout_terrain fragment: FLIP_VERTEX_Y pattern not found, z is NOT remapped to [0,1] (depth may be wrong)
14:23:50.280 [diag] Z clip-space remap MISS on minecraft:pipeline/armor_cutout_no_cull fragment: FLIP_VERTEX_Y pattern not found, z is NOT remapped to [0,1] (depth may be wrong)
14:23:50.305 [diag] Z clip-space remap MISS on minecraft:pipeline/gui_text_highlight fragment: FLIP_VERTEX_Y pattern not found, z is NOT remapped to [0,1] (depth may be wrong)
14:23:50.330 [diag] Z clip-space remap MISS on minecraft:pipeline/entity_cutout fragment: FLIP_VERTEX_Y pattern not found, z is NOT remapped to [0,1] (depth may be wrong)
14:23:50.355 [diag] Z clip-space remap MISS on minecraft:pipeline/fire_screen_effect fragment: FLIP_VERTEX_Y pattern not found, z is NOT remapped to [0,1] (depth may be wrong)
14:23:50.381 [diag] Z clip-space remap MISS on minecraft:pipeline/entity_smooth_cutout fragment: FLIP_VERTEX_Y pattern not found, z is NOT remapped to [0,1] (depth may be wrong)
14:23:50.406 [diag] Z clip-space remap MISS on minecraft:pipeline/text_background_see_through fragment: FLIP_VERTEX_Y pattern not found, z is NOT remapped to [0,1] (depth may be wrong)
14:23:50.431 [diag] Z clip-space remap MISS on minecraft:pipeline/animate_sprite_interpolate fragment: FLIP_VERTEX_Y pattern not found, z is NOT remapped to [0,1] (depth may be wrong)
14:23:50.455 [diag] Z clip-space remap MISS on minecraft:pipeline/block_screen_effect fragment: FLIP_VERTEX_Y pattern not found, z is NOT remapped to [0,1] (depth may be wrong)
14:23:50.479 [diag] Z clip-space remap MISS on minecraft:pipeline/outline_cull fragment: FLIP_VERTEX_Y pattern not found, z is NOT remapped to [0,1] (depth may be wrong)
14:23:50.504 [diag] Z clip-space remap MISS on minecraft:pipeline/debug_quads fragment: FLIP_VERTEX_Y pattern not found, z is NOT remapped to [0,1] (depth may be wrong)
14:23:50.529 [diag] Z clip-space remap MISS on minecraft:pipeline/lightmap fragment: FLIP_VERTEX_Y pattern not found, z is NOT remapped to [0,1] (depth may be wrong)
14:23:50.554 [diag] Z clip-space remap MISS on minecraft:pipeline/eyes fragment: FLIP_VERTEX_Y pattern not found, z is NOT remapped to [0,1] (depth may be wrong)
14:23:50.580 [diag] Z clip-space remap MISS on minecraft:pipeline/item_entity_translucent_cull fragment: FLIP_VERTEX_Y pattern not found, z is NOT remapped to [0,1] (depth may be wrong)
14:23:50.605 [diag] Z clip-space remap MISS on minecraft:pipeline/armor_translucent fragment: FLIP_VERTEX_Y pattern not found, z is NOT remapped to [0,1] (depth may be wrong)
14:23:50.629 [diag] Z clip-space remap MISS on minecraft:pipeline/gui_opaque_textured_background fragment: FLIP_VERTEX_Y pattern not found, z is NOT remapped to [0,1] (depth may be wrong)
14:23:50.654 [diag] Z clip-space remap MISS on minecraft:pipeline/entity_cutout_no_cull_z_offset fragment: FLIP_VERTEX_Y pattern not found, z is NOT remapped to [0,1] (depth may be wrong)
14:23:50.680 [diag] Z clip-space remap MISS on minecraft:pipeline/entity_no_outline fragment: FLIP_VERTEX_Y pattern not found, z is NOT remapped to [0,1] (depth may be wrong)
14:23:50.705 [diag] Z clip-space remap MISS on minecraft:pipeline/debug_filled_box fragment: FLIP_VERTEX_Y pattern not found, z is NOT remapped to [0,1] (depth may be wrong)
14:23:50.730 [diag] Z clip-space remap MISS on minecraft:pipeline/wireframe fragment: FLIP_VERTEX_Y pattern not found, z is NOT remapped to [0,1] (depth may be wrong)
14:23:50.755 [diag] Z clip-space remap MISS on minecraft:pipeline/text_intensity_see_through fragment: FLIP_VERTEX_Y pattern not found, z is NOT remapped to [0,1] (depth may be wrong)
14:23:50.779 [diag] Z clip-space remap MISS on minecraft:pipeline/world_border fragment: FLIP_VERTEX_Y pattern not found, z is NOT remapped to [0,1] (depth may be wrong)
14:23:50.804 [diag] Z clip-space remap MISS on minecraft:pipeline/gui fragment: FLIP_VERTEX_Y pattern not found, z is NOT remapped to [0,1] (depth may be wrong)
14:23:50.828 [diag] Z clip-space remap MISS on minecraft:pipeline/translucent_particle fragment: FLIP_VERTEX_Y pattern not found, z is NOT remapped to [0,1] (depth may be wrong)
14:23:50.853 [diag] Z clip-space remap MISS on minecraft:pipeline/mojang_logo fragment: FLIP_VERTEX_Y pattern not found, z is NOT remapped to [0,1] (depth may be wrong)
14:23:50.878 [diag] Z clip-space remap MISS on minecraft:pipeline/text_polygon_offset fragment: FLIP_VERTEX_Y pattern not found, z is NOT remapped to [0,1] (depth may be wrong)
14:23:50.902 [diag] Z clip-space remap MISS on minecraft:pipeline/beacon_beam_translucent fragment: FLIP_VERTEX_Y pattern not found, z is NOT remapped to [0,1] (depth may be wrong)
14:23:50.927 [diag] Z clip-space remap MISS on minecraft:pipeline/entity_solid_offset_forward fragment: FLIP_VERTEX_Y pattern not found, z is NOT remapped to [0,1] (depth may be wrong)
14:23:50.952 [diag] Z clip-space remap MISS on minecraft:pipeline/text_intensity fragment: FLIP_VERTEX_Y pattern not found, z is NOT remapped to [0,1] (depth may be wrong)
14:23:50.977 [diag] Z clip-space remap MISS on minecraft:pipeline/entity_outline_blit fragment: FLIP_VERTEX_Y pattern not found, z is NOT remapped to [0,1] (depth may be wrong)
14:23:51.002 [diag] Z clip-space remap MISS on minecraft:pipeline/solid_block fragment: FLIP_VERTEX_Y pattern not found, z is NOT remapped to [0,1] (depth may be wrong)
14:23:51.027 [diag] Z clip-space remap MISS on minecraft:pipeline/end_portal fragment: FLIP_VERTEX_Y pattern not found, z is NOT remapped to [0,1] (depth may be wrong)
14:23:51.052 [diag] Z clip-space remap MISS on minecraft:pipeline/gui_textured fragment: FLIP_VERTEX_Y pattern not found, z is NOT remapped to [0,1] (depth may be wrong)
14:23:51.076 [diag] Z clip-space remap MISS on minecraft:pipeline/sunrise_sunset fragment: FLIP_VERTEX_Y pattern not found, z is NOT remapped to [0,1] (depth may be wrong)
14:23:51.100 [diag] Z clip-space remap MISS on minecraft:pipeline/gui_textured_premultiplied_alpha fragment: FLIP_VERTEX_Y pattern not found, z is NOT remapped to [0,1] (depth may be wrong)
14:23:51.124 [diag] Z clip-space remap MISS on minecraft:pipeline/outline_no_cull fragment: FLIP_VERTEX_Y pattern not found, z is NOT remapped to [0,1] (depth may be wrong)
14:23:51.148 [diag] Z clip-space remap MISS on minecraft:pipeline/vignette fragment: FLIP_VERTEX_Y pattern not found, z is NOT remapped to [0,1] (depth may be wrong)
14:23:51.174 [diag] Z clip-space remap MISS on minecraft:pipeline/entity_translucent fragment: FLIP_VERTEX_Y pattern not found, z is NOT remapped to [0,1] (depth may be wrong)
14:23:51.215 createBuffer stack sample #1:
  knot//com.metallum.client.metal.render.MetalDevice.createBuffer(MetalDevice.java:149)
  knot//net.minecraft.class_1059.method_45848(class_1059.java:116)
  knot//net.minecraft.class_11697$class_11699.method_73035(class_11697.java:168)
  knot//net.minecraft.class_11697$class_11700.method_73039(class_11697.java:212)
  java.base/java.util.ArrayList.forEach(Unknown Source)
  knot//net.minecraft.class_11697$class_11700.method_73037(class_11697.java:212)
  knot//net.minecraft.class_11697.method_76671(class_11697.java:146)
  knot//net.minecraft.class_11697.method_73029(class_11697.java:142)
  java.base/java.util.concurrent.CompletableFuture$UniAccept.tryFire(Unknown Source)
  java.base/java.util.concurrent.CompletableFuture$Completion.run(Unknown Source)
  knot//net.minecraft.class_4014.method_67574(class_4014.java:59)
  knot//net.minecraft.class_1255.method_18859(class_1255.java:169)
14:23:51.228 createBuffer stack sample #2:
  knot//com.metallum.client.metal.render.MetalDevice.createBuffer(MetalDevice.java:149)
  knot//net.minecraft.class_1059.method_76314(class_1059.java:173)
  knot//net.minecraft.class_1059.method_45848(class_1059.java:135)
  knot//net.minecraft.class_11697$class_11699.method_73035(class_11697.java:168)
  knot//net.minecraft.class_11697$class_11700.method_73039(class_11697.java:212)
  java.base/java.util.ArrayList.forEach(Unknown Source)
  knot//net.minecraft.class_11697$class_11700.method_73037(class_11697.java:212)
  knot//net.minecraft.class_11697.method_76671(class_11697.java:146)
  knot//net.minecraft.class_11697.method_73029(class_11697.java:142)
  java.base/java.util.concurrent.CompletableFuture$UniAccept.tryFire(Unknown Source)
  java.base/java.util.concurrent.CompletableFuture$Completion.run(Unknown Source)
  knot//net.minecraft.class_4014.method_67574(class_4014.java:59)
14:23:51.231 createBuffer stack sample #3:
  knot//com.metallum.client.metal.render.MetalDevice.createBuffer(MetalDevice.java:149)
  knot//net.minecraft.class_1059.method_76314(class_1059.java:173)
  knot//net.minecraft.class_1059.method_45848(class_1059.java:135)
  knot//net.minecraft.class_11697$class_11699.method_73035(class_11697.java:168)
  knot//net.minecraft.class_11697$class_11700.method_73039(class_11697.java:212)
  java.base/java.util.ArrayList.forEach(Unknown Source)
  knot//net.minecraft.class_11697$class_11700.method_73037(class_11697.java:212)
  knot//net.minecraft.class_11697.method_76671(class_11697.java:146)
  knot//net.minecraft.class_11697.method_73029(class_11697.java:142)
  java.base/java.util.concurrent.CompletableFuture$UniAccept.tryFire(Unknown Source)
  java.base/java.util.concurrent.CompletableFuture$Completion.run(Unknown Source)
  knot//net.minecraft.class_4014.method_67574(class_4014.java:59)
14:23:51.249 createBuffer stack sample #4:
  knot//com.metallum.client.metal.render.MetalDevice.createBuffer(MetalDevice.java:149)
  knot//net.minecraft.class_1059.method_76314(class_1059.java:173)
  knot//net.minecraft.class_1059.method_45848(class_1059.java:135)
  knot//net.minecraft.class_11697$class_11699.method_73035(class_11697.java:168)
  knot//net.minecraft.class_11697$class_11700.method_73039(class_11697.java:212)
  java.base/java.util.ArrayList.forEach(Unknown Source)
  knot//net.minecraft.class_11697$class_11700.method_73037(class_11697.java:212)
  knot//net.minecraft.class_11697.method_76671(class_11697.java:146)
  knot//net.minecraft.class_11697.method_73029(class_11697.java:142)
  java.base/java.util.concurrent.CompletableFuture$UniAccept.tryFire(Unknown Source)
  java.base/java.util.concurrent.CompletableFuture$Completion.run(Unknown Source)
  knot//net.minecraft.class_4014.method_67574(class_4014.java:59)
14:23:51.253 createBuffer stack sample #5:
  knot//com.metallum.client.metal.render.MetalDevice.createBuffer(MetalDevice.java:149)
  knot//net.minecraft.class_1059.method_76314(class_1059.java:173)
  knot//net.minecraft.class_1059.method_45848(class_1059.java:135)
  knot//net.minecraft.class_11697$class_11699.method_73035(class_11697.java:168)
  knot//net.minecraft.class_11697$class_11700.method_73039(class_11697.java:212)
  java.base/java.util.ArrayList.forEach(Unknown Source)
  knot//net.minecraft.class_11697$class_11700.method_73037(class_11697.java:212)
  knot//net.minecraft.class_11697.method_76671(class_11697.java:146)
  knot//net.minecraft.class_11697.method_73029(class_11697.java:142)
  java.base/java.util.concurrent.CompletableFuture$UniAccept.tryFire(Unknown Source)
  java.base/java.util.concurrent.CompletableFuture$Completion.run(Unknown Source)
  knot//net.minecraft.class_4014.method_67574(class_4014.java:59)
14:23:53.287 frame_time fps=53.3 avg=18.76ms max=259.54ms gpuBehind=0
14:23:54.202 [diag] Z clip-space remap MISS on minecraft:blur/0 fragment: FLIP_VERTEX_Y pattern not found, z is NOT remapped to [0,1] (depth may be wrong)
14:23:54.229 [diag] Z clip-space remap MISS on minecraft:blur/1 fragment: FLIP_VERTEX_Y pattern not found, z is NOT remapped to [0,1] (depth may be wrong)
14:23:54.254 [diag] Z clip-space remap MISS on minecraft:blur/2 fragment: FLIP_VERTEX_Y pattern not found, z is NOT remapped to [0,1] (depth may be wrong)
14:23:54.279 [diag] Z clip-space remap MISS on minecraft:blur/3 fragment: FLIP_VERTEX_Y pattern not found, z is NOT remapped to [0,1] (depth may be wrong)
14:23:54.304 [diag] Z clip-space remap MISS on minecraft:blur/4 fragment: FLIP_VERTEX_Y pattern not found, z is NOT remapped to [0,1] (depth may be wrong)
14:23:54.329 [diag] Z clip-space remap MISS on minecraft:blur/5 fragment: FLIP_VERTEX_Y pattern not found, z is NOT remapped to [0,1] (depth may be wrong)
14:23:57.713 [diag] Z clip-space remap MISS on sodium/blocks/block_layer_opaque fragment: FLIP_VERTEX_Y pattern not found, z is NOT remapped to [0,1] (depth may be wrong)
14:23:57.750 [diag] Z clip-space remap MISS on sodium/blocks/block_layer_opaque fragment: FLIP_VERTEX_Y pattern not found, z is NOT remapped to [0,1] (depth may be wrong)
14:23:57.784 [diag] Z clip-space remap MISS on sodium/blocks/block_layer_opaque fragment: FLIP_VERTEX_Y pattern not found, z is NOT remapped to [0,1] (depth may be wrong)
14:23:57.901 [diag] sodium regionUniform regionOffset=(-118.30,-6.60,-86.30) currentTime=249 fadePeriodInv=0.001333
14:23:57.902 [diag] sodium encoder rebuilds(last5s)=1
14:23:57.905 [diag] sodium draws(last5s)=1 batchSize=1 firstDraw=e=3498 bv=191204 io=0
14:23:58.303 frame_time fps=48.3 avg=20.72ms max=318.21ms gpuBehind=0
14:24:02.904 [diag] sodium regionUniform regionOffset=(-118.30,-6.62,-86.30) currentTime=5253 fadePeriodInv=0.001333
14:24:02.904 [diag] sodium draws(last5s)=21 batchSize=21 firstDraw=e=3498 bv=191204 io=0
14:24:03.319 frame_time fps=55.6 avg=17.98ms max=89.45ms gpuBehind=0
14:24:06.286 [diag] sodium encoder rebuilds(last5s)=495
14:24:07.904 [diag] sodium regionUniform regionOffset=(-118.30,-6.62,-86.30) currentTime=10254 fadePeriodInv=0.001333
14:24:07.905 [diag] sodium draws(last5s)=1 batchSize=1 firstDraw=e=468 bv=191120 io=385200
14:24:08.335 frame_time fps=60.0 avg=16.67ms max=16.89ms gpuBehind=0
14:24:11.537 [diag] sodium encoder rebuilds(last5s)=266
14:24:12.918 [diag] sodium regionUniform regionOffset=(-25.25,-11.02,-87.83) currentTime=15045 fadePeriodInv=0.001333
14:24:12.919 [diag] sodium draws(last5s)=59 batchSize=59 firstDraw=e=120 bv=710724 io=0
14:24:13.351 frame_time fps=59.4 avg=16.83ms max=58.07ms gpuBehind=0
14:24:17.923 [diag] sodium regionUniform regionOffset=(-66.02,-22.31,-92.38) currentTime=20050 fadePeriodInv=0.001333
14:24:17.923 [diag] sodium draws(last5s)=21 batchSize=21 firstDraw=e=1776 bv=578184 io=0
14:24:18.367 frame_time fps=60.0 avg=16.66ms max=16.98ms gpuBehind=0
14:24:21.102 [diag] sodium encoder rebuilds(last5s)=120
14:24:22.935 [diag] sodium regionUniform regionOffset=(-66.02,-22.31,-92.38) currentTime=25061 fadePeriodInv=0.001333
14:24:22.936 [diag] sodium draws(last5s)=21 batchSize=21 firstDraw=e=1776 bv=578184 io=0
14:24:23.385 frame_time fps=59.6 avg=16.78ms max=35.80ms gpuBehind=0
14:24:27.954 [diag] sodium regionUniform regionOffset=(-66.02,-22.31,-92.38) currentTime=30080 fadePeriodInv=0.001333
14:24:27.954 [diag] sodium draws(last5s)=21 batchSize=21 firstDraw=e=1776 bv=578184 io=0
14:24:28.400 frame_time fps=60.0 avg=16.67ms max=18.42ms gpuBehind=0
14:24:32.953 [diag] sodium regionUniform regionOffset=(61.98,-86.31,-220.38) currentTime=34015 fadePeriodInv=0.001333
14:24:32.967 [diag] sodium draws(last5s)=21 batchSize=21 firstDraw=e=1776 bv=578184 io=0
14:24:33.416 frame_time fps=60.0 avg=16.67ms max=16.97ms gpuBehind=0
14:24:37.967 [diag] sodium regionUniform regionOffset=(-66.02,-22.31,-92.38) currentTime=40094 fadePeriodInv=0.001333
14:24:37.968 [diag] sodium draws(last5s)=21 batchSize=21 firstDraw=e=1776 bv=578184 io=0
14:24:38.432 frame_time fps=60.0 avg=16.67ms max=18.05ms gpuBehind=0
14:24:42.969 [diag] sodium regionUniform regionOffset=(-66.02,-22.31,-92.38) currentTime=45096 fadePeriodInv=0.001333
14:24:42.970 [diag] sodium draws(last5s)=21 batchSize=21 firstDraw=e=1776 bv=578184 io=0
14:24:43.448 frame_time fps=60.0 avg=16.67ms max=18.14ms gpuBehind=0
14:24:47.982 [diag] sodium regionUniform regionOffset=(-66.02,-22.31,-92.38) currentTime=50108 fadePeriodInv=0.001333
14:24:47.982 [diag] sodium draws(last5s)=21 batchSize=21 firstDraw=e=1776 bv=578184 io=0
14:24:48.282 buffers total=3599 | usage=0x82 count=51 req=0.0MB alloc=0.0MB | usage=0x22 count=237 req=2.4MB alloc=2.4MB | usage=0x2 count=1 req=0.4MB alloc=0.4MB | usage=0x102 count=3 req=2.0MB alloc=2.0MB | usage=0x3 count=40 req=43.2MB alloc=43.2MB | usage=0x14 count=3051 req=124.8MB alloc=124.8MB | usage=0x88 count=51 req=0.9MB alloc=0.9MB | usage=0x28 count=145 req=272.0MB alloc=272.0MB | usage=0x48 count=9 req=1.7MB alloc=1.7MB | usage=0x9 count=11 req=162.4MB alloc=162.4MB | sum count=3599 req=609.8MB alloc=609.8MB | poolHit=3272 poolMiss=3599 poolReturn=6628 poolHitRate=48%
14:24:48.465 frame_time fps=60.0 avg=16.67ms max=18.83ms gpuBehind=0
14:24:53.481 frame_time fps=60.0 avg=16.66ms max=20.05ms gpuBehind=0
==== Metallum diag start ====
14:33:39.171 [diag] Z clip-space remap MISS on minecraft:pipeline/gui fragment: FLIP_VERTEX_Y pattern not found, z is NOT remapped to [0,1] (depth may be wrong)
14:33:39.201 [diag] Z clip-space remap MISS on minecraft:pipeline/gui_textured fragment: FLIP_VERTEX_Y pattern not found, z is NOT remapped to [0,1] (depth may be wrong)
14:33:39.379 [diag] Z clip-space remap MISS on minecraft:pipeline/mojang_logo fragment: FLIP_VERTEX_Y pattern not found, z is NOT remapped to [0,1] (depth may be wrong)
14:33:39.424 buffers total=42 | usage=0x82 count=15 req=0.0MB alloc=0.0MB | usage=0x22 count=6 req=0.0MB alloc=0.0MB | usage=0x3 count=2 req=1.5MB alloc=1.5MB | usage=0x88 count=15 req=0.0MB alloc=0.0MB | usage=0x28 count=3 req=0.0MB alloc=0.0MB | usage=0x48 count=1 req=0.0MB alloc=0.0MB | sum count=42 req=1.5MB alloc=1.5MB | poolHit=0 poolMiss=42 poolReturn=0 poolHitRate=0%
14:33:40.277 [diag] Z clip-space remap MISS on minecraft:pipeline/gui_text_highlight fragment: FLIP_VERTEX_Y pattern not found, z is NOT remapped to [0,1] (depth may be wrong)
14:33:40.306 [diag] Z clip-space remap MISS on minecraft:pipeline/text_intensity_see_through fragment: FLIP_VERTEX_Y pattern not found, z is NOT remapped to [0,1] (depth may be wrong)
14:33:40.333 [diag] Z clip-space remap MISS on minecraft:pipeline/debug_triangle_fan fragment: FLIP_VERTEX_Y pattern not found, z is NOT remapped to [0,1] (depth may be wrong)
14:33:40.362 [diag] Z clip-space remap MISS on minecraft:pipeline/end_gateway fragment: FLIP_VERTEX_Y pattern not found, z is NOT remapped to [0,1] (depth may be wrong)
14:33:40.392 [diag] Z clip-space remap MISS on minecraft:pipeline/entity_solid fragment: FLIP_VERTEX_Y pattern not found, z is NOT remapped to [0,1] (depth may be wrong)
14:33:40.419 [diag] Z clip-space remap MISS on minecraft:pipeline/entity_translucent fragment: FLIP_VERTEX_Y pattern not found, z is NOT remapped to [0,1] (depth may be wrong)
14:33:40.445 [diag] Z clip-space remap MISS on minecraft:pipeline/panorama fragment: FLIP_VERTEX_Y pattern not found, z is NOT remapped to [0,1] (depth may be wrong)
14:33:40.473 [diag] Z clip-space remap MISS on minecraft:pipeline/translucent_terrain fragment: FLIP_VERTEX_Y pattern not found, z is NOT remapped to [0,1] (depth may be wrong)
14:33:40.499 [diag] Z clip-space remap MISS on minecraft:pipeline/end_portal fragment: FLIP_VERTEX_Y pattern not found, z is NOT remapped to [0,1] (depth may be wrong)
14:33:40.524 [diag] Z clip-space remap MISS on minecraft:pipeline/animate_sprite_blit fragment: FLIP_VERTEX_Y pattern not found, z is NOT remapped to [0,1] (depth may be wrong)
14:33:40.551 [diag] Z clip-space remap MISS on minecraft:pipeline/entity_cutout_no_cull fragment: FLIP_VERTEX_Y pattern not found, z is NOT remapped to [0,1] (depth may be wrong)
14:33:40.576 [diag] Z clip-space remap MISS on minecraft:pipeline/crumbling fragment: FLIP_VERTEX_Y pattern not found, z is NOT remapped to [0,1] (depth may be wrong)
14:33:40.603 [diag] Z clip-space remap MISS on minecraft:pipeline/breeze_wind fragment: FLIP_VERTEX_Y pattern not found, z is NOT remapped to [0,1] (depth may be wrong)
14:33:40.628 [diag] Z clip-space remap MISS on minecraft:pipeline/text_background_see_through fragment: FLIP_VERTEX_Y pattern not found, z is NOT remapped to [0,1] (depth may be wrong)
14:33:40.653 [diag] Z clip-space remap MISS on minecraft:pipeline/text_see_through fragment: FLIP_VERTEX_Y pattern not found, z is NOT remapped to [0,1] (depth may be wrong)
14:33:40.678 [diag] Z clip-space remap MISS on minecraft:pipeline/weather_depth_write fragment: FLIP_VERTEX_Y pattern not found, z is NOT remapped to [0,1] (depth may be wrong)
14:33:40.703 [diag] Z clip-space remap MISS on minecraft:pipeline/celestial fragment: FLIP_VERTEX_Y pattern not found, z is NOT remapped to [0,1] (depth may be wrong)
14:33:40.728 [diag] Z clip-space remap MISS on minecraft:pipeline/text_background fragment: FLIP_VERTEX_Y pattern not found, z is NOT remapped to [0,1] (depth may be wrong)
14:33:40.754 [diag] Z clip-space remap MISS on minecraft:pipeline/lines fragment: FLIP_VERTEX_Y pattern not found, z is NOT remapped to [0,1] (depth may be wrong)
14:33:40.779 [diag] Z clip-space remap MISS on minecraft:pipeline/energy_swirl fragment: FLIP_VERTEX_Y pattern not found, z is NOT remapped to [0,1] (depth may be wrong)
14:33:40.804 [diag] Z clip-space remap MISS on minecraft:pipeline/glint fragment: FLIP_VERTEX_Y pattern not found, z is NOT remapped to [0,1] (depth may be wrong)
14:33:40.830 [diag] Z clip-space remap MISS on minecraft:pipeline/lightning fragment: FLIP_VERTEX_Y pattern not found, z is NOT remapped to [0,1] (depth may be wrong)
14:33:40.855 [diag] Z clip-space remap MISS on minecraft:pipeline/cutout_block fragment: FLIP_VERTEX_Y pattern not found, z is NOT remapped to [0,1] (depth may be wrong)
14:33:40.882 [diag] Z clip-space remap MISS on minecraft:pipeline/entity_cutout fragment: FLIP_VERTEX_Y pattern not found, z is NOT remapped to [0,1] (depth may be wrong)
14:33:40.907 [diag] Z clip-space remap MISS on minecraft:pipeline/debug_quads fragment: FLIP_VERTEX_Y pattern not found, z is NOT remapped to [0,1] (depth may be wrong)
14:33:40.933 [diag] Z clip-space remap MISS on minecraft:pipeline/gui_text_intensity fragment: FLIP_VERTEX_Y pattern not found, z is NOT remapped to [0,1] (depth may be wrong)
14:33:40.959 [diag] Z clip-space remap MISS on minecraft:pipeline/cutout_terrain fragment: FLIP_VERTEX_Y pattern not found, z is NOT remapped to [0,1] (depth may be wrong)
14:33:40.985 [diag] Z clip-space remap MISS on minecraft:pipeline/end_sky fragment: FLIP_VERTEX_Y pattern not found, z is NOT remapped to [0,1] (depth may be wrong)
14:33:41.010 [diag] Z clip-space remap MISS on minecraft:pipeline/gui_invert fragment: FLIP_VERTEX_Y pattern not found, z is NOT remapped to [0,1] (depth may be wrong)
14:33:41.035 [diag] Z clip-space remap MISS on minecraft:pipeline/fire_screen_effect fragment: FLIP_VERTEX_Y pattern not found, z is NOT remapped to [0,1] (depth may be wrong)
14:33:41.060 [diag] Z clip-space remap MISS on minecraft:pipeline/sunrise_sunset fragment: FLIP_VERTEX_Y pattern not found, z is NOT remapped to [0,1] (depth may be wrong)
14:33:41.086 [diag] Z clip-space remap MISS on minecraft:pipeline/armor_decal_cutout_no_cull fragment: FLIP_VERTEX_Y pattern not found, z is NOT remapped to [0,1] (depth may be wrong)
14:33:41.112 [diag] Z clip-space remap MISS on minecraft:pipeline/text fragment: FLIP_VERTEX_Y pattern not found, z is NOT remapped to [0,1] (depth may be wrong)
14:33:41.138 [diag] Z clip-space remap MISS on minecraft:pipeline/solid_block fragment: FLIP_VERTEX_Y pattern not found, z is NOT remapped to [0,1] (depth may be wrong)
14:33:41.164 [diag] Z clip-space remap MISS on minecraft:pipeline/entity_decal fragment: FLIP_VERTEX_Y pattern not found, z is NOT remapped to [0,1] (depth may be wrong)
14:33:41.189 [diag] Z clip-space remap MISS on minecraft:pipeline/lightmap fragment: FLIP_VERTEX_Y pattern not found, z is NOT remapped to [0,1] (depth may be wrong)
14:33:41.215 [diag] Z clip-space remap MISS on minecraft:pipeline/water_mask fragment: FLIP_VERTEX_Y pattern not found, z is NOT remapped to [0,1] (depth may be wrong)
14:33:41.240 [diag] Z clip-space remap MISS on minecraft:pipeline/entity_solid_offset_forward fragment: FLIP_VERTEX_Y pattern not found, z is NOT remapped to [0,1] (depth may be wrong)
14:33:41.265 [diag] Z clip-space remap MISS on minecraft:pipeline/entity_outline_blit fragment: FLIP_VERTEX_Y pattern not found, z is NOT remapped to [0,1] (depth may be wrong)
14:33:41.292 [diag] Z clip-space remap MISS on minecraft:pipeline/solid_terrain fragment: FLIP_VERTEX_Y pattern not found, z is NOT remapped to [0,1] (depth may be wrong)
14:33:41.318 [diag] Z clip-space remap MISS on minecraft:pipeline/world_border fragment: FLIP_VERTEX_Y pattern not found, z is NOT remapped to [0,1] (depth may be wrong)
14:33:41.343 [diag] Z clip-space remap MISS on minecraft:pipeline/gui_opaque_textured_background fragment: FLIP_VERTEX_Y pattern not found, z is NOT remapped to [0,1] (depth may be wrong)
14:33:41.368 [diag] Z clip-space remap MISS on minecraft:pipeline/crosshair fragment: FLIP_VERTEX_Y pattern not found, z is NOT remapped to [0,1] (depth may be wrong)
14:33:41.393 [diag] Z clip-space remap MISS on minecraft:pipeline/armor_cutout_no_cull fragment: FLIP_VERTEX_Y pattern not found, z is NOT remapped to [0,1] (depth may be wrong)
14:33:41.419 [diag] Z clip-space remap MISS on minecraft:pipeline/text_intensity fragment: FLIP_VERTEX_Y pattern not found, z is NOT remapped to [0,1] (depth may be wrong)
14:33:41.444 [diag] Z clip-space remap MISS on minecraft:pipeline/tracy_blit fragment: FLIP_VERTEX_Y pattern not found, z is NOT remapped to [0,1] (depth may be wrong)
14:33:41.470 [diag] Z clip-space remap MISS on minecraft:pipeline/entity_cutout_no_cull_z_offset fragment: FLIP_VERTEX_Y pattern not found, z is NOT remapped to [0,1] (depth may be wrong)
14:33:41.496 [diag] Z clip-space remap MISS on minecraft:pipeline/gui_text fragment: FLIP_VERTEX_Y pattern not found, z is NOT remapped to [0,1] (depth may be wrong)
14:33:41.521 [diag] Z clip-space remap MISS on minecraft:pipeline/gui_nausea_overlay fragment: FLIP_VERTEX_Y pattern not found, z is NOT remapped to [0,1] (depth may be wrong)
14:33:41.547 [diag] Z clip-space remap MISS on minecraft:pipeline/weather_no_depth_write fragment: FLIP_VERTEX_Y pattern not found, z is NOT remapped to [0,1] (depth may be wrong)
14:33:41.571 [diag] Z clip-space remap MISS on minecraft:pipeline/outline_no_cull fragment: FLIP_VERTEX_Y pattern not found, z is NOT remapped to [0,1] (depth may be wrong)
14:33:41.596 [diag] Z clip-space remap MISS on minecraft:pipeline/block_screen_effect fragment: FLIP_VERTEX_Y pattern not found, z is NOT remapped to [0,1] (depth may be wrong)
14:33:41.622 [diag] Z clip-space remap MISS on minecraft:pipeline/armor_translucent fragment: FLIP_VERTEX_Y pattern not found, z is NOT remapped to [0,1] (depth may be wrong)
14:33:41.649 [diag] Z clip-space remap MISS on minecraft:pipeline/lines_translucent fragment: FLIP_VERTEX_Y pattern not found, z is NOT remapped to [0,1] (depth may be wrong)
14:33:41.674 [diag] Z clip-space remap MISS on minecraft:pipeline/beacon_beam_translucent fragment: FLIP_VERTEX_Y pattern not found, z is NOT remapped to [0,1] (depth may be wrong)
14:33:41.701 [diag] Z clip-space remap MISS on minecraft:pipeline/entity_shadow fragment: FLIP_VERTEX_Y pattern not found, z is NOT remapped to [0,1] (depth may be wrong)
14:33:41.727 [diag] Z clip-space remap MISS on minecraft:pipeline/entity_smooth_cutout fragment: FLIP_VERTEX_Y pattern not found, z is NOT remapped to [0,1] (depth may be wrong)
14:33:41.752 [diag] Z clip-space remap MISS on minecraft:pipeline/vignette fragment: FLIP_VERTEX_Y pattern not found, z is NOT remapped to [0,1] (depth may be wrong)
14:33:41.777 [diag] Z clip-space remap MISS on minecraft:pipeline/mojang_logo fragment: FLIP_VERTEX_Y pattern not found, z is NOT remapped to [0,1] (depth may be wrong)
14:33:41.803 [diag] Z clip-space remap MISS on minecraft:pipeline/tripwire_block fragment: FLIP_VERTEX_Y pattern not found, z is NOT remapped to [0,1] (depth may be wrong)
14:33:41.829 [diag] Z clip-space remap MISS on minecraft:pipeline/sky fragment: FLIP_VERTEX_Y pattern not found, z is NOT remapped to [0,1] (depth may be wrong)
14:33:41.855 [diag] Z clip-space remap MISS on minecraft:pipeline/text_polygon_offset fragment: FLIP_VERTEX_Y pattern not found, z is NOT remapped to [0,1] (depth may be wrong)
14:33:41.880 [diag] Z clip-space remap MISS on minecraft:pipeline/outline_cull fragment: FLIP_VERTEX_Y pattern not found, z is NOT remapped to [0,1] (depth may be wrong)
14:33:41.905 [diag] Z clip-space remap MISS on minecraft:pipeline/dragon_rays_depth fragment: FLIP_VERTEX_Y pattern not found, z is NOT remapped to [0,1] (depth may be wrong)
14:33:41.932 [diag] Z clip-space remap MISS on minecraft:pipeline/entity_no_outline fragment: FLIP_VERTEX_Y pattern not found, z is NOT remapped to [0,1] (depth may be wrong)
14:33:41.957 [diag] Z clip-space remap MISS on minecraft:pipeline/dragon_rays fragment: FLIP_VERTEX_Y pattern not found, z is NOT remapped to [0,1] (depth may be wrong)
14:33:41.982 [diag] Z clip-space remap MISS on minecraft:pipeline/debug_points fragment: FLIP_VERTEX_Y pattern not found, z is NOT remapped to [0,1] (depth may be wrong)
14:33:42.009 [diag] Z clip-space remap MISS on minecraft:pipeline/wireframe fragment: FLIP_VERTEX_Y pattern not found, z is NOT remapped to [0,1] (depth may be wrong)
14:33:42.034 [diag] Z clip-space remap MISS on minecraft:pipeline/gui_textured fragment: FLIP_VERTEX_Y pattern not found, z is NOT remapped to [0,1] (depth may be wrong)
14:33:42.059 [diag] Z clip-space remap MISS on minecraft:pipeline/gui fragment: FLIP_VERTEX_Y pattern not found, z is NOT remapped to [0,1] (depth may be wrong)
14:33:42.084 [diag] Z clip-space remap MISS on minecraft:pipeline/opaque_particle fragment: FLIP_VERTEX_Y pattern not found, z is NOT remapped to [0,1] (depth may be wrong)
14:33:42.109 [diag] Z clip-space remap MISS on minecraft:pipeline/debug_filled_box fragment: FLIP_VERTEX_Y pattern not found, z is NOT remapped to [0,1] (depth may be wrong)
14:33:42.134 [diag] Z clip-space remap MISS on minecraft:pipeline/translucent_particle fragment: FLIP_VERTEX_Y pattern not found, z is NOT remapped to [0,1] (depth may be wrong)
14:33:42.160 [diag] Z clip-space remap MISS on minecraft:pipeline/leash fragment: FLIP_VERTEX_Y pattern not found, z is NOT remapped to [0,1] (depth may be wrong)
14:33:42.185 [diag] Z clip-space remap MISS on minecraft:pipeline/beacon_beam_opaque fragment: FLIP_VERTEX_Y pattern not found, z is NOT remapped to [0,1] (depth may be wrong)
14:33:42.209 [diag] Z clip-space remap MISS on minecraft:pipeline/stars fragment: FLIP_VERTEX_Y pattern not found, z is NOT remapped to [0,1] (depth may be wrong)
14:33:42.234 [diag] Z clip-space remap MISS on minecraft:pipeline/gui_textured_premultiplied_alpha fragment: FLIP_VERTEX_Y pattern not found, z is NOT remapped to [0,1] (depth may be wrong)
14:33:42.259 [diag] Z clip-space remap MISS on minecraft:pipeline/translucent_moving_block fragment: FLIP_VERTEX_Y pattern not found, z is NOT remapped to [0,1] (depth may be wrong)
14:33:42.285 [diag] Z clip-space remap MISS on minecraft:pipeline/flat_clouds fragment: FLIP_VERTEX_Y pattern not found, z is NOT remapped to [0,1] (depth may be wrong)
14:33:42.310 [diag] Z clip-space remap MISS on minecraft:pipeline/secondary_block_outline fragment: FLIP_VERTEX_Y pattern not found, z is NOT remapped to [0,1] (depth may be wrong)
14:33:42.337 [diag] Z clip-space remap MISS on minecraft:pipeline/tripwire_terrain fragment: FLIP_VERTEX_Y pattern not found, z is NOT remapped to [0,1] (depth may be wrong)
14:33:42.362 [diag] Z clip-space remap MISS on minecraft:pipeline/dragon_explosion_alpha fragment: FLIP_VERTEX_Y pattern not found, z is NOT remapped to [0,1] (depth may be wrong)
14:33:42.388 [diag] Z clip-space remap MISS on minecraft:pipeline/item_entity_translucent_cull fragment: FLIP_VERTEX_Y pattern not found, z is NOT remapped to [0,1] (depth may be wrong)
14:33:42.414 [diag] Z clip-space remap MISS on minecraft:pipeline/entity_translucent_emissive fragment: FLIP_VERTEX_Y pattern not found, z is NOT remapped to [0,1] (depth may be wrong)
14:33:42.441 [diag] Z clip-space remap MISS on minecraft:pipeline/clouds fragment: FLIP_VERTEX_Y pattern not found, z is NOT remapped to [0,1] (depth may be wrong)
14:33:42.466 [diag] Z clip-space remap MISS on minecraft:pipeline/animate_sprite_interpolate fragment: FLIP_VERTEX_Y pattern not found, z is NOT remapped to [0,1] (depth may be wrong)
14:33:42.493 [diag] Z clip-space remap MISS on minecraft:pipeline/eyes fragment: FLIP_VERTEX_Y pattern not found, z is NOT remapped to [0,1] (depth may be wrong)
14:33:42.532 createBuffer stack sample #1:
  knot//com.metallum.client.metal.render.MetalDevice.createBuffer(MetalDevice.java:149)
  knot//net.minecraft.class_1059.method_45848(class_1059.java:116)
  knot//net.minecraft.class_11697$class_11699.method_73035(class_11697.java:168)
  knot//net.minecraft.class_11697$class_11700.method_73039(class_11697.java:212)
  java.base/java.util.ArrayList.forEach(Unknown Source)
  knot//net.minecraft.class_11697$class_11700.method_73037(class_11697.java:212)
  knot//net.minecraft.class_11697.method_76671(class_11697.java:146)
  knot//net.minecraft.class_11697.method_73029(class_11697.java:142)
  java.base/java.util.concurrent.CompletableFuture$UniAccept.tryFire(Unknown Source)
  java.base/java.util.concurrent.CompletableFuture$Completion.run(Unknown Source)
  knot//net.minecraft.class_4014.method_67574(class_4014.java:59)
  knot//net.minecraft.class_1255.method_18859(class_1255.java:169)
14:33:42.553 createBuffer stack sample #2:
  knot//com.metallum.client.metal.render.MetalDevice.createBuffer(MetalDevice.java:149)
  knot//net.minecraft.class_1059.method_76314(class_1059.java:173)
  knot//net.minecraft.class_1059.method_45848(class_1059.java:135)
  knot//net.minecraft.class_11697$class_11699.method_73035(class_11697.java:168)
  knot//net.minecraft.class_11697$class_11700.method_73039(class_11697.java:212)
  java.base/java.util.ArrayList.forEach(Unknown Source)
  knot//net.minecraft.class_11697$class_11700.method_73037(class_11697.java:212)
  knot//net.minecraft.class_11697.method_76671(class_11697.java:146)
  knot//net.minecraft.class_11697.method_73029(class_11697.java:142)
  java.base/java.util.concurrent.CompletableFuture$UniAccept.tryFire(Unknown Source)
  java.base/java.util.concurrent.CompletableFuture$Completion.run(Unknown Source)
  knot//net.minecraft.class_4014.method_67574(class_4014.java:59)
14:33:42.557 createBuffer stack sample #3:
  knot//com.metallum.client.metal.render.MetalDevice.createBuffer(MetalDevice.java:149)
  knot//net.minecraft.class_1059.method_76314(class_1059.java:173)
  knot//net.minecraft.class_1059.method_45848(class_1059.java:135)
  knot//net.minecraft.class_11697$class_11699.method_73035(class_11697.java:168)
  knot//net.minecraft.class_11697$class_11700.method_73039(class_11697.java:212)
  java.base/java.util.ArrayList.forEach(Unknown Source)
  knot//net.minecraft.class_11697$class_11700.method_73037(class_11697.java:212)
  knot//net.minecraft.class_11697.method_76671(class_11697.java:146)
  knot//net.minecraft.class_11697.method_73029(class_11697.java:142)
  java.base/java.util.concurrent.CompletableFuture$UniAccept.tryFire(Unknown Source)
  java.base/java.util.concurrent.CompletableFuture$Completion.run(Unknown Source)
  knot//net.minecraft.class_4014.method_67574(class_4014.java:59)
14:33:42.575 createBuffer stack sample #4:
  knot//com.metallum.client.metal.render.MetalDevice.createBuffer(MetalDevice.java:149)
  knot//net.minecraft.class_1059.method_76314(class_1059.java:173)
  knot//net.minecraft.class_1059.method_45848(class_1059.java:135)
  knot//net.minecraft.class_11697$class_11699.method_73035(class_11697.java:168)
  knot//net.minecraft.class_11697$class_11700.method_73039(class_11697.java:212)
  java.base/java.util.ArrayList.forEach(Unknown Source)
  knot//net.minecraft.class_11697$class_11700.method_73037(class_11697.java:212)
  knot//net.minecraft.class_11697.method_76671(class_11697.java:146)
  knot//net.minecraft.class_11697.method_73029(class_11697.java:142)
  java.base/java.util.concurrent.CompletableFuture$UniAccept.tryFire(Unknown Source)
  java.base/java.util.concurrent.CompletableFuture$Completion.run(Unknown Source)
  knot//net.minecraft.class_4014.method_67574(class_4014.java:59)
14:33:42.579 createBuffer stack sample #5:
  knot//com.metallum.client.metal.render.MetalDevice.createBuffer(MetalDevice.java:149)
  knot//net.minecraft.class_1059.method_76314(class_1059.java:173)
  knot//net.minecraft.class_1059.method_45848(class_1059.java:135)
  knot//net.minecraft.class_11697$class_11699.method_73035(class_11697.java:168)
  knot//net.minecraft.class_11697$class_11700.method_73039(class_11697.java:212)
  java.base/java.util.ArrayList.forEach(Unknown Source)
  knot//net.minecraft.class_11697$class_11700.method_73037(class_11697.java:212)
  knot//net.minecraft.class_11697.method_76671(class_11697.java:146)
  knot//net.minecraft.class_11697.method_73029(class_11697.java:142)
  java.base/java.util.concurrent.CompletableFuture$UniAccept.tryFire(Unknown Source)
  java.base/java.util.concurrent.CompletableFuture$Completion.run(Unknown Source)
  knot//net.minecraft.class_4014.method_67574(class_4014.java:59)
14:33:44.434 frame_time fps=49.3 avg=20.29ms max=355.13ms gpuBehind=0
14:33:46.263 [diag] Z clip-space remap MISS on minecraft:blur/0 fragment: FLIP_VERTEX_Y pattern not found, z is NOT remapped to [0,1] (depth may be wrong)
14:33:46.291 [diag] Z clip-space remap MISS on minecraft:blur/1 fragment: FLIP_VERTEX_Y pattern not found, z is NOT remapped to [0,1] (depth may be wrong)
14:33:46.317 [diag] Z clip-space remap MISS on minecraft:blur/2 fragment: FLIP_VERTEX_Y pattern not found, z is NOT remapped to [0,1] (depth may be wrong)
14:33:46.342 [diag] Z clip-space remap MISS on minecraft:blur/3 fragment: FLIP_VERTEX_Y pattern not found, z is NOT remapped to [0,1] (depth may be wrong)
14:33:46.367 [diag] Z clip-space remap MISS on minecraft:blur/4 fragment: FLIP_VERTEX_Y pattern not found, z is NOT remapped to [0,1] (depth may be wrong)
14:33:46.393 [diag] Z clip-space remap MISS on minecraft:blur/5 fragment: FLIP_VERTEX_Y pattern not found, z is NOT remapped to [0,1] (depth may be wrong)
14:33:49.440 frame_time fps=54.3 avg=18.41ms max=196.86ms gpuBehind=0
14:33:50.174 [diag] Z clip-space remap MISS on sodium/blocks/block_layer_opaque fragment: FLIP_VERTEX_Y pattern not found, z is NOT remapped to [0,1] (depth may be wrong)
14:33:50.217 [diag] Z clip-space remap MISS on sodium/blocks/block_layer_opaque fragment: FLIP_VERTEX_Y pattern not found, z is NOT remapped to [0,1] (depth may be wrong)
14:33:50.258 [diag] Z clip-space remap MISS on sodium/blocks/block_layer_opaque fragment: FLIP_VERTEX_Y pattern not found, z is NOT remapped to [0,1] (depth may be wrong)
14:33:50.391 [diag] sodium regionUniform regionOffset=(-66.02,-22.30,-92.38) currentTime=325 fadePeriodInv=0.001333
14:33:50.395 [diag] sodium encoder rebuilds(last5s)=1
14:33:50.397 [diag] sodium draws(last5s)=1 batchSize=1 firstDraw=e=1776 bv=192352 io=0
14:33:54.454 frame_time fps=41.7 avg=23.98ms max=398.58ms gpuBehind=0
14:33:55.403 [diag] sodium regionUniform regionOffset=(-66.02,-22.31,-92.38) currentTime=5336 fadePeriodInv=0.001333
14:33:55.405 [diag] sodium draws(last5s)=76 batchSize=76 firstDraw=e=1776 bv=516472 io=0
14:33:55.405 [diag] sodium encoder rebuilds(last5s)=588
14:33:59.469 frame_time fps=59.0 avg=16.95ms max=68.86ms gpuBehind=0
14:34:00.403 [diag] sodium regionUniform regionOffset=(-66.02,-22.31,-92.38) currentTime=10336 fadePeriodInv=0.001333
14:34:00.419 [diag] sodium draws(last5s)=44 batchSize=44 firstDraw=e=1776 bv=516472 io=0
14:34:00.853 [diag] sodium encoder rebuilds(last5s)=52
14:34:04.486 frame_time fps=59.4 avg=16.83ms max=45.31ms gpuBehind=0
14:34:05.403 [diag] sodium regionUniform regionOffset=(-29.59,-19.28,-72.89) currentTime=14727 fadePeriodInv=0.001333
14:34:05.421 [diag] sodium draws(last5s)=65 batchSize=65 firstDraw=e=990 bv=571880 io=0
14:34:05.869 [diag] sodium encoder rebuilds(last5s)=198
14:34:09.508 frame_time fps=58.6 avg=17.06ms max=62.86ms gpuBehind=0
14:34:10.416 [diag] sodium regionUniform regionOffset=(-111.70,-13.62,-32.62) currentTime=19740 fadePeriodInv=0.001333
14:34:10.432 [diag] sodium draws(last5s)=8 batchSize=8 firstDraw=e=2550 bv=272868 io=0
14:34:11.332 [diag] sodium encoder rebuilds(last5s)=151
14:34:14.530 frame_time fps=59.9 avg=16.68ms max=21.88ms gpuBehind=0
14:34:15.419 [diag] sodium regionUniform regionOffset=(-113.00,-7.30,-0.78) currentTime=24743 fadePeriodInv=0.001333
14:34:15.435 [diag] sodium draws(last5s)=3 batchSize=3 firstDraw=e=3732 bv=174484 io=0
14:34:16.383 [diag] sodium encoder rebuilds(last5s)=89
14:34:19.534 frame_time fps=58.3 avg=17.16ms max=70.10ms gpuBehind=0
14:34:20.434 [diag] sodium regionUniform regionOffset=(-5.10,-21.64,-93.02) currentTime=18296 fadePeriodInv=0.001333
14:34:20.451 [diag] sodium draws(last5s)=7 batchSize=7 firstDraw=e=6 bv=722808 io=0
14:34:21.466 [diag] sodium encoder rebuilds(last5s)=237
14:34:24.535 frame_time fps=60.0 avg=16.67ms max=20.56ms gpuBehind=0
==== Metallum diag start ====
15:00:01.584 [diag] Z clip-space remap MISS on minecraft:pipeline/gui fragment: FLIP_VERTEX_Y pattern not found, z is NOT remapped to [0,1] (depth may be wrong)
15:00:01.613 [diag] Z clip-space remap MISS on minecraft:pipeline/gui_textured fragment: FLIP_VERTEX_Y pattern not found, z is NOT remapped to [0,1] (depth may be wrong)
15:00:01.795 [diag] Z clip-space remap MISS on minecraft:pipeline/mojang_logo fragment: FLIP_VERTEX_Y pattern not found, z is NOT remapped to [0,1] (depth may be wrong)
15:00:01.831 buffers total=42 | usage=0x82 count=15 req=0.0MB alloc=0.0MB | usage=0x22 count=6 req=0.0MB alloc=0.0MB | usage=0x3 count=2 req=1.5MB alloc=1.5MB | usage=0x88 count=15 req=0.0MB alloc=0.0MB | usage=0x28 count=3 req=0.0MB alloc=0.0MB | usage=0x48 count=1 req=0.0MB alloc=0.0MB | sum count=42 req=1.5MB alloc=1.5MB | poolHit=0 poolMiss=42 poolReturn=0 poolHitRate=0%
15:00:02.618 [diag] Z clip-space remap MISS on minecraft:pipeline/debug_quads fragment: FLIP_VERTEX_Y pattern not found, z is NOT remapped to [0,1] (depth may be wrong)
15:00:02.648 [diag] Z clip-space remap MISS on minecraft:pipeline/armor_cutout_no_cull fragment: FLIP_VERTEX_Y pattern not found, z is NOT remapped to [0,1] (depth may be wrong)
15:00:02.675 [diag] Z clip-space remap MISS on minecraft:pipeline/text_see_through fragment: FLIP_VERTEX_Y pattern not found, z is NOT remapped to [0,1] (depth may be wrong)
15:00:02.704 [diag] Z clip-space remap MISS on minecraft:pipeline/wireframe fragment: FLIP_VERTEX_Y pattern not found, z is NOT remapped to [0,1] (depth may be wrong)
15:00:02.732 [diag] Z clip-space remap MISS on minecraft:pipeline/tripwire_terrain fragment: FLIP_VERTEX_Y pattern not found, z is NOT remapped to [0,1] (depth may be wrong)
15:00:02.759 [diag] Z clip-space remap MISS on minecraft:pipeline/gui_invert fragment: FLIP_VERTEX_Y pattern not found, z is NOT remapped to [0,1] (depth may be wrong)
15:00:02.786 [diag] Z clip-space remap MISS on minecraft:pipeline/entity_cutout_no_cull fragment: FLIP_VERTEX_Y pattern not found, z is NOT remapped to [0,1] (depth may be wrong)
15:00:02.811 [diag] Z clip-space remap MISS on minecraft:pipeline/stars fragment: FLIP_VERTEX_Y pattern not found, z is NOT remapped to [0,1] (depth may be wrong)
15:00:02.838 [diag] Z clip-space remap MISS on minecraft:pipeline/item_entity_translucent_cull fragment: FLIP_VERTEX_Y pattern not found, z is NOT remapped to [0,1] (depth may be wrong)
15:00:02.864 [diag] Z clip-space remap MISS on minecraft:pipeline/eyes fragment: FLIP_VERTEX_Y pattern not found, z is NOT remapped to [0,1] (depth may be wrong)
15:00:02.889 [diag] Z clip-space remap MISS on minecraft:pipeline/debug_points fragment: FLIP_VERTEX_Y pattern not found, z is NOT remapped to [0,1] (depth may be wrong)
15:00:02.913 [diag] Z clip-space remap MISS on minecraft:pipeline/gui_nausea_overlay fragment: FLIP_VERTEX_Y pattern not found, z is NOT remapped to [0,1] (depth may be wrong)
15:00:02.938 [diag] Z clip-space remap MISS on minecraft:pipeline/text_intensity_see_through fragment: FLIP_VERTEX_Y pattern not found, z is NOT remapped to [0,1] (depth may be wrong)
15:00:02.964 [diag] Z clip-space remap MISS on minecraft:pipeline/entity_cutout fragment: FLIP_VERTEX_Y pattern not found, z is NOT remapped to [0,1] (depth may be wrong)
15:00:02.989 [diag] Z clip-space remap MISS on minecraft:pipeline/fire_screen_effect fragment: FLIP_VERTEX_Y pattern not found, z is NOT remapped to [0,1] (depth may be wrong)
15:00:03.014 [diag] Z clip-space remap MISS on minecraft:pipeline/vignette fragment: FLIP_VERTEX_Y pattern not found, z is NOT remapped to [0,1] (depth may be wrong)
15:00:03.039 [diag] Z clip-space remap MISS on minecraft:pipeline/cutout_block fragment: FLIP_VERTEX_Y pattern not found, z is NOT remapped to [0,1] (depth may be wrong)
15:00:03.065 [diag] Z clip-space remap MISS on minecraft:pipeline/energy_swirl fragment: FLIP_VERTEX_Y pattern not found, z is NOT remapped to [0,1] (depth may be wrong)
15:00:03.090 [diag] Z clip-space remap MISS on minecraft:pipeline/opaque_particle fragment: FLIP_VERTEX_Y pattern not found, z is NOT remapped to [0,1] (depth may be wrong)
15:00:03.115 [diag] Z clip-space remap MISS on minecraft:pipeline/panorama fragment: FLIP_VERTEX_Y pattern not found, z is NOT remapped to [0,1] (depth may be wrong)
15:00:03.140 [diag] Z clip-space remap MISS on minecraft:pipeline/debug_filled_box fragment: FLIP_VERTEX_Y pattern not found, z is NOT remapped to [0,1] (depth may be wrong)
15:00:03.164 [diag] Z clip-space remap MISS on minecraft:pipeline/sunrise_sunset fragment: FLIP_VERTEX_Y pattern not found, z is NOT remapped to [0,1] (depth may be wrong)
15:00:03.189 [diag] Z clip-space remap MISS on minecraft:pipeline/mojang_logo fragment: FLIP_VERTEX_Y pattern not found, z is NOT remapped to [0,1] (depth may be wrong)
15:00:03.214 [diag] Z clip-space remap MISS on minecraft:pipeline/clouds fragment: FLIP_VERTEX_Y pattern not found, z is NOT remapped to [0,1] (depth may be wrong)
15:00:03.239 [diag] Z clip-space remap MISS on minecraft:pipeline/lightning fragment: FLIP_VERTEX_Y pattern not found, z is NOT remapped to [0,1] (depth may be wrong)
15:00:03.264 [diag] Z clip-space remap MISS on minecraft:pipeline/weather_no_depth_write fragment: FLIP_VERTEX_Y pattern not found, z is NOT remapped to [0,1] (depth may be wrong)
15:00:03.291 [diag] Z clip-space remap MISS on minecraft:pipeline/solid_terrain fragment: FLIP_VERTEX_Y pattern not found, z is NOT remapped to [0,1] (depth may be wrong)
15:00:03.316 [diag] Z clip-space remap MISS on minecraft:pipeline/animate_sprite_interpolate fragment: FLIP_VERTEX_Y pattern not found, z is NOT remapped to [0,1] (depth may be wrong)
15:00:03.342 [diag] Z clip-space remap MISS on minecraft:pipeline/translucent_terrain fragment: FLIP_VERTEX_Y pattern not found, z is NOT remapped to [0,1] (depth may be wrong)
15:00:03.368 [diag] Z clip-space remap MISS on minecraft:pipeline/lightmap fragment: FLIP_VERTEX_Y pattern not found, z is NOT remapped to [0,1] (depth may be wrong)
15:00:03.392 [diag] Z clip-space remap MISS on minecraft:pipeline/debug_triangle_fan fragment: FLIP_VERTEX_Y pattern not found, z is NOT remapped to [0,1] (depth may be wrong)
15:00:03.418 [diag] Z clip-space remap MISS on minecraft:pipeline/entity_translucent_emissive fragment: FLIP_VERTEX_Y pattern not found, z is NOT remapped to [0,1] (depth may be wrong)
15:00:03.442 [diag] Z clip-space remap MISS on minecraft:pipeline/crosshair fragment: FLIP_VERTEX_Y pattern not found, z is NOT remapped to [0,1] (depth may be wrong)
15:00:03.468 [diag] Z clip-space remap MISS on minecraft:pipeline/entity_cutout_no_cull_z_offset fragment: FLIP_VERTEX_Y pattern not found, z is NOT remapped to [0,1] (depth may be wrong)
15:00:03.493 [diag] Z clip-space remap MISS on minecraft:pipeline/tracy_blit fragment: FLIP_VERTEX_Y pattern not found, z is NOT remapped to [0,1] (depth may be wrong)
15:00:03.519 [diag] Z clip-space remap MISS on minecraft:pipeline/translucent_moving_block fragment: FLIP_VERTEX_Y pattern not found, z is NOT remapped to [0,1] (depth may be wrong)
15:00:03.545 [diag] Z clip-space remap MISS on minecraft:pipeline/entity_shadow fragment: FLIP_VERTEX_Y pattern not found, z is NOT remapped to [0,1] (depth may be wrong)
15:00:03.570 [diag] Z clip-space remap MISS on minecraft:pipeline/celestial fragment: FLIP_VERTEX_Y pattern not found, z is NOT remapped to [0,1] (depth may be wrong)
15:00:03.596 [diag] Z clip-space remap MISS on minecraft:pipeline/secondary_block_outline fragment: FLIP_VERTEX_Y pattern not found, z is NOT remapped to [0,1] (depth may be wrong)
15:00:03.620 [diag] Z clip-space remap MISS on minecraft:pipeline/gui_opaque_textured_background fragment: FLIP_VERTEX_Y pattern not found, z is NOT remapped to [0,1] (depth may be wrong)
15:00:03.646 [diag] Z clip-space remap MISS on minecraft:pipeline/lines_translucent fragment: FLIP_VERTEX_Y pattern not found, z is NOT remapped to [0,1] (depth may be wrong)
15:00:03.670 [diag] Z clip-space remap MISS on minecraft:pipeline/animate_sprite_blit fragment: FLIP_VERTEX_Y pattern not found, z is NOT remapped to [0,1] (depth may be wrong)
15:00:03.695 [diag] Z clip-space remap MISS on minecraft:pipeline/dragon_rays fragment: FLIP_VERTEX_Y pattern not found, z is NOT remapped to [0,1] (depth may be wrong)
15:00:03.720 [diag] Z clip-space remap MISS on minecraft:pipeline/translucent_particle fragment: FLIP_VERTEX_Y pattern not found, z is NOT remapped to [0,1] (depth may be wrong)
15:00:03.745 [diag] Z clip-space remap MISS on minecraft:pipeline/glint fragment: FLIP_VERTEX_Y pattern not found, z is NOT remapped to [0,1] (depth may be wrong)
15:00:03.770 [diag] Z clip-space remap MISS on minecraft:pipeline/weather_depth_write fragment: FLIP_VERTEX_Y pattern not found, z is NOT remapped to [0,1] (depth may be wrong)
15:00:03.795 [diag] Z clip-space remap MISS on minecraft:pipeline/beacon_beam_translucent fragment: FLIP_VERTEX_Y pattern not found, z is NOT remapped to [0,1] (depth may be wrong)
15:00:03.820 [diag] Z clip-space remap MISS on minecraft:pipeline/armor_decal_cutout_no_cull fragment: FLIP_VERTEX_Y pattern not found, z is NOT remapped to [0,1] (depth may be wrong)
15:00:03.846 [diag] Z clip-space remap MISS on minecraft:pipeline/breeze_wind fragment: FLIP_VERTEX_Y pattern not found, z is NOT remapped to [0,1] (depth may be wrong)
15:00:03.871 [diag] Z clip-space remap MISS on minecraft:pipeline/gui_textured_premultiplied_alpha fragment: FLIP_VERTEX_Y pattern not found, z is NOT remapped to [0,1] (depth may be wrong)
15:00:03.896 [diag] Z clip-space remap MISS on minecraft:pipeline/crumbling fragment: FLIP_VERTEX_Y pattern not found, z is NOT remapped to [0,1] (depth may be wrong)
15:00:03.921 [diag] Z clip-space remap MISS on minecraft:pipeline/text_intensity fragment: FLIP_VERTEX_Y pattern not found, z is NOT remapped to [0,1] (depth may be wrong)
15:00:03.946 [diag] Z clip-space remap MISS on minecraft:pipeline/leash fragment: FLIP_VERTEX_Y pattern not found, z is NOT remapped to [0,1] (depth may be wrong)
15:00:03.972 [diag] Z clip-space remap MISS on minecraft:pipeline/end_gateway fragment: FLIP_VERTEX_Y pattern not found, z is NOT remapped to [0,1] (depth may be wrong)
15:00:03.998 [diag] Z clip-space remap MISS on minecraft:pipeline/tripwire_block fragment: FLIP_VERTEX_Y pattern not found, z is NOT remapped to [0,1] (depth may be wrong)
15:00:04.024 [diag] Z clip-space remap MISS on minecraft:pipeline/end_portal fragment: FLIP_VERTEX_Y pattern not found, z is NOT remapped to [0,1] (depth may be wrong)
15:00:04.049 [diag] Z clip-space remap MISS on minecraft:pipeline/sky fragment: FLIP_VERTEX_Y pattern not found, z is NOT remapped to [0,1] (depth may be wrong)
15:00:04.073 [diag] Z clip-space remap MISS on minecraft:pipeline/entity_outline_blit fragment: FLIP_VERTEX_Y pattern not found, z is NOT remapped to [0,1] (depth may be wrong)
15:00:04.099 [diag] Z clip-space remap MISS on minecraft:pipeline/entity_solid fragment: FLIP_VERTEX_Y pattern not found, z is NOT remapped to [0,1] (depth may be wrong)
15:00:04.124 [diag] Z clip-space remap MISS on minecraft:pipeline/gui_text_intensity fragment: FLIP_VERTEX_Y pattern not found, z is NOT remapped to [0,1] (depth may be wrong)
15:00:04.149 [diag] Z clip-space remap MISS on minecraft:pipeline/water_mask fragment: FLIP_VERTEX_Y pattern not found, z is NOT remapped to [0,1] (depth may be wrong)
15:00:04.174 [diag] Z clip-space remap MISS on minecraft:pipeline/entity_solid_offset_forward fragment: FLIP_VERTEX_Y pattern not found, z is NOT remapped to [0,1] (depth may be wrong)
15:00:04.201 [diag] Z clip-space remap MISS on minecraft:pipeline/cutout_terrain fragment: FLIP_VERTEX_Y pattern not found, z is NOT remapped to [0,1] (depth may be wrong)
15:00:04.227 [diag] Z clip-space remap MISS on minecraft:pipeline/lines fragment: FLIP_VERTEX_Y pattern not found, z is NOT remapped to [0,1] (depth may be wrong)
15:00:04.253 [diag] Z clip-space remap MISS on minecraft:pipeline/entity_translucent fragment: FLIP_VERTEX_Y pattern not found, z is NOT remapped to [0,1] (depth may be wrong)
15:00:04.279 [diag] Z clip-space remap MISS on minecraft:pipeline/gui_text fragment: FLIP_VERTEX_Y pattern not found, z is NOT remapped to [0,1] (depth may be wrong)
15:00:04.305 [diag] Z clip-space remap MISS on minecraft:pipeline/text fragment: FLIP_VERTEX_Y pattern not found, z is NOT remapped to [0,1] (depth may be wrong)
15:00:04.331 [diag] Z clip-space remap MISS on minecraft:pipeline/text_polygon_offset fragment: FLIP_VERTEX_Y pattern not found, z is NOT remapped to [0,1] (depth may be wrong)
15:00:04.356 [diag] Z clip-space remap MISS on minecraft:pipeline/text_background fragment: FLIP_VERTEX_Y pattern not found, z is NOT remapped to [0,1] (depth may be wrong)
15:00:04.382 [diag] Z clip-space remap MISS on minecraft:pipeline/gui fragment: FLIP_VERTEX_Y pattern not found, z is NOT remapped to [0,1] (depth may be wrong)
15:00:04.407 [diag] Z clip-space remap MISS on minecraft:pipeline/gui_text_highlight fragment: FLIP_VERTEX_Y pattern not found, z is NOT remapped to [0,1] (depth may be wrong)
15:00:04.432 [diag] Z clip-space remap MISS on minecraft:pipeline/beacon_beam_opaque fragment: FLIP_VERTEX_Y pattern not found, z is NOT remapped to [0,1] (depth may be wrong)
15:00:04.457 [diag] Z clip-space remap MISS on minecraft:pipeline/armor_translucent fragment: FLIP_VERTEX_Y pattern not found, z is NOT remapped to [0,1] (depth may be wrong)
15:00:04.483 [diag] Z clip-space remap MISS on minecraft:pipeline/solid_block fragment: FLIP_VERTEX_Y pattern not found, z is NOT remapped to [0,1] (depth may be wrong)
15:00:04.508 [diag] Z clip-space remap MISS on minecraft:pipeline/dragon_explosion_alpha fragment: FLIP_VERTEX_Y pattern not found, z is NOT remapped to [0,1] (depth may be wrong)
15:00:04.533 [diag] Z clip-space remap MISS on minecraft:pipeline/outline_cull fragment: FLIP_VERTEX_Y pattern not found, z is NOT remapped to [0,1] (depth may be wrong)
15:00:04.558 [diag] Z clip-space remap MISS on minecraft:pipeline/block_screen_effect fragment: FLIP_VERTEX_Y pattern not found, z is NOT remapped to [0,1] (depth may be wrong)
15:00:04.583 [diag] Z clip-space remap MISS on minecraft:pipeline/world_border fragment: FLIP_VERTEX_Y pattern not found, z is NOT remapped to [0,1] (depth may be wrong)
15:00:04.608 [diag] Z clip-space remap MISS on minecraft:pipeline/end_sky fragment: FLIP_VERTEX_Y pattern not found, z is NOT remapped to [0,1] (depth may be wrong)
15:00:04.634 [diag] Z clip-space remap MISS on minecraft:pipeline/dragon_rays_depth fragment: FLIP_VERTEX_Y pattern not found, z is NOT remapped to [0,1] (depth may be wrong)
15:00:04.659 [diag] Z clip-space remap MISS on minecraft:pipeline/gui_textured fragment: FLIP_VERTEX_Y pattern not found, z is NOT remapped to [0,1] (depth may be wrong)
15:00:04.686 [diag] Z clip-space remap MISS on minecraft:pipeline/entity_no_outline fragment: FLIP_VERTEX_Y pattern not found, z is NOT remapped to [0,1] (depth may be wrong)
15:00:04.712 [diag] Z clip-space remap MISS on minecraft:pipeline/entity_decal fragment: FLIP_VERTEX_Y pattern not found, z is NOT remapped to [0,1] (depth may be wrong)
15:00:04.741 [diag] Z clip-space remap MISS on minecraft:pipeline/entity_smooth_cutout fragment: FLIP_VERTEX_Y pattern not found, z is NOT remapped to [0,1] (depth may be wrong)
15:00:04.774 [diag] Z clip-space remap MISS on minecraft:pipeline/flat_clouds fragment: FLIP_VERTEX_Y pattern not found, z is NOT remapped to [0,1] (depth may be wrong)
15:00:04.801 [diag] Z clip-space remap MISS on minecraft:pipeline/text_background_see_through fragment: FLIP_VERTEX_Y pattern not found, z is NOT remapped to [0,1] (depth may be wrong)
15:00:04.827 [diag] Z clip-space remap MISS on minecraft:pipeline/outline_no_cull fragment: FLIP_VERTEX_Y pattern not found, z is NOT remapped to [0,1] (depth may be wrong)
15:00:04.871 createBuffer stack sample #1:
  knot//com.metallum.client.metal.render.MetalDevice.createBuffer(MetalDevice.java:149)
  knot//net.minecraft.class_1059.method_45848(class_1059.java:116)
  knot//net.minecraft.class_11697$class_11699.method_73035(class_11697.java:168)
  knot//net.minecraft.class_11697$class_11700.method_73039(class_11697.java:212)
  java.base/java.util.ArrayList.forEach(Unknown Source)
  knot//net.minecraft.class_11697$class_11700.method_73037(class_11697.java:212)
  knot//net.minecraft.class_11697.method_76671(class_11697.java:146)
  knot//net.minecraft.class_11697.method_73029(class_11697.java:142)
  java.base/java.util.concurrent.CompletableFuture$UniAccept.tryFire(Unknown Source)
  java.base/java.util.concurrent.CompletableFuture$Completion.run(Unknown Source)
  knot//net.minecraft.class_4014.method_67574(class_4014.java:59)
  knot//net.minecraft.class_1255.method_18859(class_1255.java:169)
15:00:04.894 createBuffer stack sample #2:
  knot//com.metallum.client.metal.render.MetalDevice.createBuffer(MetalDevice.java:149)
  knot//net.minecraft.class_1059.method_76314(class_1059.java:173)
  knot//net.minecraft.class_1059.method_45848(class_1059.java:135)
  knot//net.minecraft.class_11697$class_11699.method_73035(class_11697.java:168)
  knot//net.minecraft.class_11697$class_11700.method_73039(class_11697.java:212)
  java.base/java.util.ArrayList.forEach(Unknown Source)
  knot//net.minecraft.class_11697$class_11700.method_73037(class_11697.java:212)
  knot//net.minecraft.class_11697.method_76671(class_11697.java:146)
  knot//net.minecraft.class_11697.method_73029(class_11697.java:142)
  java.base/java.util.concurrent.CompletableFuture$UniAccept.tryFire(Unknown Source)
  java.base/java.util.concurrent.CompletableFuture$Completion.run(Unknown Source)
  knot//net.minecraft.class_4014.method_67574(class_4014.java:59)
15:00:04.898 createBuffer stack sample #3:
  knot//com.metallum.client.metal.render.MetalDevice.createBuffer(MetalDevice.java:149)
  knot//net.minecraft.class_1059.method_76314(class_1059.java:173)
  knot//net.minecraft.class_1059.method_45848(class_1059.java:135)
  knot//net.minecraft.class_11697$class_11699.method_73035(class_11697.java:168)
  knot//net.minecraft.class_11697$class_11700.method_73039(class_11697.java:212)
  java.base/java.util.ArrayList.forEach(Unknown Source)
  knot//net.minecraft.class_11697$class_11700.method_73037(class_11697.java:212)
  knot//net.minecraft.class_11697.method_76671(class_11697.java:146)
  knot//net.minecraft.class_11697.method_73029(class_11697.java:142)
  java.base/java.util.concurrent.CompletableFuture$UniAccept.tryFire(Unknown Source)
  java.base/java.util.concurrent.CompletableFuture$Completion.run(Unknown Source)
  knot//net.minecraft.class_4014.method_67574(class_4014.java:59)
15:00:04.917 createBuffer stack sample #4:
  knot//com.metallum.client.metal.render.MetalDevice.createBuffer(MetalDevice.java:149)
  knot//net.minecraft.class_1059.method_76314(class_1059.java:173)
  knot//net.minecraft.class_1059.method_45848(class_1059.java:135)
  knot//net.minecraft.class_11697$class_11699.method_73035(class_11697.java:168)
  knot//net.minecraft.class_11697$class_11700.method_73039(class_11697.java:212)
  java.base/java.util.ArrayList.forEach(Unknown Source)
  knot//net.minecraft.class_11697$class_11700.method_73037(class_11697.java:212)
  knot//net.minecraft.class_11697.method_76671(class_11697.java:146)
  knot//net.minecraft.class_11697.method_73029(class_11697.java:142)
  java.base/java.util.concurrent.CompletableFuture$UniAccept.tryFire(Unknown Source)
  java.base/java.util.concurrent.CompletableFuture$Completion.run(Unknown Source)
  knot//net.minecraft.class_4014.method_67574(class_4014.java:59)
15:00:04.921 createBuffer stack sample #5:
  knot//com.metallum.client.metal.render.MetalDevice.createBuffer(MetalDevice.java:149)
  knot//net.minecraft.class_1059.method_76314(class_1059.java:173)
  knot//net.minecraft.class_1059.method_45848(class_1059.java:135)
  knot//net.minecraft.class_11697$class_11699.method_73035(class_11697.java:168)
  knot//net.minecraft.class_11697$class_11700.method_73039(class_11697.java:212)
  java.base/java.util.ArrayList.forEach(Unknown Source)
  knot//net.minecraft.class_11697$class_11700.method_73037(class_11697.java:212)
  knot//net.minecraft.class_11697.method_76671(class_11697.java:146)
  knot//net.minecraft.class_11697.method_73029(class_11697.java:142)
  java.base/java.util.concurrent.CompletableFuture$UniAccept.tryFire(Unknown Source)
  java.base/java.util.concurrent.CompletableFuture$Completion.run(Unknown Source)
  knot//net.minecraft.class_4014.method_67574(class_4014.java:59)
15:00:06.835 frame_time fps=49.1 avg=20.35ms max=371.12ms gpuBehind=0
15:00:07.997 [diag] Z clip-space remap MISS on minecraft:blur/0 fragment: FLIP_VERTEX_Y pattern not found, z is NOT remapped to [0,1] (depth may be wrong)
15:00:08.025 [diag] Z clip-space remap MISS on minecraft:blur/1 fragment: FLIP_VERTEX_Y pattern not found, z is NOT remapped to [0,1] (depth may be wrong)
15:00:08.051 [diag] Z clip-space remap MISS on minecraft:blur/2 fragment: FLIP_VERTEX_Y pattern not found, z is NOT remapped to [0,1] (depth may be wrong)
15:00:08.077 [diag] Z clip-space remap MISS on minecraft:blur/3 fragment: FLIP_VERTEX_Y pattern not found, z is NOT remapped to [0,1] (depth may be wrong)
15:00:08.103 [diag] Z clip-space remap MISS on minecraft:blur/4 fragment: FLIP_VERTEX_Y pattern not found, z is NOT remapped to [0,1] (depth may be wrong)
15:00:08.129 [diag] Z clip-space remap MISS on minecraft:blur/5 fragment: FLIP_VERTEX_Y pattern not found, z is NOT remapped to [0,1] (depth may be wrong)
15:00:11.802 [diag] Z clip-space remap MISS on sodium/blocks/block_layer_opaque fragment: FLIP_VERTEX_Y pattern not found, z is NOT remapped to [0,1] (depth may be wrong)
15:00:11.839 [diag] Z clip-space remap MISS on sodium/blocks/block_layer_opaque fragment: FLIP_VERTEX_Y pattern not found, z is NOT remapped to [0,1] (depth may be wrong)
15:00:11.883 [diag] Z clip-space remap MISS on sodium/blocks/block_layer_opaque fragment: FLIP_VERTEX_Y pattern not found, z is NOT remapped to [0,1] (depth may be wrong)
15:00:11.906 frame_time fps=49.4 avg=20.26ms max=319.45ms gpuBehind=0
15:00:11.987 [diag] sodium regionUniform regionOffset=(-91.30,-21.60,-97.30) currentTime=244 fadePeriodInv=0.001333
15:00:11.987 [diag] sodium encoder rebuilds(last5s)=1
15:00:11.990 [diag] sodium draws(last5s)=2 batchSize=2 firstDraw=e=2466 bv=189588 io=0
15:00:16.907 frame_time fps=47.6 avg=20.99ms max=116.32ms gpuBehind=0
15:00:16.998 [diag] sodium regionUniform regionOffset=(-95.44,-17.82,-105.45) currentTime=5256 fadePeriodInv=0.001333
15:00:16.999 [diag] sodium draws(last5s)=9 batchSize=9 firstDraw=e=2466 bv=189588 io=0
15:00:17.011 [diag] sodium encoder rebuilds(last5s)=405
15:00:21.907 frame_time fps=58.6 avg=17.06ms max=86.72ms gpuBehind=0
15:00:22.011 [diag] sodium regionUniform regionOffset=(-123.79,-18.28,-107.29) currentTime=10269 fadePeriodInv=0.001333
15:00:22.012 [diag] sodium draws(last5s)=3 batchSize=3 firstDraw=e=90 bv=409100 io=0
15:00:22.012 [diag] sodium encoder rebuilds(last5s)=290
15:00:26.921 frame_time fps=58.8 avg=17.00ms max=57.51ms gpuBehind=0
15:00:27.022 [diag] sodium regionUniform regionOffset=(-125.17,-18.28,-113.10) currentTime=15279 fadePeriodInv=0.001333
15:00:27.022 [diag] sodium draws(last5s)=24 batchSize=24 firstDraw=e=108 bv=409100 io=0
15:00:27.555 [diag] sodium encoder rebuilds(last5s)=21
15:00:31.935 frame_time fps=60.0 avg=16.66ms max=20.77ms gpuBehind=0
15:00:32.038 [diag] sodium regionUniform regionOffset=(-110.70,-14.54,-33.28) currentTime=19955 fadePeriodInv=0.001333
15:00:32.038 [diag] sodium draws(last5s)=14 batchSize=14 firstDraw=e=2550 bv=414716 io=0
15:00:33.255 [diag] sodium encoder rebuilds(last5s)=86
15:00:36.952 frame_time fps=60.0 avg=16.66ms max=20.34ms gpuBehind=0
15:00:37.039 [diag] sodium regionUniform regionOffset=(-83.87,-38.72,-124.14) currentTime=25297 fadePeriodInv=0.001333
15:00:37.039 [diag] sodium draws(last5s)=110 batchSize=110 firstDraw=e=1470 bv=431760 io=0
15:00:38.373 [diag] sodium encoder rebuilds(last5s)=216
15:00:41.969 frame_time fps=58.4 avg=17.12ms max=74.80ms gpuBehind=0
15:00:42.054 [diag] sodium regionUniform regionOffset=(-18.41,-49.03,-41.38) currentTime=30312 fadePeriodInv=0.001333
15:00:42.055 [diag] sodium draws(last5s)=149 batchSize=149 firstDraw=e=1044 bv=386032 io=0
15:00:43.572 [diag] sodium encoder rebuilds(last5s)=246
15:00:46.970 frame_time fps=60.0 avg=16.66ms max=23.27ms gpuBehind=0
15:00:47.067 [diag] sodium regionUniform regionOffset=(-106.64,-49.03,-89.13) currentTime=34420 fadePeriodInv=0.001333
15:00:47.067 [diag] sodium draws(last5s)=76 batchSize=76 firstDraw=e=180 bv=926432 io=0
15:00:48.603 [diag] sodium encoder rebuilds(last5s)=170
15:00:51.983 frame_time fps=59.2 avg=16.89ms max=45.60ms gpuBehind=0
15:00:52.067 [diag] sodium regionUniform regionOffset=(-44.07,-49.03,-185.83) currentTime=39332 fadePeriodInv=0.001333
15:00:52.068 [diag] sodium draws(last5s)=50 batchSize=50 firstDraw=e=264 bv=574560 io=0
15:00:53.635 [diag] sodium encoder rebuilds(last5s)=230
15:00:56.986 frame_time fps=59.8 avg=16.72ms max=33.21ms gpuBehind=0
15:00:57.070 [diag] sodium regionUniform regionOffset=(-8.08,-49.03,-4.61) currentTime=44939 fadePeriodInv=0.001333
15:00:57.070 [diag] sodium draws(last5s)=151 batchSize=151 firstDraw=e=2352 bv=420044 io=0
15:00:58.653 [diag] sodium encoder rebuilds(last5s)=255
15:01:01.836 buffers total=7829 | usage=0x82 count=51 req=0.0MB alloc=0.0MB | usage=0x22 count=80 req=0.9MB alloc=0.9MB | usage=0x2 count=1 req=0.4MB alloc=0.4MB | usage=0x102 count=3 req=2.0MB alloc=2.0MB | usage=0x3 count=42 req=44.2MB alloc=44.2MB | usage=0x14 count=7320 req=304.0MB alloc=304.0MB | usage=0x88 count=51 req=0.9MB alloc=0.9MB | usage=0x28 count=233 req=548.0MB alloc=548.0MB | usage=0x48 count=13 req=1.8MB alloc=1.8MB | usage=0x9 count=35 req=516.8MB alloc=516.8MB | sum count=7829 req=1418.9MB alloc=1418.9MB | poolHit=3408 poolMiss=7829 poolReturn=11014 poolHitRate=30%
15:01:02.002 frame_time fps=59.0 avg=16.95ms max=44.93ms gpuBehind=0
15:01:02.070 [diag] sodium regionUniform regionOffset=(-73.52,-49.03,-56.76) currentTime=49304 fadePeriodInv=0.001333
15:01:02.070 [diag] sodium draws(last5s)=83 batchSize=83 firstDraw=e=1182 bv=503064 io=0
15:01:03.654 [diag] sodium encoder rebuilds(last5s)=222
15:01:07.015 frame_time fps=59.0 avg=16.95ms max=52.48ms gpuBehind=0
15:01:07.081 [diag] sodium regionUniform regionOffset=(-118.07,-23.71,-109.03) currentTime=15564 fadePeriodInv=0.001333
15:01:07.082 [diag] sodium draws(last5s)=150 batchSize=150 firstDraw=e=2208 bv=636940 io=0
15:01:08.668 [diag] sodium encoder rebuilds(last5s)=276
15:01:12.018 frame_time fps=59.0 avg=16.95ms max=68.05ms gpuBehind=0
15:01:12.086 [diag] sodium regionUniform regionOffset=(-97.44,-22.66,-116.49) currentTime=8151 fadePeriodInv=0.001333
15:01:12.086 [diag] sodium draws(last5s)=10 batchSize=10 firstDraw=e=4350 bv=795536 io=0
15:01:13.684 [diag] sodium encoder rebuilds(last5s)=370
15:01:17.031 frame_time fps=60.0 avg=16.66ms max=19.65ms gpuBehind=0
15:01:17.099 [diag] sodium regionUniform regionOffset=(-27.83,-35.57,-97.51) currentTime=64364 fadePeriodInv=0.001333
15:01:17.099 [diag] sodium draws(last5s)=66 batchSize=66 firstDraw=e=2292 bv=448524 io=0
15:01:18.766 [diag] sodium encoder rebuilds(last5s)=268
15:01:22.033 frame_time fps=59.6 avg=16.78ms max=40.50ms gpuBehind=0
15:01:22.101 [diag] sodium regionUniform regionOffset=(-79.16,-43.88,-108.69) currentTime=30584 fadePeriodInv=0.001333
15:01:22.102 [diag] sodium draws(last5s)=55 batchSize=55 firstDraw=e=762 bv=615364 io=0
15:01:23.783 [diag] sodium encoder rebuilds(last5s)=343
15:01:27.034 frame_time fps=58.8 avg=17.01ms max=73.42ms gpuBehind=0
15:01:27.106 [diag] sodium regionUniform regionOffset=(-99.31,-45.85,-61.21) currentTime=34786 fadePeriodInv=0.001333
15:01:27.108 [diag] sodium draws(last5s)=22 batchSize=22 firstDraw=e=960 bv=533000 io=0
15:01:28.800 [diag] sodium encoder rebuilds(last5s)=294
15:01:32.050 frame_time fps=56.2 avg=17.79ms max=103.15ms gpuBehind=0
15:01:32.116 [diag] sodium regionUniform regionOffset=(-74.88,-39.97,-65.71) currentTime=9898 fadePeriodInv=0.001333
15:01:32.117 [diag] sodium draws(last5s)=66 batchSize=66 firstDraw=e=3126 bv=931680 io=0
15:01:33.816 [diag] sodium encoder rebuilds(last5s)=353
15:01:37.051 frame_time fps=55.2 avg=18.13ms max=119.02ms gpuBehind=0
15:01:37.155 [diag] sodium regionUniform regionOffset=(-99.62,-36.58,-76.95) currentTime=9733 fadePeriodInv=0.001333
15:01:37.159 [diag] sodium draws(last5s)=48 batchSize=48 firstDraw=e=3024 bv=1120268 io=0
15:01:38.883 [diag] sodium encoder rebuilds(last5s)=208
15:01:42.062 frame_time fps=56.1 avg=17.84ms max=84.88ms gpuBehind=0
15:01:42.162 [diag] sodium regionUniform regionOffset=(-3.90,-22.61,-41.02) currentTime=7035 fadePeriodInv=0.001333
15:01:42.162 [diag] sodium draws(last5s)=10 batchSize=10 firstDraw=e=2490 bv=365764 io=0
15:01:43.956 [diag] sodium encoder rebuilds(last5s)=218
15:01:47.077 frame_time fps=56.4 avg=17.73ms max=83.18ms gpuBehind=0
15:01:47.176 [diag] sodium regionUniform regionOffset=(-33.13,-21.37,-8.88) currentTime=7352 fadePeriodInv=0.001333
15:01:47.177 [diag] sodium draws(last5s)=3 batchSize=3 firstDraw=e=1656 bv=128576 io=0
15:01:49.118 [diag] sodium encoder rebuilds(last5s)=149
15:01:52.082 frame_time fps=55.9 avg=17.88ms max=177.75ms gpuBehind=0
15:01:52.176 [diag] sodium regionUniform regionOffset=(-208.85,-81.67,75.71) currentTime=1383 fadePeriodInv=0.001333
15:01:52.177 [diag] sodium draws(last5s)=10 batchSize=10 firstDraw=e=936 bv=149424 io=371040
15:01:54.176 [diag] sodium encoder rebuilds(last5s)=221
15:01:57.100 frame_time fps=57.1 avg=17.52ms max=94.39ms gpuBehind=0
15:01:57.178 [diag] sodium regionUniform regionOffset=(-94.32,-4.24,-73.04) currentTime=5401 fadePeriodInv=0.001333
15:01:57.178 [diag] sodium draws(last5s)=25 batchSize=25 firstDraw=e=1686 bv=138256 io=0
15:01:59.277 [diag] sodium encoder rebuilds(last5s)=266
==== Metallum diag start ====
16:20:28.599 [diag] Z clip-space remap MISS on minecraft:pipeline/gui fragment: FLIP_VERTEX_Y pattern not found, z is NOT remapped to [0,1] (depth may be wrong)
16:20:28.629 [diag] Z clip-space remap MISS on minecraft:pipeline/gui_textured fragment: FLIP_VERTEX_Y pattern not found, z is NOT remapped to [0,1] (depth may be wrong)
16:20:28.805 [diag] Z clip-space remap MISS on minecraft:pipeline/mojang_logo fragment: FLIP_VERTEX_Y pattern not found, z is NOT remapped to [0,1] (depth may be wrong)
16:20:28.836 buffers total=42 | usage=0x82 count=15 req=0.0MB alloc=0.0MB | usage=0x22 count=6 req=0.0MB alloc=0.0MB | usage=0x3 count=2 req=1.5MB alloc=1.5MB | usage=0x88 count=15 req=0.0MB alloc=0.0MB | usage=0x28 count=3 req=0.0MB alloc=0.0MB | usage=0x48 count=1 req=0.0MB alloc=0.0MB | sum count=42 req=1.5MB alloc=1.5MB | poolHit=0 poolMiss=42 poolReturn=0 poolHitRate=0%
16:20:29.644 [diag] Z clip-space remap MISS on minecraft:pipeline/wireframe fragment: FLIP_VERTEX_Y pattern not found, z is NOT remapped to [0,1] (depth may be wrong)
16:20:29.675 [diag] Z clip-space remap MISS on minecraft:pipeline/cutout_terrain fragment: FLIP_VERTEX_Y pattern not found, z is NOT remapped to [0,1] (depth may be wrong)
16:20:29.701 [diag] Z clip-space remap MISS on minecraft:pipeline/weather_depth_write fragment: FLIP_VERTEX_Y pattern not found, z is NOT remapped to [0,1] (depth may be wrong)
16:20:29.727 [diag] Z clip-space remap MISS on minecraft:pipeline/gui_text_highlight fragment: FLIP_VERTEX_Y pattern not found, z is NOT remapped to [0,1] (depth may be wrong)
16:20:29.753 [diag] Z clip-space remap MISS on minecraft:pipeline/sky fragment: FLIP_VERTEX_Y pattern not found, z is NOT remapped to [0,1] (depth may be wrong)
16:20:29.778 [diag] Z clip-space remap MISS on minecraft:pipeline/outline_no_cull fragment: FLIP_VERTEX_Y pattern not found, z is NOT remapped to [0,1] (depth may be wrong)
16:20:29.805 [diag] Z clip-space remap MISS on minecraft:pipeline/entity_cutout fragment: FLIP_VERTEX_Y pattern not found, z is NOT remapped to [0,1] (depth may be wrong)
16:20:29.830 [diag] Z clip-space remap MISS on minecraft:pipeline/debug_filled_box fragment: FLIP_VERTEX_Y pattern not found, z is NOT remapped to [0,1] (depth may be wrong)
16:20:29.856 [diag] Z clip-space remap MISS on minecraft:pipeline/entity_solid_offset_forward fragment: FLIP_VERTEX_Y pattern not found, z is NOT remapped to [0,1] (depth may be wrong)
16:20:29.882 [diag] Z clip-space remap MISS on minecraft:pipeline/text_background fragment: FLIP_VERTEX_Y pattern not found, z is NOT remapped to [0,1] (depth may be wrong)
16:20:29.906 [diag] Z clip-space remap MISS on minecraft:pipeline/tracy_blit fragment: FLIP_VERTEX_Y pattern not found, z is NOT remapped to [0,1] (depth may be wrong)
16:20:29.931 [diag] Z clip-space remap MISS on minecraft:pipeline/debug_points fragment: FLIP_VERTEX_Y pattern not found, z is NOT remapped to [0,1] (depth may be wrong)
16:20:29.957 [diag] Z clip-space remap MISS on minecraft:pipeline/armor_cutout_no_cull fragment: FLIP_VERTEX_Y pattern not found, z is NOT remapped to [0,1] (depth may be wrong)
16:20:29.982 [diag] Z clip-space remap MISS on minecraft:pipeline/end_sky fragment: FLIP_VERTEX_Y pattern not found, z is NOT remapped to [0,1] (depth may be wrong)
16:20:30.007 [diag] Z clip-space remap MISS on minecraft:pipeline/tripwire_block fragment: FLIP_VERTEX_Y pattern not found, z is NOT remapped to [0,1] (depth may be wrong)
16:20:30.032 [diag] Z clip-space remap MISS on minecraft:pipeline/celestial fragment: FLIP_VERTEX_Y pattern not found, z is NOT remapped to [0,1] (depth may be wrong)
16:20:30.057 [diag] Z clip-space remap MISS on minecraft:pipeline/mojang_logo fragment: FLIP_VERTEX_Y pattern not found, z is NOT remapped to [0,1] (depth may be wrong)
16:20:30.082 [diag] Z clip-space remap MISS on minecraft:pipeline/clouds fragment: FLIP_VERTEX_Y pattern not found, z is NOT remapped to [0,1] (depth may be wrong)
16:20:30.108 [diag] Z clip-space remap MISS on minecraft:pipeline/entity_translucent fragment: FLIP_VERTEX_Y pattern not found, z is NOT remapped to [0,1] (depth may be wrong)
16:20:30.134 [diag] Z clip-space remap MISS on minecraft:pipeline/translucent_moving_block fragment: FLIP_VERTEX_Y pattern not found, z is NOT remapped to [0,1] (depth may be wrong)
16:20:30.159 [diag] Z clip-space remap MISS on minecraft:pipeline/gui_text_intensity fragment: FLIP_VERTEX_Y pattern not found, z is NOT remapped to [0,1] (depth may be wrong)
16:20:30.185 [diag] Z clip-space remap MISS on minecraft:pipeline/secondary_block_outline fragment: FLIP_VERTEX_Y pattern not found, z is NOT remapped to [0,1] (depth may be wrong)
16:20:30.210 [diag] Z clip-space remap MISS on minecraft:pipeline/translucent_particle fragment: FLIP_VERTEX_Y pattern not found, z is NOT remapped to [0,1] (depth may be wrong)
16:20:30.235 [diag] Z clip-space remap MISS on minecraft:pipeline/animate_sprite_blit fragment: FLIP_VERTEX_Y pattern not found, z is NOT remapped to [0,1] (depth may be wrong)
16:20:30.259 [diag] Z clip-space remap MISS on minecraft:pipeline/gui_nausea_overlay fragment: FLIP_VERTEX_Y pattern not found, z is NOT remapped to [0,1] (depth may be wrong)
16:20:30.284 [diag] Z clip-space remap MISS on minecraft:pipeline/gui_invert fragment: FLIP_VERTEX_Y pattern not found, z is NOT remapped to [0,1] (depth may be wrong)
16:20:30.309 [diag] Z clip-space remap MISS on minecraft:pipeline/opaque_particle fragment: FLIP_VERTEX_Y pattern not found, z is NOT remapped to [0,1] (depth may be wrong)
16:20:30.333 [diag] Z clip-space remap MISS on minecraft:pipeline/gui_textured fragment: FLIP_VERTEX_Y pattern not found, z is NOT remapped to [0,1] (depth may be wrong)
16:20:30.359 [diag] Z clip-space remap MISS on minecraft:pipeline/lines fragment: FLIP_VERTEX_Y pattern not found, z is NOT remapped to [0,1] (depth may be wrong)
16:20:30.386 [diag] Z clip-space remap MISS on minecraft:pipeline/translucent_terrain fragment: FLIP_VERTEX_Y pattern not found, z is NOT remapped to [0,1] (depth may be wrong)
16:20:30.411 [diag] Z clip-space remap MISS on minecraft:pipeline/gui_text fragment: FLIP_VERTEX_Y pattern not found, z is NOT remapped to [0,1] (depth may be wrong)
16:20:30.436 [diag] Z clip-space remap MISS on minecraft:pipeline/text_intensity_see_through fragment: FLIP_VERTEX_Y pattern not found, z is NOT remapped to [0,1] (depth may be wrong)
16:20:30.462 [diag] Z clip-space remap MISS on minecraft:pipeline/armor_translucent fragment: FLIP_VERTEX_Y pattern not found, z is NOT remapped to [0,1] (depth may be wrong)
16:20:30.487 [diag] Z clip-space remap MISS on minecraft:pipeline/dragon_rays fragment: FLIP_VERTEX_Y pattern not found, z is NOT remapped to [0,1] (depth may be wrong)
16:20:30.513 [diag] Z clip-space remap MISS on minecraft:pipeline/weather_no_depth_write fragment: FLIP_VERTEX_Y pattern not found, z is NOT remapped to [0,1] (depth may be wrong)
16:20:30.538 [diag] Z clip-space remap MISS on minecraft:pipeline/beacon_beam_opaque fragment: FLIP_VERTEX_Y pattern not found, z is NOT remapped to [0,1] (depth may be wrong)
16:20:30.563 [diag] Z clip-space remap MISS on minecraft:pipeline/panorama fragment: FLIP_VERTEX_Y pattern not found, z is NOT remapped to [0,1] (depth may be wrong)
16:20:30.588 [diag] Z clip-space remap MISS on minecraft:pipeline/lightmap fragment: FLIP_VERTEX_Y pattern not found, z is NOT remapped to [0,1] (depth may be wrong)
16:20:30.614 [diag] Z clip-space remap MISS on minecraft:pipeline/dragon_rays_depth fragment: FLIP_VERTEX_Y pattern not found, z is NOT remapped to [0,1] (depth may be wrong)
16:20:30.640 [diag] Z clip-space remap MISS on minecraft:pipeline/tripwire_terrain fragment: FLIP_VERTEX_Y pattern not found, z is NOT remapped to [0,1] (depth may be wrong)
16:20:30.666 [diag] Z clip-space remap MISS on minecraft:pipeline/lightning fragment: FLIP_VERTEX_Y pattern not found, z is NOT remapped to [0,1] (depth may be wrong)
16:20:30.690 [diag] Z clip-space remap MISS on minecraft:pipeline/text_see_through fragment: FLIP_VERTEX_Y pattern not found, z is NOT remapped to [0,1] (depth may be wrong)
16:20:30.715 [diag] Z clip-space remap MISS on minecraft:pipeline/text_background_see_through fragment: FLIP_VERTEX_Y pattern not found, z is NOT remapped to [0,1] (depth may be wrong)
16:20:30.740 [diag] Z clip-space remap MISS on minecraft:pipeline/entity_cutout_no_cull fragment: FLIP_VERTEX_Y pattern not found, z is NOT remapped to [0,1] (depth may be wrong)
16:20:30.765 [diag] Z clip-space remap MISS on minecraft:pipeline/gui_opaque_textured_background fragment: FLIP_VERTEX_Y pattern not found, z is NOT remapped to [0,1] (depth may be wrong)
16:20:30.790 [diag] Z clip-space remap MISS on minecraft:pipeline/beacon_beam_translucent fragment: FLIP_VERTEX_Y pattern not found, z is NOT remapped to [0,1] (depth may be wrong)
16:20:30.814 [diag] Z clip-space remap MISS on minecraft:pipeline/dragon_explosion_alpha fragment: FLIP_VERTEX_Y pattern not found, z is NOT remapped to [0,1] (depth may be wrong)
16:20:30.844 [diag] Z clip-space remap MISS on minecraft:pipeline/text_polygon_offset fragment: FLIP_VERTEX_Y pattern not found, z is NOT remapped to [0,1] (depth may be wrong)
16:20:30.870 [diag] Z clip-space remap MISS on minecraft:pipeline/solid_block fragment: FLIP_VERTEX_Y pattern not found, z is NOT remapped to [0,1] (depth may be wrong)
16:20:30.895 [diag] Z clip-space remap MISS on minecraft:pipeline/entity_solid fragment: FLIP_VERTEX_Y pattern not found, z is NOT remapped to [0,1] (depth may be wrong)
16:20:30.920 [diag] Z clip-space remap MISS on minecraft:pipeline/entity_outline_blit fragment: FLIP_VERTEX_Y pattern not found, z is NOT remapped to [0,1] (depth may be wrong)
16:20:30.945 [diag] Z clip-space remap MISS on minecraft:pipeline/outline_cull fragment: FLIP_VERTEX_Y pattern not found, z is NOT remapped to [0,1] (depth may be wrong)
16:20:30.969 [diag] Z clip-space remap MISS on minecraft:pipeline/debug_triangle_fan fragment: FLIP_VERTEX_Y pattern not found, z is NOT remapped to [0,1] (depth may be wrong)
16:20:30.995 [diag] Z clip-space remap MISS on minecraft:pipeline/text_intensity fragment: FLIP_VERTEX_Y pattern not found, z is NOT remapped to [0,1] (depth may be wrong)
16:20:31.020 [diag] Z clip-space remap MISS on minecraft:pipeline/lines_translucent fragment: FLIP_VERTEX_Y pattern not found, z is NOT remapped to [0,1] (depth may be wrong)
16:20:31.046 [diag] Z clip-space remap MISS on minecraft:pipeline/end_portal fragment: FLIP_VERTEX_Y pattern not found, z is NOT remapped to [0,1] (depth may be wrong)
16:20:31.072 [diag] Z clip-space remap MISS on minecraft:pipeline/energy_swirl fragment: FLIP_VERTEX_Y pattern not found, z is NOT remapped to [0,1] (depth may be wrong)
16:20:31.098 [diag] Z clip-space remap MISS on minecraft:pipeline/glint fragment: FLIP_VERTEX_Y pattern not found, z is NOT remapped to [0,1] (depth may be wrong)
16:20:31.123 [diag] Z clip-space remap MISS on minecraft:pipeline/crumbling fragment: FLIP_VERTEX_Y pattern not found, z is NOT remapped to [0,1] (depth may be wrong)
16:20:31.148 [diag] Z clip-space remap MISS on minecraft:pipeline/stars fragment: FLIP_VERTEX_Y pattern not found, z is NOT remapped to [0,1] (depth may be wrong)
16:20:31.173 [diag] Z clip-space remap MISS on minecraft:pipeline/gui_textured_premultiplied_alpha fragment: FLIP_VERTEX_Y pattern not found, z is NOT remapped to [0,1] (depth may be wrong)
16:20:31.199 [diag] Z clip-space remap MISS on minecraft:pipeline/text fragment: FLIP_VERTEX_Y pattern not found, z is NOT remapped to [0,1] (depth may be wrong)
16:20:31.224 [diag] Z clip-space remap MISS on minecraft:pipeline/armor_decal_cutout_no_cull fragment: FLIP_VERTEX_Y pattern not found, z is NOT remapped to [0,1] (depth may be wrong)
16:20:31.249 [diag] Z clip-space remap MISS on minecraft:pipeline/animate_sprite_interpolate fragment: FLIP_VERTEX_Y pattern not found, z is NOT remapped to [0,1] (depth may be wrong)
16:20:31.274 [diag] Z clip-space remap MISS on minecraft:pipeline/world_border fragment: FLIP_VERTEX_Y pattern not found, z is NOT remapped to [0,1] (depth may be wrong)
16:20:31.300 [diag] Z clip-space remap MISS on minecraft:pipeline/entity_no_outline fragment: FLIP_VERTEX_Y pattern not found, z is NOT remapped to [0,1] (depth may be wrong)
16:20:31.325 [diag] Z clip-space remap MISS on minecraft:pipeline/flat_clouds fragment: FLIP_VERTEX_Y pattern not found, z is NOT remapped to [0,1] (depth may be wrong)
16:20:31.351 [diag] Z clip-space remap MISS on minecraft:pipeline/entity_translucent_emissive fragment: FLIP_VERTEX_Y pattern not found, z is NOT remapped to [0,1] (depth may be wrong)
16:20:31.376 [diag] Z clip-space remap MISS on minecraft:pipeline/gui fragment: FLIP_VERTEX_Y pattern not found, z is NOT remapped to [0,1] (depth may be wrong)
16:20:31.401 [diag] Z clip-space remap MISS on minecraft:pipeline/eyes fragment: FLIP_VERTEX_Y pattern not found, z is NOT remapped to [0,1] (depth may be wrong)
16:20:31.427 [diag] Z clip-space remap MISS on minecraft:pipeline/breeze_wind fragment: FLIP_VERTEX_Y pattern not found, z is NOT remapped to [0,1] (depth may be wrong)
16:20:31.452 [diag] Z clip-space remap MISS on minecraft:pipeline/crosshair fragment: FLIP_VERTEX_Y pattern not found, z is NOT remapped to [0,1] (depth may be wrong)
16:20:31.476 [diag] Z clip-space remap MISS on minecraft:pipeline/sunrise_sunset fragment: FLIP_VERTEX_Y pattern not found, z is NOT remapped to [0,1] (depth may be wrong)
16:20:31.502 [diag] Z clip-space remap MISS on minecraft:pipeline/entity_decal fragment: FLIP_VERTEX_Y pattern not found, z is NOT remapped to [0,1] (depth may be wrong)
16:20:31.527 [diag] Z clip-space remap MISS on minecraft:pipeline/vignette fragment: FLIP_VERTEX_Y pattern not found, z is NOT remapped to [0,1] (depth may be wrong)
16:20:31.551 [diag] Z clip-space remap MISS on minecraft:pipeline/block_screen_effect fragment: FLIP_VERTEX_Y pattern not found, z is NOT remapped to [0,1] (depth may be wrong)
16:20:31.576 [diag] Z clip-space remap MISS on minecraft:pipeline/debug_quads fragment: FLIP_VERTEX_Y pattern not found, z is NOT remapped to [0,1] (depth may be wrong)
16:20:31.600 [diag] Z clip-space remap MISS on minecraft:pipeline/fire_screen_effect fragment: FLIP_VERTEX_Y pattern not found, z is NOT remapped to [0,1] (depth may be wrong)
16:20:31.626 [diag] Z clip-space remap MISS on minecraft:pipeline/end_gateway fragment: FLIP_VERTEX_Y pattern not found, z is NOT remapped to [0,1] (depth may be wrong)
16:20:31.651 [diag] Z clip-space remap MISS on minecraft:pipeline/leash fragment: FLIP_VERTEX_Y pattern not found, z is NOT remapped to [0,1] (depth may be wrong)
16:20:31.677 [diag] Z clip-space remap MISS on minecraft:pipeline/entity_shadow fragment: FLIP_VERTEX_Y pattern not found, z is NOT remapped to [0,1] (depth may be wrong)
16:20:31.703 [diag] Z clip-space remap MISS on minecraft:pipeline/item_entity_translucent_cull fragment: FLIP_VERTEX_Y pattern not found, z is NOT remapped to [0,1] (depth may be wrong)
16:20:31.727 [diag] Z clip-space remap MISS on minecraft:pipeline/water_mask fragment: FLIP_VERTEX_Y pattern not found, z is NOT remapped to [0,1] (depth may be wrong)
16:20:31.753 [diag] Z clip-space remap MISS on minecraft:pipeline/entity_smooth_cutout fragment: FLIP_VERTEX_Y pattern not found, z is NOT remapped to [0,1] (depth may be wrong)
16:20:31.779 [diag] Z clip-space remap MISS on minecraft:pipeline/entity_cutout_no_cull_z_offset fragment: FLIP_VERTEX_Y pattern not found, z is NOT remapped to [0,1] (depth may be wrong)
16:20:31.805 [diag] Z clip-space remap MISS on minecraft:pipeline/solid_terrain fragment: FLIP_VERTEX_Y pattern not found, z is NOT remapped to [0,1] (depth may be wrong)
16:20:31.830 [diag] Z clip-space remap MISS on minecraft:pipeline/cutout_block fragment: FLIP_VERTEX_Y pattern not found, z is NOT remapped to [0,1] (depth may be wrong)
16:20:31.881 createBuffer stack sample #1:
  knot//com.metallum.client.metal.render.MetalDevice.createBuffer(MetalDevice.java:149)
  knot//net.minecraft.class_1059.method_45848(class_1059.java:116)
  knot//net.minecraft.class_11697$class_11699.method_73035(class_11697.java:168)
  knot//net.minecraft.class_11697$class_11700.method_73039(class_11697.java:212)
  java.base/java.util.ArrayList.forEach(Unknown Source)
  knot//net.minecraft.class_11697$class_11700.method_73037(class_11697.java:212)
  knot//net.minecraft.class_11697.method_76671(class_11697.java:146)
  knot//net.minecraft.class_11697.method_73029(class_11697.java:142)
  java.base/java.util.concurrent.CompletableFuture$UniAccept.tryFire(Unknown Source)
  java.base/java.util.concurrent.CompletableFuture$Completion.run(Unknown Source)
  knot//net.minecraft.class_4014.method_67574(class_4014.java:59)
  knot//net.minecraft.class_1255.method_18859(class_1255.java:169)
16:20:31.901 createBuffer stack sample #2:
  knot//com.metallum.client.metal.render.MetalDevice.createBuffer(MetalDevice.java:149)
  knot//net.minecraft.class_1059.method_76314(class_1059.java:173)
  knot//net.minecraft.class_1059.method_45848(class_1059.java:135)
  knot//net.minecraft.class_11697$class_11699.method_73035(class_11697.java:168)
  knot//net.minecraft.class_11697$class_11700.method_73039(class_11697.java:212)
  java.base/java.util.ArrayList.forEach(Unknown Source)
  knot//net.minecraft.class_11697$class_11700.method_73037(class_11697.java:212)
  knot//net.minecraft.class_11697.method_76671(class_11697.java:146)
  knot//net.minecraft.class_11697.method_73029(class_11697.java:142)
  java.base/java.util.concurrent.CompletableFuture$UniAccept.tryFire(Unknown Source)
  java.base/java.util.concurrent.CompletableFuture$Completion.run(Unknown Source)
  knot//net.minecraft.class_4014.method_67574(class_4014.java:59)
16:20:31.906 createBuffer stack sample #3:
  knot//com.metallum.client.metal.render.MetalDevice.createBuffer(MetalDevice.java:149)
  knot//net.minecraft.class_1059.method_76314(class_1059.java:173)
  knot//net.minecraft.class_1059.method_45848(class_1059.java:135)
  knot//net.minecraft.class_11697$class_11699.method_73035(class_11697.java:168)
  knot//net.minecraft.class_11697$class_11700.method_73039(class_11697.java:212)
  java.base/java.util.ArrayList.forEach(Unknown Source)
  knot//net.minecraft.class_11697$class_11700.method_73037(class_11697.java:212)
  knot//net.minecraft.class_11697.method_76671(class_11697.java:146)
  knot//net.minecraft.class_11697.method_73029(class_11697.java:142)
  java.base/java.util.concurrent.CompletableFuture$UniAccept.tryFire(Unknown Source)
  java.base/java.util.concurrent.CompletableFuture$Completion.run(Unknown Source)
  knot//net.minecraft.class_4014.method_67574(class_4014.java:59)
16:20:31.945 createBuffer stack sample #4:
  knot//com.metallum.client.metal.render.MetalDevice.createBuffer(MetalDevice.java:149)
  knot//net.minecraft.class_1059.method_76314(class_1059.java:173)
  knot//net.minecraft.class_1059.method_45848(class_1059.java:135)
  knot//net.minecraft.class_11697$class_11699.method_73035(class_11697.java:168)
  knot//net.minecraft.class_11697$class_11700.method_73039(class_11697.java:212)
  java.base/java.util.ArrayList.forEach(Unknown Source)
  knot//net.minecraft.class_11697$class_11700.method_73037(class_11697.java:212)
  knot//net.minecraft.class_11697.method_76671(class_11697.java:146)
  knot//net.minecraft.class_11697.method_73029(class_11697.java:142)
  java.base/java.util.concurrent.CompletableFuture$UniAccept.tryFire(Unknown Source)
  java.base/java.util.concurrent.CompletableFuture$Completion.run(Unknown Source)
  knot//net.minecraft.class_4014.method_67574(class_4014.java:59)
16:20:31.948 createBuffer stack sample #5:
  knot//com.metallum.client.metal.render.MetalDevice.createBuffer(MetalDevice.java:149)
  knot//net.minecraft.class_1059.method_76314(class_1059.java:173)
  knot//net.minecraft.class_1059.method_45848(class_1059.java:135)
  knot//net.minecraft.class_11697$class_11699.method_73035(class_11697.java:168)
  knot//net.minecraft.class_11697$class_11700.method_73039(class_11697.java:212)
  java.base/java.util.ArrayList.forEach(Unknown Source)
  knot//net.minecraft.class_11697$class_11700.method_73037(class_11697.java:212)
  knot//net.minecraft.class_11697.method_76671(class_11697.java:146)
  knot//net.minecraft.class_11697.method_73029(class_11697.java:142)
  java.base/java.util.concurrent.CompletableFuture$UniAccept.tryFire(Unknown Source)
  java.base/java.util.concurrent.CompletableFuture$Completion.run(Unknown Source)
  knot//net.minecraft.class_4014.method_67574(class_4014.java:59)
16:20:33.844 frame_time fps=50.5 avg=19.82ms max=339.36ms gpuBehind=0 moving=0/129 avgMoving=0.00ms
16:20:38.860 frame_time fps=60.0 avg=16.67ms max=18.63ms gpuBehind=0 moving=0/301 avgMoving=0.00ms
16:20:43.876 frame_time fps=60.0 avg=16.67ms max=16.76ms gpuBehind=0 moving=0/301 avgMoving=0.00ms
16:20:48.892 frame_time fps=60.0 avg=16.67ms max=22.45ms gpuBehind=0 moving=0/301 avgMoving=0.00ms
16:20:53.892 frame_time fps=60.0 avg=16.67ms max=16.91ms gpuBehind=0 moving=0/300 avgMoving=0.00ms
16:20:58.909 frame_time fps=60.0 avg=16.67ms max=17.02ms gpuBehind=0 moving=0/301 avgMoving=0.00ms
16:21:03.925 frame_time fps=60.0 avg=16.67ms max=17.01ms gpuBehind=0 moving=0/301 avgMoving=0.00ms
16:21:08.941 frame_time fps=60.0 avg=16.67ms max=16.92ms gpuBehind=0 moving=0/301 avgMoving=0.00ms
16:21:13.957 frame_time fps=60.0 avg=16.67ms max=16.89ms gpuBehind=0 moving=0/301 avgMoving=0.00ms
16:21:18.974 frame_time fps=60.0 avg=16.67ms max=16.74ms gpuBehind=0 moving=0/301 avgMoving=0.00ms
16:21:23.199 [diag] Z clip-space remap MISS on minecraft:blur/0 fragment: FLIP_VERTEX_Y pattern not found, z is NOT remapped to [0,1] (depth may be wrong)
16:21:23.226 [diag] Z clip-space remap MISS on minecraft:blur/1 fragment: FLIP_VERTEX_Y pattern not found, z is NOT remapped to [0,1] (depth may be wrong)
16:21:23.251 [diag] Z clip-space remap MISS on minecraft:blur/2 fragment: FLIP_VERTEX_Y pattern not found, z is NOT remapped to [0,1] (depth may be wrong)
16:21:23.276 [diag] Z clip-space remap MISS on minecraft:blur/3 fragment: FLIP_VERTEX_Y pattern not found, z is NOT remapped to [0,1] (depth may be wrong)
16:21:23.301 [diag] Z clip-space remap MISS on minecraft:blur/4 fragment: FLIP_VERTEX_Y pattern not found, z is NOT remapped to [0,1] (depth may be wrong)
16:21:23.327 [diag] Z clip-space remap MISS on minecraft:blur/5 fragment: FLIP_VERTEX_Y pattern not found, z is NOT remapped to [0,1] (depth may be wrong)
16:21:23.976 frame_time fps=58.0 avg=17.24ms max=189.45ms gpuBehind=0 moving=0/290 avgMoving=0.00ms
16:21:27.224 [diag] Z clip-space remap MISS on sodium/blocks/block_layer_opaque fragment: FLIP_VERTEX_Y pattern not found, z is NOT remapped to [0,1] (depth may be wrong)
16:21:27.258 [diag] Z clip-space remap MISS on sodium/blocks/block_layer_opaque fragment: FLIP_VERTEX_Y pattern not found, z is NOT remapped to [0,1] (depth may be wrong)
16:21:27.291 [diag] Z clip-space remap MISS on sodium/blocks/block_layer_opaque fragment: FLIP_VERTEX_Y pattern not found, z is NOT remapped to [0,1] (depth may be wrong)
16:21:27.496 [diag] sodium regionUniform regionOffset=(-37.59,-63.59,-101.93) currentTime=336 fadePeriodInv=0.001333
16:21:27.500 [diag] sodium encoder rebuilds(last5s)=1
16:21:27.513 [diag] sodium draws(last5s)=1 batchSize=1 firstDraw=e=330 bv=193304 io=0
16:21:28.840 buffers total=790 | usage=0x82 count=51 req=0.0MB alloc=0.0MB | usage=0x22 count=39 req=1.8MB alloc=1.8MB | usage=0x2 count=1 req=0.4MB alloc=0.4MB | usage=0x102 count=3 req=2.0MB alloc=2.0MB | usage=0x3 count=40 req=43.2MB alloc=43.2MB | usage=0x14 count=534 req=24.1MB alloc=24.1MB | usage=0x88 count=51 req=0.9MB alloc=0.9MB | usage=0x28 count=62 req=77.9MB alloc=77.9MB | usage=0x48 count=8 req=1.7MB alloc=1.7MB | usage=0x9 count=1 req=14.8MB alloc=14.8MB | sum count=790 req=166.8MB alloc=166.8MB | poolHit=90 poolMiss=790 poolReturn=646 poolHitRate=10%
16:21:28.992 frame_time fps=39.9 avg=25.08ms max=323.62ms gpuBehind=0 moving=0/172 avgMoving=0.00ms
16:21:32.502 [diag] sodium regionUniform regionOffset=(-37.59,-63.61,-101.93) currentTime=5345 fadePeriodInv=0.001333
16:21:32.516 [diag] sodium draws(last5s)=8 batchSize=8 firstDraw=e=1944 bv=291092 io=0
16:21:32.531 [diag] sodium encoder rebuilds(last5s)=625
16:21:33.995 frame_time fps=48.4 avg=20.68ms max=133.02ms gpuBehind=0 moving=0/242 avgMoving=0.00ms
16:21:37.516 [diag] sodium regionUniform regionOffset=(-37.59,-63.61,-101.93) currentTime=10359 fadePeriodInv=0.001333
16:21:37.517 [diag] sodium draws(last5s)=31 batchSize=31 firstDraw=e=522 bv=358616 io=0
16:21:38.199 [diag] sodium encoder rebuilds(last5s)=127
16:21:38.998 frame_time fps=59.2 avg=16.89ms max=62.68ms gpuBehind=0 moving=52/296 avgMoving=16.98ms
16:21:42.531 [diag] sodium regionUniform regionOffset=(-102.51,-29.51,-55.29) currentTime=15374 fadePeriodInv=0.001333
16:21:42.537 [diag] sodium draws(last5s)=4 batchSize=4 firstDraw=e=18 bv=18716 io=0
16:21:43.298 [diag] sodium encoder rebuilds(last5s)=299
16:21:44.018 frame_time fps=55.8 avg=17.93ms max=96.61ms gpuBehind=0 moving=280/280 avgMoving=17.93ms
16:21:47.542 [diag] sodium regionUniform regionOffset=(-108.66,-14.27,-120.18) currentTime=19302 fadePeriodInv=0.001333
16:21:47.543 [diag] sodium draws(last5s)=5 batchSize=5 firstDraw=e=3156 bv=139456 io=0
16:21:48.312 [diag] sodium encoder rebuilds(last5s)=400
16:21:49.027 frame_time fps=54.5 avg=18.36ms max=105.57ms gpuBehind=0 moving=273/273 avgMoving=18.36ms
16:21:52.545 [diag] sodium regionUniform regionOffset=(-75.07,-13.14,-42.45) currentTime=11350 fadePeriodInv=0.001333
16:21:52.546 [diag] sodium draws(last5s)=23 batchSize=23 firstDraw=e=1236 bv=133024 io=0
16:21:53.329 [diag] sodium encoder rebuilds(last5s)=364
16:21:54.041 frame_time fps=55.6 avg=17.98ms max=85.30ms gpuBehind=0 moving=279/279 avgMoving=17.98ms
16:21:57.549 [diag] sodium regionUniform regionOffset=(-117.46,-14.15,-86.94) currentTime=29308 fadePeriodInv=0.001333
16:21:57.550 [diag] sodium draws(last5s)=50 batchSize=50 firstDraw=e=2238 bv=115056 io=0
16:21:59.046 frame_time fps=59.4 avg=16.83ms max=49.93ms gpuBehind=0 moving=297/297 avgMoving=16.83ms
16:22:02.563 [diag] sodium regionUniform regionOffset=(-117.46,-14.15,-86.94) currentTime=34323 fadePeriodInv=0.001333
16:22:02.563 [diag] sodium draws(last5s)=50 batchSize=50 firstDraw=e=2238 bv=115056 io=0
16:22:04.047 frame_time fps=59.6 avg=16.78ms max=55.11ms gpuBehind=0 moving=298/298 avgMoving=16.78ms
16:22:07.225 [diag] sodium encoder rebuilds(last5s)=205
16:22:07.579 [diag] sodium regionUniform regionOffset=(-105.84,-13.71,-96.40) currentTime=39339 fadePeriodInv=0.001333
16:22:07.580 [diag] sodium draws(last5s)=37 batchSize=37 firstDraw=e=3030 bv=132524 io=0
16:22:09.059 frame_time fps=59.2 avg=16.89ms max=55.36ms gpuBehind=0 moving=297/297 avgMoving=16.89ms
16:22:12.243 [diag] sodium encoder rebuilds(last5s)=344
16:22:12.594 [diag] sodium regionUniform regionOffset=(-30.86,-5.62,-0.91) currentTime=44609 fadePeriodInv=0.001333
16:22:12.594 [diag] sodium draws(last5s)=92 batchSize=92 firstDraw=e=2016 bv=105580 io=0
16:22:14.061 frame_time fps=60.0 avg=16.67ms max=23.33ms gpuBehind=0 moving=231/300 avgMoving=16.67ms
16:22:17.244 [diag] sodium encoder rebuilds(last5s)=192
16:22:17.609 [diag] sodium regionUniform regionOffset=(-14.74,-8.74,-123.80) currentTime=49369 fadePeriodInv=0.001333
16:22:17.609 [diag] sodium draws(last5s)=6 batchSize=6 firstDraw=e=1578 bv=192484 io=0
16:22:19.077 frame_time fps=59.0 avg=16.95ms max=94.00ms gpuBehind=0 moving=296/296 avgMoving=16.95ms
16:22:22.359 [diag] sodium encoder rebuilds(last5s)=173
16:22:22.609 [diag] sodium regionUniform regionOffset=(-60.04,-8.74,-117.48) currentTime=54369 fadePeriodInv=0.001333
16:22:22.610 [diag] sodium draws(last5s)=8 batchSize=8 firstDraw=e=1806 bv=172528 io=0
16:22:24.092 frame_time fps=60.0 avg=16.67ms max=22.17ms gpuBehind=0 moving=255/301 avgMoving=16.66ms
16:22:27.611 [diag] sodium regionUniform regionOffset=(-59.91,-8.74,-119.74) currentTime=59371 fadePeriodInv=0.001333
16:22:27.611 [diag] sodium draws(last5s)=8 batchSize=8 firstDraw=e=1806 bv=172528 io=0
==== Metallum diag start ====
16:38:59.852 [diag] Z clip-space remap MISS on minecraft:pipeline/gui fragment: FLIP_VERTEX_Y pattern not found, z is NOT remapped to [0,1] (depth may be wrong)
16:38:59.882 [diag] Z clip-space remap MISS on minecraft:pipeline/gui_textured fragment: FLIP_VERTEX_Y pattern not found, z is NOT remapped to [0,1] (depth may be wrong)
16:39:00.047 [diag] Z clip-space remap MISS on minecraft:pipeline/mojang_logo fragment: FLIP_VERTEX_Y pattern not found, z is NOT remapped to [0,1] (depth may be wrong)
16:39:00.092 buffers total=42 | usage=0x82 count=15 req=0.0MB alloc=0.0MB | usage=0x22 count=6 req=0.0MB alloc=0.0MB | usage=0x3 count=2 req=1.5MB alloc=1.5MB | usage=0x88 count=15 req=0.0MB alloc=0.0MB | usage=0x28 count=3 req=0.0MB alloc=0.0MB | usage=0x48 count=1 req=0.0MB alloc=0.0MB | sum count=42 req=1.5MB alloc=1.5MB | poolHit=0 poolMiss=42 poolReturn=0 poolHitRate=0%
16:39:00.804 [diag] Z clip-space remap MISS on minecraft:pipeline/tripwire_block fragment: FLIP_VERTEX_Y pattern not found, z is NOT remapped to [0,1] (depth may be wrong)
16:39:00.831 [diag] Z clip-space remap MISS on minecraft:pipeline/block_screen_effect fragment: FLIP_VERTEX_Y pattern not found, z is NOT remapped to [0,1] (depth may be wrong)
16:39:00.856 [diag] Z clip-space remap MISS on minecraft:pipeline/celestial fragment: FLIP_VERTEX_Y pattern not found, z is NOT remapped to [0,1] (depth may be wrong)
16:39:00.881 [diag] Z clip-space remap MISS on minecraft:pipeline/stars fragment: FLIP_VERTEX_Y pattern not found, z is NOT remapped to [0,1] (depth may be wrong)
16:39:00.907 [diag] Z clip-space remap MISS on minecraft:pipeline/dragon_rays_depth fragment: FLIP_VERTEX_Y pattern not found, z is NOT remapped to [0,1] (depth may be wrong)
16:39:00.933 [diag] Z clip-space remap MISS on minecraft:pipeline/entity_solid_offset_forward fragment: FLIP_VERTEX_Y pattern not found, z is NOT remapped to [0,1] (depth may be wrong)
16:39:00.961 [diag] Z clip-space remap MISS on minecraft:pipeline/cutout_terrain fragment: FLIP_VERTEX_Y pattern not found, z is NOT remapped to [0,1] (depth may be wrong)
16:39:00.988 [diag] Z clip-space remap MISS on minecraft:pipeline/gui_text fragment: FLIP_VERTEX_Y pattern not found, z is NOT remapped to [0,1] (depth may be wrong)
16:39:01.013 [diag] Z clip-space remap MISS on minecraft:pipeline/world_border fragment: FLIP_VERTEX_Y pattern not found, z is NOT remapped to [0,1] (depth may be wrong)
16:39:01.037 [diag] Z clip-space remap MISS on minecraft:pipeline/water_mask fragment: FLIP_VERTEX_Y pattern not found, z is NOT remapped to [0,1] (depth may be wrong)
16:39:01.062 [diag] Z clip-space remap MISS on minecraft:pipeline/crosshair fragment: FLIP_VERTEX_Y pattern not found, z is NOT remapped to [0,1] (depth may be wrong)
16:39:01.086 [diag] Z clip-space remap MISS on minecraft:pipeline/gui_invert fragment: FLIP_VERTEX_Y pattern not found, z is NOT remapped to [0,1] (depth may be wrong)
16:39:01.111 [diag] Z clip-space remap MISS on minecraft:pipeline/leash fragment: FLIP_VERTEX_Y pattern not found, z is NOT remapped to [0,1] (depth may be wrong)
16:39:01.137 [diag] Z clip-space remap MISS on minecraft:pipeline/text_background_see_through fragment: FLIP_VERTEX_Y pattern not found, z is NOT remapped to [0,1] (depth may be wrong)
16:39:01.163 [diag] Z clip-space remap MISS on minecraft:pipeline/translucent_particle fragment: FLIP_VERTEX_Y pattern not found, z is NOT remapped to [0,1] (depth may be wrong)
16:39:01.189 [diag] Z clip-space remap MISS on minecraft:pipeline/entity_translucent fragment: FLIP_VERTEX_Y pattern not found, z is NOT remapped to [0,1] (depth may be wrong)
16:39:01.215 [diag] Z clip-space remap MISS on minecraft:pipeline/eyes fragment: FLIP_VERTEX_Y pattern not found, z is NOT remapped to [0,1] (depth may be wrong)
16:39:01.242 [diag] Z clip-space remap MISS on minecraft:pipeline/end_portal fragment: FLIP_VERTEX_Y pattern not found, z is NOT remapped to [0,1] (depth may be wrong)
16:39:01.268 [diag] Z clip-space remap MISS on minecraft:pipeline/beacon_beam_opaque fragment: FLIP_VERTEX_Y pattern not found, z is NOT remapped to [0,1] (depth may be wrong)
16:39:01.293 [diag] Z clip-space remap MISS on minecraft:pipeline/text_intensity_see_through fragment: FLIP_VERTEX_Y pattern not found, z is NOT remapped to [0,1] (depth may be wrong)
16:39:01.318 [diag] Z clip-space remap MISS on minecraft:pipeline/debug_quads fragment: FLIP_VERTEX_Y pattern not found, z is NOT remapped to [0,1] (depth may be wrong)
16:39:01.342 [diag] Z clip-space remap MISS on minecraft:pipeline/panorama fragment: FLIP_VERTEX_Y pattern not found, z is NOT remapped to [0,1] (depth may be wrong)
16:39:01.369 [diag] Z clip-space remap MISS on minecraft:pipeline/wireframe fragment: FLIP_VERTEX_Y pattern not found, z is NOT remapped to [0,1] (depth may be wrong)
16:39:01.393 [diag] Z clip-space remap MISS on minecraft:pipeline/gui_text_highlight fragment: FLIP_VERTEX_Y pattern not found, z is NOT remapped to [0,1] (depth may be wrong)
16:39:01.419 [diag] Z clip-space remap MISS on minecraft:pipeline/lines fragment: FLIP_VERTEX_Y pattern not found, z is NOT remapped to [0,1] (depth may be wrong)
16:39:01.444 [diag] Z clip-space remap MISS on minecraft:pipeline/lines_translucent fragment: FLIP_VERTEX_Y pattern not found, z is NOT remapped to [0,1] (depth may be wrong)
16:39:01.470 [diag] Z clip-space remap MISS on minecraft:pipeline/text_background fragment: FLIP_VERTEX_Y pattern not found, z is NOT remapped to [0,1] (depth may be wrong)
16:39:01.494 [diag] Z clip-space remap MISS on minecraft:pipeline/entity_outline_blit fragment: FLIP_VERTEX_Y pattern not found, z is NOT remapped to [0,1] (depth may be wrong)
16:39:01.520 [diag] Z clip-space remap MISS on minecraft:pipeline/entity_cutout fragment: FLIP_VERTEX_Y pattern not found, z is NOT remapped to [0,1] (depth may be wrong)
16:39:01.545 [diag] Z clip-space remap MISS on minecraft:pipeline/animate_sprite_interpolate fragment: FLIP_VERTEX_Y pattern not found, z is NOT remapped to [0,1] (depth may be wrong)
16:39:01.571 [diag] Z clip-space remap MISS on minecraft:pipeline/entity_no_outline fragment: FLIP_VERTEX_Y pattern not found, z is NOT remapped to [0,1] (depth may be wrong)
16:39:01.596 [diag] Z clip-space remap MISS on minecraft:pipeline/lightmap fragment: FLIP_VERTEX_Y pattern not found, z is NOT remapped to [0,1] (depth may be wrong)
16:39:01.622 [diag] Z clip-space remap MISS on minecraft:pipeline/armor_translucent fragment: FLIP_VERTEX_Y pattern not found, z is NOT remapped to [0,1] (depth may be wrong)
16:39:01.647 [diag] Z clip-space remap MISS on minecraft:pipeline/translucent_moving_block fragment: FLIP_VERTEX_Y pattern not found, z is NOT remapped to [0,1] (depth may be wrong)
16:39:01.673 [diag] Z clip-space remap MISS on minecraft:pipeline/entity_shadow fragment: FLIP_VERTEX_Y pattern not found, z is NOT remapped to [0,1] (depth may be wrong)
16:39:01.698 [diag] Z clip-space remap MISS on minecraft:pipeline/text_see_through fragment: FLIP_VERTEX_Y pattern not found, z is NOT remapped to [0,1] (depth may be wrong)
16:39:01.722 [diag] Z clip-space remap MISS on minecraft:pipeline/gui_textured fragment: FLIP_VERTEX_Y pattern not found, z is NOT remapped to [0,1] (depth may be wrong)
16:39:01.748 [diag] Z clip-space remap MISS on minecraft:pipeline/armor_cutout_no_cull fragment: FLIP_VERTEX_Y pattern not found, z is NOT remapped to [0,1] (depth may be wrong)
16:39:01.773 [diag] Z clip-space remap MISS on minecraft:pipeline/sky fragment: FLIP_VERTEX_Y pattern not found, z is NOT remapped to [0,1] (depth may be wrong)
16:39:01.797 [diag] Z clip-space remap MISS on minecraft:pipeline/tracy_blit fragment: FLIP_VERTEX_Y pattern not found, z is NOT remapped to [0,1] (depth may be wrong)
16:39:01.822 [diag] Z clip-space remap MISS on minecraft:pipeline/debug_points fragment: FLIP_VERTEX_Y pattern not found, z is NOT remapped to [0,1] (depth may be wrong)
16:39:01.847 [diag] Z clip-space remap MISS on minecraft:pipeline/secondary_block_outline fragment: FLIP_VERTEX_Y pattern not found, z is NOT remapped to [0,1] (depth may be wrong)
16:39:01.873 [diag] Z clip-space remap MISS on minecraft:pipeline/entity_translucent_emissive fragment: FLIP_VERTEX_Y pattern not found, z is NOT remapped to [0,1] (depth may be wrong)
16:39:01.900 [diag] Z clip-space remap MISS on minecraft:pipeline/tripwire_terrain fragment: FLIP_VERTEX_Y pattern not found, z is NOT remapped to [0,1] (depth may be wrong)
16:39:01.924 [diag] Z clip-space remap MISS on minecraft:pipeline/outline_cull fragment: FLIP_VERTEX_Y pattern not found, z is NOT remapped to [0,1] (depth may be wrong)
16:39:01.949 [diag] Z clip-space remap MISS on minecraft:pipeline/fire_screen_effect fragment: FLIP_VERTEX_Y pattern not found, z is NOT remapped to [0,1] (depth may be wrong)
16:39:01.974 [diag] Z clip-space remap MISS on minecraft:pipeline/item_entity_translucent_cull fragment: FLIP_VERTEX_Y pattern not found, z is NOT remapped to [0,1] (depth may be wrong)
16:39:01.999 [diag] Z clip-space remap MISS on minecraft:pipeline/cutout_block fragment: FLIP_VERTEX_Y pattern not found, z is NOT remapped to [0,1] (depth may be wrong)
16:39:02.024 [diag] Z clip-space remap MISS on minecraft:pipeline/vignette fragment: FLIP_VERTEX_Y pattern not found, z is NOT remapped to [0,1] (depth may be wrong)
16:39:02.048 [diag] Z clip-space remap MISS on minecraft:pipeline/animate_sprite_blit fragment: FLIP_VERTEX_Y pattern not found, z is NOT remapped to [0,1] (depth may be wrong)
16:39:02.074 [diag] Z clip-space remap MISS on minecraft:pipeline/end_gateway fragment: FLIP_VERTEX_Y pattern not found, z is NOT remapped to [0,1] (depth may be wrong)
16:39:02.099 [diag] Z clip-space remap MISS on minecraft:pipeline/gui fragment: FLIP_VERTEX_Y pattern not found, z is NOT remapped to [0,1] (depth may be wrong)
16:39:02.123 [diag] Z clip-space remap MISS on minecraft:pipeline/outline_no_cull fragment: FLIP_VERTEX_Y pattern not found, z is NOT remapped to [0,1] (depth may be wrong)
16:39:02.148 [diag] Z clip-space remap MISS on minecraft:pipeline/entity_cutout_no_cull fragment: FLIP_VERTEX_Y pattern not found, z is NOT remapped to [0,1] (depth may be wrong)
16:39:02.174 [diag] Z clip-space remap MISS on minecraft:pipeline/clouds fragment: FLIP_VERTEX_Y pattern not found, z is NOT remapped to [0,1] (depth may be wrong)
16:39:02.199 [diag] Z clip-space remap MISS on minecraft:pipeline/debug_triangle_fan fragment: FLIP_VERTEX_Y pattern not found, z is NOT remapped to [0,1] (depth may be wrong)
16:39:02.224 [diag] Z clip-space remap MISS on minecraft:pipeline/entity_cutout_no_cull_z_offset fragment: FLIP_VERTEX_Y pattern not found, z is NOT remapped to [0,1] (depth may be wrong)
16:39:02.250 [diag] Z clip-space remap MISS on minecraft:pipeline/translucent_terrain fragment: FLIP_VERTEX_Y pattern not found, z is NOT remapped to [0,1] (depth may be wrong)
16:39:02.276 [diag] Z clip-space remap MISS on minecraft:pipeline/solid_terrain fragment: FLIP_VERTEX_Y pattern not found, z is NOT remapped to [0,1] (depth may be wrong)
16:39:02.302 [diag] Z clip-space remap MISS on minecraft:pipeline/entity_decal fragment: FLIP_VERTEX_Y pattern not found, z is NOT remapped to [0,1] (depth may be wrong)
16:39:02.327 [diag] Z clip-space remap MISS on minecraft:pipeline/lightning fragment: FLIP_VERTEX_Y pattern not found, z is NOT remapped to [0,1] (depth may be wrong)
16:39:02.353 [diag] Z clip-space remap MISS on minecraft:pipeline/entity_smooth_cutout fragment: FLIP_VERTEX_Y pattern not found, z is NOT remapped to [0,1] (depth may be wrong)
16:39:02.378 [diag] Z clip-space remap MISS on minecraft:pipeline/gui_text_intensity fragment: FLIP_VERTEX_Y pattern not found, z is NOT remapped to [0,1] (depth may be wrong)
16:39:02.404 [diag] Z clip-space remap MISS on minecraft:pipeline/armor_decal_cutout_no_cull fragment: FLIP_VERTEX_Y pattern not found, z is NOT remapped to [0,1] (depth may be wrong)
16:39:02.429 [diag] Z clip-space remap MISS on minecraft:pipeline/text_polygon_offset fragment: FLIP_VERTEX_Y pattern not found, z is NOT remapped to [0,1] (depth may be wrong)
16:39:02.454 [diag] Z clip-space remap MISS on minecraft:pipeline/opaque_particle fragment: FLIP_VERTEX_Y pattern not found, z is NOT remapped to [0,1] (depth may be wrong)
16:39:02.478 [diag] Z clip-space remap MISS on minecraft:pipeline/beacon_beam_translucent fragment: FLIP_VERTEX_Y pattern not found, z is NOT remapped to [0,1] (depth may be wrong)
16:39:02.503 [diag] Z clip-space remap MISS on minecraft:pipeline/dragon_explosion_alpha fragment: FLIP_VERTEX_Y pattern not found, z is NOT remapped to [0,1] (depth may be wrong)
16:39:02.527 [diag] Z clip-space remap MISS on minecraft:pipeline/gui_opaque_textured_background fragment: FLIP_VERTEX_Y pattern not found, z is NOT remapped to [0,1] (depth may be wrong)
16:39:02.551 [diag] Z clip-space remap MISS on minecraft:pipeline/sunrise_sunset fragment: FLIP_VERTEX_Y pattern not found, z is NOT remapped to [0,1] (depth may be wrong)
16:39:02.576 [diag] Z clip-space remap MISS on minecraft:pipeline/entity_solid fragment: FLIP_VERTEX_Y pattern not found, z is NOT remapped to [0,1] (depth may be wrong)
16:39:02.600 [diag] Z clip-space remap MISS on minecraft:pipeline/mojang_logo fragment: FLIP_VERTEX_Y pattern not found, z is NOT remapped to [0,1] (depth may be wrong)
16:39:02.625 [diag] Z clip-space remap MISS on minecraft:pipeline/energy_swirl fragment: FLIP_VERTEX_Y pattern not found, z is NOT remapped to [0,1] (depth may be wrong)
16:39:02.650 [diag] Z clip-space remap MISS on minecraft:pipeline/text_intensity fragment: FLIP_VERTEX_Y pattern not found, z is NOT remapped to [0,1] (depth may be wrong)
16:39:02.675 [diag] Z clip-space remap MISS on minecraft:pipeline/debug_filled_box fragment: FLIP_VERTEX_Y pattern not found, z is NOT remapped to [0,1] (depth may be wrong)
16:39:02.699 [diag] Z clip-space remap MISS on minecraft:pipeline/gui_nausea_overlay fragment: FLIP_VERTEX_Y pattern not found, z is NOT remapped to [0,1] (depth may be wrong)
16:39:02.724 [diag] Z clip-space remap MISS on minecraft:pipeline/weather_depth_write fragment: FLIP_VERTEX_Y pattern not found, z is NOT remapped to [0,1] (depth may be wrong)
16:39:02.750 [diag] Z clip-space remap MISS on minecraft:pipeline/solid_block fragment: FLIP_VERTEX_Y pattern not found, z is NOT remapped to [0,1] (depth may be wrong)
16:39:02.775 [diag] Z clip-space remap MISS on minecraft:pipeline/flat_clouds fragment: FLIP_VERTEX_Y pattern not found, z is NOT remapped to [0,1] (depth may be wrong)
16:39:02.800 [diag] Z clip-space remap MISS on minecraft:pipeline/gui_textured_premultiplied_alpha fragment: FLIP_VERTEX_Y pattern not found, z is NOT remapped to [0,1] (depth may be wrong)
16:39:02.825 [diag] Z clip-space remap MISS on minecraft:pipeline/crumbling fragment: FLIP_VERTEX_Y pattern not found, z is NOT remapped to [0,1] (depth may be wrong)
16:39:02.851 [diag] Z clip-space remap MISS on minecraft:pipeline/weather_no_depth_write fragment: FLIP_VERTEX_Y pattern not found, z is NOT remapped to [0,1] (depth may be wrong)
16:39:02.876 [diag] Z clip-space remap MISS on minecraft:pipeline/breeze_wind fragment: FLIP_VERTEX_Y pattern not found, z is NOT remapped to [0,1] (depth may be wrong)
16:39:02.901 [diag] Z clip-space remap MISS on minecraft:pipeline/text fragment: FLIP_VERTEX_Y pattern not found, z is NOT remapped to [0,1] (depth may be wrong)
16:39:02.927 [diag] Z clip-space remap MISS on minecraft:pipeline/dragon_rays fragment: FLIP_VERTEX_Y pattern not found, z is NOT remapped to [0,1] (depth may be wrong)
16:39:02.952 [diag] Z clip-space remap MISS on minecraft:pipeline/glint fragment: FLIP_VERTEX_Y pattern not found, z is NOT remapped to [0,1] (depth may be wrong)
16:39:02.977 [diag] Z clip-space remap MISS on minecraft:pipeline/end_sky fragment: FLIP_VERTEX_Y pattern not found, z is NOT remapped to [0,1] (depth may be wrong)
16:39:03.015 createBuffer stack sample #1:
  knot//com.metallum.client.metal.render.MetalDevice.createBuffer(MetalDevice.java:149)
  knot//net.minecraft.class_1059.method_45848(class_1059.java:116)
  knot//net.minecraft.class_11697$class_11699.method_73035(class_11697.java:168)
  knot//net.minecraft.class_11697$class_11700.method_73039(class_11697.java:212)
  java.base/java.util.ArrayList.forEach(Unknown Source)
  knot//net.minecraft.class_11697$class_11700.method_73037(class_11697.java:212)
  knot//net.minecraft.class_11697.method_76671(class_11697.java:146)
  knot//net.minecraft.class_11697.method_73029(class_11697.java:142)
  java.base/java.util.concurrent.CompletableFuture$UniAccept.tryFire(Unknown Source)
  java.base/java.util.concurrent.CompletableFuture$Completion.run(Unknown Source)
  knot//net.minecraft.class_4014.method_67574(class_4014.java:59)
  knot//net.minecraft.class_1255.method_18859(class_1255.java:169)
16:39:03.027 createBuffer stack sample #2:
  knot//com.metallum.client.metal.render.MetalDevice.createBuffer(MetalDevice.java:149)
  knot//net.minecraft.class_1059.method_76314(class_1059.java:173)
  knot//net.minecraft.class_1059.method_45848(class_1059.java:135)
  knot//net.minecraft.class_11697$class_11699.method_73035(class_11697.java:168)
  knot//net.minecraft.class_11697$class_11700.method_73039(class_11697.java:212)
  java.base/java.util.ArrayList.forEach(Unknown Source)
  knot//net.minecraft.class_11697$class_11700.method_73037(class_11697.java:212)
  knot//net.minecraft.class_11697.method_76671(class_11697.java:146)
  knot//net.minecraft.class_11697.method_73029(class_11697.java:142)
  java.base/java.util.concurrent.CompletableFuture$UniAccept.tryFire(Unknown Source)
  java.base/java.util.concurrent.CompletableFuture$Completion.run(Unknown Source)
  knot//net.minecraft.class_4014.method_67574(class_4014.java:59)
16:39:03.032 createBuffer stack sample #3:
  knot//com.metallum.client.metal.render.MetalDevice.createBuffer(MetalDevice.java:149)
  knot//net.minecraft.class_1059.method_76314(class_1059.java:173)
  knot//net.minecraft.class_1059.method_45848(class_1059.java:135)
  knot//net.minecraft.class_11697$class_11699.method_73035(class_11697.java:168)
  knot//net.minecraft.class_11697$class_11700.method_73039(class_11697.java:212)
  java.base/java.util.ArrayList.forEach(Unknown Source)
  knot//net.minecraft.class_11697$class_11700.method_73037(class_11697.java:212)
  knot//net.minecraft.class_11697.method_76671(class_11697.java:146)
  knot//net.minecraft.class_11697.method_73029(class_11697.java:142)
  java.base/java.util.concurrent.CompletableFuture$UniAccept.tryFire(Unknown Source)
  java.base/java.util.concurrent.CompletableFuture$Completion.run(Unknown Source)
  knot//net.minecraft.class_4014.method_67574(class_4014.java:59)
16:39:03.049 createBuffer stack sample #4:
  knot//com.metallum.client.metal.render.MetalDevice.createBuffer(MetalDevice.java:149)
  knot//net.minecraft.class_1059.method_76314(class_1059.java:173)
  knot//net.minecraft.class_1059.method_45848(class_1059.java:135)
  knot//net.minecraft.class_11697$class_11699.method_73035(class_11697.java:168)
  knot//net.minecraft.class_11697$class_11700.method_73039(class_11697.java:212)
  java.base/java.util.ArrayList.forEach(Unknown Source)
  knot//net.minecraft.class_11697$class_11700.method_73037(class_11697.java:212)
  knot//net.minecraft.class_11697.method_76671(class_11697.java:146)
  knot//net.minecraft.class_11697.method_73029(class_11697.java:142)
  java.base/java.util.concurrent.CompletableFuture$UniAccept.tryFire(Unknown Source)
  java.base/java.util.concurrent.CompletableFuture$Completion.run(Unknown Source)
  knot//net.minecraft.class_4014.method_67574(class_4014.java:59)
16:39:03.054 createBuffer stack sample #5:
  knot//com.metallum.client.metal.render.MetalDevice.createBuffer(MetalDevice.java:149)
  knot//net.minecraft.class_1059.method_76314(class_1059.java:173)
  knot//net.minecraft.class_1059.method_45848(class_1059.java:135)
  knot//net.minecraft.class_11697$class_11699.method_73035(class_11697.java:168)
  knot//net.minecraft.class_11697$class_11700.method_73039(class_11697.java:212)
  java.base/java.util.ArrayList.forEach(Unknown Source)
  knot//net.minecraft.class_11697$class_11700.method_73037(class_11697.java:212)
  knot//net.minecraft.class_11697.method_76671(class_11697.java:146)
  knot//net.minecraft.class_11697.method_73029(class_11697.java:142)
  java.base/java.util.concurrent.CompletableFuture$UniAccept.tryFire(Unknown Source)
  java.base/java.util.concurrent.CompletableFuture$Completion.run(Unknown Source)
  knot//net.minecraft.class_4014.method_67574(class_4014.java:59)
16:39:05.102 frame_time fps=49.1 avg=20.37ms max=399.67ms gpuBehind=0 moving=0/129 avgMoving=0.00ms
16:39:10.118 frame_time fps=60.0 avg=16.67ms max=25.18ms gpuBehind=0 moving=0/301 avgMoving=0.00ms
16:39:15.134 frame_time fps=60.0 avg=16.67ms max=17.06ms gpuBehind=0 moving=0/301 avgMoving=0.00ms
16:39:20.150 frame_time fps=60.0 avg=16.67ms max=21.69ms gpuBehind=0 moving=0/301 avgMoving=0.00ms
16:39:26.504 frame_time fps=60.0 avg=16.67ms max=18.79ms gpuBehind=0 moving=0/128 avgMoving=0.00ms
16:39:28.287 [diag] Z clip-space remap MISS on minecraft:blur/0 fragment: FLIP_VERTEX_Y pattern not found, z is NOT remapped to [0,1] (depth may be wrong)
16:39:28.315 [diag] Z clip-space remap MISS on minecraft:blur/1 fragment: FLIP_VERTEX_Y pattern not found, z is NOT remapped to [0,1] (depth may be wrong)
16:39:28.341 [diag] Z clip-space remap MISS on minecraft:blur/2 fragment: FLIP_VERTEX_Y pattern not found, z is NOT remapped to [0,1] (depth may be wrong)
16:39:28.366 [diag] Z clip-space remap MISS on minecraft:blur/3 fragment: FLIP_VERTEX_Y pattern not found, z is NOT remapped to [0,1] (depth may be wrong)
16:39:28.392 [diag] Z clip-space remap MISS on minecraft:blur/4 fragment: FLIP_VERTEX_Y pattern not found, z is NOT remapped to [0,1] (depth may be wrong)
16:39:28.418 [diag] Z clip-space remap MISS on minecraft:blur/5 fragment: FLIP_VERTEX_Y pattern not found, z is NOT remapped to [0,1] (depth may be wrong)
16:39:31.518 frame_time fps=54.2 avg=18.45ms max=217.56ms gpuBehind=0 moving=0/272 avgMoving=0.00ms
16:39:36.522 frame_time fps=60.0 avg=16.68ms max=28.78ms gpuBehind=0 moving=0/300 avgMoving=0.00ms
16:39:41.536 frame_time fps=59.9 avg=16.71ms max=34.56ms gpuBehind=0 moving=0/300 avgMoving=0.00ms
16:39:46.552 frame_time fps=60.0 avg=16.67ms max=17.18ms gpuBehind=0 moving=0/301 avgMoving=0.00ms
16:39:51.560 frame_time fps=59.9 avg=16.70ms max=27.76ms gpuBehind=0 moving=0/300 avgMoving=0.00ms
16:39:56.564 frame_time fps=59.9 avg=16.69ms max=29.77ms gpuBehind=0 moving=0/300 avgMoving=0.00ms
16:40:00.101 buffers total=177 | usage=0x82 count=33 req=0.0MB alloc=0.0MB | usage=0x22 count=54 req=0.7MB alloc=0.7MB | usage=0x3 count=36 req=40.0MB alloc=40.0MB | usage=0x88 count=39 req=0.9MB alloc=0.9MB | usage=0x28 count=11 req=0.0MB alloc=0.0MB | usage=0x48 count=4 req=0.0MB alloc=0.0MB | sum count=177 req=41.6MB alloc=41.6MB | poolHit=21 poolMiss=177 poolReturn=95 poolHitRate=11%
16:40:01.567 frame_time fps=60.0 avg=16.67ms max=17.32ms gpuBehind=0 moving=0/300 avgMoving=0.00ms
16:40:06.583 frame_time fps=60.0 avg=16.67ms max=20.40ms gpuBehind=0 moving=0/301 avgMoving=0.00ms
16:40:11.600 frame_time fps=60.0 avg=16.67ms max=17.26ms gpuBehind=0 moving=0/301 avgMoving=0.00ms
16:40:16.605 frame_time fps=59.9 avg=16.68ms max=28.56ms gpuBehind=0 moving=0/300 avgMoving=0.00ms
16:40:21.604 frame_time fps=60.0 avg=16.67ms max=18.13ms gpuBehind=0 moving=0/300 avgMoving=0.00ms
16:40:26.620 frame_time fps=60.0 avg=16.67ms max=21.64ms gpuBehind=0 moving=0/301 avgMoving=0.00ms
16:40:30.169 [diag] Z clip-space remap MISS on sodium/blocks/block_layer_opaque fragment: FLIP_VERTEX_Y pattern not found, z is NOT remapped to [0,1] (depth may be wrong)
16:40:30.209 [diag] Z clip-space remap MISS on sodium/blocks/block_layer_opaque fragment: FLIP_VERTEX_Y pattern not found, z is NOT remapped to [0,1] (depth may be wrong)
16:40:30.242 [diag] Z clip-space remap MISS on sodium/blocks/block_layer_opaque fragment: FLIP_VERTEX_Y pattern not found, z is NOT remapped to [0,1] (depth may be wrong)
16:40:30.368 [diag] sodium regionUniform regionOffset=(-59.91,-8.73,-119.74) currentTime=277 fadePeriodInv=0.001333
16:40:30.369 [diag] sodium encoder rebuilds(last5s)=1
16:40:30.371 [diag] sodium draws(last5s)=1 batchSize=1 firstDraw=e=1806 bv=192332 io=0
16:40:31.625 frame_time fps=42.1 avg=23.75ms max=456.70ms gpuBehind=0 moving=0/182 avgMoving=0.00ms
16:40:35.371 [diag] sodium regionUniform regionOffset=(-59.91,-8.74,-119.74) currentTime=5280 fadePeriodInv=0.001333
16:40:35.371 [diag] sodium draws(last5s)=4 batchSize=4 firstDraw=e=1806 bv=192332 io=0
16:40:36.636 frame_time fps=56.7 avg=17.65ms max=105.19ms gpuBehind=0 moving=0/284 avgMoving=0.00ms
16:40:40.390 [diag] sodium regionUniform regionOffset=(-59.91,-8.74,-119.74) currentTime=10300 fadePeriodInv=0.001333
16:40:40.391 [diag] sodium draws(last5s)=4 batchSize=4 firstDraw=e=1806 bv=192332 io=0
16:40:41.675 frame_time fps=59.5 avg=16.80ms max=41.72ms gpuBehind=0 moving=0/300 avgMoving=0.00ms
16:40:45.403 [diag] sodium regionUniform regionOffset=(-59.91,-8.74,-119.74) currentTime=15313 fadePeriodInv=0.001333
16:40:45.404 [diag] sodium draws(last5s)=4 batchSize=4 firstDraw=e=1806 bv=192332 io=0
16:40:46.687 frame_time fps=60.1 avg=16.64ms max=24.47ms gpuBehind=0 moving=0/301 avgMoving=0.00ms
16:40:50.404 [diag] sodium regionUniform regionOffset=(-59.91,-8.74,-119.74) currentTime=20314 fadePeriodInv=0.001333
16:40:50.405 [diag] sodium draws(last5s)=4 batchSize=4 firstDraw=e=1806 bv=192332 io=0
16:40:51.702 frame_time fps=59.6 avg=16.77ms max=45.19ms gpuBehind=0 moving=0/299 avgMoving=0.00ms
16:40:55.418 [diag] sodium regionUniform regionOffset=(-59.91,-8.74,-119.74) currentTime=25328 fadePeriodInv=0.001333
16:40:55.419 [diag] sodium draws(last5s)=4 batchSize=4 firstDraw=e=1806 bv=192332 io=0
16:40:56.702 frame_time fps=60.0 avg=16.67ms max=22.74ms gpuBehind=0 moving=0/300 avgMoving=0.00ms
==== Metallum diag start ====
16:52:47.952 sync_mode=1 (metallum.sync: 1=serial 2=one-ahead 3=sliding)
16:52:48.300 [diag] Z clip-space remap MISS on minecraft:pipeline/gui fragment: FLIP_VERTEX_Y pattern not found, z is NOT remapped to [0,1] (depth may be wrong)
16:52:48.329 [diag] Z clip-space remap MISS on minecraft:pipeline/gui_textured fragment: FLIP_VERTEX_Y pattern not found, z is NOT remapped to [0,1] (depth may be wrong)
16:52:48.492 [diag] Z clip-space remap MISS on minecraft:pipeline/mojang_logo fragment: FLIP_VERTEX_Y pattern not found, z is NOT remapped to [0,1] (depth may be wrong)
16:52:48.516 buffers total=42 | usage=0x82 count=15 req=0.0MB alloc=0.0MB | usage=0x22 count=6 req=0.0MB alloc=0.0MB | usage=0x3 count=2 req=1.5MB alloc=1.5MB | usage=0x88 count=15 req=0.0MB alloc=0.0MB | usage=0x28 count=3 req=0.0MB alloc=0.0MB | usage=0x48 count=1 req=0.0MB alloc=0.0MB | sum count=42 req=1.5MB alloc=1.5MB | poolHit=0 poolMiss=42 poolReturn=0 poolHitRate=0%
16:52:49.224 [diag] Z clip-space remap MISS on minecraft:pipeline/debug_points fragment: FLIP_VERTEX_Y pattern not found, z is NOT remapped to [0,1] (depth may be wrong)
16:52:49.256 [diag] Z clip-space remap MISS on minecraft:pipeline/wireframe fragment: FLIP_VERTEX_Y pattern not found, z is NOT remapped to [0,1] (depth may be wrong)
16:52:49.285 [diag] Z clip-space remap MISS on minecraft:pipeline/tripwire_terrain fragment: FLIP_VERTEX_Y pattern not found, z is NOT remapped to [0,1] (depth may be wrong)
16:52:49.313 [diag] Z clip-space remap MISS on minecraft:pipeline/tripwire_block fragment: FLIP_VERTEX_Y pattern not found, z is NOT remapped to [0,1] (depth may be wrong)
16:52:49.340 [diag] Z clip-space remap MISS on minecraft:pipeline/entity_translucent fragment: FLIP_VERTEX_Y pattern not found, z is NOT remapped to [0,1] (depth may be wrong)
16:52:49.365 [diag] Z clip-space remap MISS on minecraft:pipeline/end_sky fragment: FLIP_VERTEX_Y pattern not found, z is NOT remapped to [0,1] (depth may be wrong)
16:52:49.389 [diag] Z clip-space remap MISS on minecraft:pipeline/debug_triangle_fan fragment: FLIP_VERTEX_Y pattern not found, z is NOT remapped to [0,1] (depth may be wrong)
16:52:49.415 [diag] Z clip-space remap MISS on minecraft:pipeline/entity_cutout_no_cull fragment: FLIP_VERTEX_Y pattern not found, z is NOT remapped to [0,1] (depth may be wrong)
16:52:49.440 [diag] Z clip-space remap MISS on minecraft:pipeline/debug_filled_box fragment: FLIP_VERTEX_Y pattern not found, z is NOT remapped to [0,1] (depth may be wrong)
16:52:49.465 [diag] Z clip-space remap MISS on minecraft:pipeline/text_intensity_see_through fragment: FLIP_VERTEX_Y pattern not found, z is NOT remapped to [0,1] (depth may be wrong)
16:52:49.491 [diag] Z clip-space remap MISS on minecraft:pipeline/end_gateway fragment: FLIP_VERTEX_Y pattern not found, z is NOT remapped to [0,1] (depth may be wrong)
16:52:49.517 [diag] Z clip-space remap MISS on minecraft:pipeline/lines_translucent fragment: FLIP_VERTEX_Y pattern not found, z is NOT remapped to [0,1] (depth may be wrong)
16:52:49.543 [diag] Z clip-space remap MISS on minecraft:pipeline/opaque_particle fragment: FLIP_VERTEX_Y pattern not found, z is NOT remapped to [0,1] (depth may be wrong)
16:52:49.568 [diag] Z clip-space remap MISS on minecraft:pipeline/text_polygon_offset fragment: FLIP_VERTEX_Y pattern not found, z is NOT remapped to [0,1] (depth may be wrong)
16:52:49.594 [diag] Z clip-space remap MISS on minecraft:pipeline/text_background fragment: FLIP_VERTEX_Y pattern not found, z is NOT remapped to [0,1] (depth may be wrong)
16:52:49.620 [diag] Z clip-space remap MISS on minecraft:pipeline/solid_block fragment: FLIP_VERTEX_Y pattern not found, z is NOT remapped to [0,1] (depth may be wrong)
16:52:49.645 [diag] Z clip-space remap MISS on minecraft:pipeline/beacon_beam_opaque fragment: FLIP_VERTEX_Y pattern not found, z is NOT remapped to [0,1] (depth may be wrong)
16:52:49.670 [diag] Z clip-space remap MISS on minecraft:pipeline/leash fragment: FLIP_VERTEX_Y pattern not found, z is NOT remapped to [0,1] (depth may be wrong)
16:52:49.696 [diag] Z clip-space remap MISS on minecraft:pipeline/translucent_particle fragment: FLIP_VERTEX_Y pattern not found, z is NOT remapped to [0,1] (depth may be wrong)
16:52:49.720 [diag] Z clip-space remap MISS on minecraft:pipeline/water_mask fragment: FLIP_VERTEX_Y pattern not found, z is NOT remapped to [0,1] (depth may be wrong)
16:52:49.746 [diag] Z clip-space remap MISS on minecraft:pipeline/weather_no_depth_write fragment: FLIP_VERTEX_Y pattern not found, z is NOT remapped to [0,1] (depth may be wrong)
16:52:49.770 [diag] Z clip-space remap MISS on minecraft:pipeline/text_background_see_through fragment: FLIP_VERTEX_Y pattern not found, z is NOT remapped to [0,1] (depth may be wrong)
16:52:49.796 [diag] Z clip-space remap MISS on minecraft:pipeline/entity_smooth_cutout fragment: FLIP_VERTEX_Y pattern not found, z is NOT remapped to [0,1] (depth may be wrong)
16:52:49.821 [diag] Z clip-space remap MISS on minecraft:pipeline/dragon_rays_depth fragment: FLIP_VERTEX_Y pattern not found, z is NOT remapped to [0,1] (depth may be wrong)
16:52:49.846 [diag] Z clip-space remap MISS on minecraft:pipeline/sky fragment: FLIP_VERTEX_Y pattern not found, z is NOT remapped to [0,1] (depth may be wrong)
16:52:49.872 [diag] Z clip-space remap MISS on minecraft:pipeline/entity_cutout_no_cull_z_offset fragment: FLIP_VERTEX_Y pattern not found, z is NOT remapped to [0,1] (depth may be wrong)
16:52:49.897 [diag] Z clip-space remap MISS on minecraft:pipeline/vignette fragment: FLIP_VERTEX_Y pattern not found, z is NOT remapped to [0,1] (depth may be wrong)
16:52:49.922 [diag] Z clip-space remap MISS on minecraft:pipeline/secondary_block_outline fragment: FLIP_VERTEX_Y pattern not found, z is NOT remapped to [0,1] (depth may be wrong)
16:52:49.948 [diag] Z clip-space remap MISS on minecraft:pipeline/armor_decal_cutout_no_cull fragment: FLIP_VERTEX_Y pattern not found, z is NOT remapped to [0,1] (depth may be wrong)
16:52:49.973 [diag] Z clip-space remap MISS on minecraft:pipeline/block_screen_effect fragment: FLIP_VERTEX_Y pattern not found, z is NOT remapped to [0,1] (depth may be wrong)
16:52:49.998 [diag] Z clip-space remap MISS on minecraft:pipeline/gui_textured_premultiplied_alpha fragment: FLIP_VERTEX_Y pattern not found, z is NOT remapped to [0,1] (depth may be wrong)
16:52:50.022 [diag] Z clip-space remap MISS on minecraft:pipeline/world_border fragment: FLIP_VERTEX_Y pattern not found, z is NOT remapped to [0,1] (depth may be wrong)
16:52:50.048 [diag] Z clip-space remap MISS on minecraft:pipeline/beacon_beam_translucent fragment: FLIP_VERTEX_Y pattern not found, z is NOT remapped to [0,1] (depth may be wrong)
16:52:50.073 [diag] Z clip-space remap MISS on minecraft:pipeline/entity_no_outline fragment: FLIP_VERTEX_Y pattern not found, z is NOT remapped to [0,1] (depth may be wrong)
16:52:50.100 [diag] Z clip-space remap MISS on minecraft:pipeline/cutout_terrain fragment: FLIP_VERTEX_Y pattern not found, z is NOT remapped to [0,1] (depth may be wrong)
16:52:50.126 [diag] Z clip-space remap MISS on minecraft:pipeline/lightning fragment: FLIP_VERTEX_Y pattern not found, z is NOT remapped to [0,1] (depth may be wrong)
16:52:50.152 [diag] Z clip-space remap MISS on minecraft:pipeline/entity_translucent_emissive fragment: FLIP_VERTEX_Y pattern not found, z is NOT remapped to [0,1] (depth may be wrong)
16:52:50.176 [diag] Z clip-space remap MISS on minecraft:pipeline/gui_textured fragment: FLIP_VERTEX_Y pattern not found, z is NOT remapped to [0,1] (depth may be wrong)
16:52:50.201 [diag] Z clip-space remap MISS on minecraft:pipeline/gui_nausea_overlay fragment: FLIP_VERTEX_Y pattern not found, z is NOT remapped to [0,1] (depth may be wrong)
16:52:50.227 [diag] Z clip-space remap MISS on minecraft:pipeline/dragon_rays fragment: FLIP_VERTEX_Y pattern not found, z is NOT remapped to [0,1] (depth may be wrong)
16:52:50.252 [diag] Z clip-space remap MISS on minecraft:pipeline/crosshair fragment: FLIP_VERTEX_Y pattern not found, z is NOT remapped to [0,1] (depth may be wrong)
16:52:50.277 [diag] Z clip-space remap MISS on minecraft:pipeline/text fragment: FLIP_VERTEX_Y pattern not found, z is NOT remapped to [0,1] (depth may be wrong)
16:52:50.303 [diag] Z clip-space remap MISS on minecraft:pipeline/cutout_block fragment: FLIP_VERTEX_Y pattern not found, z is NOT remapped to [0,1] (depth may be wrong)
16:52:50.329 [diag] Z clip-space remap MISS on minecraft:pipeline/mojang_logo fragment: FLIP_VERTEX_Y pattern not found, z is NOT remapped to [0,1] (depth may be wrong)
16:52:50.355 [diag] Z clip-space remap MISS on minecraft:pipeline/lines fragment: FLIP_VERTEX_Y pattern not found, z is NOT remapped to [0,1] (depth may be wrong)
16:52:50.380 [diag] Z clip-space remap MISS on minecraft:pipeline/item_entity_translucent_cull fragment: FLIP_VERTEX_Y pattern not found, z is NOT remapped to [0,1] (depth may be wrong)
16:52:50.405 [diag] Z clip-space remap MISS on minecraft:pipeline/panorama fragment: FLIP_VERTEX_Y pattern not found, z is NOT remapped to [0,1] (depth may be wrong)
16:52:50.430 [diag] Z clip-space remap MISS on minecraft:pipeline/outline_cull fragment: FLIP_VERTEX_Y pattern not found, z is NOT remapped to [0,1] (depth may be wrong)
16:52:50.455 [diag] Z clip-space remap MISS on minecraft:pipeline/gui_text_intensity fragment: FLIP_VERTEX_Y pattern not found, z is NOT remapped to [0,1] (depth may be wrong)
16:52:50.481 [diag] Z clip-space remap MISS on minecraft:pipeline/entity_solid fragment: FLIP_VERTEX_Y pattern not found, z is NOT remapped to [0,1] (depth may be wrong)
16:52:50.507 [diag] Z clip-space remap MISS on minecraft:pipeline/eyes fragment: FLIP_VERTEX_Y pattern not found, z is NOT remapped to [0,1] (depth may be wrong)
16:52:50.532 [diag] Z clip-space remap MISS on minecraft:pipeline/text_intensity fragment: FLIP_VERTEX_Y pattern not found, z is NOT remapped to [0,1] (depth may be wrong)
16:52:50.556 [diag] Z clip-space remap MISS on minecraft:pipeline/celestial fragment: FLIP_VERTEX_Y pattern not found, z is NOT remapped to [0,1] (depth may be wrong)
16:52:50.581 [diag] Z clip-space remap MISS on minecraft:pipeline/entity_shadow fragment: FLIP_VERTEX_Y pattern not found, z is NOT remapped to [0,1] (depth may be wrong)
16:52:50.605 [diag] Z clip-space remap MISS on minecraft:pipeline/entity_outline_blit fragment: FLIP_VERTEX_Y pattern not found, z is NOT remapped to [0,1] (depth may be wrong)
16:52:50.631 [diag] Z clip-space remap MISS on minecraft:pipeline/entity_cutout fragment: FLIP_VERTEX_Y pattern not found, z is NOT remapped to [0,1] (depth may be wrong)
16:52:50.655 [diag] Z clip-space remap MISS on minecraft:pipeline/stars fragment: FLIP_VERTEX_Y pattern not found, z is NOT remapped to [0,1] (depth may be wrong)
16:52:50.680 [diag] Z clip-space remap MISS on minecraft:pipeline/weather_depth_write fragment: FLIP_VERTEX_Y pattern not found, z is NOT remapped to [0,1] (depth may be wrong)
16:52:50.704 [diag] Z clip-space remap MISS on minecraft:pipeline/text_see_through fragment: FLIP_VERTEX_Y pattern not found, z is NOT remapped to [0,1] (depth may be wrong)
16:52:50.730 [diag] Z clip-space remap MISS on minecraft:pipeline/armor_cutout_no_cull fragment: FLIP_VERTEX_Y pattern not found, z is NOT remapped to [0,1] (depth may be wrong)
16:52:50.754 [diag] Z clip-space remap MISS on minecraft:pipeline/tracy_blit fragment: FLIP_VERTEX_Y pattern not found, z is NOT remapped to [0,1] (depth may be wrong)
16:52:50.779 [diag] Z clip-space remap MISS on minecraft:pipeline/gui_text fragment: FLIP_VERTEX_Y pattern not found, z is NOT remapped to [0,1] (depth may be wrong)
16:52:50.804 [diag] Z clip-space remap MISS on minecraft:pipeline/gui fragment: FLIP_VERTEX_Y pattern not found, z is NOT remapped to [0,1] (depth may be wrong)
16:52:50.829 [diag] Z clip-space remap MISS on minecraft:pipeline/armor_translucent fragment: FLIP_VERTEX_Y pattern not found, z is NOT remapped to [0,1] (depth may be wrong)
16:52:50.854 [diag] Z clip-space remap MISS on minecraft:pipeline/entity_solid_offset_forward fragment: FLIP_VERTEX_Y pattern not found, z is NOT remapped to [0,1] (depth may be wrong)
16:52:50.879 [diag] Z clip-space remap MISS on minecraft:pipeline/glint fragment: FLIP_VERTEX_Y pattern not found, z is NOT remapped to [0,1] (depth may be wrong)
16:52:50.904 [diag] Z clip-space remap MISS on minecraft:pipeline/energy_swirl fragment: FLIP_VERTEX_Y pattern not found, z is NOT remapped to [0,1] (depth may be wrong)
16:52:50.930 [diag] Z clip-space remap MISS on minecraft:pipeline/translucent_terrain fragment: FLIP_VERTEX_Y pattern not found, z is NOT remapped to [0,1] (depth may be wrong)
16:52:50.955 [diag] Z clip-space remap MISS on minecraft:pipeline/gui_text_highlight fragment: FLIP_VERTEX_Y pattern not found, z is NOT remapped to [0,1] (depth may be wrong)
16:52:50.979 [diag] Z clip-space remap MISS on minecraft:pipeline/fire_screen_effect fragment: FLIP_VERTEX_Y pattern not found, z is NOT remapped to [0,1] (depth may be wrong)
16:52:51.004 [diag] Z clip-space remap MISS on minecraft:pipeline/breeze_wind fragment: FLIP_VERTEX_Y pattern not found, z is NOT remapped to [0,1] (depth may be wrong)
16:52:51.029 [diag] Z clip-space remap MISS on minecraft:pipeline/gui_opaque_textured_background fragment: FLIP_VERTEX_Y pattern not found, z is NOT remapped to [0,1] (depth may be wrong)
16:52:51.055 [diag] Z clip-space remap MISS on minecraft:pipeline/solid_terrain fragment: FLIP_VERTEX_Y pattern not found, z is NOT remapped to [0,1] (depth may be wrong)
16:52:51.080 [diag] Z clip-space remap MISS on minecraft:pipeline/crumbling fragment: FLIP_VERTEX_Y pattern not found, z is NOT remapped to [0,1] (depth may be wrong)
16:52:51.105 [diag] Z clip-space remap MISS on minecraft:pipeline/debug_quads fragment: FLIP_VERTEX_Y pattern not found, z is NOT remapped to [0,1] (depth may be wrong)
16:52:51.129 [diag] Z clip-space remap MISS on minecraft:pipeline/outline_no_cull fragment: FLIP_VERTEX_Y pattern not found, z is NOT remapped to [0,1] (depth may be wrong)
16:52:51.154 [diag] Z clip-space remap MISS on minecraft:pipeline/entity_decal fragment: FLIP_VERTEX_Y pattern not found, z is NOT remapped to [0,1] (depth may be wrong)
16:52:51.180 [diag] Z clip-space remap MISS on minecraft:pipeline/end_portal fragment: FLIP_VERTEX_Y pattern not found, z is NOT remapped to [0,1] (depth may be wrong)
16:52:51.205 [diag] Z clip-space remap MISS on minecraft:pipeline/dragon_explosion_alpha fragment: FLIP_VERTEX_Y pattern not found, z is NOT remapped to [0,1] (depth may be wrong)
16:52:51.230 [diag] Z clip-space remap MISS on minecraft:pipeline/flat_clouds fragment: FLIP_VERTEX_Y pattern not found, z is NOT remapped to [0,1] (depth may be wrong)
16:52:51.255 [diag] Z clip-space remap MISS on minecraft:pipeline/translucent_moving_block fragment: FLIP_VERTEX_Y pattern not found, z is NOT remapped to [0,1] (depth may be wrong)
16:52:51.281 [diag] Z clip-space remap MISS on minecraft:pipeline/clouds fragment: FLIP_VERTEX_Y pattern not found, z is NOT remapped to [0,1] (depth may be wrong)
16:52:51.306 [diag] Z clip-space remap MISS on minecraft:pipeline/animate_sprite_blit fragment: FLIP_VERTEX_Y pattern not found, z is NOT remapped to [0,1] (depth may be wrong)
16:52:51.330 [diag] Z clip-space remap MISS on minecraft:pipeline/gui_invert fragment: FLIP_VERTEX_Y pattern not found, z is NOT remapped to [0,1] (depth may be wrong)
16:52:51.355 [diag] Z clip-space remap MISS on minecraft:pipeline/animate_sprite_interpolate fragment: FLIP_VERTEX_Y pattern not found, z is NOT remapped to [0,1] (depth may be wrong)
16:52:51.379 [diag] Z clip-space remap MISS on minecraft:pipeline/sunrise_sunset fragment: FLIP_VERTEX_Y pattern not found, z is NOT remapped to [0,1] (depth may be wrong)
16:52:51.404 [diag] Z clip-space remap MISS on minecraft:pipeline/lightmap fragment: FLIP_VERTEX_Y pattern not found, z is NOT remapped to [0,1] (depth may be wrong)
16:52:51.442 createBuffer stack sample #1:
  knot//com.metallum.client.metal.render.MetalDevice.createBuffer(MetalDevice.java:149)
  knot//net.minecraft.class_1059.method_45848(class_1059.java:116)
  knot//net.minecraft.class_11697$class_11699.method_73035(class_11697.java:168)
  knot//net.minecraft.class_11697$class_11700.method_73039(class_11697.java:212)
  java.base/java.util.ArrayList.forEach(Unknown Source)
  knot//net.minecraft.class_11697$class_11700.method_73037(class_11697.java:212)
  knot//net.minecraft.class_11697.method_76671(class_11697.java:146)
  knot//net.minecraft.class_11697.method_73029(class_11697.java:142)
  java.base/java.util.concurrent.CompletableFuture$UniAccept.tryFire(Unknown Source)
  java.base/java.util.concurrent.CompletableFuture$Completion.run(Unknown Source)
  knot//net.minecraft.class_4014.method_67574(class_4014.java:59)
  knot//net.minecraft.class_1255.method_18859(class_1255.java:169)
16:52:51.455 createBuffer stack sample #2:
  knot//com.metallum.client.metal.render.MetalDevice.createBuffer(MetalDevice.java:149)
  knot//net.minecraft.class_1059.method_76314(class_1059.java:173)
  knot//net.minecraft.class_1059.method_45848(class_1059.java:135)
  knot//net.minecraft.class_11697$class_11699.method_73035(class_11697.java:168)
  knot//net.minecraft.class_11697$class_11700.method_73039(class_11697.java:212)
  java.base/java.util.ArrayList.forEach(Unknown Source)
  knot//net.minecraft.class_11697$class_11700.method_73037(class_11697.java:212)
  knot//net.minecraft.class_11697.method_76671(class_11697.java:146)
  knot//net.minecraft.class_11697.method_73029(class_11697.java:142)
  java.base/java.util.concurrent.CompletableFuture$UniAccept.tryFire(Unknown Source)
  java.base/java.util.concurrent.CompletableFuture$Completion.run(Unknown Source)
  knot//net.minecraft.class_4014.method_67574(class_4014.java:59)
16:52:51.459 createBuffer stack sample #3:
  knot//com.metallum.client.metal.render.MetalDevice.createBuffer(MetalDevice.java:149)
  knot//net.minecraft.class_1059.method_76314(class_1059.java:173)
  knot//net.minecraft.class_1059.method_45848(class_1059.java:135)
  knot//net.minecraft.class_11697$class_11699.method_73035(class_11697.java:168)
  knot//net.minecraft.class_11697$class_11700.method_73039(class_11697.java:212)
  java.base/java.util.ArrayList.forEach(Unknown Source)
  knot//net.minecraft.class_11697$class_11700.method_73037(class_11697.java:212)
  knot//net.minecraft.class_11697.method_76671(class_11697.java:146)
  knot//net.minecraft.class_11697.method_73029(class_11697.java:142)
  java.base/java.util.concurrent.CompletableFuture$UniAccept.tryFire(Unknown Source)
  java.base/java.util.concurrent.CompletableFuture$Completion.run(Unknown Source)
  knot//net.minecraft.class_4014.method_67574(class_4014.java:59)
16:52:51.477 createBuffer stack sample #4:
  knot//com.metallum.client.metal.render.MetalDevice.createBuffer(MetalDevice.java:149)
  knot//net.minecraft.class_1059.method_76314(class_1059.java:173)
  knot//net.minecraft.class_1059.method_45848(class_1059.java:135)
  knot//net.minecraft.class_11697$class_11699.method_73035(class_11697.java:168)
  knot//net.minecraft.class_11697$class_11700.method_73039(class_11697.java:212)
  java.base/java.util.ArrayList.forEach(Unknown Source)
  knot//net.minecraft.class_11697$class_11700.method_73037(class_11697.java:212)
  knot//net.minecraft.class_11697.method_76671(class_11697.java:146)
  knot//net.minecraft.class_11697.method_73029(class_11697.java:142)
  java.base/java.util.concurrent.CompletableFuture$UniAccept.tryFire(Unknown Source)
  java.base/java.util.concurrent.CompletableFuture$Completion.run(Unknown Source)
  knot//net.minecraft.class_4014.method_67574(class_4014.java:59)
16:52:51.482 createBuffer stack sample #5:
  knot//com.metallum.client.metal.render.MetalDevice.createBuffer(MetalDevice.java:149)
  knot//net.minecraft.class_1059.method_76314(class_1059.java:173)
  knot//net.minecraft.class_1059.method_45848(class_1059.java:135)
  knot//net.minecraft.class_11697$class_11699.method_73035(class_11697.java:168)
  knot//net.minecraft.class_11697$class_11700.method_73039(class_11697.java:212)
  java.base/java.util.ArrayList.forEach(Unknown Source)
  knot//net.minecraft.class_11697$class_11700.method_73037(class_11697.java:212)
  knot//net.minecraft.class_11697.method_76671(class_11697.java:146)
  knot//net.minecraft.class_11697.method_73029(class_11697.java:142)
  java.base/java.util.concurrent.CompletableFuture$UniAccept.tryFire(Unknown Source)
  java.base/java.util.concurrent.CompletableFuture$Completion.run(Unknown Source)
  knot//net.minecraft.class_4014.method_67574(class_4014.java:59)
16:52:53.527 frame_time fps=50.5 avg=19.79ms max=337.39ms gpuBehind=0 moving=0/131 avgMoving=0.00ms
16:52:55.850 [diag] Z clip-space remap MISS on minecraft:blur/0 fragment: FLIP_VERTEX_Y pattern not found, z is NOT remapped to [0,1] (depth may be wrong)
16:52:55.877 [diag] Z clip-space remap MISS on minecraft:blur/1 fragment: FLIP_VERTEX_Y pattern not found, z is NOT remapped to [0,1] (depth may be wrong)
16:52:55.903 [diag] Z clip-space remap MISS on minecraft:blur/2 fragment: FLIP_VERTEX_Y pattern not found, z is NOT remapped to [0,1] (depth may be wrong)
16:52:55.928 [diag] Z clip-space remap MISS on minecraft:blur/3 fragment: FLIP_VERTEX_Y pattern not found, z is NOT remapped to [0,1] (depth may be wrong)
16:52:55.954 [diag] Z clip-space remap MISS on minecraft:blur/4 fragment: FLIP_VERTEX_Y pattern not found, z is NOT remapped to [0,1] (depth may be wrong)
16:52:55.979 [diag] Z clip-space remap MISS on minecraft:blur/5 fragment: FLIP_VERTEX_Y pattern not found, z is NOT remapped to [0,1] (depth may be wrong)
16:52:58.531 frame_time fps=54.7 avg=18.29ms max=188.93ms gpuBehind=0 moving=0/240 avgMoving=0.00ms
16:52:59.339 [diag] Z clip-space remap MISS on sodium/blocks/block_layer_opaque fragment: FLIP_VERTEX_Y pattern not found, z is NOT remapped to [0,1] (depth may be wrong)
16:52:59.380 [diag] Z clip-space remap MISS on sodium/blocks/block_layer_opaque fragment: FLIP_VERTEX_Y pattern not found, z is NOT remapped to [0,1] (depth may be wrong)
16:52:59.412 [diag] Z clip-space remap MISS on sodium/blocks/block_layer_opaque fragment: FLIP_VERTEX_Y pattern not found, z is NOT remapped to [0,1] (depth may be wrong)
16:52:59.509 [diag] sodium regionUniform regionOffset=(-59.91,-8.71,-119.74) currentTime=225 fadePeriodInv=0.001333
16:52:59.509 [diag] sodium encoder rebuilds(last5s)=1
16:52:59.511 [diag] sodium draws(last5s)=1 batchSize=1 firstDraw=e=1806 bv=192332 io=0
16:53:03.532 frame_time fps=50.0 avg=20.00ms max=326.00ms gpuBehind=0 moving=0/250 avgMoving=0.00ms
16:53:04.517 [diag] sodium regionUniform regionOffset=(-59.91,-8.74,-119.74) currentTime=5234 fadePeriodInv=0.001333
16:53:04.518 [diag] sodium draws(last5s)=33 batchSize=33 firstDraw=e=1806 bv=192332 io=0
16:53:05.234 [diag] sodium encoder rebuilds(last5s)=755
16:53:08.532 frame_time fps=58.4 avg=17.12ms max=55.79ms gpuBehind=0 moving=144/292 avgMoving=17.24ms
16:53:09.517 [diag] sodium regionUniform regionOffset=(-30.29,-5.99,-1.16) currentTime=10039 fadePeriodInv=0.001333
16:53:09.533 [diag] sodium draws(last5s)=36 batchSize=36 firstDraw=e=2016 bv=34360 io=0
16:53:10.300 [diag] sodium encoder rebuilds(last5s)=135
16:53:13.548 frame_time fps=60.0 avg=16.67ms max=21.42ms gpuBehind=0 moving=217/301 avgMoving=16.67ms
16:53:14.516 [diag] sodium regionUniform regionOffset=(-152.30,-133.62,121.30) currentTime=13950 fadePeriodInv=0.001333
16:53:14.533 [diag] sodium draws(last5s)=32 batchSize=32 firstDraw=e=2016 bv=34360 io=0
16:53:18.556 frame_time fps=59.5 avg=16.80ms max=47.31ms gpuBehind=0 moving=0/298 avgMoving=0.00ms
16:53:19.520 [diag] sodium regionUniform regionOffset=(-24.30,-5.62,-6.70) currentTime=20042 fadePeriodInv=0.001333
16:53:19.536 [diag] sodium draws(last5s)=32 batchSize=32 firstDraw=e=2016 bv=34360 io=0
16:53:26.840 frame_time fps=92.4 avg=10.83ms max=32.14ms gpuBehind=0 moving=0/122 avgMoving=0.00ms
16:53:26.847 [diag] sodium regionUniform regionOffset=(-24.30,-5.62,-6.70) currentTime=27369 fadePeriodInv=0.001333
16:53:26.848 [diag] sodium draws(last5s)=32 batchSize=32 firstDraw=e=2016 bv=34360 io=0
16:53:29.782 [diag] sodium encoder rebuilds(last5s)=8
16:53:31.846 frame_time fps=59.6 avg=16.78ms max=34.35ms gpuBehind=0 moving=84/299 avgMoving=16.67ms
16:53:31.852 [diag] sodium regionUniform regionOffset=(-26.02,-6.47,-14.21) currentTime=32374 fadePeriodInv=0.001333
16:53:31.853 [diag] sodium draws(last5s)=50 batchSize=50 firstDraw=e=2016 bv=34360 io=0
16:53:34.930 [diag] sodium encoder rebuilds(last5s)=197
16:53:36.847 frame_time fps=58.6 avg=17.06ms max=84.09ms gpuBehind=0 moving=293/293 avgMoving=17.06ms
16:53:36.865 [diag] sodium regionUniform regionOffset=(-90.46,-11.21,-1.46) currentTime=37387 fadePeriodInv=0.001333
16:53:36.865 [diag] sodium draws(last5s)=16 batchSize=16 firstDraw=e=906 bv=186972 io=0
16:53:39.964 [diag] sodium encoder rebuilds(last5s)=489
16:53:41.847 frame_time fps=58.8 avg=17.01ms max=101.68ms gpuBehind=0 moving=294/294 avgMoving=17.01ms
16:53:41.866 [diag] sodium regionUniform regionOffset=(-19.76,-16.63,-108.23) currentTime=42097 fadePeriodInv=0.001333
16:53:41.866 [diag] sodium draws(last5s)=9 batchSize=9 firstDraw=e=2352 bv=181544 io=0
16:53:44.982 [diag] sodium encoder rebuilds(last5s)=465
16:53:46.876 [diag] sodium regionUniform regionOffset=(-18.55,-6.35,-89.09) currentTime=47592 fadePeriodInv=0.001333
16:53:46.879 [diag] sodium draws(last5s)=19 batchSize=19 firstDraw=e=300 bv=113008 io=0
16:53:46.901 frame_time fps=58.1 avg=17.20ms max=97.99ms gpuBehind=0 moving=294/294 avgMoving=17.20ms
16:53:48.592 buffers total=9550 | usage=0x82 count=54 req=0.0MB alloc=0.0MB | usage=0x22 count=135 req=8.0MB alloc=8.0MB | usage=0x2 count=1 req=0.4MB alloc=0.4MB | usage=0x102 count=3 req=2.0MB alloc=2.0MB | usage=0x3 count=48 req=47.2MB alloc=47.2MB | usage=0x14 count=9007 req=264.0MB alloc=264.0MB | usage=0x88 count=51 req=0.9MB alloc=0.9MB | usage=0x28 count=221 req=427.0MB alloc=427.0MB | usage=0x48 count=11 req=1.7MB alloc=1.7MB | usage=0x9 count=19 req=280.5MB alloc=280.5MB | sum count=9550 req=1031.8MB alloc=1031.8MB | poolHit=3600 poolMiss=9550 poolReturn=12824 poolHitRate=27%
16:53:49.996 [diag] sodium encoder rebuilds(last5s)=423
16:53:51.879 [diag] sodium regionUniform regionOffset=(-24.17,-14.45,-4.81) currentTime=52191 fadePeriodInv=0.001333
16:53:51.880 [diag] sodium draws(last5s)=2 batchSize=2 firstDraw=e=1230 bv=233732 io=0
16:53:51.921 frame_time fps=54.1 avg=18.50ms max=119.34ms gpuBehind=0 moving=271/271 avgMoving=18.50ms
16:53:55.033 [diag] sodium encoder rebuilds(last5s)=383
16:53:56.891 [diag] sodium regionUniform regionOffset=(-13.62,-15.16,-61.14) currentTime=11710 fadePeriodInv=0.001333
16:53:56.893 [diag] sodium draws(last5s)=4 batchSize=4 firstDraw=e=732 bv=271684 io=0
16:53:56.929 frame_time fps=54.3 avg=18.41ms max=96.39ms gpuBehind=0 moving=272/272 avgMoving=18.41ms
16:54:00.209 [diag] sodium encoder rebuilds(last5s)=403
16:54:01.892 [diag] sodium regionUniform regionOffset=(-103.91,-18.92,-69.49) currentTime=5228 fadePeriodInv=0.001333
16:54:01.893 [diag] sodium draws(last5s)=50 batchSize=50 firstDraw=e=30 bv=753012 io=0
16:54:01.943 frame_time fps=54.2 avg=18.44ms max=86.50ms gpuBehind=0 moving=272/272 avgMoving=18.44ms
16:54:05.216 [diag] sodium encoder rebuilds(last5s)=327
16:54:06.893 [diag] sodium regionUniform regionOffset=(-107.64,-24.53,-66.13) currentTime=10229 fadePeriodInv=0.001333
16:54:06.894 [diag] sodium draws(last5s)=11 batchSize=11 firstDraw=e=30 bv=753012 io=0
16:54:06.960 frame_time fps=55.4 avg=18.06ms max=121.76ms gpuBehind=0 moving=278/278 avgMoving=18.06ms
16:54:10.230 [diag] sodium encoder rebuilds(last5s)=466
16:54:11.898 [diag] sodium regionUniform regionOffset=(-16.25,-19.84,-90.81) currentTime=6006 fadePeriodInv=0.001333
16:54:11.898 [diag] sodium draws(last5s)=42 batchSize=42 firstDraw=e=576 bv=587752 io=0
16:54:11.962 frame_time fps=59.4 avg=16.83ms max=42.75ms gpuBehind=0 moving=297/297 avgMoving=16.83ms
16:54:15.246 [diag] sodium encoder rebuilds(last5s)=452
16:54:16.913 [diag] sodium regionUniform regionOffset=(-42.12,-17.67,-33.54) currentTime=7434 fadePeriodInv=0.001333
16:54:16.913 [diag] sodium draws(last5s)=72 batchSize=72 firstDraw=e=624 bv=128856 io=0
16:54:16.977 frame_time fps=59.2 avg=16.89ms max=51.06ms gpuBehind=0 moving=297/297 avgMoving=16.89ms
16:54:20.252 [diag] sodium encoder rebuilds(last5s)=558
16:54:21.912 [diag] sodium regionUniform regionOffset=(-43.55,-11.96,-7.52) currentTime=12433 fadePeriodInv=0.001333
16:54:21.914 [diag] sodium draws(last5s)=87 batchSize=87 firstDraw=e=3444 bv=110184 io=0
16:54:21.993 frame_time fps=59.2 avg=16.89ms max=51.05ms gpuBehind=0 moving=297/297 avgMoving=16.89ms
16:54:25.277 [diag] sodium encoder rebuilds(last5s)=409
16:54:26.914 [diag] sodium regionUniform regionOffset=(-114.06,-11.23,-11.14) currentTime=17419 fadePeriodInv=0.001333
16:54:26.915 [diag] sodium draws(last5s)=4 batchSize=4 firstDraw=e=1008 bv=597548 io=0
16:54:27.008 frame_time fps=59.0 avg=16.95ms max=67.86ms gpuBehind=0 moving=296/296 avgMoving=16.95ms
16:54:32.025 frame_time fps=59.8 avg=16.73ms max=45.58ms gpuBehind=0 moving=38/300 avgMoving=16.74ms
==== Metallum diag start ====
16:54:51.561 sync_mode=1 (metallum.sync: 1=serial 2=one-ahead 3=sliding)
16:54:51.906 [diag] Z clip-space remap MISS on minecraft:pipeline/gui fragment: FLIP_VERTEX_Y pattern not found, z is NOT remapped to [0,1] (depth may be wrong)
16:54:51.935 [diag] Z clip-space remap MISS on minecraft:pipeline/gui_textured fragment: FLIP_VERTEX_Y pattern not found, z is NOT remapped to [0,1] (depth may be wrong)
16:54:52.102 [diag] Z clip-space remap MISS on minecraft:pipeline/mojang_logo fragment: FLIP_VERTEX_Y pattern not found, z is NOT remapped to [0,1] (depth may be wrong)
16:54:52.123 buffers total=42 | usage=0x82 count=15 req=0.0MB alloc=0.0MB | usage=0x22 count=6 req=0.0MB alloc=0.0MB | usage=0x3 count=2 req=1.5MB alloc=1.5MB | usage=0x88 count=15 req=0.0MB alloc=0.0MB | usage=0x28 count=3 req=0.0MB alloc=0.0MB | usage=0x48 count=1 req=0.0MB alloc=0.0MB | sum count=42 req=1.5MB alloc=1.5MB | poolHit=0 poolMiss=42 poolReturn=0 poolHitRate=0%
16:54:52.807 [diag] Z clip-space remap MISS on minecraft:pipeline/entity_outline_blit fragment: FLIP_VERTEX_Y pattern not found, z is NOT remapped to [0,1] (depth may be wrong)
16:54:52.849 [diag] Z clip-space remap MISS on minecraft:pipeline/lightning fragment: FLIP_VERTEX_Y pattern not found, z is NOT remapped to [0,1] (depth may be wrong)
16:54:52.875 [diag] Z clip-space remap MISS on minecraft:pipeline/dragon_explosion_alpha fragment: FLIP_VERTEX_Y pattern not found, z is NOT remapped to [0,1] (depth may be wrong)
16:54:52.903 [diag] Z clip-space remap MISS on minecraft:pipeline/entity_cutout_no_cull_z_offset fragment: FLIP_VERTEX_Y pattern not found, z is NOT remapped to [0,1] (depth may be wrong)
16:54:52.929 [diag] Z clip-space remap MISS on minecraft:pipeline/translucent_particle fragment: FLIP_VERTEX_Y pattern not found, z is NOT remapped to [0,1] (depth may be wrong)
16:54:52.953 [diag] Z clip-space remap MISS on minecraft:pipeline/panorama fragment: FLIP_VERTEX_Y pattern not found, z is NOT remapped to [0,1] (depth may be wrong)
16:54:52.979 [diag] Z clip-space remap MISS on minecraft:pipeline/beacon_beam_opaque fragment: FLIP_VERTEX_Y pattern not found, z is NOT remapped to [0,1] (depth may be wrong)
16:54:53.005 [diag] Z clip-space remap MISS on minecraft:pipeline/opaque_particle fragment: FLIP_VERTEX_Y pattern not found, z is NOT remapped to [0,1] (depth may be wrong)
16:54:53.032 [diag] Z clip-space remap MISS on minecraft:pipeline/solid_terrain fragment: FLIP_VERTEX_Y pattern not found, z is NOT remapped to [0,1] (depth may be wrong)
16:54:53.058 [diag] Z clip-space remap MISS on minecraft:pipeline/outline_no_cull fragment: FLIP_VERTEX_Y pattern not found, z is NOT remapped to [0,1] (depth may be wrong)
16:54:53.084 [diag] Z clip-space remap MISS on minecraft:pipeline/end_portal fragment: FLIP_VERTEX_Y pattern not found, z is NOT remapped to [0,1] (depth may be wrong)
16:54:53.109 [diag] Z clip-space remap MISS on minecraft:pipeline/animate_sprite_blit fragment: FLIP_VERTEX_Y pattern not found, z is NOT remapped to [0,1] (depth may be wrong)
16:54:53.134 [diag] Z clip-space remap MISS on minecraft:pipeline/stars fragment: FLIP_VERTEX_Y pattern not found, z is NOT remapped to [0,1] (depth may be wrong)
16:54:53.160 [diag] Z clip-space remap MISS on minecraft:pipeline/lightmap fragment: FLIP_VERTEX_Y pattern not found, z is NOT remapped to [0,1] (depth may be wrong)
16:54:53.186 [diag] Z clip-space remap MISS on minecraft:pipeline/entity_shadow fragment: FLIP_VERTEX_Y pattern not found, z is NOT remapped to [0,1] (depth may be wrong)
16:54:53.212 [diag] Z clip-space remap MISS on minecraft:pipeline/text_intensity fragment: FLIP_VERTEX_Y pattern not found, z is NOT remapped to [0,1] (depth may be wrong)
16:54:53.238 [diag] Z clip-space remap MISS on minecraft:pipeline/end_gateway fragment: FLIP_VERTEX_Y pattern not found, z is NOT remapped to [0,1] (depth may be wrong)
16:54:53.264 [diag] Z clip-space remap MISS on minecraft:pipeline/solid_block fragment: FLIP_VERTEX_Y pattern not found, z is NOT remapped to [0,1] (depth may be wrong)
16:54:53.289 [diag] Z clip-space remap MISS on minecraft:pipeline/gui_textured_premultiplied_alpha fragment: FLIP_VERTEX_Y pattern not found, z is NOT remapped to [0,1] (depth may be wrong)
16:54:53.315 [diag] Z clip-space remap MISS on minecraft:pipeline/armor_cutout_no_cull fragment: FLIP_VERTEX_Y pattern not found, z is NOT remapped to [0,1] (depth may be wrong)
16:54:53.341 [diag] Z clip-space remap MISS on minecraft:pipeline/leash fragment: FLIP_VERTEX_Y pattern not found, z is NOT remapped to [0,1] (depth may be wrong)
16:54:53.366 [diag] Z clip-space remap MISS on minecraft:pipeline/mojang_logo fragment: FLIP_VERTEX_Y pattern not found, z is NOT remapped to [0,1] (depth may be wrong)
16:54:53.392 [diag] Z clip-space remap MISS on minecraft:pipeline/entity_solid fragment: FLIP_VERTEX_Y pattern not found, z is NOT remapped to [0,1] (depth may be wrong)
16:54:53.417 [diag] Z clip-space remap MISS on minecraft:pipeline/gui_nausea_overlay fragment: FLIP_VERTEX_Y pattern not found, z is NOT remapped to [0,1] (depth may be wrong)
16:54:53.442 [diag] Z clip-space remap MISS on minecraft:pipeline/text_background fragment: FLIP_VERTEX_Y pattern not found, z is NOT remapped to [0,1] (depth may be wrong)
16:54:53.468 [diag] Z clip-space remap MISS on minecraft:pipeline/entity_solid_offset_forward fragment: FLIP_VERTEX_Y pattern not found, z is NOT remapped to [0,1] (depth may be wrong)
16:54:53.495 [diag] Z clip-space remap MISS on minecraft:pipeline/entity_cutout fragment: FLIP_VERTEX_Y pattern not found, z is NOT remapped to [0,1] (depth may be wrong)
16:54:53.520 [diag] Z clip-space remap MISS on minecraft:pipeline/dragon_rays_depth fragment: FLIP_VERTEX_Y pattern not found, z is NOT remapped to [0,1] (depth may be wrong)
16:54:53.545 [diag] Z clip-space remap MISS on minecraft:pipeline/sunrise_sunset fragment: FLIP_VERTEX_Y pattern not found, z is NOT remapped to [0,1] (depth may be wrong)
16:54:53.571 [diag] Z clip-space remap MISS on minecraft:pipeline/text fragment: FLIP_VERTEX_Y pattern not found, z is NOT remapped to [0,1] (depth may be wrong)
16:54:53.596 [diag] Z clip-space remap MISS on minecraft:pipeline/sky fragment: FLIP_VERTEX_Y pattern not found, z is NOT remapped to [0,1] (depth may be wrong)
16:54:53.621 [diag] Z clip-space remap MISS on minecraft:pipeline/dragon_rays fragment: FLIP_VERTEX_Y pattern not found, z is NOT remapped to [0,1] (depth may be wrong)
16:54:53.647 [diag] Z clip-space remap MISS on minecraft:pipeline/entity_decal fragment: FLIP_VERTEX_Y pattern not found, z is NOT remapped to [0,1] (depth may be wrong)
16:54:53.672 [diag] Z clip-space remap MISS on minecraft:pipeline/debug_quads fragment: FLIP_VERTEX_Y pattern not found, z is NOT remapped to [0,1] (depth may be wrong)
16:54:53.697 [diag] Z clip-space remap MISS on minecraft:pipeline/fire_screen_effect fragment: FLIP_VERTEX_Y pattern not found, z is NOT remapped to [0,1] (depth may be wrong)
16:54:53.722 [diag] Z clip-space remap MISS on minecraft:pipeline/glint fragment: FLIP_VERTEX_Y pattern not found, z is NOT remapped to [0,1] (depth may be wrong)
16:54:53.748 [diag] Z clip-space remap MISS on minecraft:pipeline/flat_clouds fragment: FLIP_VERTEX_Y pattern not found, z is NOT remapped to [0,1] (depth may be wrong)
16:54:53.774 [diag] Z clip-space remap MISS on minecraft:pipeline/entity_no_outline fragment: FLIP_VERTEX_Y pattern not found, z is NOT remapped to [0,1] (depth may be wrong)
16:54:53.799 [diag] Z clip-space remap MISS on minecraft:pipeline/gui fragment: FLIP_VERTEX_Y pattern not found, z is NOT remapped to [0,1] (depth may be wrong)
16:54:53.824 [diag] Z clip-space remap MISS on minecraft:pipeline/breeze_wind fragment: FLIP_VERTEX_Y pattern not found, z is NOT remapped to [0,1] (depth may be wrong)
16:54:53.852 [diag] Z clip-space remap MISS on minecraft:pipeline/cutout_terrain fragment: FLIP_VERTEX_Y pattern not found, z is NOT remapped to [0,1] (depth may be wrong)
16:54:53.877 [diag] Z clip-space remap MISS on minecraft:pipeline/gui_opaque_textured_background fragment: FLIP_VERTEX_Y pattern not found, z is NOT remapped to [0,1] (depth may be wrong)
16:54:53.905 [diag] Z clip-space remap MISS on minecraft:pipeline/wireframe fragment: FLIP_VERTEX_Y pattern not found, z is NOT remapped to [0,1] (depth may be wrong)
16:54:53.930 [diag] Z clip-space remap MISS on minecraft:pipeline/text_intensity_see_through fragment: FLIP_VERTEX_Y pattern not found, z is NOT remapped to [0,1] (depth may be wrong)
16:54:53.956 [diag] Z clip-space remap MISS on minecraft:pipeline/entity_cutout_no_cull fragment: FLIP_VERTEX_Y pattern not found, z is NOT remapped to [0,1] (depth may be wrong)
16:54:53.982 [diag] Z clip-space remap MISS on minecraft:pipeline/crumbling fragment: FLIP_VERTEX_Y pattern not found, z is NOT remapped to [0,1] (depth may be wrong)
16:54:54.007 [diag] Z clip-space remap MISS on minecraft:pipeline/animate_sprite_interpolate fragment: FLIP_VERTEX_Y pattern not found, z is NOT remapped to [0,1] (depth may be wrong)
16:54:54.031 [diag] Z clip-space remap MISS on minecraft:pipeline/block_screen_effect fragment: FLIP_VERTEX_Y pattern not found, z is NOT remapped to [0,1] (depth may be wrong)
16:54:54.057 [diag] Z clip-space remap MISS on minecraft:pipeline/eyes fragment: FLIP_VERTEX_Y pattern not found, z is NOT remapped to [0,1] (depth may be wrong)
16:54:54.083 [diag] Z clip-space remap MISS on minecraft:pipeline/entity_translucent_emissive fragment: FLIP_VERTEX_Y pattern not found, z is NOT remapped to [0,1] (depth may be wrong)
16:54:54.109 [diag] Z clip-space remap MISS on minecraft:pipeline/secondary_block_outline fragment: FLIP_VERTEX_Y pattern not found, z is NOT remapped to [0,1] (depth may be wrong)
16:54:54.134 [diag] Z clip-space remap MISS on minecraft:pipeline/tripwire_block fragment: FLIP_VERTEX_Y pattern not found, z is NOT remapped to [0,1] (depth may be wrong)
16:54:54.160 [diag] Z clip-space remap MISS on minecraft:pipeline/gui_text_intensity fragment: FLIP_VERTEX_Y pattern not found, z is NOT remapped to [0,1] (depth may be wrong)
16:54:54.185 [diag] Z clip-space remap MISS on minecraft:pipeline/debug_points fragment: FLIP_VERTEX_Y pattern not found, z is NOT remapped to [0,1] (depth may be wrong)
16:54:54.209 [diag] Z clip-space remap MISS on minecraft:pipeline/gui_textured fragment: FLIP_VERTEX_Y pattern not found, z is NOT remapped to [0,1] (depth may be wrong)
16:54:54.235 [diag] Z clip-space remap MISS on minecraft:pipeline/clouds fragment: FLIP_VERTEX_Y pattern not found, z is NOT remapped to [0,1] (depth may be wrong)
16:54:54.260 [diag] Z clip-space remap MISS on minecraft:pipeline/end_sky fragment: FLIP_VERTEX_Y pattern not found, z is NOT remapped to [0,1] (depth may be wrong)
16:54:54.285 [diag] Z clip-space remap MISS on minecraft:pipeline/text_background_see_through fragment: FLIP_VERTEX_Y pattern not found, z is NOT remapped to [0,1] (depth may be wrong)
16:54:54.309 [diag] Z clip-space remap MISS on minecraft:pipeline/gui_invert fragment: FLIP_VERTEX_Y pattern not found, z is NOT remapped to [0,1] (depth may be wrong)
16:54:54.334 [diag] Z clip-space remap MISS on minecraft:pipeline/debug_filled_box fragment: FLIP_VERTEX_Y pattern not found, z is NOT remapped to [0,1] (depth may be wrong)
16:54:54.360 [diag] Z clip-space remap MISS on minecraft:pipeline/item_entity_translucent_cull fragment: FLIP_VERTEX_Y pattern not found, z is NOT remapped to [0,1] (depth may be wrong)
16:54:54.385 [diag] Z clip-space remap MISS on minecraft:pipeline/gui_text fragment: FLIP_VERTEX_Y pattern not found, z is NOT remapped to [0,1] (depth may be wrong)
16:54:54.411 [diag] Z clip-space remap MISS on minecraft:pipeline/lines fragment: FLIP_VERTEX_Y pattern not found, z is NOT remapped to [0,1] (depth may be wrong)
16:54:54.436 [diag] Z clip-space remap MISS on minecraft:pipeline/weather_no_depth_write fragment: FLIP_VERTEX_Y pattern not found, z is NOT remapped to [0,1] (depth may be wrong)
16:54:54.461 [diag] Z clip-space remap MISS on minecraft:pipeline/gui_text_highlight fragment: FLIP_VERTEX_Y pattern not found, z is NOT remapped to [0,1] (depth may be wrong)
16:54:54.485 [diag] Z clip-space remap MISS on minecraft:pipeline/crosshair fragment: FLIP_VERTEX_Y pattern not found, z is NOT remapped to [0,1] (depth may be wrong)
16:54:54.511 [diag] Z clip-space remap MISS on minecraft:pipeline/entity_smooth_cutout fragment: FLIP_VERTEX_Y pattern not found, z is NOT remapped to [0,1] (depth may be wrong)
16:54:54.536 [diag] Z clip-space remap MISS on minecraft:pipeline/lines_translucent fragment: FLIP_VERTEX_Y pattern not found, z is NOT remapped to [0,1] (depth may be wrong)
16:54:54.562 [diag] Z clip-space remap MISS on minecraft:pipeline/cutout_block fragment: FLIP_VERTEX_Y pattern not found, z is NOT remapped to [0,1] (depth may be wrong)
16:54:54.586 [diag] Z clip-space remap MISS on minecraft:pipeline/outline_cull fragment: FLIP_VERTEX_Y pattern not found, z is NOT remapped to [0,1] (depth may be wrong)
16:54:54.611 [diag] Z clip-space remap MISS on minecraft:pipeline/celestial fragment: FLIP_VERTEX_Y pattern not found, z is NOT remapped to [0,1] (depth may be wrong)
16:54:54.637 [diag] Z clip-space remap MISS on minecraft:pipeline/tripwire_terrain fragment: FLIP_VERTEX_Y pattern not found, z is NOT remapped to [0,1] (depth may be wrong)
16:54:54.662 [diag] Z clip-space remap MISS on minecraft:pipeline/water_mask fragment: FLIP_VERTEX_Y pattern not found, z is NOT remapped to [0,1] (depth may be wrong)
16:54:54.687 [diag] Z clip-space remap MISS on minecraft:pipeline/debug_triangle_fan fragment: FLIP_VERTEX_Y pattern not found, z is NOT remapped to [0,1] (depth may be wrong)
16:54:54.711 [diag] Z clip-space remap MISS on minecraft:pipeline/text_see_through fragment: FLIP_VERTEX_Y pattern not found, z is NOT remapped to [0,1] (depth may be wrong)
16:54:54.737 [diag] Z clip-space remap MISS on minecraft:pipeline/armor_decal_cutout_no_cull fragment: FLIP_VERTEX_Y pattern not found, z is NOT remapped to [0,1] (depth may be wrong)
16:54:54.762 [diag] Z clip-space remap MISS on minecraft:pipeline/armor_translucent fragment: FLIP_VERTEX_Y pattern not found, z is NOT remapped to [0,1] (depth may be wrong)
16:54:54.787 [diag] Z clip-space remap MISS on minecraft:pipeline/world_border fragment: FLIP_VERTEX_Y pattern not found, z is NOT remapped to [0,1] (depth may be wrong)
16:54:54.812 [diag] Z clip-space remap MISS on minecraft:pipeline/weather_depth_write fragment: FLIP_VERTEX_Y pattern not found, z is NOT remapped to [0,1] (depth may be wrong)
16:54:54.838 [diag] Z clip-space remap MISS on minecraft:pipeline/beacon_beam_translucent fragment: FLIP_VERTEX_Y pattern not found, z is NOT remapped to [0,1] (depth may be wrong)
16:54:54.863 [diag] Z clip-space remap MISS on minecraft:pipeline/translucent_moving_block fragment: FLIP_VERTEX_Y pattern not found, z is NOT remapped to [0,1] (depth may be wrong)
16:54:54.889 [diag] Z clip-space remap MISS on minecraft:pipeline/energy_swirl fragment: FLIP_VERTEX_Y pattern not found, z is NOT remapped to [0,1] (depth may be wrong)
16:54:54.915 [diag] Z clip-space remap MISS on minecraft:pipeline/translucent_terrain fragment: FLIP_VERTEX_Y pattern not found, z is NOT remapped to [0,1] (depth may be wrong)
16:54:54.941 [diag] Z clip-space remap MISS on minecraft:pipeline/entity_translucent fragment: FLIP_VERTEX_Y pattern not found, z is NOT remapped to [0,1] (depth may be wrong)
16:54:54.965 [diag] Z clip-space remap MISS on minecraft:pipeline/tracy_blit fragment: FLIP_VERTEX_Y pattern not found, z is NOT remapped to [0,1] (depth may be wrong)
16:54:54.990 [diag] Z clip-space remap MISS on minecraft:pipeline/vignette fragment: FLIP_VERTEX_Y pattern not found, z is NOT remapped to [0,1] (depth may be wrong)
16:54:55.015 [diag] Z clip-space remap MISS on minecraft:pipeline/text_polygon_offset fragment: FLIP_VERTEX_Y pattern not found, z is NOT remapped to [0,1] (depth may be wrong)
16:54:55.054 createBuffer stack sample #1:
  knot//com.metallum.client.metal.render.MetalDevice.createBuffer(MetalDevice.java:149)
  knot//net.minecraft.class_1059.method_45848(class_1059.java:116)
  knot//net.minecraft.class_11697$class_11699.method_73035(class_11697.java:168)
  knot//net.minecraft.class_11697$class_11700.method_73039(class_11697.java:212)
  java.base/java.util.ArrayList.forEach(Unknown Source)
  knot//net.minecraft.class_11697$class_11700.method_73037(class_11697.java:212)
  knot//net.minecraft.class_11697.method_76671(class_11697.java:146)
  knot//net.minecraft.class_11697.method_73029(class_11697.java:142)
  java.base/java.util.concurrent.CompletableFuture$UniAccept.tryFire(Unknown Source)
  java.base/java.util.concurrent.CompletableFuture$Completion.run(Unknown Source)
  knot//net.minecraft.class_4014.method_67574(class_4014.java:59)
  knot//net.minecraft.class_1255.method_18859(class_1255.java:169)
16:54:55.074 createBuffer stack sample #2:
  knot//com.metallum.client.metal.render.MetalDevice.createBuffer(MetalDevice.java:149)
  knot//net.minecraft.class_1059.method_76314(class_1059.java:173)
  knot//net.minecraft.class_1059.method_45848(class_1059.java:135)
  knot//net.minecraft.class_11697$class_11699.method_73035(class_11697.java:168)
  knot//net.minecraft.class_11697$class_11700.method_73039(class_11697.java:212)
  java.base/java.util.ArrayList.forEach(Unknown Source)
  knot//net.minecraft.class_11697$class_11700.method_73037(class_11697.java:212)
  knot//net.minecraft.class_11697.method_76671(class_11697.java:146)
  knot//net.minecraft.class_11697.method_73029(class_11697.java:142)
  java.base/java.util.concurrent.CompletableFuture$UniAccept.tryFire(Unknown Source)
  java.base/java.util.concurrent.CompletableFuture$Completion.run(Unknown Source)
  knot//net.minecraft.class_4014.method_67574(class_4014.java:59)
16:54:55.078 createBuffer stack sample #3:
  knot//com.metallum.client.metal.render.MetalDevice.createBuffer(MetalDevice.java:149)
  knot//net.minecraft.class_1059.method_76314(class_1059.java:173)
  knot//net.minecraft.class_1059.method_45848(class_1059.java:135)
  knot//net.minecraft.class_11697$class_11699.method_73035(class_11697.java:168)
  knot//net.minecraft.class_11697$class_11700.method_73039(class_11697.java:212)
  java.base/java.util.ArrayList.forEach(Unknown Source)
  knot//net.minecraft.class_11697$class_11700.method_73037(class_11697.java:212)
  knot//net.minecraft.class_11697.method_76671(class_11697.java:146)
  knot//net.minecraft.class_11697.method_73029(class_11697.java:142)
  java.base/java.util.concurrent.CompletableFuture$UniAccept.tryFire(Unknown Source)
  java.base/java.util.concurrent.CompletableFuture$Completion.run(Unknown Source)
  knot//net.minecraft.class_4014.method_67574(class_4014.java:59)
16:54:55.094 createBuffer stack sample #4:
  knot//com.metallum.client.metal.render.MetalDevice.createBuffer(MetalDevice.java:149)
  knot//net.minecraft.class_1059.method_76314(class_1059.java:173)
  knot//net.minecraft.class_1059.method_45848(class_1059.java:135)
  knot//net.minecraft.class_11697$class_11699.method_73035(class_11697.java:168)
  knot//net.minecraft.class_11697$class_11700.method_73039(class_11697.java:212)
  java.base/java.util.ArrayList.forEach(Unknown Source)
  knot//net.minecraft.class_11697$class_11700.method_73037(class_11697.java:212)
  knot//net.minecraft.class_11697.method_76671(class_11697.java:146)
  knot//net.minecraft.class_11697.method_73029(class_11697.java:142)
  java.base/java.util.concurrent.CompletableFuture$UniAccept.tryFire(Unknown Source)
  java.base/java.util.concurrent.CompletableFuture$Completion.run(Unknown Source)
  knot//net.minecraft.class_4014.method_67574(class_4014.java:59)
16:54:55.100 createBuffer stack sample #5:
  knot//com.metallum.client.metal.render.MetalDevice.createBuffer(MetalDevice.java:149)
  knot//net.minecraft.class_1059.method_76314(class_1059.java:173)
  knot//net.minecraft.class_1059.method_45848(class_1059.java:135)
  knot//net.minecraft.class_11697$class_11699.method_73035(class_11697.java:168)
  knot//net.minecraft.class_11697$class_11700.method_73039(class_11697.java:212)
  java.base/java.util.ArrayList.forEach(Unknown Source)
  knot//net.minecraft.class_11697$class_11700.method_73037(class_11697.java:212)
  knot//net.minecraft.class_11697.method_76671(class_11697.java:146)
  knot//net.minecraft.class_11697.method_73029(class_11697.java:142)
  java.base/java.util.concurrent.CompletableFuture$UniAccept.tryFire(Unknown Source)
  java.base/java.util.concurrent.CompletableFuture$Completion.run(Unknown Source)
  knot//net.minecraft.class_4014.method_67574(class_4014.java:59)
16:54:57.134 frame_time fps=50.9 avg=19.66ms max=321.95ms gpuBehind=0 moving=0/130 avgMoving=0.00ms
16:55:00.573 [diag] Z clip-space remap MISS on minecraft:blur/0 fragment: FLIP_VERTEX_Y pattern not found, z is NOT remapped to [0,1] (depth may be wrong)
16:55:00.600 [diag] Z clip-space remap MISS on minecraft:blur/1 fragment: FLIP_VERTEX_Y pattern not found, z is NOT remapped to [0,1] (depth may be wrong)
16:55:00.626 [diag] Z clip-space remap MISS on minecraft:blur/2 fragment: FLIP_VERTEX_Y pattern not found, z is NOT remapped to [0,1] (depth may be wrong)
16:55:00.651 [diag] Z clip-space remap MISS on minecraft:blur/3 fragment: FLIP_VERTEX_Y pattern not found, z is NOT remapped to [0,1] (depth may be wrong)
16:55:00.677 [diag] Z clip-space remap MISS on minecraft:blur/4 fragment: FLIP_VERTEX_Y pattern not found, z is NOT remapped to [0,1] (depth may be wrong)
16:55:00.702 [diag] Z clip-space remap MISS on minecraft:blur/5 fragment: FLIP_VERTEX_Y pattern not found, z is NOT remapped to [0,1] (depth may be wrong)
16:55:02.203 frame_time fps=57.7 avg=17.32ms max=187.84ms gpuBehind=0 moving=0/254 avgMoving=0.00ms
16:55:03.760 [diag] Z clip-space remap MISS on sodium/blocks/block_layer_opaque fragment: FLIP_VERTEX_Y pattern not found, z is NOT remapped to [0,1] (depth may be wrong)
16:55:03.800 [diag] Z clip-space remap MISS on sodium/blocks/block_layer_opaque fragment: FLIP_VERTEX_Y pattern not found, z is NOT remapped to [0,1] (depth may be wrong)
16:55:03.847 [diag] Z clip-space remap MISS on sodium/blocks/block_layer_opaque fragment: FLIP_VERTEX_Y pattern not found, z is NOT remapped to [0,1] (depth may be wrong)
16:55:04.130 [diag] sodium regionUniform regionOffset=(-114.26,-11.14,-11.75) currentTime=449 fadePeriodInv=0.001333
16:55:04.132 [diag] sodium encoder rebuilds(last5s)=1
16:55:04.136 [diag] sodium draws(last5s)=1 batchSize=1 firstDraw=e=1008 bv=192864 io=0
16:55:07.206 frame_time fps=45.2 avg=22.13ms max=415.43ms gpuBehind=0 moving=155/226 avgMoving=18.40ms
16:55:09.143 [diag] sodium regionUniform regionOffset=(-80.98,-12.37,-38.77) currentTime=5061 fadePeriodInv=0.001333
16:55:09.143 [diag] sodium draws(last5s)=17 batchSize=17 firstDraw=e=1524 bv=70220 io=0
16:55:09.143 [diag] sodium encoder rebuilds(last5s)=562
16:55:12.223 frame_time fps=58.2 avg=17.18ms max=93.55ms gpuBehind=0 moving=292/292 avgMoving=17.18ms
16:55:14.143 [diag] sodium regionUniform regionOffset=(-100.34,-11.93,-98.03) currentTime=9942 fadePeriodInv=0.001333
16:55:14.145 [diag] sodium draws(last5s)=39 batchSize=39 firstDraw=e=3030 bv=180940 io=0
16:55:14.145 [diag] sodium encoder rebuilds(last5s)=630
16:55:17.238 frame_time fps=59.0 avg=16.95ms max=78.33ms gpuBehind=0 moving=296/296 avgMoving=16.95ms
16:55:19.157 [diag] sodium regionUniform regionOffset=(-56.44,-10.41,-40.95) currentTime=15075 fadePeriodInv=0.001333
16:55:19.157 [diag] sodium draws(last5s)=43 batchSize=43 firstDraw=e=2172 bv=174236 io=0
16:55:19.157 [diag] sodium encoder rebuilds(last5s)=531
16:55:22.238 frame_time fps=58.8 avg=17.01ms max=83.44ms gpuBehind=0 moving=294/294 avgMoving=17.01ms
16:55:24.157 [diag] sodium regionUniform regionOffset=(-58.77,-11.51,-78.85) currentTime=19365 fadePeriodInv=0.001333
16:55:24.158 [diag] sodium draws(last5s)=6 batchSize=6 firstDraw=e=156 bv=164700 io=0
16:55:24.158 [diag] sodium encoder rebuilds(last5s)=316
16:55:27.252 frame_time fps=57.8 avg=17.30ms max=74.38ms gpuBehind=0 moving=290/290 avgMoving=17.30ms
16:55:29.157 [diag] sodium regionUniform regionOffset=(-0.48,-12.19,-55.65) currentTime=9033 fadePeriodInv=0.001333
16:55:29.172 [diag] sodium draws(last5s)=55 batchSize=55 firstDraw=e=1656 bv=296364 io=0
16:55:29.172 [diag] sodium encoder rebuilds(last5s)=378
16:55:32.256 frame_time fps=58.8 avg=17.01ms max=65.01ms gpuBehind=0 moving=294/294 avgMoving=17.01ms
16:55:34.168 [diag] sodium regionUniform regionOffset=(-29.05,-17.50,-69.67) currentTime=7116 fadePeriodInv=0.001333
16:55:34.186 [diag] sodium draws(last5s)=74 batchSize=74 firstDraw=e=1842 bv=453228 io=0
16:55:34.203 [diag] sodium encoder rebuilds(last5s)=330
16:55:37.267 frame_time fps=55.9 avg=17.89ms max=92.85ms gpuBehind=0 moving=280/280 avgMoving=17.89ms
16:55:39.171 [diag] sodium regionUniform regionOffset=(-66.91,-4.12,-120.71) currentTime=12120 fadePeriodInv=0.001333
16:55:39.189 [diag] sodium draws(last5s)=12 batchSize=12 firstDraw=e=546 bv=258656 io=0
16:55:39.221 [diag] sodium encoder rebuilds(last5s)=459
16:55:42.271 frame_time fps=58.9 avg=16.97ms max=90.55ms gpuBehind=0 moving=295/295 avgMoving=16.97ms
16:55:44.186 [diag] sodium regionUniform regionOffset=(-12.11,-8.29,-11.35) currentTime=12855 fadePeriodInv=0.001333
16:55:44.205 [diag] sodium draws(last5s)=117 batchSize=117 firstDraw=e=1854 bv=612648 io=0
16:55:44.321 [diag] sodium encoder rebuilds(last5s)=403
