==== Metallum diag start ====
11:56:12.554 buffers total=42 | usage=0x82 count=15 req=0.0MB alloc=0.0MB | usage=0x22 count=6 req=0.0MB alloc=0.0MB | usage=0x3 count=2 req=1.5MB alloc=1.5MB | usage=0x88 count=15 req=0.0MB alloc=0.0MB | usage=0x28 count=3 req=0.0MB alloc=0.0MB | usage=0x48 count=1 req=0.0MB alloc=0.0MB | sum count=42 req=1.5MB alloc=1.5MB
11:56:12.603 frame_time samples=1 avg=50.4ms max=50.4ms gpuBehind=0
11:56:17.613 frame_time samples=141 avg=106.6ms max=2648.1ms gpuBehind=0
11:56:22.629 frame_time samples=301 avg=50.0ms max=50.1ms gpuBehind=0
11:56:27.645 frame_time samples=301 avg=50.0ms max=50.3ms gpuBehind=0
11:56:32.661 frame_time samples=301 avg=50.0ms max=50.3ms gpuBehind=0
11:56:37.677 frame_time samples=301 avg=50.0ms max=50.1ms gpuBehind=0
11:56:42.693 frame_time samples=301 avg=50.0ms max=50.7ms gpuBehind=0
11:56:47.411 visibleSections=0 smartCull=true
11:56:47.694 frame_time samples=230 avg=65.2ms max=629.9ms gpuBehind=0
11:56:52.418 visibleSections=15 smartCull=true
11:56:52.713 frame_time samples=249 avg=60.1ms max=194.4ms gpuBehind=0
11:56:57.427 visibleSections=1852 smartCull=true
11:56:57.726 frame_time samples=281 avg=53.9ms max=123.2ms gpuBehind=0
11:57:02.427 visibleSections=2426 smartCull=true
11:57:02.742 frame_time samples=295 avg=51.0ms max=146.7ms gpuBehind=0
11:57:07.446 visibleSections=1727 smartCull=true
11:57:07.743 frame_time samples=290 avg=51.7ms max=107.4ms gpuBehind=0
11:57:12.452 visibleSections=521 smartCull=true
11:57:12.601 buffers total=20343 | usage=0x82 count=81 req=6.0MB alloc=6.0MB | usage=0x22 count=42 req=0.6MB alloc=0.6MB | usage=0x102 count=3 req=2.0MB alloc=2.0MB | usage=0x3 count=1320 req=730.3MB alloc=730.3MB | usage=0x88 count=42 req=0.9MB alloc=0.9MB | usage=0x28 count=15452 req=815.2MB alloc=815.2MB | usage=0x48 count=3403 req=11.5MB alloc=11.5MB | sum count=20343 req=1566.5MB alloc=1566.5MB
11:57:12.761 frame_time samples=281 avg=53.5ms max=135.6ms gpuBehind=0
11:57:17.458 visibleSections=618 smartCull=true
11:57:17.773 frame_time samples=281 avg=53.7ms max=219.6ms gpuBehind=0
11:57:22.473 visibleSections=722 smartCull=true
11:57:22.777 frame_time samples=290 avg=51.7ms max=126.2ms gpuBehind=0
11:57:27.487 visibleSections=791 smartCull=true
11:57:27.789 frame_time samples=283 avg=53.2ms max=159.0ms gpuBehind=0
11:57:32.491 visibleSections=1170 smartCull=true
11:57:32.789 frame_time samples=293 avg=51.2ms max=113.4ms gpuBehind=0
11:57:37.508 visibleSections=1198 smartCull=true
11:57:37.804 frame_time samples=278 avg=54.1ms max=191.8ms gpuBehind=0
11:57:42.576 visibleSections=1267 smartCull=true
11:57:42.822 frame_time samples=281 avg=53.6ms max=154.8ms gpuBehind=0
11:57:47.588 visibleSections=1897 smartCull=true
11:57:47.837 frame_time samples=285 avg=52.8ms max=138.1ms gpuBehind=0
==== Metallum diag start ====
12:03:04.525 buffers total=42 | usage=0x82 count=15 req=0.0MB alloc=0.0MB | usage=0x22 count=6 req=0.0MB alloc=0.0MB | usage=0x3 count=2 req=1.5MB alloc=1.5MB | usage=0x88 count=15 req=0.0MB alloc=0.0MB | usage=0x28 count=3 req=0.0MB alloc=0.0MB | usage=0x48 count=1 req=0.0MB alloc=0.0MB | sum count=42 req=1.5MB alloc=1.5MB
12:03:04.577 frame_time samples=1 avg=52.7ms max=52.7ms gpuBehind=0
12:03:09.591 frame_time samples=146 avg=103.1ms max=2564.7ms gpuBehind=0
12:03:13.156 visibleSections=0 smartCull=true
12:03:14.608 frame_time samples=216 avg=69.5ms max=589.6ms gpuBehind=0
12:03:18.163 visibleSections=1288 smartCull=true
12:03:19.608 frame_time samples=256 avg=58.8ms max=187.6ms gpuBehind=0
12:03:23.176 visibleSections=1217 smartCull=true
12:03:24.632 frame_time samples=286 avg=52.3ms max=153.0ms gpuBehind=0
12:03:28.193 visibleSections=1383 smartCull=true
12:03:29.640 frame_time samples=282 avg=53.7ms max=149.7ms gpuBehind=0
12:03:33.208 visibleSections=1772 smartCull=true
12:03:34.655 frame_time samples=284 avg=53.0ms max=115.3ms gpuBehind=0
12:03:38.223 visibleSections=1451 smartCull=true
12:03:39.672 frame_time samples=295 avg=51.0ms max=113.5ms gpuBehind=0
12:03:43.223 visibleSections=1489 smartCull=true
12:03:44.688 frame_time samples=289 avg=52.1ms max=132.4ms gpuBehind=0
12:03:49.695 frame_time samples=296 avg=50.7ms max=92.4ms gpuBehind=0
==== Metallum diag start ====
12:19:21.601 createBuffer stack sample #1:
  knot//net.minecraft.class_11285.<init>(class_11285.java:29)
  knot//net.minecraft.class_11280.<init>(class_11280.java:33)
  knot//net.minecraft.class_11282.<init>(class_11282.java:34)
  knot//com.mojang.blaze3d.systems.RenderSystem.handler$zza000$metallum$createMetalDevice(RenderSystem.java:553)
  knot//com.mojang.blaze3d.systems.RenderSystem.initRenderer(RenderSystem.java)
  knot//net.minecraft.class_310.<init>(class_310.java:533)
  knot//net.minecraft.client.main.Main.main(Main.java:234)
  net.fabricmc.loader.impl.game.minecraft.MinecraftGameProvider.launch(MinecraftGameProvider.java:514)
  net.fabricmc.loader.impl.launch.knot.Knot.launch(Knot.java:72)
  net.fabricmc.loader.impl.launch.knot.KnotClient.main(KnotClient.java:23)
  java.base/jdk.internal.reflect.DirectMethodHandleAccessor.invoke(Unknown Source)
  java.base/java.lang.reflect.Method.invoke(Unknown Source)
12:19:21.602 createBuffer stack sample #2:
  knot//net.minecraft.class_11285.<init>(class_11285.java:29)
  knot//net.minecraft.class_11280.<init>(class_11280.java:33)
  knot//net.minecraft.class_11282.<init>(class_11282.java:34)
  knot//com.mojang.blaze3d.systems.RenderSystem.handler$zza000$metallum$createMetalDevice(RenderSystem.java:553)
  knot//com.mojang.blaze3d.systems.RenderSystem.initRenderer(RenderSystem.java)
  knot//net.minecraft.class_310.<init>(class_310.java:533)
  knot//net.minecraft.client.main.Main.main(Main.java:234)
  net.fabricmc.loader.impl.game.minecraft.MinecraftGameProvider.launch(MinecraftGameProvider.java:514)
  net.fabricmc.loader.impl.launch.knot.Knot.launch(Knot.java:72)
  net.fabricmc.loader.impl.launch.knot.KnotClient.main(KnotClient.java:23)
  java.base/jdk.internal.reflect.DirectMethodHandleAccessor.invoke(Unknown Source)
  java.base/java.lang.reflect.Method.invoke(Unknown Source)
12:19:21.602 createBuffer stack sample #3:
  knot//net.minecraft.class_11285.<init>(class_11285.java:29)
  knot//net.minecraft.class_11280.<init>(class_11280.java:33)
  knot//net.minecraft.class_11282.<init>(class_11282.java:34)
  knot//com.mojang.blaze3d.systems.RenderSystem.handler$zza000$metallum$createMetalDevice(RenderSystem.java:553)
  knot//com.mojang.blaze3d.systems.RenderSystem.initRenderer(RenderSystem.java)
  knot//net.minecraft.class_310.<init>(class_310.java:533)
  knot//net.minecraft.client.main.Main.main(Main.java:234)
  net.fabricmc.loader.impl.game.minecraft.MinecraftGameProvider.launch(MinecraftGameProvider.java:514)
  net.fabricmc.loader.impl.launch.knot.Knot.launch(Knot.java:72)
  net.fabricmc.loader.impl.launch.knot.KnotClient.main(KnotClient.java:23)
  java.base/jdk.internal.reflect.DirectMethodHandleAccessor.invoke(Unknown Source)
  java.base/java.lang.reflect.Method.invoke(Unknown Source)
12:19:21.602 createBuffer stack sample #4:
  knot//net.minecraft.class_11285.<init>(class_11285.java:29)
  knot//net.minecraft.class_11280.<init>(class_11280.java:33)
  knot//net.minecraft.class_11282.<init>(class_11282.java:35)
  knot//com.mojang.blaze3d.systems.RenderSystem.handler$zza000$metallum$createMetalDevice(RenderSystem.java:553)
  knot//com.mojang.blaze3d.systems.RenderSystem.initRenderer(RenderSystem.java)
  knot//net.minecraft.class_310.<init>(class_310.java:533)
  knot//net.minecraft.client.main.Main.main(Main.java:234)
  net.fabricmc.loader.impl.game.minecraft.MinecraftGameProvider.launch(MinecraftGameProvider.java:514)
  net.fabricmc.loader.impl.launch.knot.Knot.launch(Knot.java:72)
  net.fabricmc.loader.impl.launch.knot.KnotClient.main(KnotClient.java:23)
  java.base/jdk.internal.reflect.DirectMethodHandleAccessor.invoke(Unknown Source)
  java.base/java.lang.reflect.Method.invoke(Unknown Source)
12:19:21.603 createBuffer stack sample #5:
  knot//net.minecraft.class_11285.<init>(class_11285.java:29)
  knot//net.minecraft.class_11280.<init>(class_11280.java:33)
  knot//net.minecraft.class_11282.<init>(class_11282.java:35)
  knot//com.mojang.blaze3d.systems.RenderSystem.handler$zza000$metallum$createMetalDevice(RenderSystem.java:553)
  knot//com.mojang.blaze3d.systems.RenderSystem.initRenderer(RenderSystem.java)
  knot//net.minecraft.class_310.<init>(class_310.java:533)
  knot//net.minecraft.client.main.Main.main(Main.java:234)
  net.fabricmc.loader.impl.game.minecraft.MinecraftGameProvider.launch(MinecraftGameProvider.java:514)
  net.fabricmc.loader.impl.launch.knot.Knot.launch(Knot.java:72)
  net.fabricmc.loader.impl.launch.knot.KnotClient.main(KnotClient.java:23)
  java.base/jdk.internal.reflect.DirectMethodHandleAccessor.invoke(Unknown Source)
  java.base/java.lang.reflect.Method.invoke(Unknown Source)
12:19:22.058 buffers total=42 | usage=0x82 count=15 req=0.0MB alloc=0.0MB | usage=0x22 count=6 req=0.0MB alloc=0.0MB | usage=0x3 count=2 req=1.5MB alloc=1.5MB | usage=0x88 count=15 req=0.0MB alloc=0.0MB | usage=0x28 count=3 req=0.0MB alloc=0.0MB | usage=0x48 count=1 req=0.0MB alloc=0.0MB | sum count=42 req=1.5MB alloc=1.5MB | poolHit=0 poolMiss=42 poolReturn=0 poolHitRate=0%
12:19:27.060 frame_time fps=55.5 avg=18.02ms max=136.35ms gpuBehind=0
12:19:31.470 visibleSections=0 smartCull=true
12:19:32.063 frame_time fps=50.9 avg=19.66ms max=172.17ms gpuBehind=0
12:19:36.482 visibleSections=1059 smartCull=true
12:19:37.076 frame_time fps=52.9 avg=18.92ms max=91.17ms gpuBehind=0
12:19:41.495 visibleSections=983 smartCull=true
12:19:42.092 frame_time fps=57.2 avg=17.48ms max=111.75ms gpuBehind=0
12:19:46.508 visibleSections=949 smartCull=true
12:19:47.108 frame_time fps=59.0 avg=16.95ms max=64.69ms gpuBehind=0
12:19:51.508 visibleSections=1159 smartCull=true
12:19:52.124 frame_time fps=60.0 avg=16.67ms max=17.04ms gpuBehind=0
==== Metallum diag start ====
12:20:07.062 createBuffer stack sample #1:
  knot//net.minecraft.class_11285.<init>(class_11285.java:29)
  knot//net.minecraft.class_11280.<init>(class_11280.java:33)
  knot//net.minecraft.class_11282.<init>(class_11282.java:34)
  knot//com.mojang.blaze3d.systems.RenderSystem.handler$zza000$metallum$createMetalDevice(RenderSystem.java:553)
  knot//com.mojang.blaze3d.systems.RenderSystem.initRenderer(RenderSystem.java)
  knot//net.minecraft.class_310.<init>(class_310.java:533)
  knot//net.minecraft.client.main.Main.main(Main.java:234)
  net.fabricmc.loader.impl.game.minecraft.MinecraftGameProvider.launch(MinecraftGameProvider.java:514)
  net.fabricmc.loader.impl.launch.knot.Knot.launch(Knot.java:72)
  net.fabricmc.loader.impl.launch.knot.KnotClient.main(KnotClient.java:23)
  java.base/jdk.internal.reflect.DirectMethodHandleAccessor.invoke(Unknown Source)
  java.base/java.lang.reflect.Method.invoke(Unknown Source)
12:20:07.063 createBuffer stack sample #2:
  knot//net.minecraft.class_11285.<init>(class_11285.java:29)
  knot//net.minecraft.class_11280.<init>(class_11280.java:33)
  knot//net.minecraft.class_11282.<init>(class_11282.java:34)
  knot//com.mojang.blaze3d.systems.RenderSystem.handler$zza000$metallum$createMetalDevice(RenderSystem.java:553)
  knot//com.mojang.blaze3d.systems.RenderSystem.initRenderer(RenderSystem.java)
  knot//net.minecraft.class_310.<init>(class_310.java:533)
  knot//net.minecraft.client.main.Main.main(Main.java:234)
  net.fabricmc.loader.impl.game.minecraft.MinecraftGameProvider.launch(MinecraftGameProvider.java:514)
  net.fabricmc.loader.impl.launch.knot.Knot.launch(Knot.java:72)
  net.fabricmc.loader.impl.launch.knot.KnotClient.main(KnotClient.java:23)
  java.base/jdk.internal.reflect.DirectMethodHandleAccessor.invoke(Unknown Source)
  java.base/java.lang.reflect.Method.invoke(Unknown Source)
12:20:07.064 createBuffer stack sample #3:
  knot//net.minecraft.class_11285.<init>(class_11285.java:29)
  knot//net.minecraft.class_11280.<init>(class_11280.java:33)
  knot//net.minecraft.class_11282.<init>(class_11282.java:34)
  knot//com.mojang.blaze3d.systems.RenderSystem.handler$zza000$metallum$createMetalDevice(RenderSystem.java:553)
  knot//com.mojang.blaze3d.systems.RenderSystem.initRenderer(RenderSystem.java)
  knot//net.minecraft.class_310.<init>(class_310.java:533)
  knot//net.minecraft.client.main.Main.main(Main.java:234)
  net.fabricmc.loader.impl.game.minecraft.MinecraftGameProvider.launch(MinecraftGameProvider.java:514)
  net.fabricmc.loader.impl.launch.knot.Knot.launch(Knot.java:72)
  net.fabricmc.loader.impl.launch.knot.KnotClient.main(KnotClient.java:23)
  java.base/jdk.internal.reflect.DirectMethodHandleAccessor.invoke(Unknown Source)
  java.base/java.lang.reflect.Method.invoke(Unknown Source)
12:20:07.064 createBuffer stack sample #4:
  knot//net.minecraft.class_11285.<init>(class_11285.java:29)
  knot//net.minecraft.class_11280.<init>(class_11280.java:33)
  knot//net.minecraft.class_11282.<init>(class_11282.java:35)
  knot//com.mojang.blaze3d.systems.RenderSystem.handler$zza000$metallum$createMetalDevice(RenderSystem.java:553)
  knot//com.mojang.blaze3d.systems.RenderSystem.initRenderer(RenderSystem.java)
  knot//net.minecraft.class_310.<init>(class_310.java:533)
  knot//net.minecraft.client.main.Main.main(Main.java:234)
  net.fabricmc.loader.impl.game.minecraft.MinecraftGameProvider.launch(MinecraftGameProvider.java:514)
  net.fabricmc.loader.impl.launch.knot.Knot.launch(Knot.java:72)
  net.fabricmc.loader.impl.launch.knot.KnotClient.main(KnotClient.java:23)
  java.base/jdk.internal.reflect.DirectMethodHandleAccessor.invoke(Unknown Source)
  java.base/java.lang.reflect.Method.invoke(Unknown Source)
12:20:07.064 createBuffer stack sample #5:
  knot//net.minecraft.class_11285.<init>(class_11285.java:29)
  knot//net.minecraft.class_11280.<init>(class_11280.java:33)
  knot//net.minecraft.class_11282.<init>(class_11282.java:35)
  knot//com.mojang.blaze3d.systems.RenderSystem.handler$zza000$metallum$createMetalDevice(RenderSystem.java:553)
  knot//com.mojang.blaze3d.systems.RenderSystem.initRenderer(RenderSystem.java)
  knot//net.minecraft.class_310.<init>(class_310.java:533)
  knot//net.minecraft.client.main.Main.main(Main.java:234)
  net.fabricmc.loader.impl.game.minecraft.MinecraftGameProvider.launch(MinecraftGameProvider.java:514)
  net.fabricmc.loader.impl.launch.knot.Knot.launch(Knot.java:72)
  net.fabricmc.loader.impl.launch.knot.KnotClient.main(KnotClient.java:23)
  java.base/jdk.internal.reflect.DirectMethodHandleAccessor.invoke(Unknown Source)
  java.base/java.lang.reflect.Method.invoke(Unknown Source)
12:20:07.488 buffers total=42 | usage=0x82 count=15 req=0.0MB alloc=0.0MB | usage=0x22 count=6 req=0.0MB alloc=0.0MB | usage=0x3 count=2 req=1.5MB alloc=1.5MB | usage=0x88 count=15 req=0.0MB alloc=0.0MB | usage=0x28 count=3 req=0.0MB alloc=0.0MB | usage=0x48 count=1 req=0.0MB alloc=0.0MB | sum count=42 req=1.5MB alloc=1.5MB | poolHit=0 poolMiss=42 poolReturn=0 poolHitRate=0%
12:20:12.489 frame_time fps=55.0 avg=18.18ms max=144.00ms gpuBehind=0
12:20:17.314 visibleSections=0 smartCull=true
12:20:17.500 frame_time fps=50.8 avg=19.69ms max=173.75ms gpuBehind=0
12:20:22.325 visibleSections=1447 smartCull=true
12:20:22.514 frame_time fps=50.5 avg=19.82ms max=77.17ms gpuBehind=0
12:20:27.337 visibleSections=1490 smartCull=true
12:20:27.520 frame_time fps=58.5 avg=17.09ms max=106.28ms gpuBehind=0
12:20:32.355 visibleSections=1490 smartCull=true
12:20:32.536 frame_time fps=60.0 avg=16.67ms max=16.82ms gpuBehind=0
12:20:37.369 visibleSections=1490 smartCull=true
12:20:37.553 frame_time fps=60.0 avg=16.67ms max=18.15ms gpuBehind=0
12:20:42.385 visibleSections=1490 smartCull=true
12:20:42.569 frame_time fps=60.0 avg=16.67ms max=16.88ms gpuBehind=0
12:20:47.387 visibleSections=51 smartCull=true
12:20:47.585 frame_time fps=60.0 avg=16.67ms max=24.98ms gpuBehind=0
12:20:52.403 visibleSections=1574 smartCull=true
12:20:52.601 frame_time fps=60.0 avg=16.67ms max=21.47ms gpuBehind=0
12:20:57.463 visibleSections=1359 smartCull=true
12:20:57.618 frame_time fps=58.8 avg=17.00ms max=93.52ms gpuBehind=0
12:21:02.471 visibleSections=1266 smartCull=true
12:21:02.625 frame_time fps=57.8 avg=17.30ms max=57.66ms gpuBehind=0
12:21:07.483 visibleSections=1692 smartCull=true
12:21:07.500 buffers total=16918 | usage=0x82 count=78 req=3.0MB alloc=3.0MB | usage=0x22 count=147 req=1.6MB alloc=1.6MB | usage=0x102 count=3 req=2.0MB alloc=2.0MB | usage=0x3 count=786 req=418.3MB alloc=418.3MB | usage=0x88 count=42 req=0.9MB alloc=0.9MB | usage=0x28 count=13139 req=519.5MB alloc=519.5MB | usage=0x48 count=2721 req=9.0MB alloc=9.0MB | usage=0x9 count=2 req=29.5MB alloc=29.5MB | sum count=16918 req=983.9MB alloc=983.9MB | poolHit=3286 poolMiss=16918 poolReturn=4278 poolHitRate=16%
12:21:07.633 frame_time fps=58.2 avg=17.17ms max=69.04ms gpuBehind=0
12:21:12.483 visibleSections=1711 smartCull=true
12:21:12.649 frame_time fps=58.4 avg=17.12ms max=55.06ms gpuBehind=0
12:21:17.500 visibleSections=504 smartCull=true
12:21:17.666 frame_time fps=58.6 avg=17.06ms max=57.51ms gpuBehind=0
12:21:22.589 visibleSections=397 smartCull=true
12:21:22.682 frame_time fps=54.8 avg=18.24ms max=276.02ms gpuBehind=0
12:21:27.599 visibleSections=1233 smartCull=true
12:21:27.697 frame_time fps=59.4 avg=16.83ms max=55.25ms gpuBehind=0
12:21:32.601 visibleSections=947 smartCull=true
12:21:32.699 frame_time fps=60.0 avg=16.67ms max=18.64ms gpuBehind=0
12:21:37.613 visibleSections=1484 smartCull=true
12:21:37.713 frame_time fps=60.0 avg=16.66ms max=18.36ms gpuBehind=0
12:21:42.630 visibleSections=1336 smartCull=true
12:21:42.729 frame_time fps=60.0 avg=16.67ms max=18.19ms gpuBehind=0
12:21:47.648 visibleSections=1237 smartCull=true
12:21:47.746 frame_time fps=60.0 avg=16.67ms max=18.52ms gpuBehind=0
==== Metallum diag start ====
00:26:09.764 createBuffer stack sample #1:
  knot//net.minecraft.class_11285.<init>(class_11285.java:29)
  knot//net.minecraft.class_11280.<init>(class_11280.java:33)
  knot//net.minecraft.class_11282.<init>(class_11282.java:34)
  knot//com.mojang.blaze3d.systems.RenderSystem.handler$zep000$metallum$createMetalDevice(RenderSystem.java:553)
  knot//com.mojang.blaze3d.systems.RenderSystem.initRenderer(RenderSystem.java)
  knot//net.minecraft.class_310.<init>(class_310.java:533)
  knot//net.minecraft.client.main.Main.main(Main.java:234)
  net.fabricmc.loader.impl.game.minecraft.MinecraftGameProvider.launch(MinecraftGameProvider.java:514)
  net.fabricmc.loader.impl.launch.knot.Knot.launch(Knot.java:72)
  net.fabricmc.loader.impl.launch.knot.KnotClient.main(KnotClient.java:23)
  java.base/jdk.internal.reflect.DirectMethodHandleAccessor.invoke(Unknown Source)
  java.base/java.lang.reflect.Method.invoke(Unknown Source)
00:26:09.766 createBuffer stack sample #2:
  knot//net.minecraft.class_11285.<init>(class_11285.java:29)
  knot//net.minecraft.class_11280.<init>(class_11280.java:33)
  knot//net.minecraft.class_11282.<init>(class_11282.java:34)
  knot//com.mojang.blaze3d.systems.RenderSystem.handler$zep000$metallum$createMetalDevice(RenderSystem.java:553)
  knot//com.mojang.blaze3d.systems.RenderSystem.initRenderer(RenderSystem.java)
  knot//net.minecraft.class_310.<init>(class_310.java:533)
  knot//net.minecraft.client.main.Main.main(Main.java:234)
  net.fabricmc.loader.impl.game.minecraft.MinecraftGameProvider.launch(MinecraftGameProvider.java:514)
  net.fabricmc.loader.impl.launch.knot.Knot.launch(Knot.java:72)
  net.fabricmc.loader.impl.launch.knot.KnotClient.main(KnotClient.java:23)
  java.base/jdk.internal.reflect.DirectMethodHandleAccessor.invoke(Unknown Source)
  java.base/java.lang.reflect.Method.invoke(Unknown Source)
00:26:09.766 createBuffer stack sample #3:
  knot//net.minecraft.class_11285.<init>(class_11285.java:29)
  knot//net.minecraft.class_11280.<init>(class_11280.java:33)
  knot//net.minecraft.class_11282.<init>(class_11282.java:34)
  knot//com.mojang.blaze3d.systems.RenderSystem.handler$zep000$metallum$createMetalDevice(RenderSystem.java:553)
  knot//com.mojang.blaze3d.systems.RenderSystem.initRenderer(RenderSystem.java)
  knot//net.minecraft.class_310.<init>(class_310.java:533)
  knot//net.minecraft.client.main.Main.main(Main.java:234)
  net.fabricmc.loader.impl.game.minecraft.MinecraftGameProvider.launch(MinecraftGameProvider.java:514)
  net.fabricmc.loader.impl.launch.knot.Knot.launch(Knot.java:72)
  net.fabricmc.loader.impl.launch.knot.KnotClient.main(KnotClient.java:23)
  java.base/jdk.internal.reflect.DirectMethodHandleAccessor.invoke(Unknown Source)
  java.base/java.lang.reflect.Method.invoke(Unknown Source)
00:26:09.766 createBuffer stack sample #4:
  knot//net.minecraft.class_11285.<init>(class_11285.java:29)
  knot//net.minecraft.class_11280.<init>(class_11280.java:33)
  knot//net.minecraft.class_11282.<init>(class_11282.java:35)
  knot//com.mojang.blaze3d.systems.RenderSystem.handler$zep000$metallum$createMetalDevice(RenderSystem.java:553)
  knot//com.mojang.blaze3d.systems.RenderSystem.initRenderer(RenderSystem.java)
  knot//net.minecraft.class_310.<init>(class_310.java:533)
  knot//net.minecraft.client.main.Main.main(Main.java:234)
  net.fabricmc.loader.impl.game.minecraft.MinecraftGameProvider.launch(MinecraftGameProvider.java:514)
  net.fabricmc.loader.impl.launch.knot.Knot.launch(Knot.java:72)
  net.fabricmc.loader.impl.launch.knot.KnotClient.main(KnotClient.java:23)
  java.base/jdk.internal.reflect.DirectMethodHandleAccessor.invoke(Unknown Source)
  java.base/java.lang.reflect.Method.invoke(Unknown Source)
00:26:09.766 createBuffer stack sample #5:
  knot//net.minecraft.class_11285.<init>(class_11285.java:29)
  knot//net.minecraft.class_11280.<init>(class_11280.java:33)
  knot//net.minecraft.class_11282.<init>(class_11282.java:35)
  knot//com.mojang.blaze3d.systems.RenderSystem.handler$zep000$metallum$createMetalDevice(RenderSystem.java:553)
  knot//com.mojang.blaze3d.systems.RenderSystem.initRenderer(RenderSystem.java)
  knot//net.minecraft.class_310.<init>(class_310.java:533)
  knot//net.minecraft.client.main.Main.main(Main.java:234)
  net.fabricmc.loader.impl.game.minecraft.MinecraftGameProvider.launch(MinecraftGameProvider.java:514)
  net.fabricmc.loader.impl.launch.knot.Knot.launch(Knot.java:72)
  net.fabricmc.loader.impl.launch.knot.KnotClient.main(KnotClient.java:23)
  java.base/jdk.internal.reflect.DirectMethodHandleAccessor.invoke(Unknown Source)
  java.base/java.lang.reflect.Method.invoke(Unknown Source)
00:26:10.311 buffers total=42 | usage=0x82 count=15 req=0.0MB alloc=0.0MB | usage=0x22 count=6 req=0.0MB alloc=0.0MB | usage=0x3 count=2 req=1.5MB alloc=1.5MB | usage=0x88 count=15 req=0.0MB alloc=0.0MB | usage=0x28 count=3 req=0.0MB alloc=0.0MB | usage=0x48 count=1 req=0.0MB alloc=0.0MB | sum count=42 req=1.5MB alloc=1.5MB | poolHit=0 poolMiss=42 poolReturn=0 poolHitRate=0%
==== Metallum diag start ====
00:38:08.580 createBuffer stack sample #1:
  knot//net.minecraft.class_11285.<init>(class_11285.java:29)
  knot//net.minecraft.class_11280.<init>(class_11280.java:33)
  knot//net.minecraft.class_11282.<init>(class_11282.java:34)
  knot//com.mojang.blaze3d.systems.RenderSystem.handler$zep000$metallum$createMetalDevice(RenderSystem.java:553)
  knot//com.mojang.blaze3d.systems.RenderSystem.initRenderer(RenderSystem.java)
  knot//net.minecraft.class_310.<init>(class_310.java:533)
  knot//net.minecraft.client.main.Main.main(Main.java:234)
  net.fabricmc.loader.impl.game.minecraft.MinecraftGameProvider.launch(MinecraftGameProvider.java:514)
  net.fabricmc.loader.impl.launch.knot.Knot.launch(Knot.java:72)
  net.fabricmc.loader.impl.launch.knot.KnotClient.main(KnotClient.java:23)
  java.base/jdk.internal.reflect.DirectMethodHandleAccessor.invoke(Unknown Source)
  java.base/java.lang.reflect.Method.invoke(Unknown Source)
00:38:08.582 createBuffer stack sample #2:
  knot//net.minecraft.class_11285.<init>(class_11285.java:29)
  knot//net.minecraft.class_11280.<init>(class_11280.java:33)
  knot//net.minecraft.class_11282.<init>(class_11282.java:34)
  knot//com.mojang.blaze3d.systems.RenderSystem.handler$zep000$metallum$createMetalDevice(RenderSystem.java:553)
  knot//com.mojang.blaze3d.systems.RenderSystem.initRenderer(RenderSystem.java)
  knot//net.minecraft.class_310.<init>(class_310.java:533)
  knot//net.minecraft.client.main.Main.main(Main.java:234)
  net.fabricmc.loader.impl.game.minecraft.MinecraftGameProvider.launch(MinecraftGameProvider.java:514)
  net.fabricmc.loader.impl.launch.knot.Knot.launch(Knot.java:72)
  net.fabricmc.loader.impl.launch.knot.KnotClient.main(KnotClient.java:23)
  java.base/jdk.internal.reflect.DirectMethodHandleAccessor.invoke(Unknown Source)
  java.base/java.lang.reflect.Method.invoke(Unknown Source)
00:38:08.582 createBuffer stack sample #3:
  knot//net.minecraft.class_11285.<init>(class_11285.java:29)
  knot//net.minecraft.class_11280.<init>(class_11280.java:33)
  knot//net.minecraft.class_11282.<init>(class_11282.java:34)
  knot//com.mojang.blaze3d.systems.RenderSystem.handler$zep000$metallum$createMetalDevice(RenderSystem.java:553)
  knot//com.mojang.blaze3d.systems.RenderSystem.initRenderer(RenderSystem.java)
  knot//net.minecraft.class_310.<init>(class_310.java:533)
  knot//net.minecraft.client.main.Main.main(Main.java:234)
  net.fabricmc.loader.impl.game.minecraft.MinecraftGameProvider.launch(MinecraftGameProvider.java:514)
  net.fabricmc.loader.impl.launch.knot.Knot.launch(Knot.java:72)
  net.fabricmc.loader.impl.launch.knot.KnotClient.main(KnotClient.java:23)
  java.base/jdk.internal.reflect.DirectMethodHandleAccessor.invoke(Unknown Source)
  java.base/java.lang.reflect.Method.invoke(Unknown Source)
00:38:08.582 createBuffer stack sample #4:
  knot//net.minecraft.class_11285.<init>(class_11285.java:29)
  knot//net.minecraft.class_11280.<init>(class_11280.java:33)
  knot//net.minecraft.class_11282.<init>(class_11282.java:35)
  knot//com.mojang.blaze3d.systems.RenderSystem.handler$zep000$metallum$createMetalDevice(RenderSystem.java:553)
  knot//com.mojang.blaze3d.systems.RenderSystem.initRenderer(RenderSystem.java)
  knot//net.minecraft.class_310.<init>(class_310.java:533)
  knot//net.minecraft.client.main.Main.main(Main.java:234)
  net.fabricmc.loader.impl.game.minecraft.MinecraftGameProvider.launch(MinecraftGameProvider.java:514)
  net.fabricmc.loader.impl.launch.knot.Knot.launch(Knot.java:72)
  net.fabricmc.loader.impl.launch.knot.KnotClient.main(KnotClient.java:23)
  java.base/jdk.internal.reflect.DirectMethodHandleAccessor.invoke(Unknown Source)
  java.base/java.lang.reflect.Method.invoke(Unknown Source)
00:38:08.582 createBuffer stack sample #5:
  knot//net.minecraft.class_11285.<init>(class_11285.java:29)
  knot//net.minecraft.class_11280.<init>(class_11280.java:33)
  knot//net.minecraft.class_11282.<init>(class_11282.java:35)
  knot//com.mojang.blaze3d.systems.RenderSystem.handler$zep000$metallum$createMetalDevice(RenderSystem.java:553)
  knot//com.mojang.blaze3d.systems.RenderSystem.initRenderer(RenderSystem.java)
  knot//net.minecraft.class_310.<init>(class_310.java:533)
  knot//net.minecraft.client.main.Main.main(Main.java:234)
  net.fabricmc.loader.impl.game.minecraft.MinecraftGameProvider.launch(MinecraftGameProvider.java:514)
  net.fabricmc.loader.impl.launch.knot.Knot.launch(Knot.java:72)
  net.fabricmc.loader.impl.launch.knot.KnotClient.main(KnotClient.java:23)
  java.base/jdk.internal.reflect.DirectMethodHandleAccessor.invoke(Unknown Source)
  java.base/java.lang.reflect.Method.invoke(Unknown Source)
00:38:09.117 buffers total=42 | usage=0x82 count=15 req=0.0MB alloc=0.0MB | usage=0x22 count=6 req=0.0MB alloc=0.0MB | usage=0x3 count=2 req=1.5MB alloc=1.5MB | usage=0x88 count=15 req=0.0MB alloc=0.0MB | usage=0x28 count=3 req=0.0MB alloc=0.0MB | usage=0x48 count=1 req=0.0MB alloc=0.0MB | sum count=42 req=1.5MB alloc=1.5MB | poolHit=0 poolMiss=42 poolReturn=0 poolHitRate=0%
==== Metallum diag start ====
00:58:21.536 createBuffer stack sample #1:
  knot//net.minecraft.class_11285.<init>(class_11285.java:29)
  knot//net.minecraft.class_11280.<init>(class_11280.java:33)
  knot//net.minecraft.class_11282.<init>(class_11282.java:34)
  knot//com.mojang.blaze3d.systems.RenderSystem.handler$zep000$metallum$createMetalDevice(RenderSystem.java:553)
  knot//com.mojang.blaze3d.systems.RenderSystem.initRenderer(RenderSystem.java)
  knot//net.minecraft.class_310.<init>(class_310.java:533)
  knot//net.minecraft.client.main.Main.main(Main.java:234)
  net.fabricmc.loader.impl.game.minecraft.MinecraftGameProvider.launch(MinecraftGameProvider.java:514)
  net.fabricmc.loader.impl.launch.knot.Knot.launch(Knot.java:72)
  net.fabricmc.loader.impl.launch.knot.KnotClient.main(KnotClient.java:23)
  java.base/jdk.internal.reflect.DirectMethodHandleAccessor.invoke(Unknown Source)
  java.base/java.lang.reflect.Method.invoke(Unknown Source)
00:58:21.537 createBuffer stack sample #2:
  knot//net.minecraft.class_11285.<init>(class_11285.java:29)
  knot//net.minecraft.class_11280.<init>(class_11280.java:33)
  knot//net.minecraft.class_11282.<init>(class_11282.java:34)
  knot//com.mojang.blaze3d.systems.RenderSystem.handler$zep000$metallum$createMetalDevice(RenderSystem.java:553)
  knot//com.mojang.blaze3d.systems.RenderSystem.initRenderer(RenderSystem.java)
  knot//net.minecraft.class_310.<init>(class_310.java:533)
  knot//net.minecraft.client.main.Main.main(Main.java:234)
  net.fabricmc.loader.impl.game.minecraft.MinecraftGameProvider.launch(MinecraftGameProvider.java:514)
  net.fabricmc.loader.impl.launch.knot.Knot.launch(Knot.java:72)
  net.fabricmc.loader.impl.launch.knot.KnotClient.main(KnotClient.java:23)
  java.base/jdk.internal.reflect.DirectMethodHandleAccessor.invoke(Unknown Source)
  java.base/java.lang.reflect.Method.invoke(Unknown Source)
00:58:21.537 createBuffer stack sample #3:
  knot//net.minecraft.class_11285.<init>(class_11285.java:29)
  knot//net.minecraft.class_11280.<init>(class_11280.java:33)
  knot//net.minecraft.class_11282.<init>(class_11282.java:34)
  knot//com.mojang.blaze3d.systems.RenderSystem.handler$zep000$metallum$createMetalDevice(RenderSystem.java:553)
  knot//com.mojang.blaze3d.systems.RenderSystem.initRenderer(RenderSystem.java)
  knot//net.minecraft.class_310.<init>(class_310.java:533)
  knot//net.minecraft.client.main.Main.main(Main.java:234)
  net.fabricmc.loader.impl.game.minecraft.MinecraftGameProvider.launch(MinecraftGameProvider.java:514)
  net.fabricmc.loader.impl.launch.knot.Knot.launch(Knot.java:72)
  net.fabricmc.loader.impl.launch.knot.KnotClient.main(KnotClient.java:23)
  java.base/jdk.internal.reflect.DirectMethodHandleAccessor.invoke(Unknown Source)
  java.base/java.lang.reflect.Method.invoke(Unknown Source)
00:58:21.537 createBuffer stack sample #4:
  knot//net.minecraft.class_11285.<init>(class_11285.java:29)
  knot//net.minecraft.class_11280.<init>(class_11280.java:33)
  knot//net.minecraft.class_11282.<init>(class_11282.java:35)
  knot//com.mojang.blaze3d.systems.RenderSystem.handler$zep000$metallum$createMetalDevice(RenderSystem.java:553)
  knot//com.mojang.blaze3d.systems.RenderSystem.initRenderer(RenderSystem.java)
  knot//net.minecraft.class_310.<init>(class_310.java:533)
  knot//net.minecraft.client.main.Main.main(Main.java:234)
  net.fabricmc.loader.impl.game.minecraft.MinecraftGameProvider.launch(MinecraftGameProvider.java:514)
  net.fabricmc.loader.impl.launch.knot.Knot.launch(Knot.java:72)
  net.fabricmc.loader.impl.launch.knot.KnotClient.main(KnotClient.java:23)
  java.base/jdk.internal.reflect.DirectMethodHandleAccessor.invoke(Unknown Source)
  java.base/java.lang.reflect.Method.invoke(Unknown Source)
00:58:21.538 createBuffer stack sample #5:
  knot//net.minecraft.class_11285.<init>(class_11285.java:29)
  knot//net.minecraft.class_11280.<init>(class_11280.java:33)
  knot//net.minecraft.class_11282.<init>(class_11282.java:35)
  knot//com.mojang.blaze3d.systems.RenderSystem.handler$zep000$metallum$createMetalDevice(RenderSystem.java:553)
  knot//com.mojang.blaze3d.systems.RenderSystem.initRenderer(RenderSystem.java)
  knot//net.minecraft.class_310.<init>(class_310.java:533)
  knot//net.minecraft.client.main.Main.main(Main.java:234)
  net.fabricmc.loader.impl.game.minecraft.MinecraftGameProvider.launch(MinecraftGameProvider.java:514)
  net.fabricmc.loader.impl.launch.knot.Knot.launch(Knot.java:72)
  net.fabricmc.loader.impl.launch.knot.KnotClient.main(KnotClient.java:23)
  java.base/jdk.internal.reflect.DirectMethodHandleAccessor.invoke(Unknown Source)
  java.base/java.lang.reflect.Method.invoke(Unknown Source)
00:58:22.077 buffers total=42 | usage=0x82 count=15 req=0.0MB alloc=0.0MB | usage=0x22 count=6 req=0.0MB alloc=0.0MB | usage=0x3 count=2 req=1.5MB alloc=1.5MB | usage=0x88 count=15 req=0.0MB alloc=0.0MB | usage=0x28 count=3 req=0.0MB alloc=0.0MB | usage=0x48 count=1 req=0.0MB alloc=0.0MB | sum count=42 req=1.5MB alloc=1.5MB | poolHit=0 poolMiss=42 poolReturn=0 poolHitRate=0%
==== Metallum diag start ====
01:16:12.256 createBuffer stack sample #1:
  knot//net.minecraft.class_11285.<init>(class_11285.java:29)
  knot//net.minecraft.class_11280.<init>(class_11280.java:33)
  knot//net.minecraft.class_11282.<init>(class_11282.java:34)
  knot//com.mojang.blaze3d.systems.RenderSystem.handler$zep000$metallum$createMetalDevice(RenderSystem.java:553)
  knot//com.mojang.blaze3d.systems.RenderSystem.initRenderer(RenderSystem.java)
  knot//net.minecraft.class_310.<init>(class_310.java:533)
  knot//net.minecraft.client.main.Main.main(Main.java:234)
  net.fabricmc.loader.impl.game.minecraft.MinecraftGameProvider.launch(MinecraftGameProvider.java:514)
  net.fabricmc.loader.impl.launch.knot.Knot.launch(Knot.java:72)
  net.fabricmc.loader.impl.launch.knot.KnotClient.main(KnotClient.java:23)
  java.base/jdk.internal.reflect.DirectMethodHandleAccessor.invoke(Unknown Source)
  java.base/java.lang.reflect.Method.invoke(Unknown Source)
01:16:12.257 createBuffer stack sample #2:
  knot//net.minecraft.class_11285.<init>(class_11285.java:29)
  knot//net.minecraft.class_11280.<init>(class_11280.java:33)
  knot//net.minecraft.class_11282.<init>(class_11282.java:34)
  knot//com.mojang.blaze3d.systems.RenderSystem.handler$zep000$metallum$createMetalDevice(RenderSystem.java:553)
  knot//com.mojang.blaze3d.systems.RenderSystem.initRenderer(RenderSystem.java)
  knot//net.minecraft.class_310.<init>(class_310.java:533)
  knot//net.minecraft.client.main.Main.main(Main.java:234)
  net.fabricmc.loader.impl.game.minecraft.MinecraftGameProvider.launch(MinecraftGameProvider.java:514)
  net.fabricmc.loader.impl.launch.knot.Knot.launch(Knot.java:72)
  net.fabricmc.loader.impl.launch.knot.KnotClient.main(KnotClient.java:23)
  java.base/jdk.internal.reflect.DirectMethodHandleAccessor.invoke(Unknown Source)
  java.base/java.lang.reflect.Method.invoke(Unknown Source)
01:16:12.257 createBuffer stack sample #3:
  knot//net.minecraft.class_11285.<init>(class_11285.java:29)
  knot//net.minecraft.class_11280.<init>(class_11280.java:33)
  knot//net.minecraft.class_11282.<init>(class_11282.java:34)
  knot//com.mojang.blaze3d.systems.RenderSystem.handler$zep000$metallum$createMetalDevice(RenderSystem.java:553)
  knot//com.mojang.blaze3d.systems.RenderSystem.initRenderer(RenderSystem.java)
  knot//net.minecraft.class_310.<init>(class_310.java:533)
  knot//net.minecraft.client.main.Main.main(Main.java:234)
  net.fabricmc.loader.impl.game.minecraft.MinecraftGameProvider.launch(MinecraftGameProvider.java:514)
  net.fabricmc.loader.impl.launch.knot.Knot.launch(Knot.java:72)
  net.fabricmc.loader.impl.launch.knot.KnotClient.main(KnotClient.java:23)
  java.base/jdk.internal.reflect.DirectMethodHandleAccessor.invoke(Unknown Source)
  java.base/java.lang.reflect.Method.invoke(Unknown Source)
01:16:12.257 createBuffer stack sample #4:
  knot//net.minecraft.class_11285.<init>(class_11285.java:29)
  knot//net.minecraft.class_11280.<init>(class_11280.java:33)
  knot//net.minecraft.class_11282.<init>(class_11282.java:35)
  knot//com.mojang.blaze3d.systems.RenderSystem.handler$zep000$metallum$createMetalDevice(RenderSystem.java:553)
  knot//com.mojang.blaze3d.systems.RenderSystem.initRenderer(RenderSystem.java)
  knot//net.minecraft.class_310.<init>(class_310.java:533)
  knot//net.minecraft.client.main.Main.main(Main.java:234)
  net.fabricmc.loader.impl.game.minecraft.MinecraftGameProvider.launch(MinecraftGameProvider.java:514)
  net.fabricmc.loader.impl.launch.knot.Knot.launch(Knot.java:72)
  net.fabricmc.loader.impl.launch.knot.KnotClient.main(KnotClient.java:23)
  java.base/jdk.internal.reflect.DirectMethodHandleAccessor.invoke(Unknown Source)
  java.base/java.lang.reflect.Method.invoke(Unknown Source)
01:16:12.258 createBuffer stack sample #5:
  knot//net.minecraft.class_11285.<init>(class_11285.java:29)
  knot//net.minecraft.class_11280.<init>(class_11280.java:33)
  knot//net.minecraft.class_11282.<init>(class_11282.java:35)
  knot//com.mojang.blaze3d.systems.RenderSystem.handler$zep000$metallum$createMetalDevice(RenderSystem.java:553)
  knot//com.mojang.blaze3d.systems.RenderSystem.initRenderer(RenderSystem.java)
  knot//net.minecraft.class_310.<init>(class_310.java:533)
  knot//net.minecraft.client.main.Main.main(Main.java:234)
  net.fabricmc.loader.impl.game.minecraft.MinecraftGameProvider.launch(MinecraftGameProvider.java:514)
  net.fabricmc.loader.impl.launch.knot.Knot.launch(Knot.java:72)
  net.fabricmc.loader.impl.launch.knot.KnotClient.main(KnotClient.java:23)
  java.base/jdk.internal.reflect.DirectMethodHandleAccessor.invoke(Unknown Source)
  java.base/java.lang.reflect.Method.invoke(Unknown Source)
01:16:12.773 buffers total=42 | usage=0x82 count=15 req=0.0MB alloc=0.0MB | usage=0x22 count=6 req=0.0MB alloc=0.0MB | usage=0x3 count=2 req=1.5MB alloc=1.5MB | usage=0x88 count=15 req=0.0MB alloc=0.0MB | usage=0x28 count=3 req=0.0MB alloc=0.0MB | usage=0x48 count=1 req=0.0MB alloc=0.0MB | sum count=42 req=1.5MB alloc=1.5MB | poolHit=0 poolMiss=42 poolReturn=0 poolHitRate=0%
01:16:17.783 frame_time fps=53.4 avg=18.73ms max=153.27ms gpuBehind=0
01:16:22.799 frame_time fps=58.0 avg=17.24ms max=189.66ms gpuBehind=0
01:16:25.495 visibleSections=0 smartCull=true
==== Metallum diag start ====
01:45:48.341 createBuffer stack sample #1:
  knot//net.minecraft.class_11285.<init>(class_11285.java:29)
  knot//net.minecraft.class_11280.<init>(class_11280.java:33)
  knot//net.minecraft.class_11282.<init>(class_11282.java:34)
  knot//com.mojang.blaze3d.systems.RenderSystem.handler$zep000$metallum$createMetalDevice(RenderSystem.java:553)
  knot//com.mojang.blaze3d.systems.RenderSystem.initRenderer(RenderSystem.java)
  knot//net.minecraft.class_310.<init>(class_310.java:533)
  knot//net.minecraft.client.main.Main.main(Main.java:234)
  net.fabricmc.loader.impl.game.minecraft.MinecraftGameProvider.launch(MinecraftGameProvider.java:514)
  net.fabricmc.loader.impl.launch.knot.Knot.launch(Knot.java:72)
  net.fabricmc.loader.impl.launch.knot.KnotClient.main(KnotClient.java:23)
  java.base/jdk.internal.reflect.DirectMethodHandleAccessor.invoke(Unknown Source)
  java.base/java.lang.reflect.Method.invoke(Unknown Source)
01:45:48.342 createBuffer stack sample #2:
  knot//net.minecraft.class_11285.<init>(class_11285.java:29)
  knot//net.minecraft.class_11280.<init>(class_11280.java:33)
  knot//net.minecraft.class_11282.<init>(class_11282.java:34)
  knot//com.mojang.blaze3d.systems.RenderSystem.handler$zep000$metallum$createMetalDevice(RenderSystem.java:553)
  knot//com.mojang.blaze3d.systems.RenderSystem.initRenderer(RenderSystem.java)
  knot//net.minecraft.class_310.<init>(class_310.java:533)
  knot//net.minecraft.client.main.Main.main(Main.java:234)
  net.fabricmc.loader.impl.game.minecraft.MinecraftGameProvider.launch(MinecraftGameProvider.java:514)
  net.fabricmc.loader.impl.launch.knot.Knot.launch(Knot.java:72)
  net.fabricmc.loader.impl.launch.knot.KnotClient.main(KnotClient.java:23)
  java.base/jdk.internal.reflect.DirectMethodHandleAccessor.invoke(Unknown Source)
  java.base/java.lang.reflect.Method.invoke(Unknown Source)
01:45:48.342 createBuffer stack sample #3:
  knot//net.minecraft.class_11285.<init>(class_11285.java:29)
  knot//net.minecraft.class_11280.<init>(class_11280.java:33)
  knot//net.minecraft.class_11282.<init>(class_11282.java:34)
  knot//com.mojang.blaze3d.systems.RenderSystem.handler$zep000$metallum$createMetalDevice(RenderSystem.java:553)
  knot//com.mojang.blaze3d.systems.RenderSystem.initRenderer(RenderSystem.java)
  knot//net.minecraft.class_310.<init>(class_310.java:533)
  knot//net.minecraft.client.main.Main.main(Main.java:234)
  net.fabricmc.loader.impl.game.minecraft.MinecraftGameProvider.launch(MinecraftGameProvider.java:514)
  net.fabricmc.loader.impl.launch.knot.Knot.launch(Knot.java:72)
  net.fabricmc.loader.impl.launch.knot.KnotClient.main(KnotClient.java:23)
  java.base/jdk.internal.reflect.DirectMethodHandleAccessor.invoke(Unknown Source)
  java.base/java.lang.reflect.Method.invoke(Unknown Source)
01:45:48.342 createBuffer stack sample #4:
  knot//net.minecraft.class_11285.<init>(class_11285.java:29)
  knot//net.minecraft.class_11280.<init>(class_11280.java:33)
  knot//net.minecraft.class_11282.<init>(class_11282.java:35)
  knot//com.mojang.blaze3d.systems.RenderSystem.handler$zep000$metallum$createMetalDevice(RenderSystem.java:553)
  knot//com.mojang.blaze3d.systems.RenderSystem.initRenderer(RenderSystem.java)
  knot//net.minecraft.class_310.<init>(class_310.java:533)
  knot//net.minecraft.client.main.Main.main(Main.java:234)
  net.fabricmc.loader.impl.game.minecraft.MinecraftGameProvider.launch(MinecraftGameProvider.java:514)
  net.fabricmc.loader.impl.launch.knot.Knot.launch(Knot.java:72)
  net.fabricmc.loader.impl.launch.knot.KnotClient.main(KnotClient.java:23)
  java.base/jdk.internal.reflect.DirectMethodHandleAccessor.invoke(Unknown Source)
  java.base/java.lang.reflect.Method.invoke(Unknown Source)
01:45:48.343 createBuffer stack sample #5:
  knot//net.minecraft.class_11285.<init>(class_11285.java:29)
  knot//net.minecraft.class_11280.<init>(class_11280.java:33)
  knot//net.minecraft.class_11282.<init>(class_11282.java:35)
  knot//com.mojang.blaze3d.systems.RenderSystem.handler$zep000$metallum$createMetalDevice(RenderSystem.java:553)
  knot//com.mojang.blaze3d.systems.RenderSystem.initRenderer(RenderSystem.java)
  knot//net.minecraft.class_310.<init>(class_310.java:533)
  knot//net.minecraft.client.main.Main.main(Main.java:234)
  net.fabricmc.loader.impl.game.minecraft.MinecraftGameProvider.launch(MinecraftGameProvider.java:514)
  net.fabricmc.loader.impl.launch.knot.Knot.launch(Knot.java:72)
  net.fabricmc.loader.impl.launch.knot.KnotClient.main(KnotClient.java:23)
  java.base/jdk.internal.reflect.DirectMethodHandleAccessor.invoke(Unknown Source)
  java.base/java.lang.reflect.Method.invoke(Unknown Source)
01:45:48.896 buffers total=42 | usage=0x82 count=15 req=0.0MB alloc=0.0MB | usage=0x22 count=6 req=0.0MB alloc=0.0MB | usage=0x3 count=2 req=1.5MB alloc=1.5MB | usage=0x88 count=15 req=0.0MB alloc=0.0MB | usage=0x28 count=3 req=0.0MB alloc=0.0MB | usage=0x48 count=1 req=0.0MB alloc=0.0MB | sum count=42 req=1.5MB alloc=1.5MB | poolHit=0 poolMiss=42 poolReturn=0 poolHitRate=0%
01:45:53.902 frame_time fps=54.1 avg=18.49ms max=143.14ms gpuBehind=0
01:45:57.615 visibleSections=0 smartCull=true
==== Metallum diag start ====
01:56:03.118 createBuffer stack sample #1:
  knot//net.minecraft.class_11285.<init>(class_11285.java:29)
  knot//net.minecraft.class_11280.<init>(class_11280.java:33)
  knot//net.minecraft.class_11282.<init>(class_11282.java:34)
  knot//com.mojang.blaze3d.systems.RenderSystem.handler$zep000$metallum$createMetalDevice(RenderSystem.java:553)
  knot//com.mojang.blaze3d.systems.RenderSystem.initRenderer(RenderSystem.java)
  knot//net.minecraft.class_310.<init>(class_310.java:533)
  knot//net.minecraft.client.main.Main.main(Main.java:234)
  net.fabricmc.loader.impl.game.minecraft.MinecraftGameProvider.launch(MinecraftGameProvider.java:514)
  net.fabricmc.loader.impl.launch.knot.Knot.launch(Knot.java:72)
  net.fabricmc.loader.impl.launch.knot.KnotClient.main(KnotClient.java:23)
  java.base/jdk.internal.reflect.DirectMethodHandleAccessor.invoke(Unknown Source)
  java.base/java.lang.reflect.Method.invoke(Unknown Source)
01:56:03.120 createBuffer stack sample #2:
  knot//net.minecraft.class_11285.<init>(class_11285.java:29)
  knot//net.minecraft.class_11280.<init>(class_11280.java:33)
  knot//net.minecraft.class_11282.<init>(class_11282.java:34)
  knot//com.mojang.blaze3d.systems.RenderSystem.handler$zep000$metallum$createMetalDevice(RenderSystem.java:553)
  knot//com.mojang.blaze3d.systems.RenderSystem.initRenderer(RenderSystem.java)
  knot//net.minecraft.class_310.<init>(class_310.java:533)
  knot//net.minecraft.client.main.Main.main(Main.java:234)
  net.fabricmc.loader.impl.game.minecraft.MinecraftGameProvider.launch(MinecraftGameProvider.java:514)
  net.fabricmc.loader.impl.launch.knot.Knot.launch(Knot.java:72)
  net.fabricmc.loader.impl.launch.knot.KnotClient.main(KnotClient.java:23)
  java.base/jdk.internal.reflect.DirectMethodHandleAccessor.invoke(Unknown Source)
  java.base/java.lang.reflect.Method.invoke(Unknown Source)
01:56:03.120 createBuffer stack sample #3:
  knot//net.minecraft.class_11285.<init>(class_11285.java:29)
  knot//net.minecraft.class_11280.<init>(class_11280.java:33)
  knot//net.minecraft.class_11282.<init>(class_11282.java:34)
  knot//com.mojang.blaze3d.systems.RenderSystem.handler$zep000$metallum$createMetalDevice(RenderSystem.java:553)
  knot//com.mojang.blaze3d.systems.RenderSystem.initRenderer(RenderSystem.java)
  knot//net.minecraft.class_310.<init>(class_310.java:533)
  knot//net.minecraft.client.main.Main.main(Main.java:234)
  net.fabricmc.loader.impl.game.minecraft.MinecraftGameProvider.launch(MinecraftGameProvider.java:514)
  net.fabricmc.loader.impl.launch.knot.Knot.launch(Knot.java:72)
  net.fabricmc.loader.impl.launch.knot.KnotClient.main(KnotClient.java:23)
  java.base/jdk.internal.reflect.DirectMethodHandleAccessor.invoke(Unknown Source)
  java.base/java.lang.reflect.Method.invoke(Unknown Source)
01:56:03.120 createBuffer stack sample #4:
  knot//net.minecraft.class_11285.<init>(class_11285.java:29)
  knot//net.minecraft.class_11280.<init>(class_11280.java:33)
  knot//net.minecraft.class_11282.<init>(class_11282.java:35)
  knot//com.mojang.blaze3d.systems.RenderSystem.handler$zep000$metallum$createMetalDevice(RenderSystem.java:553)
  knot//com.mojang.blaze3d.systems.RenderSystem.initRenderer(RenderSystem.java)
  knot//net.minecraft.class_310.<init>(class_310.java:533)
  knot//net.minecraft.client.main.Main.main(Main.java:234)
  net.fabricmc.loader.impl.game.minecraft.MinecraftGameProvider.launch(MinecraftGameProvider.java:514)
  net.fabricmc.loader.impl.launch.knot.Knot.launch(Knot.java:72)
  net.fabricmc.loader.impl.launch.knot.KnotClient.main(KnotClient.java:23)
  java.base/jdk.internal.reflect.DirectMethodHandleAccessor.invoke(Unknown Source)
  java.base/java.lang.reflect.Method.invoke(Unknown Source)
01:56:03.120 createBuffer stack sample #5:
  knot//net.minecraft.class_11285.<init>(class_11285.java:29)
  knot//net.minecraft.class_11280.<init>(class_11280.java:33)
  knot//net.minecraft.class_11282.<init>(class_11282.java:35)
  knot//com.mojang.blaze3d.systems.RenderSystem.handler$zep000$metallum$createMetalDevice(RenderSystem.java:553)
  knot//com.mojang.blaze3d.systems.RenderSystem.initRenderer(RenderSystem.java)
  knot//net.minecraft.class_310.<init>(class_310.java:533)
  knot//net.minecraft.client.main.Main.main(Main.java:234)
  net.fabricmc.loader.impl.game.minecraft.MinecraftGameProvider.launch(MinecraftGameProvider.java:514)
  net.fabricmc.loader.impl.launch.knot.Knot.launch(Knot.java:72)
  net.fabricmc.loader.impl.launch.knot.KnotClient.main(KnotClient.java:23)
  java.base/jdk.internal.reflect.DirectMethodHandleAccessor.invoke(Unknown Source)
  java.base/java.lang.reflect.Method.invoke(Unknown Source)
01:56:03.677 buffers total=42 | usage=0x82 count=15 req=0.0MB alloc=0.0MB | usage=0x22 count=6 req=0.0MB alloc=0.0MB | usage=0x3 count=2 req=1.5MB alloc=1.5MB | usage=0x88 count=15 req=0.0MB alloc=0.0MB | usage=0x28 count=3 req=0.0MB alloc=0.0MB | usage=0x48 count=1 req=0.0MB alloc=0.0MB | sum count=42 req=1.5MB alloc=1.5MB | poolHit=0 poolMiss=42 poolReturn=0 poolHitRate=0%
01:56:08.688 frame_time fps=53.7 avg=18.63ms max=127.19ms gpuBehind=0
01:56:12.570 visibleSections=0 smartCull=true
==== Metallum diag start ====
02:18:38.183 createBuffer stack sample #1:
  knot//net.minecraft.class_11285.<init>(class_11285.java:29)
  knot//net.minecraft.class_11280.<init>(class_11280.java:33)
  knot//net.minecraft.class_11282.<init>(class_11282.java:34)
  knot//com.mojang.blaze3d.systems.RenderSystem.handler$zep000$metallum$createMetalDevice(RenderSystem.java:553)
  knot//com.mojang.blaze3d.systems.RenderSystem.initRenderer(RenderSystem.java)
  knot//net.minecraft.class_310.<init>(class_310.java:533)
  knot//net.minecraft.client.main.Main.main(Main.java:234)
  net.fabricmc.loader.impl.game.minecraft.MinecraftGameProvider.launch(MinecraftGameProvider.java:514)
  net.fabricmc.loader.impl.launch.knot.Knot.launch(Knot.java:72)
  net.fabricmc.loader.impl.launch.knot.KnotClient.main(KnotClient.java:23)
  java.base/jdk.internal.reflect.DirectMethodHandleAccessor.invoke(Unknown Source)
  java.base/java.lang.reflect.Method.invoke(Unknown Source)
02:18:38.184 createBuffer stack sample #2:
  knot//net.minecraft.class_11285.<init>(class_11285.java:29)
  knot//net.minecraft.class_11280.<init>(class_11280.java:33)
  knot//net.minecraft.class_11282.<init>(class_11282.java:34)
  knot//com.mojang.blaze3d.systems.RenderSystem.handler$zep000$metallum$createMetalDevice(RenderSystem.java:553)
  knot//com.mojang.blaze3d.systems.RenderSystem.initRenderer(RenderSystem.java)
  knot//net.minecraft.class_310.<init>(class_310.java:533)
  knot//net.minecraft.client.main.Main.main(Main.java:234)
  net.fabricmc.loader.impl.game.minecraft.MinecraftGameProvider.launch(MinecraftGameProvider.java:514)
  net.fabricmc.loader.impl.launch.knot.Knot.launch(Knot.java:72)
  net.fabricmc.loader.impl.launch.knot.KnotClient.main(KnotClient.java:23)
  java.base/jdk.internal.reflect.DirectMethodHandleAccessor.invoke(Unknown Source)
  java.base/java.lang.reflect.Method.invoke(Unknown Source)
02:18:38.184 createBuffer stack sample #3:
  knot//net.minecraft.class_11285.<init>(class_11285.java:29)
  knot//net.minecraft.class_11280.<init>(class_11280.java:33)
  knot//net.minecraft.class_11282.<init>(class_11282.java:34)
  knot//com.mojang.blaze3d.systems.RenderSystem.handler$zep000$metallum$createMetalDevice(RenderSystem.java:553)
  knot//com.mojang.blaze3d.systems.RenderSystem.initRenderer(RenderSystem.java)
  knot//net.minecraft.class_310.<init>(class_310.java:533)
  knot//net.minecraft.client.main.Main.main(Main.java:234)
  net.fabricmc.loader.impl.game.minecraft.MinecraftGameProvider.launch(MinecraftGameProvider.java:514)
  net.fabricmc.loader.impl.launch.knot.Knot.launch(Knot.java:72)
  net.fabricmc.loader.impl.launch.knot.KnotClient.main(KnotClient.java:23)
  java.base/jdk.internal.reflect.DirectMethodHandleAccessor.invoke(Unknown Source)
  java.base/java.lang.reflect.Method.invoke(Unknown Source)
02:18:38.185 createBuffer stack sample #4:
  knot//net.minecraft.class_11285.<init>(class_11285.java:29)
  knot//net.minecraft.class_11280.<init>(class_11280.java:33)
  knot//net.minecraft.class_11282.<init>(class_11282.java:35)
  knot//com.mojang.blaze3d.systems.RenderSystem.handler$zep000$metallum$createMetalDevice(RenderSystem.java:553)
  knot//com.mojang.blaze3d.systems.RenderSystem.initRenderer(RenderSystem.java)
  knot//net.minecraft.class_310.<init>(class_310.java:533)
  knot//net.minecraft.client.main.Main.main(Main.java:234)
  net.fabricmc.loader.impl.game.minecraft.MinecraftGameProvider.launch(MinecraftGameProvider.java:514)
  net.fabricmc.loader.impl.launch.knot.Knot.launch(Knot.java:72)
  net.fabricmc.loader.impl.launch.knot.KnotClient.main(KnotClient.java:23)
  java.base/jdk.internal.reflect.DirectMethodHandleAccessor.invoke(Unknown Source)
  java.base/java.lang.reflect.Method.invoke(Unknown Source)
02:18:38.185 createBuffer stack sample #5:
  knot//net.minecraft.class_11285.<init>(class_11285.java:29)
  knot//net.minecraft.class_11280.<init>(class_11280.java:33)
  knot//net.minecraft.class_11282.<init>(class_11282.java:35)
  knot//com.mojang.blaze3d.systems.RenderSystem.handler$zep000$metallum$createMetalDevice(RenderSystem.java:553)
  knot//com.mojang.blaze3d.systems.RenderSystem.initRenderer(RenderSystem.java)
  knot//net.minecraft.class_310.<init>(class_310.java:533)
  knot//net.minecraft.client.main.Main.main(Main.java:234)
  net.fabricmc.loader.impl.game.minecraft.MinecraftGameProvider.launch(MinecraftGameProvider.java:514)
  net.fabricmc.loader.impl.launch.knot.Knot.launch(Knot.java:72)
  net.fabricmc.loader.impl.launch.knot.KnotClient.main(KnotClient.java:23)
  java.base/jdk.internal.reflect.DirectMethodHandleAccessor.invoke(Unknown Source)
  java.base/java.lang.reflect.Method.invoke(Unknown Source)
02:18:38.727 buffers total=42 | usage=0x82 count=15 req=0.0MB alloc=0.0MB | usage=0x22 count=6 req=0.0MB alloc=0.0MB | usage=0x3 count=2 req=1.5MB alloc=1.5MB | usage=0x88 count=15 req=0.0MB alloc=0.0MB | usage=0x28 count=3 req=0.0MB alloc=0.0MB | usage=0x48 count=1 req=0.0MB alloc=0.0MB | sum count=42 req=1.5MB alloc=1.5MB | poolHit=0 poolMiss=42 poolReturn=0 poolHitRate=0%
02:18:43.727 frame_time fps=54.1 avg=18.48ms max=160.20ms gpuBehind=0
02:18:48.743 frame_time fps=60.0 avg=16.67ms max=16.77ms gpuBehind=0
02:18:53.578 visibleSections=0 smartCull=true
02:18:54.144 frame_time fps=45.3 avg=22.10ms max=405.05ms gpuBehind=0
02:18:58.602 visibleSections=0 smartCull=true
02:18:59.143 frame_time fps=48.0 avg=20.84ms max=256.87ms gpuBehind=0
==== Metallum diag start ====
02:19:14.991 createBuffer stack sample #1:
  knot//net.minecraft.class_11285.<init>(class_11285.java:29)
  knot//net.minecraft.class_11280.<init>(class_11280.java:33)
  knot//net.minecraft.class_11282.<init>(class_11282.java:34)
  knot//com.mojang.blaze3d.systems.RenderSystem.handler$zep000$metallum$createMetalDevice(RenderSystem.java:553)
  knot//com.mojang.blaze3d.systems.RenderSystem.initRenderer(RenderSystem.java)
  knot//net.minecraft.class_310.<init>(class_310.java:533)
  knot//net.minecraft.client.main.Main.main(Main.java:234)
  net.fabricmc.loader.impl.game.minecraft.MinecraftGameProvider.launch(MinecraftGameProvider.java:514)
  net.fabricmc.loader.impl.launch.knot.Knot.launch(Knot.java:72)
  net.fabricmc.loader.impl.launch.knot.KnotClient.main(KnotClient.java:23)
  java.base/jdk.internal.reflect.DirectMethodHandleAccessor.invoke(Unknown Source)
  java.base/java.lang.reflect.Method.invoke(Unknown Source)
02:19:14.993 createBuffer stack sample #2:
  knot//net.minecraft.class_11285.<init>(class_11285.java:29)
  knot//net.minecraft.class_11280.<init>(class_11280.java:33)
  knot//net.minecraft.class_11282.<init>(class_11282.java:34)
  knot//com.mojang.blaze3d.systems.RenderSystem.handler$zep000$metallum$createMetalDevice(RenderSystem.java:553)
  knot//com.mojang.blaze3d.systems.RenderSystem.initRenderer(RenderSystem.java)
  knot//net.minecraft.class_310.<init>(class_310.java:533)
  knot//net.minecraft.client.main.Main.main(Main.java:234)
  net.fabricmc.loader.impl.game.minecraft.MinecraftGameProvider.launch(MinecraftGameProvider.java:514)
  net.fabricmc.loader.impl.launch.knot.Knot.launch(Knot.java:72)
  net.fabricmc.loader.impl.launch.knot.KnotClient.main(KnotClient.java:23)
  java.base/jdk.internal.reflect.DirectMethodHandleAccessor.invoke(Unknown Source)
  java.base/java.lang.reflect.Method.invoke(Unknown Source)
02:19:14.993 createBuffer stack sample #3:
  knot//net.minecraft.class_11285.<init>(class_11285.java:29)
  knot//net.minecraft.class_11280.<init>(class_11280.java:33)
  knot//net.minecraft.class_11282.<init>(class_11282.java:34)
  knot//com.mojang.blaze3d.systems.RenderSystem.handler$zep000$metallum$createMetalDevice(RenderSystem.java:553)
  knot//com.mojang.blaze3d.systems.RenderSystem.initRenderer(RenderSystem.java)
  knot//net.minecraft.class_310.<init>(class_310.java:533)
  knot//net.minecraft.client.main.Main.main(Main.java:234)
  net.fabricmc.loader.impl.game.minecraft.MinecraftGameProvider.launch(MinecraftGameProvider.java:514)
  net.fabricmc.loader.impl.launch.knot.Knot.launch(Knot.java:72)
  net.fabricmc.loader.impl.launch.knot.KnotClient.main(KnotClient.java:23)
  java.base/jdk.internal.reflect.DirectMethodHandleAccessor.invoke(Unknown Source)
  java.base/java.lang.reflect.Method.invoke(Unknown Source)
02:19:14.993 createBuffer stack sample #4:
  knot//net.minecraft.class_11285.<init>(class_11285.java:29)
  knot//net.minecraft.class_11280.<init>(class_11280.java:33)
  knot//net.minecraft.class_11282.<init>(class_11282.java:35)
  knot//com.mojang.blaze3d.systems.RenderSystem.handler$zep000$metallum$createMetalDevice(RenderSystem.java:553)
  knot//com.mojang.blaze3d.systems.RenderSystem.initRenderer(RenderSystem.java)
  knot//net.minecraft.class_310.<init>(class_310.java:533)
  knot//net.minecraft.client.main.Main.main(Main.java:234)
  net.fabricmc.loader.impl.game.minecraft.MinecraftGameProvider.launch(MinecraftGameProvider.java:514)
  net.fabricmc.loader.impl.launch.knot.Knot.launch(Knot.java:72)
  net.fabricmc.loader.impl.launch.knot.KnotClient.main(KnotClient.java:23)
  java.base/jdk.internal.reflect.DirectMethodHandleAccessor.invoke(Unknown Source)
  java.base/java.lang.reflect.Method.invoke(Unknown Source)
02:19:14.993 createBuffer stack sample #5:
  knot//net.minecraft.class_11285.<init>(class_11285.java:29)
  knot//net.minecraft.class_11280.<init>(class_11280.java:33)
  knot//net.minecraft.class_11282.<init>(class_11282.java:35)
  knot//com.mojang.blaze3d.systems.RenderSystem.handler$zep000$metallum$createMetalDevice(RenderSystem.java:553)
  knot//com.mojang.blaze3d.systems.RenderSystem.initRenderer(RenderSystem.java)
  knot//net.minecraft.class_310.<init>(class_310.java:533)
  knot//net.minecraft.client.main.Main.main(Main.java:234)
  net.fabricmc.loader.impl.game.minecraft.MinecraftGameProvider.launch(MinecraftGameProvider.java:514)
  net.fabricmc.loader.impl.launch.knot.Knot.launch(Knot.java:72)
  net.fabricmc.loader.impl.launch.knot.KnotClient.main(KnotClient.java:23)
  java.base/jdk.internal.reflect.DirectMethodHandleAccessor.invoke(Unknown Source)
  java.base/java.lang.reflect.Method.invoke(Unknown Source)
02:19:15.572 buffers total=42 | usage=0x82 count=15 req=0.0MB alloc=0.0MB | usage=0x22 count=6 req=0.0MB alloc=0.0MB | usage=0x3 count=2 req=1.5MB alloc=1.5MB | usage=0x88 count=15 req=0.0MB alloc=0.0MB | usage=0x28 count=3 req=0.0MB alloc=0.0MB | usage=0x48 count=1 req=0.0MB alloc=0.0MB | sum count=42 req=1.5MB alloc=1.5MB | poolHit=0 poolMiss=42 poolReturn=0 poolHitRate=0%
02:19:20.575 frame_time fps=54.0 avg=18.53ms max=131.16ms gpuBehind=0
02:19:24.484 visibleSections=0 smartCull=true
02:19:25.577 frame_time fps=46.5 avg=21.51ms max=181.61ms gpuBehind=0
==== Metallum diag start ====
02:41:48.370 createBuffer stack sample #1:
  knot//net.minecraft.class_11285.<init>(class_11285.java:29)
  knot//net.minecraft.class_11280.<init>(class_11280.java:33)
  knot//net.minecraft.class_11282.<init>(class_11282.java:34)
  knot//com.mojang.blaze3d.systems.RenderSystem.handler$zep000$metallum$createMetalDevice(RenderSystem.java:553)
  knot//com.mojang.blaze3d.systems.RenderSystem.initRenderer(RenderSystem.java)
  knot//net.minecraft.class_310.<init>(class_310.java:533)
  knot//net.minecraft.client.main.Main.main(Main.java:234)
  net.fabricmc.loader.impl.game.minecraft.MinecraftGameProvider.launch(MinecraftGameProvider.java:514)
  net.fabricmc.loader.impl.launch.knot.Knot.launch(Knot.java:72)
  net.fabricmc.loader.impl.launch.knot.KnotClient.main(KnotClient.java:23)
  java.base/jdk.internal.reflect.DirectMethodHandleAccessor.invoke(Unknown Source)
  java.base/java.lang.reflect.Method.invoke(Unknown Source)
02:41:48.371 createBuffer stack sample #2:
  knot//net.minecraft.class_11285.<init>(class_11285.java:29)
  knot//net.minecraft.class_11280.<init>(class_11280.java:33)
  knot//net.minecraft.class_11282.<init>(class_11282.java:34)
  knot//com.mojang.blaze3d.systems.RenderSystem.handler$zep000$metallum$createMetalDevice(RenderSystem.java:553)
  knot//com.mojang.blaze3d.systems.RenderSystem.initRenderer(RenderSystem.java)
  knot//net.minecraft.class_310.<init>(class_310.java:533)
  knot//net.minecraft.client.main.Main.main(Main.java:234)
  net.fabricmc.loader.impl.game.minecraft.MinecraftGameProvider.launch(MinecraftGameProvider.java:514)
  net.fabricmc.loader.impl.launch.knot.Knot.launch(Knot.java:72)
  net.fabricmc.loader.impl.launch.knot.KnotClient.main(KnotClient.java:23)
  java.base/jdk.internal.reflect.DirectMethodHandleAccessor.invoke(Unknown Source)
  java.base/java.lang.reflect.Method.invoke(Unknown Source)
02:41:48.372 createBuffer stack sample #3:
  knot//net.minecraft.class_11285.<init>(class_11285.java:29)
  knot//net.minecraft.class_11280.<init>(class_11280.java:33)
  knot//net.minecraft.class_11282.<init>(class_11282.java:34)
  knot//com.mojang.blaze3d.systems.RenderSystem.handler$zep000$metallum$createMetalDevice(RenderSystem.java:553)
  knot//com.mojang.blaze3d.systems.RenderSystem.initRenderer(RenderSystem.java)
  knot//net.minecraft.class_310.<init>(class_310.java:533)
  knot//net.minecraft.client.main.Main.main(Main.java:234)
  net.fabricmc.loader.impl.game.minecraft.MinecraftGameProvider.launch(MinecraftGameProvider.java:514)
  net.fabricmc.loader.impl.launch.knot.Knot.launch(Knot.java:72)
  net.fabricmc.loader.impl.launch.knot.KnotClient.main(KnotClient.java:23)
  java.base/jdk.internal.reflect.DirectMethodHandleAccessor.invoke(Unknown Source)
  java.base/java.lang.reflect.Method.invoke(Unknown Source)
02:41:48.372 createBuffer stack sample #4:
  knot//net.minecraft.class_11285.<init>(class_11285.java:29)
  knot//net.minecraft.class_11280.<init>(class_11280.java:33)
  knot//net.minecraft.class_11282.<init>(class_11282.java:35)
  knot//com.mojang.blaze3d.systems.RenderSystem.handler$zep000$metallum$createMetalDevice(RenderSystem.java:553)
  knot//com.mojang.blaze3d.systems.RenderSystem.initRenderer(RenderSystem.java)
  knot//net.minecraft.class_310.<init>(class_310.java:533)
  knot//net.minecraft.client.main.Main.main(Main.java:234)
  net.fabricmc.loader.impl.game.minecraft.MinecraftGameProvider.launch(MinecraftGameProvider.java:514)
  net.fabricmc.loader.impl.launch.knot.Knot.launch(Knot.java:72)
  net.fabricmc.loader.impl.launch.knot.KnotClient.main(KnotClient.java:23)
  java.base/jdk.internal.reflect.DirectMethodHandleAccessor.invoke(Unknown Source)
  java.base/java.lang.reflect.Method.invoke(Unknown Source)
02:41:48.372 createBuffer stack sample #5:
  knot//net.minecraft.class_11285.<init>(class_11285.java:29)
  knot//net.minecraft.class_11280.<init>(class_11280.java:33)
  knot//net.minecraft.class_11282.<init>(class_11282.java:35)
  knot//com.mojang.blaze3d.systems.RenderSystem.handler$zep000$metallum$createMetalDevice(RenderSystem.java:553)
  knot//com.mojang.blaze3d.systems.RenderSystem.initRenderer(RenderSystem.java)
  knot//net.minecraft.class_310.<init>(class_310.java:533)
  knot//net.minecraft.client.main.Main.main(Main.java:234)
  net.fabricmc.loader.impl.game.minecraft.MinecraftGameProvider.launch(MinecraftGameProvider.java:514)
  net.fabricmc.loader.impl.launch.knot.Knot.launch(Knot.java:72)
  net.fabricmc.loader.impl.launch.knot.KnotClient.main(KnotClient.java:23)
  java.base/jdk.internal.reflect.DirectMethodHandleAccessor.invoke(Unknown Source)
  java.base/java.lang.reflect.Method.invoke(Unknown Source)
02:41:48.982 buffers total=42 | usage=0x82 count=15 req=0.0MB alloc=0.0MB | usage=0x22 count=6 req=0.0MB alloc=0.0MB | usage=0x3 count=2 req=1.5MB alloc=1.5MB | usage=0x88 count=15 req=0.0MB alloc=0.0MB | usage=0x28 count=3 req=0.0MB alloc=0.0MB | usage=0x48 count=1 req=0.0MB alloc=0.0MB | sum count=42 req=1.5MB alloc=1.5MB | poolHit=0 poolMiss=42 poolReturn=0 poolHitRate=0%
02:41:53.987 frame_time fps=54.5 avg=18.36ms max=160.11ms gpuBehind=0
02:41:58.090 visibleSections=0 smartCull=true
02:41:59.010 frame_time fps=46.4 avg=21.56ms max=328.23ms gpuBehind=0
02:42:04.020 frame_time fps=51.1 avg=19.57ms max=143.33ms gpuBehind=0
==== Metallum diag start ====
02:52:49.277 createBuffer stack sample #1:
  knot//net.minecraft.class_11285.<init>(class_11285.java:29)
  knot//net.minecraft.class_11280.<init>(class_11280.java:33)
  knot//net.minecraft.class_11282.<init>(class_11282.java:34)
  knot//com.mojang.blaze3d.systems.RenderSystem.handler$zep000$metallum$createMetalDevice(RenderSystem.java:553)
  knot//com.mojang.blaze3d.systems.RenderSystem.initRenderer(RenderSystem.java)
  knot//net.minecraft.class_310.<init>(class_310.java:533)
  knot//net.minecraft.client.main.Main.main(Main.java:234)
  net.fabricmc.loader.impl.game.minecraft.MinecraftGameProvider.launch(MinecraftGameProvider.java:514)
  net.fabricmc.loader.impl.launch.knot.Knot.launch(Knot.java:72)
  net.fabricmc.loader.impl.launch.knot.KnotClient.main(KnotClient.java:23)
  java.base/jdk.internal.reflect.DirectMethodHandleAccessor.invoke(Unknown Source)
  java.base/java.lang.reflect.Method.invoke(Unknown Source)
02:52:49.278 createBuffer stack sample #2:
  knot//net.minecraft.class_11285.<init>(class_11285.java:29)
  knot//net.minecraft.class_11280.<init>(class_11280.java:33)
  knot//net.minecraft.class_11282.<init>(class_11282.java:34)
  knot//com.mojang.blaze3d.systems.RenderSystem.handler$zep000$metallum$createMetalDevice(RenderSystem.java:553)
  knot//com.mojang.blaze3d.systems.RenderSystem.initRenderer(RenderSystem.java)
  knot//net.minecraft.class_310.<init>(class_310.java:533)
  knot//net.minecraft.client.main.Main.main(Main.java:234)
  net.fabricmc.loader.impl.game.minecraft.MinecraftGameProvider.launch(MinecraftGameProvider.java:514)
  net.fabricmc.loader.impl.launch.knot.Knot.launch(Knot.java:72)
  net.fabricmc.loader.impl.launch.knot.KnotClient.main(KnotClient.java:23)
  java.base/jdk.internal.reflect.DirectMethodHandleAccessor.invoke(Unknown Source)
  java.base/java.lang.reflect.Method.invoke(Unknown Source)
02:52:49.279 createBuffer stack sample #3:
  knot//net.minecraft.class_11285.<init>(class_11285.java:29)
  knot//net.minecraft.class_11280.<init>(class_11280.java:33)
  knot//net.minecraft.class_11282.<init>(class_11282.java:34)
  knot//com.mojang.blaze3d.systems.RenderSystem.handler$zep000$metallum$createMetalDevice(RenderSystem.java:553)
  knot//com.mojang.blaze3d.systems.RenderSystem.initRenderer(RenderSystem.java)
  knot//net.minecraft.class_310.<init>(class_310.java:533)
  knot//net.minecraft.client.main.Main.main(Main.java:234)
  net.fabricmc.loader.impl.game.minecraft.MinecraftGameProvider.launch(MinecraftGameProvider.java:514)
  net.fabricmc.loader.impl.launch.knot.Knot.launch(Knot.java:72)
  net.fabricmc.loader.impl.launch.knot.KnotClient.main(KnotClient.java:23)
  java.base/jdk.internal.reflect.DirectMethodHandleAccessor.invoke(Unknown Source)
  java.base/java.lang.reflect.Method.invoke(Unknown Source)
02:52:49.279 createBuffer stack sample #4:
  knot//net.minecraft.class_11285.<init>(class_11285.java:29)
  knot//net.minecraft.class_11280.<init>(class_11280.java:33)
  knot//net.minecraft.class_11282.<init>(class_11282.java:35)
  knot//com.mojang.blaze3d.systems.RenderSystem.handler$zep000$metallum$createMetalDevice(RenderSystem.java:553)
  knot//com.mojang.blaze3d.systems.RenderSystem.initRenderer(RenderSystem.java)
  knot//net.minecraft.class_310.<init>(class_310.java:533)
  knot//net.minecraft.client.main.Main.main(Main.java:234)
  net.fabricmc.loader.impl.game.minecraft.MinecraftGameProvider.launch(MinecraftGameProvider.java:514)
  net.fabricmc.loader.impl.launch.knot.Knot.launch(Knot.java:72)
  net.fabricmc.loader.impl.launch.knot.KnotClient.main(KnotClient.java:23)
  java.base/jdk.internal.reflect.DirectMethodHandleAccessor.invoke(Unknown Source)
  java.base/java.lang.reflect.Method.invoke(Unknown Source)
02:52:49.279 createBuffer stack sample #5:
  knot//net.minecraft.class_11285.<init>(class_11285.java:29)
  knot//net.minecraft.class_11280.<init>(class_11280.java:33)
  knot//net.minecraft.class_11282.<init>(class_11282.java:35)
  knot//com.mojang.blaze3d.systems.RenderSystem.handler$zep000$metallum$createMetalDevice(RenderSystem.java:553)
  knot//com.mojang.blaze3d.systems.RenderSystem.initRenderer(RenderSystem.java)
  knot//net.minecraft.class_310.<init>(class_310.java:533)
  knot//net.minecraft.client.main.Main.main(Main.java:234)
  net.fabricmc.loader.impl.game.minecraft.MinecraftGameProvider.launch(MinecraftGameProvider.java:514)
  net.fabricmc.loader.impl.launch.knot.Knot.launch(Knot.java:72)
  net.fabricmc.loader.impl.launch.knot.KnotClient.main(KnotClient.java:23)
  java.base/jdk.internal.reflect.DirectMethodHandleAccessor.invoke(Unknown Source)
  java.base/java.lang.reflect.Method.invoke(Unknown Source)
02:52:49.847 buffers total=42 | usage=0x82 count=15 req=0.0MB alloc=0.0MB | usage=0x22 count=6 req=0.0MB alloc=0.0MB | usage=0x3 count=2 req=1.5MB alloc=1.5MB | usage=0x88 count=15 req=0.0MB alloc=0.0MB | usage=0x28 count=3 req=0.0MB alloc=0.0MB | usage=0x48 count=1 req=0.0MB alloc=0.0MB | sum count=42 req=1.5MB alloc=1.5MB | poolHit=0 poolMiss=42 poolReturn=0 poolHitRate=0%
02:52:54.858 frame_time fps=54.5 avg=18.33ms max=153.43ms gpuBehind=0
02:52:59.290 visibleSections=0 smartCull=true
02:52:59.875 frame_time fps=47.4 avg=21.11ms max=363.76ms gpuBehind=0
==== Metallum diag start ====
03:17:22.050 createBuffer stack sample #1:
  knot//net.minecraft.class_11285.<init>(class_11285.java:29)
  knot//net.minecraft.class_11280.<init>(class_11280.java:33)
  knot//net.minecraft.class_11282.<init>(class_11282.java:34)
  knot//com.mojang.blaze3d.systems.RenderSystem.handler$zep000$metallum$createMetalDevice(RenderSystem.java:553)
  knot//com.mojang.blaze3d.systems.RenderSystem.initRenderer(RenderSystem.java)
  knot//net.minecraft.class_310.<init>(class_310.java:533)
  knot//net.minecraft.client.main.Main.main(Main.java:234)
  net.fabricmc.loader.impl.game.minecraft.MinecraftGameProvider.launch(MinecraftGameProvider.java:514)
  net.fabricmc.loader.impl.launch.knot.Knot.launch(Knot.java:72)
  net.fabricmc.loader.impl.launch.knot.KnotClient.main(KnotClient.java:23)
  java.base/jdk.internal.reflect.DirectMethodHandleAccessor.invoke(Unknown Source)
  java.base/java.lang.reflect.Method.invoke(Unknown Source)
03:17:22.051 createBuffer stack sample #2:
  knot//net.minecraft.class_11285.<init>(class_11285.java:29)
  knot//net.minecraft.class_11280.<init>(class_11280.java:33)
  knot//net.minecraft.class_11282.<init>(class_11282.java:34)
  knot//com.mojang.blaze3d.systems.RenderSystem.handler$zep000$metallum$createMetalDevice(RenderSystem.java:553)
  knot//com.mojang.blaze3d.systems.RenderSystem.initRenderer(RenderSystem.java)
  knot//net.minecraft.class_310.<init>(class_310.java:533)
  knot//net.minecraft.client.main.Main.main(Main.java:234)
  net.fabricmc.loader.impl.game.minecraft.MinecraftGameProvider.launch(MinecraftGameProvider.java:514)
  net.fabricmc.loader.impl.launch.knot.Knot.launch(Knot.java:72)
  net.fabricmc.loader.impl.launch.knot.KnotClient.main(KnotClient.java:23)
  java.base/jdk.internal.reflect.DirectMethodHandleAccessor.invoke(Unknown Source)
  java.base/java.lang.reflect.Method.invoke(Unknown Source)
03:17:22.051 createBuffer stack sample #3:
  knot//net.minecraft.class_11285.<init>(class_11285.java:29)
  knot//net.minecraft.class_11280.<init>(class_11280.java:33)
  knot//net.minecraft.class_11282.<init>(class_11282.java:34)
  knot//com.mojang.blaze3d.systems.RenderSystem.handler$zep000$metallum$createMetalDevice(RenderSystem.java:553)
  knot//com.mojang.blaze3d.systems.RenderSystem.initRenderer(RenderSystem.java)
  knot//net.minecraft.class_310.<init>(class_310.java:533)
  knot//net.minecraft.client.main.Main.main(Main.java:234)
  net.fabricmc.loader.impl.game.minecraft.MinecraftGameProvider.launch(MinecraftGameProvider.java:514)
  net.fabricmc.loader.impl.launch.knot.Knot.launch(Knot.java:72)
  net.fabricmc.loader.impl.launch.knot.KnotClient.main(KnotClient.java:23)
  java.base/jdk.internal.reflect.DirectMethodHandleAccessor.invoke(Unknown Source)
  java.base/java.lang.reflect.Method.invoke(Unknown Source)
03:17:22.051 createBuffer stack sample #4:
  knot//net.minecraft.class_11285.<init>(class_11285.java:29)
  knot//net.minecraft.class_11280.<init>(class_11280.java:33)
  knot//net.minecraft.class_11282.<init>(class_11282.java:35)
  knot//com.mojang.blaze3d.systems.RenderSystem.handler$zep000$metallum$createMetalDevice(RenderSystem.java:553)
  knot//com.mojang.blaze3d.systems.RenderSystem.initRenderer(RenderSystem.java)
  knot//net.minecraft.class_310.<init>(class_310.java:533)
  knot//net.minecraft.client.main.Main.main(Main.java:234)
  net.fabricmc.loader.impl.game.minecraft.MinecraftGameProvider.launch(MinecraftGameProvider.java:514)
  net.fabricmc.loader.impl.launch.knot.Knot.launch(Knot.java:72)
  net.fabricmc.loader.impl.launch.knot.KnotClient.main(KnotClient.java:23)
  java.base/jdk.internal.reflect.DirectMethodHandleAccessor.invoke(Unknown Source)
  java.base/java.lang.reflect.Method.invoke(Unknown Source)
03:17:22.051 createBuffer stack sample #5:
  knot//net.minecraft.class_11285.<init>(class_11285.java:29)
  knot//net.minecraft.class_11280.<init>(class_11280.java:33)
  knot//net.minecraft.class_11282.<init>(class_11282.java:35)
  knot//com.mojang.blaze3d.systems.RenderSystem.handler$zep000$metallum$createMetalDevice(RenderSystem.java:553)
  knot//com.mojang.blaze3d.systems.RenderSystem.initRenderer(RenderSystem.java)
  knot//net.minecraft.class_310.<init>(class_310.java:533)
  knot//net.minecraft.client.main.Main.main(Main.java:234)
  net.fabricmc.loader.impl.game.minecraft.MinecraftGameProvider.launch(MinecraftGameProvider.java:514)
  net.fabricmc.loader.impl.launch.knot.Knot.launch(Knot.java:72)
  net.fabricmc.loader.impl.launch.knot.KnotClient.main(KnotClient.java:23)
  java.base/jdk.internal.reflect.DirectMethodHandleAccessor.invoke(Unknown Source)
  java.base/java.lang.reflect.Method.invoke(Unknown Source)
03:17:22.612 buffers total=42 | usage=0x82 count=15 req=0.0MB alloc=0.0MB | usage=0x22 count=6 req=0.0MB alloc=0.0MB | usage=0x3 count=2 req=1.5MB alloc=1.5MB | usage=0x88 count=15 req=0.0MB alloc=0.0MB | usage=0x28 count=3 req=0.0MB alloc=0.0MB | usage=0x48 count=1 req=0.0MB alloc=0.0MB | sum count=42 req=1.5MB alloc=1.5MB | poolHit=0 poolMiss=42 poolReturn=0 poolHitRate=0%
03:17:27.628 frame_time fps=54.1 avg=18.50ms max=142.04ms gpuBehind=0
03:17:31.545 visibleSections=0 smartCull=true
03:17:32.645 frame_time fps=42.7 avg=23.39ms max=392.38ms gpuBehind=0
==== Metallum diag start ====
12:25:31.275 createBuffer stack sample #1:
  knot//net.minecraft.class_11285.<init>(class_11285.java:29)
  knot//net.minecraft.class_11280.<init>(class_11280.java:33)
  knot//net.minecraft.class_11282.<init>(class_11282.java:34)
  knot//com.mojang.blaze3d.systems.RenderSystem.handler$zep000$metallum$createMetalDevice(RenderSystem.java:553)
  knot//com.mojang.blaze3d.systems.RenderSystem.initRenderer(RenderSystem.java)
  knot//net.minecraft.class_310.<init>(class_310.java:533)
  knot//net.minecraft.client.main.Main.main(Main.java:234)
  net.fabricmc.loader.impl.game.minecraft.MinecraftGameProvider.launch(MinecraftGameProvider.java:514)
  net.fabricmc.loader.impl.launch.knot.Knot.launch(Knot.java:72)
  net.fabricmc.loader.impl.launch.knot.KnotClient.main(KnotClient.java:23)
  java.base/jdk.internal.reflect.DirectMethodHandleAccessor.invoke(Unknown Source)
  java.base/java.lang.reflect.Method.invoke(Unknown Source)
12:25:31.276 createBuffer stack sample #2:
  knot//net.minecraft.class_11285.<init>(class_11285.java:29)
  knot//net.minecraft.class_11280.<init>(class_11280.java:33)
  knot//net.minecraft.class_11282.<init>(class_11282.java:34)
  knot//com.mojang.blaze3d.systems.RenderSystem.handler$zep000$metallum$createMetalDevice(RenderSystem.java:553)
  knot//com.mojang.blaze3d.systems.RenderSystem.initRenderer(RenderSystem.java)
  knot//net.minecraft.class_310.<init>(class_310.java:533)
  knot//net.minecraft.client.main.Main.main(Main.java:234)
  net.fabricmc.loader.impl.game.minecraft.MinecraftGameProvider.launch(MinecraftGameProvider.java:514)
  net.fabricmc.loader.impl.launch.knot.Knot.launch(Knot.java:72)
  net.fabricmc.loader.impl.launch.knot.KnotClient.main(KnotClient.java:23)
  java.base/jdk.internal.reflect.DirectMethodHandleAccessor.invoke(Unknown Source)
  java.base/java.lang.reflect.Method.invoke(Unknown Source)
12:25:31.276 createBuffer stack sample #3:
  knot//net.minecraft.class_11285.<init>(class_11285.java:29)
  knot//net.minecraft.class_11280.<init>(class_11280.java:33)
  knot//net.minecraft.class_11282.<init>(class_11282.java:34)
  knot//com.mojang.blaze3d.systems.RenderSystem.handler$zep000$metallum$createMetalDevice(RenderSystem.java:553)
  knot//com.mojang.blaze3d.systems.RenderSystem.initRenderer(RenderSystem.java)
  knot//net.minecraft.class_310.<init>(class_310.java:533)
  knot//net.minecraft.client.main.Main.main(Main.java:234)
  net.fabricmc.loader.impl.game.minecraft.MinecraftGameProvider.launch(MinecraftGameProvider.java:514)
  net.fabricmc.loader.impl.launch.knot.Knot.launch(Knot.java:72)
  net.fabricmc.loader.impl.launch.knot.KnotClient.main(KnotClient.java:23)
  java.base/jdk.internal.reflect.DirectMethodHandleAccessor.invoke(Unknown Source)
  java.base/java.lang.reflect.Method.invoke(Unknown Source)
12:25:31.276 createBuffer stack sample #4:
  knot//net.minecraft.class_11285.<init>(class_11285.java:29)
  knot//net.minecraft.class_11280.<init>(class_11280.java:33)
  knot//net.minecraft.class_11282.<init>(class_11282.java:35)
  knot//com.mojang.blaze3d.systems.RenderSystem.handler$zep000$metallum$createMetalDevice(RenderSystem.java:553)
  knot//com.mojang.blaze3d.systems.RenderSystem.initRenderer(RenderSystem.java)
  knot//net.minecraft.class_310.<init>(class_310.java:533)
  knot//net.minecraft.client.main.Main.main(Main.java:234)
  net.fabricmc.loader.impl.game.minecraft.MinecraftGameProvider.launch(MinecraftGameProvider.java:514)
  net.fabricmc.loader.impl.launch.knot.Knot.launch(Knot.java:72)
  net.fabricmc.loader.impl.launch.knot.KnotClient.main(KnotClient.java:23)
  java.base/jdk.internal.reflect.DirectMethodHandleAccessor.invoke(Unknown Source)
  java.base/java.lang.reflect.Method.invoke(Unknown Source)
12:25:31.276 createBuffer stack sample #5:
  knot//net.minecraft.class_11285.<init>(class_11285.java:29)
  knot//net.minecraft.class_11280.<init>(class_11280.java:33)
  knot//net.minecraft.class_11282.<init>(class_11282.java:35)
  knot//com.mojang.blaze3d.systems.RenderSystem.handler$zep000$metallum$createMetalDevice(RenderSystem.java:553)
  knot//com.mojang.blaze3d.systems.RenderSystem.initRenderer(RenderSystem.java)
  knot//net.minecraft.class_310.<init>(class_310.java:533)
  knot//net.minecraft.client.main.Main.main(Main.java:234)
  net.fabricmc.loader.impl.game.minecraft.MinecraftGameProvider.launch(MinecraftGameProvider.java:514)
  net.fabricmc.loader.impl.launch.knot.Knot.launch(Knot.java:72)
  net.fabricmc.loader.impl.launch.knot.KnotClient.main(KnotClient.java:23)
  java.base/jdk.internal.reflect.DirectMethodHandleAccessor.invoke(Unknown Source)
  java.base/java.lang.reflect.Method.invoke(Unknown Source)
12:25:31.818 buffers total=42 | usage=0x82 count=15 req=0.0MB alloc=0.0MB | usage=0x22 count=6 req=0.0MB alloc=0.0MB | usage=0x3 count=2 req=1.5MB alloc=1.5MB | usage=0x88 count=15 req=0.0MB alloc=0.0MB | usage=0x28 count=3 req=0.0MB alloc=0.0MB | usage=0x48 count=1 req=0.0MB alloc=0.0MB | sum count=42 req=1.5MB alloc=1.5MB | poolHit=0 poolMiss=42 poolReturn=0 poolHitRate=0%
12:25:36.821 frame_time fps=54.4 avg=18.37ms max=122.38ms gpuBehind=0
12:25:41.119 visibleSections=0 smartCull=true
12:25:41.838 frame_time fps=46.0 avg=21.73ms max=375.23ms gpuBehind=0
12:25:46.854 frame_time fps=50.0 avg=19.99ms max=237.61ms gpuBehind=0
==== Metallum diag start ====
12:52:34.158 createBuffer stack sample #1:
  knot//net.minecraft.class_11285.<init>(class_11285.java:29)
  knot//net.minecraft.class_11280.<init>(class_11280.java:33)
  knot//net.minecraft.class_11282.<init>(class_11282.java:34)
  knot//com.mojang.blaze3d.systems.RenderSystem.handler$zep000$metallum$createMetalDevice(RenderSystem.java:553)
  knot//com.mojang.blaze3d.systems.RenderSystem.initRenderer(RenderSystem.java)
  knot//net.minecraft.class_310.<init>(class_310.java:533)
  knot//net.minecraft.client.main.Main.main(Main.java:234)
  net.fabricmc.loader.impl.game.minecraft.MinecraftGameProvider.launch(MinecraftGameProvider.java:514)
  net.fabricmc.loader.impl.launch.knot.Knot.launch(Knot.java:72)
  net.fabricmc.loader.impl.launch.knot.KnotClient.main(KnotClient.java:23)
  java.base/jdk.internal.reflect.DirectMethodHandleAccessor.invoke(Unknown Source)
  java.base/java.lang.reflect.Method.invoke(Unknown Source)
12:52:34.159 createBuffer stack sample #2:
  knot//net.minecraft.class_11285.<init>(class_11285.java:29)
  knot//net.minecraft.class_11280.<init>(class_11280.java:33)
  knot//net.minecraft.class_11282.<init>(class_11282.java:34)
  knot//com.mojang.blaze3d.systems.RenderSystem.handler$zep000$metallum$createMetalDevice(RenderSystem.java:553)
  knot//com.mojang.blaze3d.systems.RenderSystem.initRenderer(RenderSystem.java)
  knot//net.minecraft.class_310.<init>(class_310.java:533)
  knot//net.minecraft.client.main.Main.main(Main.java:234)
  net.fabricmc.loader.impl.game.minecraft.MinecraftGameProvider.launch(MinecraftGameProvider.java:514)
  net.fabricmc.loader.impl.launch.knot.Knot.launch(Knot.java:72)
  net.fabricmc.loader.impl.launch.knot.KnotClient.main(KnotClient.java:23)
  java.base/jdk.internal.reflect.DirectMethodHandleAccessor.invoke(Unknown Source)
  java.base/java.lang.reflect.Method.invoke(Unknown Source)
12:52:34.159 createBuffer stack sample #3:
  knot//net.minecraft.class_11285.<init>(class_11285.java:29)
  knot//net.minecraft.class_11280.<init>(class_11280.java:33)
  knot//net.minecraft.class_11282.<init>(class_11282.java:34)
  knot//com.mojang.blaze3d.systems.RenderSystem.handler$zep000$metallum$createMetalDevice(RenderSystem.java:553)
  knot//com.mojang.blaze3d.systems.RenderSystem.initRenderer(RenderSystem.java)
  knot//net.minecraft.class_310.<init>(class_310.java:533)
  knot//net.minecraft.client.main.Main.main(Main.java:234)
  net.fabricmc.loader.impl.game.minecraft.MinecraftGameProvider.launch(MinecraftGameProvider.java:514)
  net.fabricmc.loader.impl.launch.knot.Knot.launch(Knot.java:72)
  net.fabricmc.loader.impl.launch.knot.KnotClient.main(KnotClient.java:23)
  java.base/jdk.internal.reflect.DirectMethodHandleAccessor.invoke(Unknown Source)
  java.base/java.lang.reflect.Method.invoke(Unknown Source)
12:52:34.159 createBuffer stack sample #4:
  knot//net.minecraft.class_11285.<init>(class_11285.java:29)
  knot//net.minecraft.class_11280.<init>(class_11280.java:33)
  knot//net.minecraft.class_11282.<init>(class_11282.java:35)
  knot//com.mojang.blaze3d.systems.RenderSystem.handler$zep000$metallum$createMetalDevice(RenderSystem.java:553)
  knot//com.mojang.blaze3d.systems.RenderSystem.initRenderer(RenderSystem.java)
  knot//net.minecraft.class_310.<init>(class_310.java:533)
  knot//net.minecraft.client.main.Main.main(Main.java:234)
  net.fabricmc.loader.impl.game.minecraft.MinecraftGameProvider.launch(MinecraftGameProvider.java:514)
  net.fabricmc.loader.impl.launch.knot.Knot.launch(Knot.java:72)
  net.fabricmc.loader.impl.launch.knot.KnotClient.main(KnotClient.java:23)
  java.base/jdk.internal.reflect.DirectMethodHandleAccessor.invoke(Unknown Source)
  java.base/java.lang.reflect.Method.invoke(Unknown Source)
12:52:34.159 createBuffer stack sample #5:
  knot//net.minecraft.class_11285.<init>(class_11285.java:29)
  knot//net.minecraft.class_11280.<init>(class_11280.java:33)
  knot//net.minecraft.class_11282.<init>(class_11282.java:35)
  knot//com.mojang.blaze3d.systems.RenderSystem.handler$zep000$metallum$createMetalDevice(RenderSystem.java:553)
  knot//com.mojang.blaze3d.systems.RenderSystem.initRenderer(RenderSystem.java)
  knot//net.minecraft.class_310.<init>(class_310.java:533)
  knot//net.minecraft.client.main.Main.main(Main.java:234)
  net.fabricmc.loader.impl.game.minecraft.MinecraftGameProvider.launch(MinecraftGameProvider.java:514)
  net.fabricmc.loader.impl.launch.knot.Knot.launch(Knot.java:72)
  net.fabricmc.loader.impl.launch.knot.KnotClient.main(KnotClient.java:23)
  java.base/jdk.internal.reflect.DirectMethodHandleAccessor.invoke(Unknown Source)
  java.base/java.lang.reflect.Method.invoke(Unknown Source)
12:52:34.721 buffers total=42 | usage=0x82 count=15 req=0.0MB alloc=0.0MB | usage=0x22 count=6 req=0.0MB alloc=0.0MB | usage=0x3 count=2 req=1.5MB alloc=1.5MB | usage=0x88 count=15 req=0.0MB alloc=0.0MB | usage=0x28 count=3 req=0.0MB alloc=0.0MB | usage=0x48 count=1 req=0.0MB alloc=0.0MB | sum count=42 req=1.5MB alloc=1.5MB | poolHit=0 poolMiss=42 poolReturn=0 poolHitRate=0%
12:52:39.728 frame_time fps=54.7 avg=18.28ms max=134.63ms gpuBehind=0
12:52:44.040 visibleSections=0 smartCull=true
12:52:44.735 frame_time fps=43.3 avg=23.12ms max=355.35ms gpuBehind=0
12:52:49.050 visibleSections=0 smartCull=true
12:52:49.753 frame_time fps=50.0 avg=19.99ms max=91.90ms gpuBehind=0
12:52:54.061 visibleSections=0 smartCull=true
12:52:54.760 frame_time fps=59.9 avg=16.70ms max=35.75ms gpuBehind=0
12:52:59.080 visibleSections=0 smartCull=true
12:52:59.777 frame_time fps=59.8 avg=16.72ms max=32.76ms gpuBehind=0
12:53:04.093 visibleSections=0 smartCull=true
12:53:04.792 frame_time fps=58.8 avg=17.00ms max=105.69ms gpuBehind=0
12:53:09.109 visibleSections=0 smartCull=true
12:53:09.810 frame_time fps=59.8 avg=16.72ms max=33.33ms gpuBehind=0
12:53:14.127 visibleSections=0 smartCull=true
12:53:14.826 frame_time fps=60.0 avg=16.67ms max=27.08ms gpuBehind=0
12:53:19.129 visibleSections=0 smartCull=true
12:53:19.841 frame_time fps=60.0 avg=16.67ms max=17.02ms gpuBehind=0
12:53:24.141 visibleSections=0 smartCull=true
12:53:24.857 frame_time fps=60.0 avg=16.67ms max=22.83ms gpuBehind=0
12:53:29.157 visibleSections=0 smartCull=true
12:53:29.874 frame_time fps=60.0 avg=16.67ms max=18.61ms gpuBehind=0
12:53:34.158 visibleSections=0 smartCull=true
12:53:34.724 buffers total=824 | usage=0x82 count=54 req=0.0MB alloc=0.0MB | usage=0x22 count=150 req=2.6MB alloc=2.6MB | usage=0x102 count=3 req=2.0MB alloc=2.0MB | usage=0x3 count=40 req=43.2MB alloc=43.2MB | usage=0x86 count=6 req=0.0MB alloc=0.0MB | usage=0x88 count=42 req=0.9MB alloc=0.9MB | usage=0x28 count=21 req=0.3MB alloc=0.3MB | usage=0x48 count=13 req=1.8MB alloc=1.8MB | usage=0x9 count=1 req=14.8MB alloc=14.8MB | usage=0x7e count=494 req=775.0MB alloc=775.0MB | sum count=824 req=840.6MB alloc=840.6MB | poolHit=2992 poolMiss=824 poolReturn=3197 poolHitRate=78%
12:53:34.890 frame_time fps=60.0 avg=16.66ms max=17.11ms gpuBehind=0
12:53:39.177 visibleSections=0 smartCull=true
12:53:39.906 frame_time fps=60.0 avg=16.67ms max=21.16ms gpuBehind=0
12:53:44.190 visibleSections=0 smartCull=true
12:53:44.923 frame_time fps=60.0 avg=16.67ms max=20.35ms gpuBehind=0
12:53:49.200 visibleSections=0 smartCull=true
12:53:49.940 frame_time fps=58.2 avg=17.18ms max=101.34ms gpuBehind=0
12:53:54.206 visibleSections=0 smartCull=true
12:53:54.955 frame_time fps=59.0 avg=16.95ms max=44.99ms gpuBehind=0
12:53:59.224 visibleSections=0 smartCull=true
12:53:59.972 frame_time fps=59.6 avg=16.78ms max=33.27ms gpuBehind=0
12:54:04.240 visibleSections=0 smartCull=true
12:54:04.988 frame_time fps=59.6 avg=16.78ms max=32.66ms gpuBehind=0
12:54:09.255 visibleSections=0 smartCull=true
12:54:10.005 frame_time fps=59.6 avg=16.78ms max=35.93ms gpuBehind=0
12:54:14.270 visibleSections=0 smartCull=true
12:54:15.020 frame_time fps=60.0 avg=16.67ms max=19.84ms gpuBehind=0
==== Metallum diag start ====
20:16:21.497 createBuffer stack sample #1:
  knot//net.minecraft.class_11285.<init>(class_11285.java:29)
  knot//net.minecraft.class_11280.<init>(class_11280.java:33)
  knot//net.minecraft.class_11282.<init>(class_11282.java:34)
  knot//com.mojang.blaze3d.systems.RenderSystem.handler$zep000$metallum$createMetalDevice(RenderSystem.java:553)
  knot//com.mojang.blaze3d.systems.RenderSystem.initRenderer(RenderSystem.java)
  knot//net.minecraft.class_310.<init>(class_310.java:533)
  knot//net.minecraft.client.main.Main.main(Main.java:234)
  net.fabricmc.loader.impl.game.minecraft.MinecraftGameProvider.launch(MinecraftGameProvider.java:514)
  net.fabricmc.loader.impl.launch.knot.Knot.launch(Knot.java:72)
  net.fabricmc.loader.impl.launch.knot.KnotClient.main(KnotClient.java:23)
  java.base/jdk.internal.reflect.DirectMethodHandleAccessor.invoke(Unknown Source)
  java.base/java.lang.reflect.Method.invoke(Unknown Source)
20:16:21.499 createBuffer stack sample #2:
  knot//net.minecraft.class_11285.<init>(class_11285.java:29)
  knot//net.minecraft.class_11280.<init>(class_11280.java:33)
  knot//net.minecraft.class_11282.<init>(class_11282.java:34)
  knot//com.mojang.blaze3d.systems.RenderSystem.handler$zep000$metallum$createMetalDevice(RenderSystem.java:553)
  knot//com.mojang.blaze3d.systems.RenderSystem.initRenderer(RenderSystem.java)
  knot//net.minecraft.class_310.<init>(class_310.java:533)
  knot//net.minecraft.client.main.Main.main(Main.java:234)
  net.fabricmc.loader.impl.game.minecraft.MinecraftGameProvider.launch(MinecraftGameProvider.java:514)
  net.fabricmc.loader.impl.launch.knot.Knot.launch(Knot.java:72)
  net.fabricmc.loader.impl.launch.knot.KnotClient.main(KnotClient.java:23)
  java.base/jdk.internal.reflect.DirectMethodHandleAccessor.invoke(Unknown Source)
  java.base/java.lang.reflect.Method.invoke(Unknown Source)
20:16:21.500 createBuffer stack sample #3:
  knot//net.minecraft.class_11285.<init>(class_11285.java:29)
  knot//net.minecraft.class_11280.<init>(class_11280.java:33)
  knot//net.minecraft.class_11282.<init>(class_11282.java:34)
  knot//com.mojang.blaze3d.systems.RenderSystem.handler$zep000$metallum$createMetalDevice(RenderSystem.java:553)
  knot//com.mojang.blaze3d.systems.RenderSystem.initRenderer(RenderSystem.java)
  knot//net.minecraft.class_310.<init>(class_310.java:533)
  knot//net.minecraft.client.main.Main.main(Main.java:234)
  net.fabricmc.loader.impl.game.minecraft.MinecraftGameProvider.launch(MinecraftGameProvider.java:514)
  net.fabricmc.loader.impl.launch.knot.Knot.launch(Knot.java:72)
  net.fabricmc.loader.impl.launch.knot.KnotClient.main(KnotClient.java:23)
  java.base/jdk.internal.reflect.DirectMethodHandleAccessor.invoke(Unknown Source)
  java.base/java.lang.reflect.Method.invoke(Unknown Source)
20:16:21.500 createBuffer stack sample #4:
  knot//net.minecraft.class_11285.<init>(class_11285.java:29)
  knot//net.minecraft.class_11280.<init>(class_11280.java:33)
  knot//net.minecraft.class_11282.<init>(class_11282.java:35)
  knot//com.mojang.blaze3d.systems.RenderSystem.handler$zep000$metallum$createMetalDevice(RenderSystem.java:553)
  knot//com.mojang.blaze3d.systems.RenderSystem.initRenderer(RenderSystem.java)
  knot//net.minecraft.class_310.<init>(class_310.java:533)
  knot//net.minecraft.client.main.Main.main(Main.java:234)
  net.fabricmc.loader.impl.game.minecraft.MinecraftGameProvider.launch(MinecraftGameProvider.java:514)
  net.fabricmc.loader.impl.launch.knot.Knot.launch(Knot.java:72)
  net.fabricmc.loader.impl.launch.knot.KnotClient.main(KnotClient.java:23)
  java.base/jdk.internal.reflect.DirectMethodHandleAccessor.invoke(Unknown Source)
  java.base/java.lang.reflect.Method.invoke(Unknown Source)
20:16:21.500 createBuffer stack sample #5:
  knot//net.minecraft.class_11285.<init>(class_11285.java:29)
  knot//net.minecraft.class_11280.<init>(class_11280.java:33)
  knot//net.minecraft.class_11282.<init>(class_11282.java:35)
  knot//com.mojang.blaze3d.systems.RenderSystem.handler$zep000$metallum$createMetalDevice(RenderSystem.java:553)
  knot//com.mojang.blaze3d.systems.RenderSystem.initRenderer(RenderSystem.java)
  knot//net.minecraft.class_310.<init>(class_310.java:533)
  knot//net.minecraft.client.main.Main.main(Main.java:234)
  net.fabricmc.loader.impl.game.minecraft.MinecraftGameProvider.launch(MinecraftGameProvider.java:514)
  net.fabricmc.loader.impl.launch.knot.Knot.launch(Knot.java:72)
  net.fabricmc.loader.impl.launch.knot.KnotClient.main(KnotClient.java:23)
  java.base/jdk.internal.reflect.DirectMethodHandleAccessor.invoke(Unknown Source)
  java.base/java.lang.reflect.Method.invoke(Unknown Source)
20:16:22.056 buffers total=42 | usage=0x82 count=15 req=0.0MB alloc=0.0MB | usage=0x22 count=6 req=0.0MB alloc=0.0MB | usage=0x3 count=2 req=1.5MB alloc=1.5MB | usage=0x88 count=15 req=0.0MB alloc=0.0MB | usage=0x28 count=3 req=0.0MB alloc=0.0MB | usage=0x48 count=1 req=0.0MB alloc=0.0MB | sum count=42 req=1.5MB alloc=1.5MB | poolHit=0 poolMiss=42 poolReturn=0 poolHitRate=0%
20:16:27.071 frame_time fps=44.5 avg=22.45ms max=125.80ms gpuBehind=0
20:16:31.991 visibleSections=0 smartCull=true
20:16:32.311 frame_time fps=44.3 avg=22.57ms max=458.15ms gpuBehind=0
==== Metallum diag start ====
20:21:09.893 createBuffer stack sample #1:
  knot//net.minecraft.class_11285.<init>(class_11285.java:29)
  knot//net.minecraft.class_11280.<init>(class_11280.java:33)
  knot//net.minecraft.class_11282.<init>(class_11282.java:34)
  knot//com.mojang.blaze3d.systems.RenderSystem.handler$zep000$metallum$createMetalDevice(RenderSystem.java:553)
  knot//com.mojang.blaze3d.systems.RenderSystem.initRenderer(RenderSystem.java)
  knot//net.minecraft.class_310.<init>(class_310.java:533)
  knot//net.minecraft.client.main.Main.main(Main.java:234)
  net.fabricmc.loader.impl.game.minecraft.MinecraftGameProvider.launch(MinecraftGameProvider.java:514)
  net.fabricmc.loader.impl.launch.knot.Knot.launch(Knot.java:72)
  net.fabricmc.loader.impl.launch.knot.KnotClient.main(KnotClient.java:23)
  java.base/jdk.internal.reflect.DirectMethodHandleAccessor.invoke(Unknown Source)
  java.base/java.lang.reflect.Method.invoke(Unknown Source)
20:21:09.894 createBuffer stack sample #2:
  knot//net.minecraft.class_11285.<init>(class_11285.java:29)
  knot//net.minecraft.class_11280.<init>(class_11280.java:33)
  knot//net.minecraft.class_11282.<init>(class_11282.java:34)
  knot//com.mojang.blaze3d.systems.RenderSystem.handler$zep000$metallum$createMetalDevice(RenderSystem.java:553)
  knot//com.mojang.blaze3d.systems.RenderSystem.initRenderer(RenderSystem.java)
  knot//net.minecraft.class_310.<init>(class_310.java:533)
  knot//net.minecraft.client.main.Main.main(Main.java:234)
  net.fabricmc.loader.impl.game.minecraft.MinecraftGameProvider.launch(MinecraftGameProvider.java:514)
  net.fabricmc.loader.impl.launch.knot.Knot.launch(Knot.java:72)
  net.fabricmc.loader.impl.launch.knot.KnotClient.main(KnotClient.java:23)
  java.base/jdk.internal.reflect.DirectMethodHandleAccessor.invoke(Unknown Source)
  java.base/java.lang.reflect.Method.invoke(Unknown Source)
20:21:09.894 createBuffer stack sample #3:
  knot//net.minecraft.class_11285.<init>(class_11285.java:29)
  knot//net.minecraft.class_11280.<init>(class_11280.java:33)
  knot//net.minecraft.class_11282.<init>(class_11282.java:34)
  knot//com.mojang.blaze3d.systems.RenderSystem.handler$zep000$metallum$createMetalDevice(RenderSystem.java:553)
  knot//com.mojang.blaze3d.systems.RenderSystem.initRenderer(RenderSystem.java)
  knot//net.minecraft.class_310.<init>(class_310.java:533)
  knot//net.minecraft.client.main.Main.main(Main.java:234)
  net.fabricmc.loader.impl.game.minecraft.MinecraftGameProvider.launch(MinecraftGameProvider.java:514)
  net.fabricmc.loader.impl.launch.knot.Knot.launch(Knot.java:72)
  net.fabricmc.loader.impl.launch.knot.KnotClient.main(KnotClient.java:23)
  java.base/jdk.internal.reflect.DirectMethodHandleAccessor.invoke(Unknown Source)
  java.base/java.lang.reflect.Method.invoke(Unknown Source)
20:21:09.894 createBuffer stack sample #4:
  knot//net.minecraft.class_11285.<init>(class_11285.java:29)
  knot//net.minecraft.class_11280.<init>(class_11280.java:33)
  knot//net.minecraft.class_11282.<init>(class_11282.java:35)
  knot//com.mojang.blaze3d.systems.RenderSystem.handler$zep000$metallum$createMetalDevice(RenderSystem.java:553)
  knot//com.mojang.blaze3d.systems.RenderSystem.initRenderer(RenderSystem.java)
  knot//net.minecraft.class_310.<init>(class_310.java:533)
  knot//net.minecraft.client.main.Main.main(Main.java:234)
  net.fabricmc.loader.impl.game.minecraft.MinecraftGameProvider.launch(MinecraftGameProvider.java:514)
  net.fabricmc.loader.impl.launch.knot.Knot.launch(Knot.java:72)
  net.fabricmc.loader.impl.launch.knot.KnotClient.main(KnotClient.java:23)
  java.base/jdk.internal.reflect.DirectMethodHandleAccessor.invoke(Unknown Source)
  java.base/java.lang.reflect.Method.invoke(Unknown Source)
20:21:09.894 createBuffer stack sample #5:
  knot//net.minecraft.class_11285.<init>(class_11285.java:29)
  knot//net.minecraft.class_11280.<init>(class_11280.java:33)
  knot//net.minecraft.class_11282.<init>(class_11282.java:35)
  knot//com.mojang.blaze3d.systems.RenderSystem.handler$zep000$metallum$createMetalDevice(RenderSystem.java:553)
  knot//com.mojang.blaze3d.systems.RenderSystem.initRenderer(RenderSystem.java)
  knot//net.minecraft.class_310.<init>(class_310.java:533)
  knot//net.minecraft.client.main.Main.main(Main.java:234)
  net.fabricmc.loader.impl.game.minecraft.MinecraftGameProvider.launch(MinecraftGameProvider.java:514)
  net.fabricmc.loader.impl.launch.knot.Knot.launch(Knot.java:72)
  net.fabricmc.loader.impl.launch.knot.KnotClient.main(KnotClient.java:23)
  java.base/jdk.internal.reflect.DirectMethodHandleAccessor.invoke(Unknown Source)
  java.base/java.lang.reflect.Method.invoke(Unknown Source)
20:21:10.467 buffers total=42 | usage=0x82 count=15 req=0.0MB alloc=0.0MB | usage=0x22 count=6 req=0.0MB alloc=0.0MB | usage=0x3 count=2 req=1.5MB alloc=1.5MB | usage=0x88 count=15 req=0.0MB alloc=0.0MB | usage=0x28 count=3 req=0.0MB alloc=0.0MB | usage=0x48 count=1 req=0.0MB alloc=0.0MB | sum count=42 req=1.5MB alloc=1.5MB | poolHit=0 poolMiss=42 poolReturn=0 poolHitRate=0%
20:21:15.480 frame_time fps=54.7 avg=18.28ms max=131.29ms gpuBehind=0
20:21:20.497 frame_time fps=57.8 avg=17.31ms max=183.34ms gpuBehind=0
20:21:25.504 frame_time fps=57.7 avg=17.33ms max=59.67ms gpuBehind=0
20:21:28.421 visibleSections=0 smartCull=true
20:21:30.523 frame_time fps=51.6 avg=19.36ms max=146.27ms gpuBehind=0
20:21:33.432 visibleSections=0 smartCull=true
20:21:35.529 frame_time fps=56.5 avg=17.70ms max=86.82ms gpuBehind=0
==== Metallum diag start ====
20:48:47.898 createBuffer stack sample #1:
  knot//net.minecraft.class_11285.<init>(class_11285.java:29)
  knot//net.minecraft.class_11280.<init>(class_11280.java:33)
  knot//net.minecraft.class_11282.<init>(class_11282.java:34)
  knot//com.mojang.blaze3d.systems.RenderSystem.handler$zep000$metallum$createMetalDevice(RenderSystem.java:553)
  knot//com.mojang.blaze3d.systems.RenderSystem.initRenderer(RenderSystem.java)
  knot//net.minecraft.class_310.<init>(class_310.java:533)
  knot//net.minecraft.client.main.Main.main(Main.java:234)
  net.fabricmc.loader.impl.game.minecraft.MinecraftGameProvider.launch(MinecraftGameProvider.java:514)
  net.fabricmc.loader.impl.launch.knot.Knot.launch(Knot.java:72)
  net.fabricmc.loader.impl.launch.knot.KnotClient.main(KnotClient.java:23)
  java.base/jdk.internal.reflect.DirectMethodHandleAccessor.invoke(Unknown Source)
  java.base/java.lang.reflect.Method.invoke(Unknown Source)
20:48:47.900 createBuffer stack sample #2:
  knot//net.minecraft.class_11285.<init>(class_11285.java:29)
  knot//net.minecraft.class_11280.<init>(class_11280.java:33)
  knot//net.minecraft.class_11282.<init>(class_11282.java:34)
  knot//com.mojang.blaze3d.systems.RenderSystem.handler$zep000$metallum$createMetalDevice(RenderSystem.java:553)
  knot//com.mojang.blaze3d.systems.RenderSystem.initRenderer(RenderSystem.java)
  knot//net.minecraft.class_310.<init>(class_310.java:533)
  knot//net.minecraft.client.main.Main.main(Main.java:234)
  net.fabricmc.loader.impl.game.minecraft.MinecraftGameProvider.launch(MinecraftGameProvider.java:514)
  net.fabricmc.loader.impl.launch.knot.Knot.launch(Knot.java:72)
  net.fabricmc.loader.impl.launch.knot.KnotClient.main(KnotClient.java:23)
  java.base/jdk.internal.reflect.DirectMethodHandleAccessor.invoke(Unknown Source)
  java.base/java.lang.reflect.Method.invoke(Unknown Source)
20:48:47.900 createBuffer stack sample #3:
  knot//net.minecraft.class_11285.<init>(class_11285.java:29)
  knot//net.minecraft.class_11280.<init>(class_11280.java:33)
  knot//net.minecraft.class_11282.<init>(class_11282.java:34)
  knot//com.mojang.blaze3d.systems.RenderSystem.handler$zep000$metallum$createMetalDevice(RenderSystem.java:553)
  knot//com.mojang.blaze3d.systems.RenderSystem.initRenderer(RenderSystem.java)
  knot//net.minecraft.class_310.<init>(class_310.java:533)
  knot//net.minecraft.client.main.Main.main(Main.java:234)
  net.fabricmc.loader.impl.game.minecraft.MinecraftGameProvider.launch(MinecraftGameProvider.java:514)
  net.fabricmc.loader.impl.launch.knot.Knot.launch(Knot.java:72)
  net.fabricmc.loader.impl.launch.knot.KnotClient.main(KnotClient.java:23)
  java.base/jdk.internal.reflect.DirectMethodHandleAccessor.invoke(Unknown Source)
  java.base/java.lang.reflect.Method.invoke(Unknown Source)
20:48:47.900 createBuffer stack sample #4:
  knot//net.minecraft.class_11285.<init>(class_11285.java:29)
  knot//net.minecraft.class_11280.<init>(class_11280.java:33)
  knot//net.minecraft.class_11282.<init>(class_11282.java:35)
  knot//com.mojang.blaze3d.systems.RenderSystem.handler$zep000$metallum$createMetalDevice(RenderSystem.java:553)
  knot//com.mojang.blaze3d.systems.RenderSystem.initRenderer(RenderSystem.java)
  knot//net.minecraft.class_310.<init>(class_310.java:533)
  knot//net.minecraft.client.main.Main.main(Main.java:234)
  net.fabricmc.loader.impl.game.minecraft.MinecraftGameProvider.launch(MinecraftGameProvider.java:514)
  net.fabricmc.loader.impl.launch.knot.Knot.launch(Knot.java:72)
  net.fabricmc.loader.impl.launch.knot.KnotClient.main(KnotClient.java:23)
  java.base/jdk.internal.reflect.DirectMethodHandleAccessor.invoke(Unknown Source)
  java.base/java.lang.reflect.Method.invoke(Unknown Source)
20:48:47.900 createBuffer stack sample #5:
  knot//net.minecraft.class_11285.<init>(class_11285.java:29)
  knot//net.minecraft.class_11280.<init>(class_11280.java:33)
  knot//net.minecraft.class_11282.<init>(class_11282.java:35)
  knot//com.mojang.blaze3d.systems.RenderSystem.handler$zep000$metallum$createMetalDevice(RenderSystem.java:553)
  knot//com.mojang.blaze3d.systems.RenderSystem.initRenderer(RenderSystem.java)
  knot//net.minecraft.class_310.<init>(class_310.java:533)
  knot//net.minecraft.client.main.Main.main(Main.java:234)
  net.fabricmc.loader.impl.game.minecraft.MinecraftGameProvider.launch(MinecraftGameProvider.java:514)
  net.fabricmc.loader.impl.launch.knot.Knot.launch(Knot.java:72)
  net.fabricmc.loader.impl.launch.knot.KnotClient.main(KnotClient.java:23)
  java.base/jdk.internal.reflect.DirectMethodHandleAccessor.invoke(Unknown Source)
  java.base/java.lang.reflect.Method.invoke(Unknown Source)
20:48:48.437 buffers total=42 | usage=0x82 count=15 req=0.0MB alloc=0.0MB | usage=0x22 count=6 req=0.0MB alloc=0.0MB | usage=0x3 count=2 req=1.5MB alloc=1.5MB | usage=0x88 count=15 req=0.0MB alloc=0.0MB | usage=0x28 count=3 req=0.0MB alloc=0.0MB | usage=0x48 count=1 req=0.0MB alloc=0.0MB | sum count=42 req=1.5MB alloc=1.5MB | poolHit=0 poolMiss=42 poolReturn=0 poolHitRate=0%
20:48:53.443 frame_time fps=54.3 avg=18.41ms max=167.17ms gpuBehind=0
20:48:58.459 frame_time fps=54.8 avg=18.25ms max=192.02ms gpuBehind=0
20:48:59.178 visibleSections=0 smartCull=true
20:49:03.476 frame_time fps=51.2 avg=19.54ms max=145.57ms gpuBehind=0
20:49:04.193 visibleSections=0 smartCull=true
==== Metallum diag start ====
21:30:10.480 createBuffer stack sample #1:
  knot//net.minecraft.class_11285.<init>(class_11285.java:29)
  knot//net.minecraft.class_11280.<init>(class_11280.java:33)
  knot//net.minecraft.class_11282.<init>(class_11282.java:34)
  knot//com.mojang.blaze3d.systems.RenderSystem.handler$zep000$metallum$createMetalDevice(RenderSystem.java:553)
  knot//com.mojang.blaze3d.systems.RenderSystem.initRenderer(RenderSystem.java)
  knot//net.minecraft.class_310.<init>(class_310.java:533)
  knot//net.minecraft.client.main.Main.main(Main.java:234)
  net.fabricmc.loader.impl.game.minecraft.MinecraftGameProvider.launch(MinecraftGameProvider.java:514)
  net.fabricmc.loader.impl.launch.knot.Knot.launch(Knot.java:72)
  net.fabricmc.loader.impl.launch.knot.KnotClient.main(KnotClient.java:23)
  java.base/jdk.internal.reflect.DirectMethodHandleAccessor.invoke(Unknown Source)
  java.base/java.lang.reflect.Method.invoke(Unknown Source)
21:30:10.481 createBuffer stack sample #2:
  knot//net.minecraft.class_11285.<init>(class_11285.java:29)
  knot//net.minecraft.class_11280.<init>(class_11280.java:33)
  knot//net.minecraft.class_11282.<init>(class_11282.java:34)
  knot//com.mojang.blaze3d.systems.RenderSystem.handler$zep000$metallum$createMetalDevice(RenderSystem.java:553)
  knot//com.mojang.blaze3d.systems.RenderSystem.initRenderer(RenderSystem.java)
  knot//net.minecraft.class_310.<init>(class_310.java:533)
  knot//net.minecraft.client.main.Main.main(Main.java:234)
  net.fabricmc.loader.impl.game.minecraft.MinecraftGameProvider.launch(MinecraftGameProvider.java:514)
  net.fabricmc.loader.impl.launch.knot.Knot.launch(Knot.java:72)
  net.fabricmc.loader.impl.launch.knot.KnotClient.main(KnotClient.java:23)
  java.base/jdk.internal.reflect.DirectMethodHandleAccessor.invoke(Unknown Source)
  java.base/java.lang.reflect.Method.invoke(Unknown Source)
21:30:10.481 createBuffer stack sample #3:
  knot//net.minecraft.class_11285.<init>(class_11285.java:29)
  knot//net.minecraft.class_11280.<init>(class_11280.java:33)
  knot//net.minecraft.class_11282.<init>(class_11282.java:34)
  knot//com.mojang.blaze3d.systems.RenderSystem.handler$zep000$metallum$createMetalDevice(RenderSystem.java:553)
  knot//com.mojang.blaze3d.systems.RenderSystem.initRenderer(RenderSystem.java)
  knot//net.minecraft.class_310.<init>(class_310.java:533)
  knot//net.minecraft.client.main.Main.main(Main.java:234)
  net.fabricmc.loader.impl.game.minecraft.MinecraftGameProvider.launch(MinecraftGameProvider.java:514)
  net.fabricmc.loader.impl.launch.knot.Knot.launch(Knot.java:72)
  net.fabricmc.loader.impl.launch.knot.KnotClient.main(KnotClient.java:23)
  java.base/jdk.internal.reflect.DirectMethodHandleAccessor.invoke(Unknown Source)
  java.base/java.lang.reflect.Method.invoke(Unknown Source)
21:30:10.481 createBuffer stack sample #4:
  knot//net.minecraft.class_11285.<init>(class_11285.java:29)
  knot//net.minecraft.class_11280.<init>(class_11280.java:33)
  knot//net.minecraft.class_11282.<init>(class_11282.java:35)
  knot//com.mojang.blaze3d.systems.RenderSystem.handler$zep000$metallum$createMetalDevice(RenderSystem.java:553)
  knot//com.mojang.blaze3d.systems.RenderSystem.initRenderer(RenderSystem.java)
  knot//net.minecraft.class_310.<init>(class_310.java:533)
  knot//net.minecraft.client.main.Main.main(Main.java:234)
  net.fabricmc.loader.impl.game.minecraft.MinecraftGameProvider.launch(MinecraftGameProvider.java:514)
  net.fabricmc.loader.impl.launch.knot.Knot.launch(Knot.java:72)
  net.fabricmc.loader.impl.launch.knot.KnotClient.main(KnotClient.java:23)
  java.base/jdk.internal.reflect.DirectMethodHandleAccessor.invoke(Unknown Source)
  java.base/java.lang.reflect.Method.invoke(Unknown Source)
21:30:10.481 createBuffer stack sample #5:
  knot//net.minecraft.class_11285.<init>(class_11285.java:29)
  knot//net.minecraft.class_11280.<init>(class_11280.java:33)
  knot//net.minecraft.class_11282.<init>(class_11282.java:35)
  knot//com.mojang.blaze3d.systems.RenderSystem.handler$zep000$metallum$createMetalDevice(RenderSystem.java:553)
  knot//com.mojang.blaze3d.systems.RenderSystem.initRenderer(RenderSystem.java)
  knot//net.minecraft.class_310.<init>(class_310.java:533)
  knot//net.minecraft.client.main.Main.main(Main.java:234)
  net.fabricmc.loader.impl.game.minecraft.MinecraftGameProvider.launch(MinecraftGameProvider.java:514)
  net.fabricmc.loader.impl.launch.knot.Knot.launch(Knot.java:72)
  net.fabricmc.loader.impl.launch.knot.KnotClient.main(KnotClient.java:23)
  java.base/jdk.internal.reflect.DirectMethodHandleAccessor.invoke(Unknown Source)
  java.base/java.lang.reflect.Method.invoke(Unknown Source)
21:30:11.045 buffers total=42 | usage=0x82 count=15 req=0.0MB alloc=0.0MB | usage=0x22 count=6 req=0.0MB alloc=0.0MB | usage=0x3 count=2 req=1.5MB alloc=1.5MB | usage=0x88 count=15 req=0.0MB alloc=0.0MB | usage=0x28 count=3 req=0.0MB alloc=0.0MB | usage=0x48 count=1 req=0.0MB alloc=0.0MB | sum count=42 req=1.5MB alloc=1.5MB | poolHit=0 poolMiss=42 poolReturn=0 poolHitRate=0%
21:30:16.058 frame_time fps=53.2 avg=18.80ms max=129.50ms gpuBehind=0
21:30:21.074 frame_time fps=60.0 avg=16.67ms max=16.98ms gpuBehind=0
21:30:26.090 frame_time fps=60.0 avg=16.66ms max=16.99ms gpuBehind=0
21:30:30.401 visibleSections=0 smartCull=true
21:30:31.092 frame_time fps=45.6 avg=21.94ms max=400.06ms gpuBehind=0
21:30:36.107 frame_time fps=55.6 avg=17.97ms max=111.47ms gpuBehind=0
==== Metallum diag start ====
21:43:20.075 createBuffer stack sample #1:
  knot//net.minecraft.class_11285.<init>(class_11285.java:29)
  knot//net.minecraft.class_11280.<init>(class_11280.java:33)
  knot//net.minecraft.class_11282.<init>(class_11282.java:34)
  knot//com.mojang.blaze3d.systems.RenderSystem.handler$zep000$metallum$createMetalDevice(RenderSystem.java:553)
  knot//com.mojang.blaze3d.systems.RenderSystem.initRenderer(RenderSystem.java)
  knot//net.minecraft.class_310.<init>(class_310.java:533)
  knot//net.minecraft.client.main.Main.main(Main.java:234)
  net.fabricmc.loader.impl.game.minecraft.MinecraftGameProvider.launch(MinecraftGameProvider.java:514)
  net.fabricmc.loader.impl.launch.knot.Knot.launch(Knot.java:72)
  net.fabricmc.loader.impl.launch.knot.KnotClient.main(KnotClient.java:23)
  java.base/jdk.internal.reflect.DirectMethodHandleAccessor.invoke(Unknown Source)
  java.base/java.lang.reflect.Method.invoke(Unknown Source)
21:43:20.076 createBuffer stack sample #2:
  knot//net.minecraft.class_11285.<init>(class_11285.java:29)
  knot//net.minecraft.class_11280.<init>(class_11280.java:33)
  knot//net.minecraft.class_11282.<init>(class_11282.java:34)
  knot//com.mojang.blaze3d.systems.RenderSystem.handler$zep000$metallum$createMetalDevice(RenderSystem.java:553)
  knot//com.mojang.blaze3d.systems.RenderSystem.initRenderer(RenderSystem.java)
  knot//net.minecraft.class_310.<init>(class_310.java:533)
  knot//net.minecraft.client.main.Main.main(Main.java:234)
  net.fabricmc.loader.impl.game.minecraft.MinecraftGameProvider.launch(MinecraftGameProvider.java:514)
  net.fabricmc.loader.impl.launch.knot.Knot.launch(Knot.java:72)
  net.fabricmc.loader.impl.launch.knot.KnotClient.main(KnotClient.java:23)
  java.base/jdk.internal.reflect.DirectMethodHandleAccessor.invoke(Unknown Source)
  java.base/java.lang.reflect.Method.invoke(Unknown Source)
21:43:20.076 createBuffer stack sample #3:
  knot//net.minecraft.class_11285.<init>(class_11285.java:29)
  knot//net.minecraft.class_11280.<init>(class_11280.java:33)
  knot//net.minecraft.class_11282.<init>(class_11282.java:34)
  knot//com.mojang.blaze3d.systems.RenderSystem.handler$zep000$metallum$createMetalDevice(RenderSystem.java:553)
  knot//com.mojang.blaze3d.systems.RenderSystem.initRenderer(RenderSystem.java)
  knot//net.minecraft.class_310.<init>(class_310.java:533)
  knot//net.minecraft.client.main.Main.main(Main.java:234)
  net.fabricmc.loader.impl.game.minecraft.MinecraftGameProvider.launch(MinecraftGameProvider.java:514)
  net.fabricmc.loader.impl.launch.knot.Knot.launch(Knot.java:72)
  net.fabricmc.loader.impl.launch.knot.KnotClient.main(KnotClient.java:23)
  java.base/jdk.internal.reflect.DirectMethodHandleAccessor.invoke(Unknown Source)
  java.base/java.lang.reflect.Method.invoke(Unknown Source)
21:43:20.076 createBuffer stack sample #4:
  knot//net.minecraft.class_11285.<init>(class_11285.java:29)
  knot//net.minecraft.class_11280.<init>(class_11280.java:33)
  knot//net.minecraft.class_11282.<init>(class_11282.java:35)
  knot//com.mojang.blaze3d.systems.RenderSystem.handler$zep000$metallum$createMetalDevice(RenderSystem.java:553)
  knot//com.mojang.blaze3d.systems.RenderSystem.initRenderer(RenderSystem.java)
  knot//net.minecraft.class_310.<init>(class_310.java:533)
  knot//net.minecraft.client.main.Main.main(Main.java:234)
  net.fabricmc.loader.impl.game.minecraft.MinecraftGameProvider.launch(MinecraftGameProvider.java:514)
  net.fabricmc.loader.impl.launch.knot.Knot.launch(Knot.java:72)
  net.fabricmc.loader.impl.launch.knot.KnotClient.main(KnotClient.java:23)
  java.base/jdk.internal.reflect.DirectMethodHandleAccessor.invoke(Unknown Source)
  java.base/java.lang.reflect.Method.invoke(Unknown Source)
21:43:20.076 createBuffer stack sample #5:
  knot//net.minecraft.class_11285.<init>(class_11285.java:29)
  knot//net.minecraft.class_11280.<init>(class_11280.java:33)
  knot//net.minecraft.class_11282.<init>(class_11282.java:35)
  knot//com.mojang.blaze3d.systems.RenderSystem.handler$zep000$metallum$createMetalDevice(RenderSystem.java:553)
  knot//com.mojang.blaze3d.systems.RenderSystem.initRenderer(RenderSystem.java)
  knot//net.minecraft.class_310.<init>(class_310.java:533)
  knot//net.minecraft.client.main.Main.main(Main.java:234)
  net.fabricmc.loader.impl.game.minecraft.MinecraftGameProvider.launch(MinecraftGameProvider.java:514)
  net.fabricmc.loader.impl.launch.knot.Knot.launch(Knot.java:72)
  net.fabricmc.loader.impl.launch.knot.KnotClient.main(KnotClient.java:23)
  java.base/jdk.internal.reflect.DirectMethodHandleAccessor.invoke(Unknown Source)
  java.base/java.lang.reflect.Method.invoke(Unknown Source)
21:43:20.614 buffers total=42 | usage=0x82 count=15 req=0.0MB alloc=0.0MB | usage=0x22 count=6 req=0.0MB alloc=0.0MB | usage=0x3 count=2 req=1.5MB alloc=1.5MB | usage=0x88 count=15 req=0.0MB alloc=0.0MB | usage=0x28 count=3 req=0.0MB alloc=0.0MB | usage=0x48 count=1 req=0.0MB alloc=0.0MB | sum count=42 req=1.5MB alloc=1.5MB | poolHit=0 poolMiss=42 poolReturn=0 poolHitRate=0%
21:43:25.625 frame_time fps=54.6 avg=18.32ms max=125.44ms gpuBehind=0
21:43:29.848 visibleSections=0 smartCull=true
21:43:30.642 frame_time fps=46.4 avg=21.57ms max=384.16ms gpuBehind=0
==== Metallum diag start ====
00:30:54.686 [diag] Z clip-space remap MISS on minecraft:pipeline/gui fragment: FLIP_VERTEX_Y pattern not found, z is NOT remapped to [0,1] (depth may be wrong)
00:30:54.715 [diag] Z clip-space remap MISS on minecraft:pipeline/gui_textured fragment: FLIP_VERTEX_Y pattern not found, z is NOT remapped to [0,1] (depth may be wrong)
00:30:54.865 [diag] Z clip-space remap MISS on minecraft:pipeline/mojang_logo fragment: FLIP_VERTEX_Y pattern not found, z is NOT remapped to [0,1] (depth may be wrong)
00:30:54.875 buffers total=42 | usage=0x82 count=15 req=0.0MB alloc=0.0MB | usage=0x22 count=6 req=0.0MB alloc=0.0MB | usage=0x3 count=2 req=1.5MB alloc=1.5MB | usage=0x88 count=15 req=0.0MB alloc=0.0MB | usage=0x28 count=3 req=0.0MB alloc=0.0MB | usage=0x48 count=1 req=0.0MB alloc=0.0MB | sum count=42 req=1.5MB alloc=1.5MB | poolHit=0 poolMiss=42 poolReturn=0 poolHitRate=0%
00:30:55.643 [diag] Z clip-space remap MISS on minecraft:pipeline/text_intensity fragment: FLIP_VERTEX_Y pattern not found, z is NOT remapped to [0,1] (depth may be wrong)
00:30:55.674 [diag] Z clip-space remap MISS on minecraft:pipeline/entity_smooth_cutout fragment: FLIP_VERTEX_Y pattern not found, z is NOT remapped to [0,1] (depth may be wrong)
00:30:55.703 [diag] Z clip-space remap MISS on minecraft:pipeline/gui_text_intensity fragment: FLIP_VERTEX_Y pattern not found, z is NOT remapped to [0,1] (depth may be wrong)
00:30:55.728 [diag] Z clip-space remap MISS on minecraft:pipeline/entity_outline_blit fragment: FLIP_VERTEX_Y pattern not found, z is NOT remapped to [0,1] (depth may be wrong)
00:30:55.756 [diag] Z clip-space remap MISS on minecraft:pipeline/translucent_terrain fragment: FLIP_VERTEX_Y pattern not found, z is NOT remapped to [0,1] (depth may be wrong)
00:30:55.781 [diag] Z clip-space remap MISS on minecraft:pipeline/mojang_logo fragment: FLIP_VERTEX_Y pattern not found, z is NOT remapped to [0,1] (depth may be wrong)
00:30:55.806 [diag] Z clip-space remap MISS on minecraft:pipeline/end_sky fragment: FLIP_VERTEX_Y pattern not found, z is NOT remapped to [0,1] (depth may be wrong)
00:30:55.832 [diag] Z clip-space remap MISS on minecraft:pipeline/translucent_moving_block fragment: FLIP_VERTEX_Y pattern not found, z is NOT remapped to [0,1] (depth may be wrong)
00:30:55.857 [diag] Z clip-space remap MISS on minecraft:pipeline/debug_quads fragment: FLIP_VERTEX_Y pattern not found, z is NOT remapped to [0,1] (depth may be wrong)
00:30:55.882 [diag] Z clip-space remap MISS on minecraft:pipeline/block_screen_effect fragment: FLIP_VERTEX_Y pattern not found, z is NOT remapped to [0,1] (depth may be wrong)
00:30:55.908 [diag] Z clip-space remap MISS on minecraft:pipeline/breeze_wind fragment: FLIP_VERTEX_Y pattern not found, z is NOT remapped to [0,1] (depth may be wrong)
00:30:55.933 [diag] Z clip-space remap MISS on minecraft:pipeline/outline_cull fragment: FLIP_VERTEX_Y pattern not found, z is NOT remapped to [0,1] (depth may be wrong)
00:30:55.959 [diag] Z clip-space remap MISS on minecraft:pipeline/flat_clouds fragment: FLIP_VERTEX_Y pattern not found, z is NOT remapped to [0,1] (depth may be wrong)
00:30:55.984 [diag] Z clip-space remap MISS on minecraft:pipeline/gui_textured fragment: FLIP_VERTEX_Y pattern not found, z is NOT remapped to [0,1] (depth may be wrong)
00:30:56.009 [diag] Z clip-space remap MISS on minecraft:pipeline/gui_text_highlight fragment: FLIP_VERTEX_Y pattern not found, z is NOT remapped to [0,1] (depth may be wrong)
00:30:56.033 [diag] Z clip-space remap MISS on minecraft:pipeline/water_mask fragment: FLIP_VERTEX_Y pattern not found, z is NOT remapped to [0,1] (depth may be wrong)
00:30:56.059 [diag] Z clip-space remap MISS on minecraft:pipeline/clouds fragment: FLIP_VERTEX_Y pattern not found, z is NOT remapped to [0,1] (depth may be wrong)
00:30:56.085 [diag] Z clip-space remap MISS on minecraft:pipeline/item_entity_translucent_cull fragment: FLIP_VERTEX_Y pattern not found, z is NOT remapped to [0,1] (depth may be wrong)
00:30:56.112 [diag] Z clip-space remap MISS on minecraft:pipeline/weather_depth_write fragment: FLIP_VERTEX_Y pattern not found, z is NOT remapped to [0,1] (depth may be wrong)
00:30:56.137 [diag] Z clip-space remap MISS on minecraft:pipeline/world_border fragment: FLIP_VERTEX_Y pattern not found, z is NOT remapped to [0,1] (depth may be wrong)
00:30:56.162 [diag] Z clip-space remap MISS on minecraft:pipeline/text_background fragment: FLIP_VERTEX_Y pattern not found, z is NOT remapped to [0,1] (depth may be wrong)
00:30:56.189 [diag] Z clip-space remap MISS on minecraft:pipeline/entity_translucent fragment: FLIP_VERTEX_Y pattern not found, z is NOT remapped to [0,1] (depth may be wrong)
00:30:56.214 [diag] Z clip-space remap MISS on minecraft:pipeline/gui_text fragment: FLIP_VERTEX_Y pattern not found, z is NOT remapped to [0,1] (depth may be wrong)
00:30:56.240 [diag] Z clip-space remap MISS on minecraft:pipeline/text_polygon_offset fragment: FLIP_VERTEX_Y pattern not found, z is NOT remapped to [0,1] (depth may be wrong)
00:30:56.265 [diag] Z clip-space remap MISS on minecraft:pipeline/lines_translucent fragment: FLIP_VERTEX_Y pattern not found, z is NOT remapped to [0,1] (depth may be wrong)
00:30:56.290 [diag] Z clip-space remap MISS on minecraft:pipeline/text_intensity_see_through fragment: FLIP_VERTEX_Y pattern not found, z is NOT remapped to [0,1] (depth may be wrong)
00:30:56.314 [diag] Z clip-space remap MISS on minecraft:pipeline/gui fragment: FLIP_VERTEX_Y pattern not found, z is NOT remapped to [0,1] (depth may be wrong)
00:30:56.339 [diag] Z clip-space remap MISS on minecraft:pipeline/gui_nausea_overlay fragment: FLIP_VERTEX_Y pattern not found, z is NOT remapped to [0,1] (depth may be wrong)
00:30:56.365 [diag] Z clip-space remap MISS on minecraft:pipeline/solid_terrain fragment: FLIP_VERTEX_Y pattern not found, z is NOT remapped to [0,1] (depth may be wrong)
00:30:56.390 [diag] Z clip-space remap MISS on minecraft:pipeline/outline_no_cull fragment: FLIP_VERTEX_Y pattern not found, z is NOT remapped to [0,1] (depth may be wrong)
00:30:56.415 [diag] Z clip-space remap MISS on minecraft:pipeline/solid_block fragment: FLIP_VERTEX_Y pattern not found, z is NOT remapped to [0,1] (depth may be wrong)
00:30:56.439 [diag] Z clip-space remap MISS on minecraft:pipeline/gui_opaque_textured_background fragment: FLIP_VERTEX_Y pattern not found, z is NOT remapped to [0,1] (depth may be wrong)
00:30:56.464 [diag] Z clip-space remap MISS on minecraft:pipeline/text fragment: FLIP_VERTEX_Y pattern not found, z is NOT remapped to [0,1] (depth may be wrong)
00:30:56.490 [diag] Z clip-space remap MISS on minecraft:pipeline/entity_solid fragment: FLIP_VERTEX_Y pattern not found, z is NOT remapped to [0,1] (depth may be wrong)
00:30:56.514 [diag] Z clip-space remap MISS on minecraft:pipeline/debug_filled_box fragment: FLIP_VERTEX_Y pattern not found, z is NOT remapped to [0,1] (depth may be wrong)
00:30:56.539 [diag] Z clip-space remap MISS on minecraft:pipeline/text_see_through fragment: FLIP_VERTEX_Y pattern not found, z is NOT remapped to [0,1] (depth may be wrong)
00:30:56.564 [diag] Z clip-space remap MISS on minecraft:pipeline/armor_decal_cutout_no_cull fragment: FLIP_VERTEX_Y pattern not found, z is NOT remapped to [0,1] (depth may be wrong)
00:30:56.589 [diag] Z clip-space remap MISS on minecraft:pipeline/fire_screen_effect fragment: FLIP_VERTEX_Y pattern not found, z is NOT remapped to [0,1] (depth may be wrong)
00:30:56.614 [diag] Z clip-space remap MISS on minecraft:pipeline/secondary_block_outline fragment: FLIP_VERTEX_Y pattern not found, z is NOT remapped to [0,1] (depth may be wrong)
00:30:56.639 [diag] Z clip-space remap MISS on minecraft:pipeline/glint fragment: FLIP_VERTEX_Y pattern not found, z is NOT remapped to [0,1] (depth may be wrong)
00:30:56.665 [diag] Z clip-space remap MISS on minecraft:pipeline/eyes fragment: FLIP_VERTEX_Y pattern not found, z is NOT remapped to [0,1] (depth may be wrong)
00:30:56.691 [diag] Z clip-space remap MISS on minecraft:pipeline/cutout_terrain fragment: FLIP_VERTEX_Y pattern not found, z is NOT remapped to [0,1] (depth may be wrong)
00:30:56.717 [diag] Z clip-space remap MISS on minecraft:pipeline/entity_cutout_no_cull fragment: FLIP_VERTEX_Y pattern not found, z is NOT remapped to [0,1] (depth may be wrong)
00:30:56.742 [diag] Z clip-space remap MISS on minecraft:pipeline/tripwire_block fragment: FLIP_VERTEX_Y pattern not found, z is NOT remapped to [0,1] (depth may be wrong)
00:30:56.768 [diag] Z clip-space remap MISS on minecraft:pipeline/entity_translucent_emissive fragment: FLIP_VERTEX_Y pattern not found, z is NOT remapped to [0,1] (depth may be wrong)
00:30:56.792 [diag] Z clip-space remap MISS on minecraft:pipeline/gui_invert fragment: FLIP_VERTEX_Y pattern not found, z is NOT remapped to [0,1] (depth may be wrong)
00:30:56.818 [diag] Z clip-space remap MISS on minecraft:pipeline/entity_cutout_no_cull_z_offset fragment: FLIP_VERTEX_Y pattern not found, z is NOT remapped to [0,1] (depth may be wrong)
00:30:56.842 [diag] Z clip-space remap MISS on minecraft:pipeline/debug_points fragment: FLIP_VERTEX_Y pattern not found, z is NOT remapped to [0,1] (depth may be wrong)
00:30:56.867 [diag] Z clip-space remap MISS on minecraft:pipeline/translucent_particle fragment: FLIP_VERTEX_Y pattern not found, z is NOT remapped to [0,1] (depth may be wrong)
00:30:56.892 [diag] Z clip-space remap MISS on minecraft:pipeline/gui_textured_premultiplied_alpha fragment: FLIP_VERTEX_Y pattern not found, z is NOT remapped to [0,1] (depth may be wrong)
00:30:56.917 [diag] Z clip-space remap MISS on minecraft:pipeline/opaque_particle fragment: FLIP_VERTEX_Y pattern not found, z is NOT remapped to [0,1] (depth may be wrong)
00:30:56.942 [diag] Z clip-space remap MISS on minecraft:pipeline/entity_solid_offset_forward fragment: FLIP_VERTEX_Y pattern not found, z is NOT remapped to [0,1] (depth may be wrong)
00:30:56.968 [diag] Z clip-space remap MISS on minecraft:pipeline/entity_cutout fragment: FLIP_VERTEX_Y pattern not found, z is NOT remapped to [0,1] (depth may be wrong)
00:30:56.992 [diag] Z clip-space remap MISS on minecraft:pipeline/sunrise_sunset fragment: FLIP_VERTEX_Y pattern not found, z is NOT remapped to [0,1] (depth may be wrong)
00:30:57.016 [diag] Z clip-space remap MISS on minecraft:pipeline/debug_triangle_fan fragment: FLIP_VERTEX_Y pattern not found, z is NOT remapped to [0,1] (depth may be wrong)
00:30:57.041 [diag] Z clip-space remap MISS on minecraft:pipeline/leash fragment: FLIP_VERTEX_Y pattern not found, z is NOT remapped to [0,1] (depth may be wrong)
00:30:57.067 [diag] Z clip-space remap MISS on minecraft:pipeline/entity_no_outline fragment: FLIP_VERTEX_Y pattern not found, z is NOT remapped to [0,1] (depth may be wrong)
00:30:57.092 [diag] Z clip-space remap MISS on minecraft:pipeline/dragon_rays fragment: FLIP_VERTEX_Y pattern not found, z is NOT remapped to [0,1] (depth may be wrong)
00:30:57.117 [diag] Z clip-space remap MISS on minecraft:pipeline/lines fragment: FLIP_VERTEX_Y pattern not found, z is NOT remapped to [0,1] (depth may be wrong)
00:30:57.141 [diag] Z clip-space remap MISS on minecraft:pipeline/animate_sprite_interpolate fragment: FLIP_VERTEX_Y pattern not found, z is NOT remapped to [0,1] (depth may be wrong)
00:30:57.167 [diag] Z clip-space remap MISS on minecraft:pipeline/energy_swirl fragment: FLIP_VERTEX_Y pattern not found, z is NOT remapped to [0,1] (depth may be wrong)
00:30:57.192 [diag] Z clip-space remap MISS on minecraft:pipeline/beacon_beam_translucent fragment: FLIP_VERTEX_Y pattern not found, z is NOT remapped to [0,1] (depth may be wrong)
00:30:57.218 [diag] Z clip-space remap MISS on minecraft:pipeline/wireframe fragment: FLIP_VERTEX_Y pattern not found, z is NOT remapped to [0,1] (depth may be wrong)
00:30:57.243 [diag] Z clip-space remap MISS on minecraft:pipeline/entity_shadow fragment: FLIP_VERTEX_Y pattern not found, z is NOT remapped to [0,1] (depth may be wrong)
00:30:57.268 [diag] Z clip-space remap MISS on minecraft:pipeline/dragon_explosion_alpha fragment: FLIP_VERTEX_Y pattern not found, z is NOT remapped to [0,1] (depth may be wrong)
00:30:57.293 [diag] Z clip-space remap MISS on minecraft:pipeline/weather_no_depth_write fragment: FLIP_VERTEX_Y pattern not found, z is NOT remapped to [0,1] (depth may be wrong)
00:30:57.318 [diag] Z clip-space remap MISS on minecraft:pipeline/dragon_rays_depth fragment: FLIP_VERTEX_Y pattern not found, z is NOT remapped to [0,1] (depth may be wrong)
00:30:57.343 [diag] Z clip-space remap MISS on minecraft:pipeline/vignette fragment: FLIP_VERTEX_Y pattern not found, z is NOT remapped to [0,1] (depth may be wrong)
00:30:57.369 [diag] Z clip-space remap MISS on minecraft:pipeline/entity_decal fragment: FLIP_VERTEX_Y pattern not found, z is NOT remapped to [0,1] (depth may be wrong)
00:30:57.394 [diag] Z clip-space remap MISS on minecraft:pipeline/beacon_beam_opaque fragment: FLIP_VERTEX_Y pattern not found, z is NOT remapped to [0,1] (depth may be wrong)
00:30:57.419 [diag] Z clip-space remap MISS on minecraft:pipeline/armor_translucent fragment: FLIP_VERTEX_Y pattern not found, z is NOT remapped to [0,1] (depth may be wrong)
00:30:57.444 [diag] Z clip-space remap MISS on minecraft:pipeline/cutout_block fragment: FLIP_VERTEX_Y pattern not found, z is NOT remapped to [0,1] (depth may be wrong)
00:30:57.470 [diag] Z clip-space remap MISS on minecraft:pipeline/armor_cutout_no_cull fragment: FLIP_VERTEX_Y pattern not found, z is NOT remapped to [0,1] (depth may be wrong)
00:30:57.494 [diag] Z clip-space remap MISS on minecraft:pipeline/stars fragment: FLIP_VERTEX_Y pattern not found, z is NOT remapped to [0,1] (depth may be wrong)
00:30:57.519 [diag] Z clip-space remap MISS on minecraft:pipeline/celestial fragment: FLIP_VERTEX_Y pattern not found, z is NOT remapped to [0,1] (depth may be wrong)
00:30:57.545 [diag] Z clip-space remap MISS on minecraft:pipeline/end_gateway fragment: FLIP_VERTEX_Y pattern not found, z is NOT remapped to [0,1] (depth may be wrong)
00:30:57.570 [diag] Z clip-space remap MISS on minecraft:pipeline/crumbling fragment: FLIP_VERTEX_Y pattern not found, z is NOT remapped to [0,1] (depth may be wrong)
00:30:57.595 [diag] Z clip-space remap MISS on minecraft:pipeline/lightning fragment: FLIP_VERTEX_Y pattern not found, z is NOT remapped to [0,1] (depth may be wrong)
00:30:57.620 [diag] Z clip-space remap MISS on minecraft:pipeline/lightmap fragment: FLIP_VERTEX_Y pattern not found, z is NOT remapped to [0,1] (depth may be wrong)
00:30:57.645 [diag] Z clip-space remap MISS on minecraft:pipeline/tracy_blit fragment: FLIP_VERTEX_Y pattern not found, z is NOT remapped to [0,1] (depth may be wrong)
00:30:57.669 [diag] Z clip-space remap MISS on minecraft:pipeline/crosshair fragment: FLIP_VERTEX_Y pattern not found, z is NOT remapped to [0,1] (depth may be wrong)
00:30:57.695 [diag] Z clip-space remap MISS on minecraft:pipeline/tripwire_terrain fragment: FLIP_VERTEX_Y pattern not found, z is NOT remapped to [0,1] (depth may be wrong)
00:30:57.720 [diag] Z clip-space remap MISS on minecraft:pipeline/animate_sprite_blit fragment: FLIP_VERTEX_Y pattern not found, z is NOT remapped to [0,1] (depth may be wrong)
00:30:57.745 [diag] Z clip-space remap MISS on minecraft:pipeline/panorama fragment: FLIP_VERTEX_Y pattern not found, z is NOT remapped to [0,1] (depth may be wrong)
00:30:57.770 [diag] Z clip-space remap MISS on minecraft:pipeline/sky fragment: FLIP_VERTEX_Y pattern not found, z is NOT remapped to [0,1] (depth may be wrong)
00:30:57.795 [diag] Z clip-space remap MISS on minecraft:pipeline/text_background_see_through fragment: FLIP_VERTEX_Y pattern not found, z is NOT remapped to [0,1] (depth may be wrong)
00:30:57.821 [diag] Z clip-space remap MISS on minecraft:pipeline/end_portal fragment: FLIP_VERTEX_Y pattern not found, z is NOT remapped to [0,1] (depth may be wrong)
00:30:57.858 createBuffer stack sample #1:
  knot//com.metallum.client.metal.render.MetalDevice.createBuffer(MetalDevice.java:149)
  knot//net.minecraft.class_1059.method_45848(class_1059.java:116)
  knot//net.minecraft.class_11697$class_11699.method_73035(class_11697.java:168)
  knot//net.minecraft.class_11697$class_11700.method_73039(class_11697.java:212)
  java.base/java.util.ArrayList.forEach(Unknown Source)
  knot//net.minecraft.class_11697$class_11700.method_73037(class_11697.java:212)
  knot//net.minecraft.class_11697.method_76671(class_11697.java:146)
  knot//net.minecraft.class_11697.method_73029(class_11697.java:142)
  java.base/java.util.concurrent.CompletableFuture$UniAccept.tryFire(Unknown Source)
  java.base/java.util.concurrent.CompletableFuture$Completion.run(Unknown Source)
  knot//net.minecraft.class_4014.method_67574(class_4014.java:59)
  knot//net.minecraft.class_1255.method_18859(class_1255.java:169)
00:30:57.871 createBuffer stack sample #2:
  knot//com.metallum.client.metal.render.MetalDevice.createBuffer(MetalDevice.java:149)
  knot//net.minecraft.class_1059.method_76314(class_1059.java:173)
  knot//net.minecraft.class_1059.method_45848(class_1059.java:135)
  knot//net.minecraft.class_11697$class_11699.method_73035(class_11697.java:168)
  knot//net.minecraft.class_11697$class_11700.method_73039(class_11697.java:212)
  java.base/java.util.ArrayList.forEach(Unknown Source)
  knot//net.minecraft.class_11697$class_11700.method_73037(class_11697.java:212)
  knot//net.minecraft.class_11697.method_76671(class_11697.java:146)
  knot//net.minecraft.class_11697.method_73029(class_11697.java:142)
  java.base/java.util.concurrent.CompletableFuture$UniAccept.tryFire(Unknown Source)
  java.base/java.util.concurrent.CompletableFuture$Completion.run(Unknown Source)
  knot//net.minecraft.class_4014.method_67574(class_4014.java:59)
00:30:57.874 createBuffer stack sample #3:
  knot//com.metallum.client.metal.render.MetalDevice.createBuffer(MetalDevice.java:149)
  knot//net.minecraft.class_1059.method_76314(class_1059.java:173)
  knot//net.minecraft.class_1059.method_45848(class_1059.java:135)
  knot//net.minecraft.class_11697$class_11699.method_73035(class_11697.java:168)
  knot//net.minecraft.class_11697$class_11700.method_73039(class_11697.java:212)
  java.base/java.util.ArrayList.forEach(Unknown Source)
  knot//net.minecraft.class_11697$class_11700.method_73037(class_11697.java:212)
  knot//net.minecraft.class_11697.method_76671(class_11697.java:146)
  knot//net.minecraft.class_11697.method_73029(class_11697.java:142)
  java.base/java.util.concurrent.CompletableFuture$UniAccept.tryFire(Unknown Source)
  java.base/java.util.concurrent.CompletableFuture$Completion.run(Unknown Source)
  knot//net.minecraft.class_4014.method_67574(class_4014.java:59)
00:30:57.892 createBuffer stack sample #4:
  knot//com.metallum.client.metal.render.MetalDevice.createBuffer(MetalDevice.java:149)
  knot//net.minecraft.class_1059.method_76314(class_1059.java:173)
  knot//net.minecraft.class_1059.method_45848(class_1059.java:135)
  knot//net.minecraft.class_11697$class_11699.method_73035(class_11697.java:168)
  knot//net.minecraft.class_11697$class_11700.method_73039(class_11697.java:212)
  java.base/java.util.ArrayList.forEach(Unknown Source)
  knot//net.minecraft.class_11697$class_11700.method_73037(class_11697.java:212)
  knot//net.minecraft.class_11697.method_76671(class_11697.java:146)
  knot//net.minecraft.class_11697.method_73029(class_11697.java:142)
  java.base/java.util.concurrent.CompletableFuture$UniAccept.tryFire(Unknown Source)
  java.base/java.util.concurrent.CompletableFuture$Completion.run(Unknown Source)
  knot//net.minecraft.class_4014.method_67574(class_4014.java:59)
00:30:57.897 createBuffer stack sample #5:
  knot//com.metallum.client.metal.render.MetalDevice.createBuffer(MetalDevice.java:149)
  knot//net.minecraft.class_1059.method_76314(class_1059.java:173)
  knot//net.minecraft.class_1059.method_45848(class_1059.java:135)
  knot//net.minecraft.class_11697$class_11699.method_73035(class_11697.java:168)
  knot//net.minecraft.class_11697$class_11700.method_73039(class_11697.java:212)
  java.base/java.util.ArrayList.forEach(Unknown Source)
  knot//net.minecraft.class_11697$class_11700.method_73037(class_11697.java:212)
  knot//net.minecraft.class_11697.method_76671(class_11697.java:146)
  knot//net.minecraft.class_11697.method_73029(class_11697.java:142)
  java.base/java.util.concurrent.CompletableFuture$UniAccept.tryFire(Unknown Source)
  java.base/java.util.concurrent.CompletableFuture$Completion.run(Unknown Source)
  knot//net.minecraft.class_4014.method_67574(class_4014.java:59)
00:30:59.881 frame_time fps=54.6 avg=18.31ms max=149.53ms gpuBehind=0
00:31:04.898 frame_time fps=60.0 avg=16.67ms max=16.97ms gpuBehind=0
00:31:05.581 [diag] Z clip-space remap MISS on minecraft:blur/0 fragment: FLIP_VERTEX_Y pattern not found, z is NOT remapped to [0,1] (depth may be wrong)
00:31:05.608 [diag] Z clip-space remap MISS on minecraft:blur/1 fragment: FLIP_VERTEX_Y pattern not found, z is NOT remapped to [0,1] (depth may be wrong)
00:31:05.633 [diag] Z clip-space remap MISS on minecraft:blur/2 fragment: FLIP_VERTEX_Y pattern not found, z is NOT remapped to [0,1] (depth may be wrong)
00:31:05.658 [diag] Z clip-space remap MISS on minecraft:blur/3 fragment: FLIP_VERTEX_Y pattern not found, z is NOT remapped to [0,1] (depth may be wrong)
00:31:05.683 [diag] Z clip-space remap MISS on minecraft:blur/4 fragment: FLIP_VERTEX_Y pattern not found, z is NOT remapped to [0,1] (depth may be wrong)
00:31:05.708 [diag] Z clip-space remap MISS on minecraft:blur/5 fragment: FLIP_VERTEX_Y pattern not found, z is NOT remapped to [0,1] (depth may be wrong)
00:31:09.294 visibleSections=0 smartCull=true
00:31:09.919 frame_time fps=50.3 avg=19.87ms max=177.99ms gpuBehind=0
00:31:14.314 visibleSections=284 smartCull=true
00:31:14.932 frame_time fps=53.5 avg=18.71ms max=76.26ms gpuBehind=0
00:31:19.350 visibleSections=510 smartCull=true
00:31:19.950 frame_time fps=55.4 avg=18.05ms max=105.38ms gpuBehind=0
00:31:24.365 visibleSections=525 smartCull=true
00:31:24.963 frame_time fps=57.5 avg=17.41ms max=88.81ms gpuBehind=0
00:31:29.367 visibleSections=629 smartCull=true
00:31:30.044 frame_time fps=55.5 avg=18.01ms max=87.81ms gpuBehind=0
00:31:34.381 visibleSections=689 smartCull=true
00:31:35.056 frame_time fps=58.1 avg=17.22ms max=100.25ms gpuBehind=0
00:31:39.397 visibleSections=729 smartCull=true
00:31:40.061 frame_time fps=54.9 avg=18.21ms max=103.03ms gpuBehind=0
00:31:44.428 visibleSections=1052 smartCull=true
00:31:45.064 frame_time fps=52.4 avg=19.09ms max=377.60ms gpuBehind=0
00:31:49.431 visibleSections=1017 smartCull=true
00:31:50.079 frame_time fps=49.7 avg=20.14ms max=127.52ms gpuBehind=0
00:31:54.445 visibleSections=932 smartCull=true
00:31:54.877 buffers total=11922 | usage=0x82 count=81 req=3.0MB alloc=3.0MB | usage=0x22 count=60 req=0.9MB alloc=0.9MB | usage=0x102 count=3 req=2.0MB alloc=2.0MB | usage=0x3 count=1053 req=551.4MB alloc=551.4MB | usage=0x88 count=42 req=0.9MB alloc=0.9MB | usage=0x28 count=8791 req=607.2MB alloc=607.2MB | usage=0x48 count=1873 req=7.3MB alloc=7.3MB | usage=0x9 count=19 req=280.5MB alloc=280.5MB | sum count=11922 req=1453.2MB alloc=1453.3MB | poolHit=3353 poolMiss=11922 poolReturn=5601 poolHitRate=22%
00:31:55.093 frame_time fps=57.8 avg=17.30ms max=87.06ms gpuBehind=0
00:31:59.455 visibleSections=989 smartCull=true
00:32:00.097 frame_time fps=54.8 avg=18.26ms max=131.56ms gpuBehind=0
00:32:04.460 visibleSections=1325 smartCull=true
00:32:05.110 frame_time fps=54.1 avg=18.50ms max=125.36ms gpuBehind=0
00:32:09.476 visibleSections=1166 smartCull=true
00:32:10.126 frame_time fps=53.6 avg=18.65ms max=220.13ms gpuBehind=0
00:32:14.524 visibleSections=718 smartCull=true
00:32:15.132 frame_time fps=56.0 avg=17.87ms max=108.01ms gpuBehind=0
00:32:19.525 visibleSections=733 smartCull=true
00:32:20.142 frame_time fps=57.7 avg=17.34ms max=104.31ms gpuBehind=0
00:32:24.540 visibleSections=1295 smartCull=true
00:32:25.157 frame_time fps=57.6 avg=17.36ms max=73.19ms gpuBehind=0
00:32:29.557 visibleSections=1240 smartCull=true
00:32:30.173 frame_time fps=54.8 avg=18.24ms max=134.20ms gpuBehind=0
00:32:34.573 visibleSections=383 smartCull=true
00:32:35.189 frame_time fps=59.2 avg=16.89ms max=76.72ms gpuBehind=0
00:32:39.573 visibleSections=405 smartCull=true
00:32:40.205 frame_time fps=59.6 avg=16.78ms max=37.80ms gpuBehind=0
00:32:44.589 visibleSections=518 smartCull=true
00:32:45.221 frame_time fps=60.0 avg=16.66ms max=17.87ms gpuBehind=0
00:32:49.589 visibleSections=424 smartCull=true
00:32:50.238 frame_time fps=59.6 avg=16.78ms max=33.38ms gpuBehind=0
==== Metallum diag start ====
15:32:21.166 [diag] Z clip-space remap MISS on minecraft:pipeline/gui fragment: FLIP_VERTEX_Y pattern not found, z is NOT remapped to [0,1] (depth may be wrong)
15:32:21.196 [diag] Z clip-space remap MISS on minecraft:pipeline/gui_textured fragment: FLIP_VERTEX_Y pattern not found, z is NOT remapped to [0,1] (depth may be wrong)
15:32:21.373 [diag] Z clip-space remap MISS on minecraft:pipeline/mojang_logo fragment: FLIP_VERTEX_Y pattern not found, z is NOT remapped to [0,1] (depth may be wrong)
15:32:21.386 buffers total=42 | usage=0x82 count=15 req=0.0MB alloc=0.0MB | usage=0x22 count=6 req=0.0MB alloc=0.0MB | usage=0x3 count=2 req=1.5MB alloc=1.5MB | usage=0x88 count=15 req=0.0MB alloc=0.0MB | usage=0x28 count=3 req=0.0MB alloc=0.0MB | usage=0x48 count=1 req=0.0MB alloc=0.0MB | sum count=42 req=1.5MB alloc=1.5MB | poolHit=0 poolMiss=42 poolReturn=0 poolHitRate=0%
==== Metallum diag start ====
16:47:23.698 [diag] Z clip-space remap MISS on minecraft:pipeline/gui fragment: FLIP_VERTEX_Y pattern not found, z is NOT remapped to [0,1] (depth may be wrong)
16:47:23.727 [diag] Z clip-space remap MISS on minecraft:pipeline/gui_textured fragment: FLIP_VERTEX_Y pattern not found, z is NOT remapped to [0,1] (depth may be wrong)
16:47:23.941 [diag] Z clip-space remap MISS on minecraft:pipeline/mojang_logo fragment: FLIP_VERTEX_Y pattern not found, z is NOT remapped to [0,1] (depth may be wrong)
16:47:23.951 buffers total=42 | usage=0x82 count=15 req=0.0MB alloc=0.0MB | usage=0x22 count=6 req=0.0MB alloc=0.0MB | usage=0x3 count=2 req=1.5MB alloc=1.5MB | usage=0x88 count=15 req=0.0MB alloc=0.0MB | usage=0x28 count=3 req=0.0MB alloc=0.0MB | usage=0x48 count=1 req=0.0MB alloc=0.0MB | sum count=42 req=1.5MB alloc=1.5MB | poolHit=0 poolMiss=42 poolReturn=0 poolHitRate=0%
16:47:24.890 [diag] Z clip-space remap MISS on minecraft:pipeline/animate_sprite_blit fragment: FLIP_VERTEX_Y pattern not found, z is NOT remapped to [0,1] (depth may be wrong)
16:47:24.928 [diag] Z clip-space remap MISS on minecraft:pipeline/item_entity_translucent_cull fragment: FLIP_VERTEX_Y pattern not found, z is NOT remapped to [0,1] (depth may be wrong)
16:47:24.961 [diag] Z clip-space remap MISS on minecraft:pipeline/entity_solid fragment: FLIP_VERTEX_Y pattern not found, z is NOT remapped to [0,1] (depth may be wrong)
16:47:24.993 [diag] Z clip-space remap MISS on minecraft:pipeline/solid_block fragment: FLIP_VERTEX_Y pattern not found, z is NOT remapped to [0,1] (depth may be wrong)
16:47:25.024 [diag] Z clip-space remap MISS on minecraft:pipeline/armor_translucent fragment: FLIP_VERTEX_Y pattern not found, z is NOT remapped to [0,1] (depth may be wrong)
16:47:25.054 [diag] Z clip-space remap MISS on minecraft:pipeline/lines fragment: FLIP_VERTEX_Y pattern not found, z is NOT remapped to [0,1] (depth may be wrong)
16:47:25.084 [diag] Z clip-space remap MISS on minecraft:pipeline/entity_solid_offset_forward fragment: FLIP_VERTEX_Y pattern not found, z is NOT remapped to [0,1] (depth may be wrong)
16:47:25.113 [diag] Z clip-space remap MISS on minecraft:pipeline/end_gateway fragment: FLIP_VERTEX_Y pattern not found, z is NOT remapped to [0,1] (depth may be wrong)
16:47:25.140 [diag] Z clip-space remap MISS on minecraft:pipeline/stars fragment: FLIP_VERTEX_Y pattern not found, z is NOT remapped to [0,1] (depth may be wrong)
16:47:25.168 [diag] Z clip-space remap MISS on minecraft:pipeline/entity_translucent_emissive fragment: FLIP_VERTEX_Y pattern not found, z is NOT remapped to [0,1] (depth may be wrong)
16:47:25.195 [diag] Z clip-space remap MISS on minecraft:pipeline/weather_depth_write fragment: FLIP_VERTEX_Y pattern not found, z is NOT remapped to [0,1] (depth may be wrong)
16:47:25.221 [diag] Z clip-space remap MISS on minecraft:pipeline/mojang_logo fragment: FLIP_VERTEX_Y pattern not found, z is NOT remapped to [0,1] (depth may be wrong)
16:47:25.247 [diag] Z clip-space remap MISS on minecraft:pipeline/entity_cutout_no_cull fragment: FLIP_VERTEX_Y pattern not found, z is NOT remapped to [0,1] (depth may be wrong)
16:47:25.272 [diag] Z clip-space remap MISS on minecraft:pipeline/gui_nausea_overlay fragment: FLIP_VERTEX_Y pattern not found, z is NOT remapped to [0,1] (depth may be wrong)
16:47:25.297 [diag] Z clip-space remap MISS on minecraft:pipeline/celestial fragment: FLIP_VERTEX_Y pattern not found, z is NOT remapped to [0,1] (depth may be wrong)
16:47:25.321 [diag] Z clip-space remap MISS on minecraft:pipeline/sunrise_sunset fragment: FLIP_VERTEX_Y pattern not found, z is NOT remapped to [0,1] (depth may be wrong)
16:47:25.346 [diag] Z clip-space remap MISS on minecraft:pipeline/text_background fragment: FLIP_VERTEX_Y pattern not found, z is NOT remapped to [0,1] (depth may be wrong)
16:47:25.372 [diag] Z clip-space remap MISS on minecraft:pipeline/dragon_rays fragment: FLIP_VERTEX_Y pattern not found, z is NOT remapped to [0,1] (depth may be wrong)
16:47:25.397 [diag] Z clip-space remap MISS on minecraft:pipeline/lightning fragment: FLIP_VERTEX_Y pattern not found, z is NOT remapped to [0,1] (depth may be wrong)
16:47:25.422 [diag] Z clip-space remap MISS on minecraft:pipeline/gui_text_highlight fragment: FLIP_VERTEX_Y pattern not found, z is NOT remapped to [0,1] (depth may be wrong)
16:47:25.448 [diag] Z clip-space remap MISS on minecraft:pipeline/secondary_block_outline fragment: FLIP_VERTEX_Y pattern not found, z is NOT remapped to [0,1] (depth may be wrong)
16:47:25.472 [diag] Z clip-space remap MISS on minecraft:pipeline/tracy_blit fragment: FLIP_VERTEX_Y pattern not found, z is NOT remapped to [0,1] (depth may be wrong)
16:47:25.499 [diag] Z clip-space remap MISS on minecraft:pipeline/energy_swirl fragment: FLIP_VERTEX_Y pattern not found, z is NOT remapped to [0,1] (depth may be wrong)
16:47:25.525 [diag] Z clip-space remap MISS on minecraft:pipeline/entity_no_outline fragment: FLIP_VERTEX_Y pattern not found, z is NOT remapped to [0,1] (depth may be wrong)
16:47:25.551 [diag] Z clip-space remap MISS on minecraft:pipeline/eyes fragment: FLIP_VERTEX_Y pattern not found, z is NOT remapped to [0,1] (depth may be wrong)
16:47:25.576 [diag] Z clip-space remap MISS on minecraft:pipeline/crumbling fragment: FLIP_VERTEX_Y pattern not found, z is NOT remapped to [0,1] (depth may be wrong)
16:47:25.603 [diag] Z clip-space remap MISS on minecraft:pipeline/translucent_terrain fragment: FLIP_VERTEX_Y pattern not found, z is NOT remapped to [0,1] (depth may be wrong)
16:47:25.628 [diag] Z clip-space remap MISS on minecraft:pipeline/lightmap fragment: FLIP_VERTEX_Y pattern not found, z is NOT remapped to [0,1] (depth may be wrong)
16:47:25.654 [diag] Z clip-space remap MISS on minecraft:pipeline/gui_text_intensity fragment: FLIP_VERTEX_Y pattern not found, z is NOT remapped to [0,1] (depth may be wrong)
16:47:25.679 [diag] Z clip-space remap MISS on minecraft:pipeline/text_see_through fragment: FLIP_VERTEX_Y pattern not found, z is NOT remapped to [0,1] (depth may be wrong)
16:47:25.703 [diag] Z clip-space remap MISS on minecraft:pipeline/outline_no_cull fragment: FLIP_VERTEX_Y pattern not found, z is NOT remapped to [0,1] (depth may be wrong)
16:47:25.728 [diag] Z clip-space remap MISS on minecraft:pipeline/text_intensity_see_through fragment: FLIP_VERTEX_Y pattern not found, z is NOT remapped to [0,1] (depth may be wrong)
16:47:25.752 [diag] Z clip-space remap MISS on minecraft:pipeline/entity_outline_blit fragment: FLIP_VERTEX_Y pattern not found, z is NOT remapped to [0,1] (depth may be wrong)
16:47:25.778 [diag] Z clip-space remap MISS on minecraft:pipeline/end_portal fragment: FLIP_VERTEX_Y pattern not found, z is NOT remapped to [0,1] (depth may be wrong)
16:47:25.805 [diag] Z clip-space remap MISS on minecraft:pipeline/entity_smooth_cutout fragment: FLIP_VERTEX_Y pattern not found, z is NOT remapped to [0,1] (depth may be wrong)
16:47:25.831 [diag] Z clip-space remap MISS on minecraft:pipeline/armor_decal_cutout_no_cull fragment: FLIP_VERTEX_Y pattern not found, z is NOT remapped to [0,1] (depth may be wrong)
16:47:25.856 [diag] Z clip-space remap MISS on minecraft:pipeline/gui_textured_premultiplied_alpha fragment: FLIP_VERTEX_Y pattern not found, z is NOT remapped to [0,1] (depth may be wrong)
16:47:25.882 [diag] Z clip-space remap MISS on minecraft:pipeline/tripwire_terrain fragment: FLIP_VERTEX_Y pattern not found, z is NOT remapped to [0,1] (depth may be wrong)
16:47:25.908 [diag] Z clip-space remap MISS on minecraft:pipeline/text_polygon_offset fragment: FLIP_VERTEX_Y pattern not found, z is NOT remapped to [0,1] (depth may be wrong)
16:47:25.933 [diag] Z clip-space remap MISS on minecraft:pipeline/vignette fragment: FLIP_VERTEX_Y pattern not found, z is NOT remapped to [0,1] (depth may be wrong)
16:47:25.958 [diag] Z clip-space remap MISS on minecraft:pipeline/beacon_beam_translucent fragment: FLIP_VERTEX_Y pattern not found, z is NOT remapped to [0,1] (depth may be wrong)
16:47:25.983 [diag] Z clip-space remap MISS on minecraft:pipeline/text_background_see_through fragment: FLIP_VERTEX_Y pattern not found, z is NOT remapped to [0,1] (depth may be wrong)
16:47:26.008 [diag] Z clip-space remap MISS on minecraft:pipeline/translucent_moving_block fragment: FLIP_VERTEX_Y pattern not found, z is NOT remapped to [0,1] (depth may be wrong)
16:47:26.033 [diag] Z clip-space remap MISS on minecraft:pipeline/translucent_particle fragment: FLIP_VERTEX_Y pattern not found, z is NOT remapped to [0,1] (depth may be wrong)
16:47:26.059 [diag] Z clip-space remap MISS on minecraft:pipeline/entity_cutout fragment: FLIP_VERTEX_Y pattern not found, z is NOT remapped to [0,1] (depth may be wrong)
16:47:26.084 [diag] Z clip-space remap MISS on minecraft:pipeline/animate_sprite_interpolate fragment: FLIP_VERTEX_Y pattern not found, z is NOT remapped to [0,1] (depth may be wrong)
16:47:26.109 [diag] Z clip-space remap MISS on minecraft:pipeline/cutout_block fragment: FLIP_VERTEX_Y pattern not found, z is NOT remapped to [0,1] (depth may be wrong)
16:47:26.134 [diag] Z clip-space remap MISS on minecraft:pipeline/entity_cutout_no_cull_z_offset fragment: FLIP_VERTEX_Y pattern not found, z is NOT remapped to [0,1] (depth may be wrong)
16:47:26.159 [diag] Z clip-space remap MISS on minecraft:pipeline/gui_invert fragment: FLIP_VERTEX_Y pattern not found, z is NOT remapped to [0,1] (depth may be wrong)
16:47:26.184 [diag] Z clip-space remap MISS on minecraft:pipeline/sky fragment: FLIP_VERTEX_Y pattern not found, z is NOT remapped to [0,1] (depth may be wrong)
16:47:26.209 [diag] Z clip-space remap MISS on minecraft:pipeline/glint fragment: FLIP_VERTEX_Y pattern not found, z is NOT remapped to [0,1] (depth may be wrong)
16:47:26.234 [diag] Z clip-space remap MISS on minecraft:pipeline/leash fragment: FLIP_VERTEX_Y pattern not found, z is NOT remapped to [0,1] (depth may be wrong)
16:47:26.259 [diag] Z clip-space remap MISS on minecraft:pipeline/dragon_rays_depth fragment: FLIP_VERTEX_Y pattern not found, z is NOT remapped to [0,1] (depth may be wrong)
16:47:26.284 [diag] Z clip-space remap MISS on minecraft:pipeline/crosshair fragment: FLIP_VERTEX_Y pattern not found, z is NOT remapped to [0,1] (depth may be wrong)
16:47:26.309 [diag] Z clip-space remap MISS on minecraft:pipeline/text_intensity fragment: FLIP_VERTEX_Y pattern not found, z is NOT remapped to [0,1] (depth may be wrong)
16:47:26.333 [diag] Z clip-space remap MISS on minecraft:pipeline/debug_points fragment: FLIP_VERTEX_Y pattern not found, z is NOT remapped to [0,1] (depth may be wrong)
16:47:26.358 [diag] Z clip-space remap MISS on minecraft:pipeline/dragon_explosion_alpha fragment: FLIP_VERTEX_Y pattern not found, z is NOT remapped to [0,1] (depth may be wrong)
16:47:26.384 [diag] Z clip-space remap MISS on minecraft:pipeline/flat_clouds fragment: FLIP_VERTEX_Y pattern not found, z is NOT remapped to [0,1] (depth may be wrong)
16:47:26.409 [diag] Z clip-space remap MISS on minecraft:pipeline/gui_text fragment: FLIP_VERTEX_Y pattern not found, z is NOT remapped to [0,1] (depth may be wrong)
16:47:26.435 [diag] Z clip-space remap MISS on minecraft:pipeline/solid_terrain fragment: FLIP_VERTEX_Y pattern not found, z is NOT remapped to [0,1] (depth may be wrong)
16:47:26.460 [diag] Z clip-space remap MISS on minecraft:pipeline/fire_screen_effect fragment: FLIP_VERTEX_Y pattern not found, z is NOT remapped to [0,1] (depth may be wrong)
16:47:26.486 [diag] Z clip-space remap MISS on minecraft:pipeline/cutout_terrain fragment: FLIP_VERTEX_Y pattern not found, z is NOT remapped to [0,1] (depth may be wrong)
16:47:26.511 [diag] Z clip-space remap MISS on minecraft:pipeline/clouds fragment: FLIP_VERTEX_Y pattern not found, z is NOT remapped to [0,1] (depth may be wrong)
16:47:26.535 [diag] Z clip-space remap MISS on minecraft:pipeline/panorama fragment: FLIP_VERTEX_Y pattern not found, z is NOT remapped to [0,1] (depth may be wrong)
16:47:26.561 [diag] Z clip-space remap MISS on minecraft:pipeline/armor_cutout_no_cull fragment: FLIP_VERTEX_Y pattern not found, z is NOT remapped to [0,1] (depth may be wrong)
16:47:26.586 [diag] Z clip-space remap MISS on minecraft:pipeline/entity_translucent fragment: FLIP_VERTEX_Y pattern not found, z is NOT remapped to [0,1] (depth may be wrong)
16:47:26.611 [diag] Z clip-space remap MISS on minecraft:pipeline/debug_quads fragment: FLIP_VERTEX_Y pattern not found, z is NOT remapped to [0,1] (depth may be wrong)
16:47:26.637 [diag] Z clip-space remap MISS on minecraft:pipeline/entity_decal fragment: FLIP_VERTEX_Y pattern not found, z is NOT remapped to [0,1] (depth may be wrong)
16:47:26.662 [diag] Z clip-space remap MISS on minecraft:pipeline/breeze_wind fragment: FLIP_VERTEX_Y pattern not found, z is NOT remapped to [0,1] (depth may be wrong)
16:47:26.687 [diag] Z clip-space remap MISS on minecraft:pipeline/water_mask fragment: FLIP_VERTEX_Y pattern not found, z is NOT remapped to [0,1] (depth may be wrong)
16:47:26.711 [diag] Z clip-space remap MISS on minecraft:pipeline/block_screen_effect fragment: FLIP_VERTEX_Y pattern not found, z is NOT remapped to [0,1] (depth may be wrong)
16:47:26.736 [diag] Z clip-space remap MISS on minecraft:pipeline/opaque_particle fragment: FLIP_VERTEX_Y pattern not found, z is NOT remapped to [0,1] (depth may be wrong)
16:47:26.761 [diag] Z clip-space remap MISS on minecraft:pipeline/tripwire_block fragment: FLIP_VERTEX_Y pattern not found, z is NOT remapped to [0,1] (depth may be wrong)
16:47:26.786 [diag] Z clip-space remap MISS on minecraft:pipeline/gui_textured fragment: FLIP_VERTEX_Y pattern not found, z is NOT remapped to [0,1] (depth may be wrong)
16:47:26.810 [diag] Z clip-space remap MISS on minecraft:pipeline/beacon_beam_opaque fragment: FLIP_VERTEX_Y pattern not found, z is NOT remapped to [0,1] (depth may be wrong)
16:47:26.835 [diag] Z clip-space remap MISS on minecraft:pipeline/end_sky fragment: FLIP_VERTEX_Y pattern not found, z is NOT remapped to [0,1] (depth may be wrong)
16:47:26.859 [diag] Z clip-space remap MISS on minecraft:pipeline/gui fragment: FLIP_VERTEX_Y pattern not found, z is NOT remapped to [0,1] (depth may be wrong)
16:47:26.884 [diag] Z clip-space remap MISS on minecraft:pipeline/weather_no_depth_write fragment: FLIP_VERTEX_Y pattern not found, z is NOT remapped to [0,1] (depth may be wrong)
16:47:26.908 [diag] Z clip-space remap MISS on minecraft:pipeline/outline_cull fragment: FLIP_VERTEX_Y pattern not found, z is NOT remapped to [0,1] (depth may be wrong)
16:47:26.933 [diag] Z clip-space remap MISS on minecraft:pipeline/lines_translucent fragment: FLIP_VERTEX_Y pattern not found, z is NOT remapped to [0,1] (depth may be wrong)
16:47:26.958 [diag] Z clip-space remap MISS on minecraft:pipeline/gui_opaque_textured_background fragment: FLIP_VERTEX_Y pattern not found, z is NOT remapped to [0,1] (depth may be wrong)
16:47:26.983 [diag] Z clip-space remap MISS on minecraft:pipeline/debug_filled_box fragment: FLIP_VERTEX_Y pattern not found, z is NOT remapped to [0,1] (depth may be wrong)
16:47:27.008 [diag] Z clip-space remap MISS on minecraft:pipeline/entity_shadow fragment: FLIP_VERTEX_Y pattern not found, z is NOT remapped to [0,1] (depth may be wrong)
16:47:27.033 [diag] Z clip-space remap MISS on minecraft:pipeline/world_border fragment: FLIP_VERTEX_Y pattern not found, z is NOT remapped to [0,1] (depth may be wrong)
16:47:27.058 [diag] Z clip-space remap MISS on minecraft:pipeline/debug_triangle_fan fragment: FLIP_VERTEX_Y pattern not found, z is NOT remapped to [0,1] (depth may be wrong)
16:47:27.084 [diag] Z clip-space remap MISS on minecraft:pipeline/wireframe fragment: FLIP_VERTEX_Y pattern not found, z is NOT remapped to [0,1] (depth may be wrong)
16:47:27.110 [diag] Z clip-space remap MISS on minecraft:pipeline/text fragment: FLIP_VERTEX_Y pattern not found, z is NOT remapped to [0,1] (depth may be wrong)
16:47:27.149 createBuffer stack sample #1:
  knot//com.metallum.client.metal.render.MetalDevice.createBuffer(MetalDevice.java:149)
  knot//net.minecraft.class_1059.method_45848(class_1059.java:116)
  knot//net.minecraft.class_11697$class_11699.method_73035(class_11697.java:168)
  knot//net.minecraft.class_11697$class_11700.method_73039(class_11697.java:212)
  java.base/java.util.ArrayList.forEach(Unknown Source)
  knot//net.minecraft.class_11697$class_11700.method_73037(class_11697.java:212)
  knot//net.minecraft.class_11697.method_76671(class_11697.java:146)
  knot//net.minecraft.class_11697.method_73029(class_11697.java:142)
  java.base/java.util.concurrent.CompletableFuture$UniAccept.tryFire(Unknown Source)
  java.base/java.util.concurrent.CompletableFuture$Completion.run(Unknown Source)
  knot//net.minecraft.class_4014.method_67574(class_4014.java:59)
  knot//net.minecraft.class_1255.method_18859(class_1255.java:169)
16:47:27.162 createBuffer stack sample #2:
  knot//com.metallum.client.metal.render.MetalDevice.createBuffer(MetalDevice.java:149)
  knot//net.minecraft.class_1059.method_76314(class_1059.java:173)
  knot//net.minecraft.class_1059.method_45848(class_1059.java:135)
  knot//net.minecraft.class_11697$class_11699.method_73035(class_11697.java:168)
  knot//net.minecraft.class_11697$class_11700.method_73039(class_11697.java:212)
  java.base/java.util.ArrayList.forEach(Unknown Source)
  knot//net.minecraft.class_11697$class_11700.method_73037(class_11697.java:212)
  knot//net.minecraft.class_11697.method_76671(class_11697.java:146)
  knot//net.minecraft.class_11697.method_73029(class_11697.java:142)
  java.base/java.util.concurrent.CompletableFuture$UniAccept.tryFire(Unknown Source)
  java.base/java.util.concurrent.CompletableFuture$Completion.run(Unknown Source)
  knot//net.minecraft.class_4014.method_67574(class_4014.java:59)
16:47:27.166 createBuffer stack sample #3:
  knot//com.metallum.client.metal.render.MetalDevice.createBuffer(MetalDevice.java:149)
  knot//net.minecraft.class_1059.method_76314(class_1059.java:173)
  knot//net.minecraft.class_1059.method_45848(class_1059.java:135)
  knot//net.minecraft.class_11697$class_11699.method_73035(class_11697.java:168)
  knot//net.minecraft.class_11697$class_11700.method_73039(class_11697.java:212)
  java.base/java.util.ArrayList.forEach(Unknown Source)
  knot//net.minecraft.class_11697$class_11700.method_73037(class_11697.java:212)
  knot//net.minecraft.class_11697.method_76671(class_11697.java:146)
  knot//net.minecraft.class_11697.method_73029(class_11697.java:142)
  java.base/java.util.concurrent.CompletableFuture$UniAccept.tryFire(Unknown Source)
  java.base/java.util.concurrent.CompletableFuture$Completion.run(Unknown Source)
  knot//net.minecraft.class_4014.method_67574(class_4014.java:59)
16:47:27.183 createBuffer stack sample #4:
  knot//com.metallum.client.metal.render.MetalDevice.createBuffer(MetalDevice.java:149)
  knot//net.minecraft.class_1059.method_76314(class_1059.java:173)
  knot//net.minecraft.class_1059.method_45848(class_1059.java:135)
  knot//net.minecraft.class_11697$class_11699.method_73035(class_11697.java:168)
  knot//net.minecraft.class_11697$class_11700.method_73039(class_11697.java:212)
  java.base/java.util.ArrayList.forEach(Unknown Source)
  knot//net.minecraft.class_11697$class_11700.method_73037(class_11697.java:212)
  knot//net.minecraft.class_11697.method_76671(class_11697.java:146)
  knot//net.minecraft.class_11697.method_73029(class_11697.java:142)
  java.base/java.util.concurrent.CompletableFuture$UniAccept.tryFire(Unknown Source)
  java.base/java.util.concurrent.CompletableFuture$Completion.run(Unknown Source)
  knot//net.minecraft.class_4014.method_67574(class_4014.java:59)
16:47:27.187 createBuffer stack sample #5:
  knot//com.metallum.client.metal.render.MetalDevice.createBuffer(MetalDevice.java:149)
  knot//net.minecraft.class_1059.method_76314(class_1059.java:173)
  knot//net.minecraft.class_1059.method_45848(class_1059.java:135)
  knot//net.minecraft.class_11697$class_11699.method_73035(class_11697.java:168)
  knot//net.minecraft.class_11697$class_11700.method_73039(class_11697.java:212)
  java.base/java.util.ArrayList.forEach(Unknown Source)
  knot//net.minecraft.class_11697$class_11700.method_73037(class_11697.java:212)
  knot//net.minecraft.class_11697.method_76671(class_11697.java:146)
  knot//net.minecraft.class_11697.method_73029(class_11697.java:142)
  java.base/java.util.concurrent.CompletableFuture$UniAccept.tryFire(Unknown Source)
  java.base/java.util.concurrent.CompletableFuture$Completion.run(Unknown Source)
  knot//net.minecraft.class_4014.method_67574(class_4014.java:59)
16:47:28.965 frame_time fps=53.2 avg=18.81ms max=193.87ms gpuBehind=0
16:47:31.316 [diag] Z clip-space remap MISS on minecraft:blur/0 fragment: FLIP_VERTEX_Y pattern not found, z is NOT remapped to [0,1] (depth may be wrong)
16:47:31.343 [diag] Z clip-space remap MISS on minecraft:blur/1 fragment: FLIP_VERTEX_Y pattern not found, z is NOT remapped to [0,1] (depth may be wrong)
16:47:31.371 [diag] Z clip-space remap MISS on minecraft:blur/2 fragment: FLIP_VERTEX_Y pattern not found, z is NOT remapped to [0,1] (depth may be wrong)
16:47:31.397 [diag] Z clip-space remap MISS on minecraft:blur/3 fragment: FLIP_VERTEX_Y pattern not found, z is NOT remapped to [0,1] (depth may be wrong)
16:47:31.423 [diag] Z clip-space remap MISS on minecraft:blur/4 fragment: FLIP_VERTEX_Y pattern not found, z is NOT remapped to [0,1] (depth may be wrong)
16:47:31.449 [diag] Z clip-space remap MISS on minecraft:blur/5 fragment: FLIP_VERTEX_Y pattern not found, z is NOT remapped to [0,1] (depth may be wrong)
16:47:33.981 frame_time fps=58.0 avg=17.24ms max=186.04ms gpuBehind=0
==== Metallum diag start ====
17:20:14.747 [diag] Z clip-space remap MISS on minecraft:pipeline/gui fragment: FLIP_VERTEX_Y pattern not found, z is NOT remapped to [0,1] (depth may be wrong)
17:20:14.779 [diag] Z clip-space remap MISS on minecraft:pipeline/gui_textured fragment: FLIP_VERTEX_Y pattern not found, z is NOT remapped to [0,1] (depth may be wrong)
17:20:15.002 [diag] Z clip-space remap MISS on minecraft:pipeline/mojang_logo fragment: FLIP_VERTEX_Y pattern not found, z is NOT remapped to [0,1] (depth may be wrong)
17:20:15.020 buffers total=42 | usage=0x82 count=15 req=0.0MB alloc=0.0MB | usage=0x22 count=6 req=0.0MB alloc=0.0MB | usage=0x3 count=2 req=1.5MB alloc=1.5MB | usage=0x88 count=15 req=0.0MB alloc=0.0MB | usage=0x28 count=3 req=0.0MB alloc=0.0MB | usage=0x48 count=1 req=0.0MB alloc=0.0MB | sum count=42 req=1.5MB alloc=1.5MB | poolHit=0 poolMiss=42 poolReturn=0 poolHitRate=0%
17:20:15.695 [diag] Z clip-space remap MISS on minecraft:pipeline/sky fragment: FLIP_VERTEX_Y pattern not found, z is NOT remapped to [0,1] (depth may be wrong)
17:20:15.725 [diag] Z clip-space remap MISS on minecraft:pipeline/text_background_see_through fragment: FLIP_VERTEX_Y pattern not found, z is NOT remapped to [0,1] (depth may be wrong)
17:20:15.751 [diag] Z clip-space remap MISS on minecraft:pipeline/gui_nausea_overlay fragment: FLIP_VERTEX_Y pattern not found, z is NOT remapped to [0,1] (depth may be wrong)
17:20:15.778 [diag] Z clip-space remap MISS on minecraft:pipeline/text_polygon_offset fragment: FLIP_VERTEX_Y pattern not found, z is NOT remapped to [0,1] (depth may be wrong)
17:20:15.806 [diag] Z clip-space remap MISS on minecraft:pipeline/gui_text fragment: FLIP_VERTEX_Y pattern not found, z is NOT remapped to [0,1] (depth may be wrong)
17:20:15.831 [diag] Z clip-space remap MISS on minecraft:pipeline/crosshair fragment: FLIP_VERTEX_Y pattern not found, z is NOT remapped to [0,1] (depth may be wrong)
17:20:15.856 [diag] Z clip-space remap MISS on minecraft:pipeline/text_see_through fragment: FLIP_VERTEX_Y pattern not found, z is NOT remapped to [0,1] (depth may be wrong)
17:20:15.884 [diag] Z clip-space remap MISS on minecraft:pipeline/breeze_wind fragment: FLIP_VERTEX_Y pattern not found, z is NOT remapped to [0,1] (depth may be wrong)
17:20:15.910 [diag] Z clip-space remap MISS on minecraft:pipeline/dragon_rays fragment: FLIP_VERTEX_Y pattern not found, z is NOT remapped to [0,1] (depth may be wrong)
17:20:15.937 [diag] Z clip-space remap MISS on minecraft:pipeline/entity_translucent fragment: FLIP_VERTEX_Y pattern not found, z is NOT remapped to [0,1] (depth may be wrong)
17:20:15.962 [diag] Z clip-space remap MISS on minecraft:pipeline/mojang_logo fragment: FLIP_VERTEX_Y pattern not found, z is NOT remapped to [0,1] (depth may be wrong)
17:20:15.988 [diag] Z clip-space remap MISS on minecraft:pipeline/beacon_beam_opaque fragment: FLIP_VERTEX_Y pattern not found, z is NOT remapped to [0,1] (depth may be wrong)
17:20:16.015 [diag] Z clip-space remap MISS on minecraft:pipeline/energy_swirl fragment: FLIP_VERTEX_Y pattern not found, z is NOT remapped to [0,1] (depth may be wrong)
17:20:16.040 [diag] Z clip-space remap MISS on minecraft:pipeline/gui_text_highlight fragment: FLIP_VERTEX_Y pattern not found, z is NOT remapped to [0,1] (depth may be wrong)
17:20:16.065 [diag] Z clip-space remap MISS on minecraft:pipeline/gui_text_intensity fragment: FLIP_VERTEX_Y pattern not found, z is NOT remapped to [0,1] (depth may be wrong)
17:20:16.091 [diag] Z clip-space remap MISS on minecraft:pipeline/armor_cutout_no_cull fragment: FLIP_VERTEX_Y pattern not found, z is NOT remapped to [0,1] (depth may be wrong)
17:20:16.117 [diag] Z clip-space remap MISS on minecraft:pipeline/entity_smooth_cutout fragment: FLIP_VERTEX_Y pattern not found, z is NOT remapped to [0,1] (depth may be wrong)
17:20:16.142 [diag] Z clip-space remap MISS on minecraft:pipeline/vignette fragment: FLIP_VERTEX_Y pattern not found, z is NOT remapped to [0,1] (depth may be wrong)
17:20:16.167 [diag] Z clip-space remap MISS on minecraft:pipeline/armor_translucent fragment: FLIP_VERTEX_Y pattern not found, z is NOT remapped to [0,1] (depth may be wrong)
17:20:16.192 [diag] Z clip-space remap MISS on minecraft:pipeline/fire_screen_effect fragment: FLIP_VERTEX_Y pattern not found, z is NOT remapped to [0,1] (depth may be wrong)
17:20:16.216 [diag] Z clip-space remap MISS on minecraft:pipeline/lightning fragment: FLIP_VERTEX_Y pattern not found, z is NOT remapped to [0,1] (depth may be wrong)
17:20:16.241 [diag] Z clip-space remap MISS on minecraft:pipeline/glint fragment: FLIP_VERTEX_Y pattern not found, z is NOT remapped to [0,1] (depth may be wrong)
17:20:16.266 [diag] Z clip-space remap MISS on minecraft:pipeline/block_screen_effect fragment: FLIP_VERTEX_Y pattern not found, z is NOT remapped to [0,1] (depth may be wrong)
17:20:16.292 [diag] Z clip-space remap MISS on minecraft:pipeline/entity_solid_offset_forward fragment: FLIP_VERTEX_Y pattern not found, z is NOT remapped to [0,1] (depth may be wrong)
17:20:16.319 [diag] Z clip-space remap MISS on minecraft:pipeline/entity_decal fragment: FLIP_VERTEX_Y pattern not found, z is NOT remapped to [0,1] (depth may be wrong)
17:20:16.345 [diag] Z clip-space remap MISS on minecraft:pipeline/text_background fragment: FLIP_VERTEX_Y pattern not found, z is NOT remapped to [0,1] (depth may be wrong)
17:20:16.369 [diag] Z clip-space remap MISS on minecraft:pipeline/gui_opaque_textured_background fragment: FLIP_VERTEX_Y pattern not found, z is NOT remapped to [0,1] (depth may be wrong)
17:20:16.394 [diag] Z clip-space remap MISS on minecraft:pipeline/water_mask fragment: FLIP_VERTEX_Y pattern not found, z is NOT remapped to [0,1] (depth may be wrong)
17:20:16.420 [diag] Z clip-space remap MISS on minecraft:pipeline/end_sky fragment: FLIP_VERTEX_Y pattern not found, z is NOT remapped to [0,1] (depth may be wrong)
17:20:16.447 [diag] Z clip-space remap MISS on minecraft:pipeline/translucent_terrain fragment: FLIP_VERTEX_Y pattern not found, z is NOT remapped to [0,1] (depth may be wrong)
17:20:16.474 [diag] Z clip-space remap MISS on minecraft:pipeline/lines_translucent fragment: FLIP_VERTEX_Y pattern not found, z is NOT remapped to [0,1] (depth may be wrong)
17:20:16.500 [diag] Z clip-space remap MISS on minecraft:pipeline/secondary_block_outline fragment: FLIP_VERTEX_Y pattern not found, z is NOT remapped to [0,1] (depth may be wrong)
17:20:16.526 [diag] Z clip-space remap MISS on minecraft:pipeline/flat_clouds fragment: FLIP_VERTEX_Y pattern not found, z is NOT remapped to [0,1] (depth may be wrong)
17:20:16.553 [diag] Z clip-space remap MISS on minecraft:pipeline/entity_cutout_no_cull_z_offset fragment: FLIP_VERTEX_Y pattern not found, z is NOT remapped to [0,1] (depth may be wrong)
17:20:16.579 [diag] Z clip-space remap MISS on minecraft:pipeline/cutout_block fragment: FLIP_VERTEX_Y pattern not found, z is NOT remapped to [0,1] (depth may be wrong)
17:20:16.605 [diag] Z clip-space remap MISS on minecraft:pipeline/animate_sprite_interpolate fragment: FLIP_VERTEX_Y pattern not found, z is NOT remapped to [0,1] (depth may be wrong)
17:20:16.630 [diag] Z clip-space remap MISS on minecraft:pipeline/crumbling fragment: FLIP_VERTEX_Y pattern not found, z is NOT remapped to [0,1] (depth may be wrong)
17:20:16.656 [diag] Z clip-space remap MISS on minecraft:pipeline/panorama fragment: FLIP_VERTEX_Y pattern not found, z is NOT remapped to [0,1] (depth may be wrong)
17:20:16.683 [diag] Z clip-space remap MISS on minecraft:pipeline/end_portal fragment: FLIP_VERTEX_Y pattern not found, z is NOT remapped to [0,1] (depth may be wrong)
17:20:16.708 [diag] Z clip-space remap MISS on minecraft:pipeline/gui_textured_premultiplied_alpha fragment: FLIP_VERTEX_Y pattern not found, z is NOT remapped to [0,1] (depth may be wrong)
17:20:16.733 [diag] Z clip-space remap MISS on minecraft:pipeline/gui_invert fragment: FLIP_VERTEX_Y pattern not found, z is NOT remapped to [0,1] (depth may be wrong)
17:20:16.758 [diag] Z clip-space remap MISS on minecraft:pipeline/sunrise_sunset fragment: FLIP_VERTEX_Y pattern not found, z is NOT remapped to [0,1] (depth may be wrong)
17:20:16.783 [diag] Z clip-space remap MISS on minecraft:pipeline/text_intensity fragment: FLIP_VERTEX_Y pattern not found, z is NOT remapped to [0,1] (depth may be wrong)
17:20:16.808 [diag] Z clip-space remap MISS on minecraft:pipeline/tracy_blit fragment: FLIP_VERTEX_Y pattern not found, z is NOT remapped to [0,1] (depth may be wrong)
17:20:16.836 [diag] Z clip-space remap MISS on minecraft:pipeline/entity_no_outline fragment: FLIP_VERTEX_Y pattern not found, z is NOT remapped to [0,1] (depth may be wrong)
17:20:16.862 [diag] Z clip-space remap MISS on minecraft:pipeline/weather_depth_write fragment: FLIP_VERTEX_Y pattern not found, z is NOT remapped to [0,1] (depth may be wrong)
17:20:16.886 [diag] Z clip-space remap MISS on minecraft:pipeline/outline_no_cull fragment: FLIP_VERTEX_Y pattern not found, z is NOT remapped to [0,1] (depth may be wrong)
17:20:16.911 [diag] Z clip-space remap MISS on minecraft:pipeline/debug_quads fragment: FLIP_VERTEX_Y pattern not found, z is NOT remapped to [0,1] (depth may be wrong)
17:20:16.938 [diag] Z clip-space remap MISS on minecraft:pipeline/cutout_terrain fragment: FLIP_VERTEX_Y pattern not found, z is NOT remapped to [0,1] (depth may be wrong)
17:20:16.963 [diag] Z clip-space remap MISS on minecraft:pipeline/entity_outline_blit fragment: FLIP_VERTEX_Y pattern not found, z is NOT remapped to [0,1] (depth may be wrong)
17:20:16.987 [diag] Z clip-space remap MISS on minecraft:pipeline/debug_triangle_fan fragment: FLIP_VERTEX_Y pattern not found, z is NOT remapped to [0,1] (depth may be wrong)
17:20:17.013 [diag] Z clip-space remap MISS on minecraft:pipeline/entity_translucent_emissive fragment: FLIP_VERTEX_Y pattern not found, z is NOT remapped to [0,1] (depth may be wrong)
17:20:17.038 [diag] Z clip-space remap MISS on minecraft:pipeline/debug_points fragment: FLIP_VERTEX_Y pattern not found, z is NOT remapped to [0,1] (depth may be wrong)
17:20:17.063 [diag] Z clip-space remap MISS on minecraft:pipeline/lightmap fragment: FLIP_VERTEX_Y pattern not found, z is NOT remapped to [0,1] (depth may be wrong)
17:20:17.089 [diag] Z clip-space remap MISS on minecraft:pipeline/tripwire_terrain fragment: FLIP_VERTEX_Y pattern not found, z is NOT remapped to [0,1] (depth may be wrong)
17:20:17.114 [diag] Z clip-space remap MISS on minecraft:pipeline/dragon_rays_depth fragment: FLIP_VERTEX_Y pattern not found, z is NOT remapped to [0,1] (depth may be wrong)
17:20:17.139 [diag] Z clip-space remap MISS on minecraft:pipeline/dragon_explosion_alpha fragment: FLIP_VERTEX_Y pattern not found, z is NOT remapped to [0,1] (depth may be wrong)
17:20:17.164 [diag] Z clip-space remap MISS on minecraft:pipeline/animate_sprite_blit fragment: FLIP_VERTEX_Y pattern not found, z is NOT remapped to [0,1] (depth may be wrong)
17:20:17.189 [diag] Z clip-space remap MISS on minecraft:pipeline/leash fragment: FLIP_VERTEX_Y pattern not found, z is NOT remapped to [0,1] (depth may be wrong)
17:20:17.214 [diag] Z clip-space remap MISS on minecraft:pipeline/stars fragment: FLIP_VERTEX_Y pattern not found, z is NOT remapped to [0,1] (depth may be wrong)
17:20:17.239 [diag] Z clip-space remap MISS on minecraft:pipeline/tripwire_block fragment: FLIP_VERTEX_Y pattern not found, z is NOT remapped to [0,1] (depth may be wrong)
17:20:17.264 [diag] Z clip-space remap MISS on minecraft:pipeline/item_entity_translucent_cull fragment: FLIP_VERTEX_Y pattern not found, z is NOT remapped to [0,1] (depth may be wrong)
17:20:17.289 [diag] Z clip-space remap MISS on minecraft:pipeline/weather_no_depth_write fragment: FLIP_VERTEX_Y pattern not found, z is NOT remapped to [0,1] (depth may be wrong)
17:20:17.314 [diag] Z clip-space remap MISS on minecraft:pipeline/debug_filled_box fragment: FLIP_VERTEX_Y pattern not found, z is NOT remapped to [0,1] (depth may be wrong)
17:20:17.339 [diag] Z clip-space remap MISS on minecraft:pipeline/armor_decal_cutout_no_cull fragment: FLIP_VERTEX_Y pattern not found, z is NOT remapped to [0,1] (depth may be wrong)
17:20:17.364 [diag] Z clip-space remap MISS on minecraft:pipeline/entity_shadow fragment: FLIP_VERTEX_Y pattern not found, z is NOT remapped to [0,1] (depth may be wrong)
17:20:17.390 [diag] Z clip-space remap MISS on minecraft:pipeline/end_gateway fragment: FLIP_VERTEX_Y pattern not found, z is NOT remapped to [0,1] (depth may be wrong)
17:20:17.416 [diag] Z clip-space remap MISS on minecraft:pipeline/entity_cutout fragment: FLIP_VERTEX_Y pattern not found, z is NOT remapped to [0,1] (depth may be wrong)
17:20:17.440 [diag] Z clip-space remap MISS on minecraft:pipeline/world_border fragment: FLIP_VERTEX_Y pattern not found, z is NOT remapped to [0,1] (depth may be wrong)
17:20:17.465 [diag] Z clip-space remap MISS on minecraft:pipeline/solid_block fragment: FLIP_VERTEX_Y pattern not found, z is NOT remapped to [0,1] (depth may be wrong)
17:20:17.490 [diag] Z clip-space remap MISS on minecraft:pipeline/opaque_particle fragment: FLIP_VERTEX_Y pattern not found, z is NOT remapped to [0,1] (depth may be wrong)
17:20:17.516 [diag] Z clip-space remap MISS on minecraft:pipeline/entity_cutout_no_cull fragment: FLIP_VERTEX_Y pattern not found, z is NOT remapped to [0,1] (depth may be wrong)
17:20:17.541 [diag] Z clip-space remap MISS on minecraft:pipeline/translucent_particle fragment: FLIP_VERTEX_Y pattern not found, z is NOT remapped to [0,1] (depth may be wrong)
17:20:17.566 [diag] Z clip-space remap MISS on minecraft:pipeline/lines fragment: FLIP_VERTEX_Y pattern not found, z is NOT remapped to [0,1] (depth may be wrong)
17:20:17.591 [diag] Z clip-space remap MISS on minecraft:pipeline/eyes fragment: FLIP_VERTEX_Y pattern not found, z is NOT remapped to [0,1] (depth may be wrong)
17:20:17.616 [diag] Z clip-space remap MISS on minecraft:pipeline/gui fragment: FLIP_VERTEX_Y pattern not found, z is NOT remapped to [0,1] (depth may be wrong)
17:20:17.642 [diag] Z clip-space remap MISS on minecraft:pipeline/wireframe fragment: FLIP_VERTEX_Y pattern not found, z is NOT remapped to [0,1] (depth may be wrong)
17:20:17.667 [diag] Z clip-space remap MISS on minecraft:pipeline/text fragment: FLIP_VERTEX_Y pattern not found, z is NOT remapped to [0,1] (depth may be wrong)
17:20:17.691 [diag] Z clip-space remap MISS on minecraft:pipeline/outline_cull fragment: FLIP_VERTEX_Y pattern not found, z is NOT remapped to [0,1] (depth may be wrong)
17:20:17.716 [diag] Z clip-space remap MISS on minecraft:pipeline/clouds fragment: FLIP_VERTEX_Y pattern not found, z is NOT remapped to [0,1] (depth may be wrong)
17:20:17.741 [diag] Z clip-space remap MISS on minecraft:pipeline/celestial fragment: FLIP_VERTEX_Y pattern not found, z is NOT remapped to [0,1] (depth may be wrong)
17:20:17.765 [diag] Z clip-space remap MISS on minecraft:pipeline/beacon_beam_translucent fragment: FLIP_VERTEX_Y pattern not found, z is NOT remapped to [0,1] (depth may be wrong)
17:20:17.791 [diag] Z clip-space remap MISS on minecraft:pipeline/solid_terrain fragment: FLIP_VERTEX_Y pattern not found, z is NOT remapped to [0,1] (depth may be wrong)
17:20:17.816 [diag] Z clip-space remap MISS on minecraft:pipeline/text_intensity_see_through fragment: FLIP_VERTEX_Y pattern not found, z is NOT remapped to [0,1] (depth may be wrong)
17:20:17.841 [diag] Z clip-space remap MISS on minecraft:pipeline/entity_solid fragment: FLIP_VERTEX_Y pattern not found, z is NOT remapped to [0,1] (depth may be wrong)
17:20:17.867 [diag] Z clip-space remap MISS on minecraft:pipeline/translucent_moving_block fragment: FLIP_VERTEX_Y pattern not found, z is NOT remapped to [0,1] (depth may be wrong)
17:20:17.892 [diag] Z clip-space remap MISS on minecraft:pipeline/gui_textured fragment: FLIP_VERTEX_Y pattern not found, z is NOT remapped to [0,1] (depth may be wrong)
17:20:17.928 createBuffer stack sample #1:
  knot//com.metallum.client.metal.render.MetalDevice.createBuffer(MetalDevice.java:149)
  knot//net.minecraft.class_1059.method_45848(class_1059.java:116)
  knot//net.minecraft.class_11697$class_11699.method_73035(class_11697.java:168)
  knot//net.minecraft.class_11697$class_11700.method_73039(class_11697.java:212)
  java.base/java.util.ArrayList.forEach(Unknown Source)
  knot//net.minecraft.class_11697$class_11700.method_73037(class_11697.java:212)
  knot//net.minecraft.class_11697.method_76671(class_11697.java:146)
  knot//net.minecraft.class_11697.method_73029(class_11697.java:142)
  java.base/java.util.concurrent.CompletableFuture$UniAccept.tryFire(Unknown Source)
  java.base/java.util.concurrent.CompletableFuture$Completion.run(Unknown Source)
  knot//net.minecraft.class_4014.method_67574(class_4014.java:59)
  knot//net.minecraft.class_1255.method_18859(class_1255.java:169)
17:20:17.941 createBuffer stack sample #2:
  knot//com.metallum.client.metal.render.MetalDevice.createBuffer(MetalDevice.java:149)
  knot//net.minecraft.class_1059.method_76314(class_1059.java:173)
  knot//net.minecraft.class_1059.method_45848(class_1059.java:135)
  knot//net.minecraft.class_11697$class_11699.method_73035(class_11697.java:168)
  knot//net.minecraft.class_11697$class_11700.method_73039(class_11697.java:212)
  java.base/java.util.ArrayList.forEach(Unknown Source)
  knot//net.minecraft.class_11697$class_11700.method_73037(class_11697.java:212)
  knot//net.minecraft.class_11697.method_76671(class_11697.java:146)
  knot//net.minecraft.class_11697.method_73029(class_11697.java:142)
  java.base/java.util.concurrent.CompletableFuture$UniAccept.tryFire(Unknown Source)
  java.base/java.util.concurrent.CompletableFuture$Completion.run(Unknown Source)
  knot//net.minecraft.class_4014.method_67574(class_4014.java:59)
17:20:17.945 createBuffer stack sample #3:
  knot//com.metallum.client.metal.render.MetalDevice.createBuffer(MetalDevice.java:149)
  knot//net.minecraft.class_1059.method_76314(class_1059.java:173)
  knot//net.minecraft.class_1059.method_45848(class_1059.java:135)
  knot//net.minecraft.class_11697$class_11699.method_73035(class_11697.java:168)
  knot//net.minecraft.class_11697$class_11700.method_73039(class_11697.java:212)
  java.base/java.util.ArrayList.forEach(Unknown Source)
  knot//net.minecraft.class_11697$class_11700.method_73037(class_11697.java:212)
  knot//net.minecraft.class_11697.method_76671(class_11697.java:146)
  knot//net.minecraft.class_11697.method_73029(class_11697.java:142)
  java.base/java.util.concurrent.CompletableFuture$UniAccept.tryFire(Unknown Source)
  java.base/java.util.concurrent.CompletableFuture$Completion.run(Unknown Source)
  knot//net.minecraft.class_4014.method_67574(class_4014.java:59)
17:20:17.963 createBuffer stack sample #4:
  knot//com.metallum.client.metal.render.MetalDevice.createBuffer(MetalDevice.java:149)
  knot//net.minecraft.class_1059.method_76314(class_1059.java:173)
  knot//net.minecraft.class_1059.method_45848(class_1059.java:135)
  knot//net.minecraft.class_11697$class_11699.method_73035(class_11697.java:168)
  knot//net.minecraft.class_11697$class_11700.method_73039(class_11697.java:212)
  java.base/java.util.ArrayList.forEach(Unknown Source)
  knot//net.minecraft.class_11697$class_11700.method_73037(class_11697.java:212)
  knot//net.minecraft.class_11697.method_76671(class_11697.java:146)
  knot//net.minecraft.class_11697.method_73029(class_11697.java:142)
  java.base/java.util.concurrent.CompletableFuture$UniAccept.tryFire(Unknown Source)
  java.base/java.util.concurrent.CompletableFuture$Completion.run(Unknown Source)
  knot//net.minecraft.class_4014.method_67574(class_4014.java:59)
17:20:17.967 createBuffer stack sample #5:
  knot//com.metallum.client.metal.render.MetalDevice.createBuffer(MetalDevice.java:149)
  knot//net.minecraft.class_1059.method_76314(class_1059.java:173)
  knot//net.minecraft.class_1059.method_45848(class_1059.java:135)
  knot//net.minecraft.class_11697$class_11699.method_73035(class_11697.java:168)
  knot//net.minecraft.class_11697$class_11700.method_73039(class_11697.java:212)
  java.base/java.util.ArrayList.forEach(Unknown Source)
  knot//net.minecraft.class_11697$class_11700.method_73037(class_11697.java:212)
  knot//net.minecraft.class_11697.method_76671(class_11697.java:146)
  knot//net.minecraft.class_11697.method_73029(class_11697.java:142)
  java.base/java.util.concurrent.CompletableFuture$UniAccept.tryFire(Unknown Source)
  java.base/java.util.concurrent.CompletableFuture$Completion.run(Unknown Source)
  knot//net.minecraft.class_4014.method_67574(class_4014.java:59)
17:20:20.033 frame_time fps=52.8 avg=18.93ms max=270.71ms gpuBehind=0
17:20:21.124 [diag] Z clip-space remap MISS on minecraft:blur/0 fragment: FLIP_VERTEX_Y pattern not found, z is NOT remapped to [0,1] (depth may be wrong)
17:20:21.152 [diag] Z clip-space remap MISS on minecraft:blur/1 fragment: FLIP_VERTEX_Y pattern not found, z is NOT remapped to [0,1] (depth may be wrong)
17:20:21.177 [diag] Z clip-space remap MISS on minecraft:blur/2 fragment: FLIP_VERTEX_Y pattern not found, z is NOT remapped to [0,1] (depth may be wrong)
17:20:21.202 [diag] Z clip-space remap MISS on minecraft:blur/3 fragment: FLIP_VERTEX_Y pattern not found, z is NOT remapped to [0,1] (depth may be wrong)
17:20:21.227 [diag] Z clip-space remap MISS on minecraft:blur/4 fragment: FLIP_VERTEX_Y pattern not found, z is NOT remapped to [0,1] (depth may be wrong)
17:20:21.253 [diag] Z clip-space remap MISS on minecraft:blur/5 fragment: FLIP_VERTEX_Y pattern not found, z is NOT remapped to [0,1] (depth may be wrong)
==== Metallum diag start ====
17:33:20.742 [diag] Z clip-space remap MISS on minecraft:pipeline/gui fragment: FLIP_VERTEX_Y pattern not found, z is NOT remapped to [0,1] (depth may be wrong)
17:33:20.770 [diag] Z clip-space remap MISS on minecraft:pipeline/gui_textured fragment: FLIP_VERTEX_Y pattern not found, z is NOT remapped to [0,1] (depth may be wrong)
17:33:20.953 [diag] Z clip-space remap MISS on minecraft:pipeline/mojang_logo fragment: FLIP_VERTEX_Y pattern not found, z is NOT remapped to [0,1] (depth may be wrong)
17:33:20.975 buffers total=42 | usage=0x82 count=15 req=0.0MB alloc=0.0MB | usage=0x22 count=6 req=0.0MB alloc=0.0MB | usage=0x3 count=2 req=1.5MB alloc=1.5MB | usage=0x88 count=15 req=0.0MB alloc=0.0MB | usage=0x28 count=3 req=0.0MB alloc=0.0MB | usage=0x48 count=1 req=0.0MB alloc=0.0MB | sum count=42 req=1.5MB alloc=1.5MB | poolHit=0 poolMiss=42 poolReturn=0 poolHitRate=0%
17:33:21.676 [diag] Z clip-space remap MISS on minecraft:pipeline/block_screen_effect fragment: FLIP_VERTEX_Y pattern not found, z is NOT remapped to [0,1] (depth may be wrong)
17:33:21.707 [diag] Z clip-space remap MISS on minecraft:pipeline/wireframe fragment: FLIP_VERTEX_Y pattern not found, z is NOT remapped to [0,1] (depth may be wrong)
17:33:21.733 [diag] Z clip-space remap MISS on minecraft:pipeline/fire_screen_effect fragment: FLIP_VERTEX_Y pattern not found, z is NOT remapped to [0,1] (depth may be wrong)
17:33:21.759 [diag] Z clip-space remap MISS on minecraft:pipeline/debug_points fragment: FLIP_VERTEX_Y pattern not found, z is NOT remapped to [0,1] (depth may be wrong)
17:33:21.786 [diag] Z clip-space remap MISS on minecraft:pipeline/armor_decal_cutout_no_cull fragment: FLIP_VERTEX_Y pattern not found, z is NOT remapped to [0,1] (depth may be wrong)
17:33:21.812 [diag] Z clip-space remap MISS on minecraft:pipeline/beacon_beam_translucent fragment: FLIP_VERTEX_Y pattern not found, z is NOT remapped to [0,1] (depth may be wrong)
17:33:21.837 [diag] Z clip-space remap MISS on minecraft:pipeline/gui_text_intensity fragment: FLIP_VERTEX_Y pattern not found, z is NOT remapped to [0,1] (depth may be wrong)
17:33:21.863 [diag] Z clip-space remap MISS on minecraft:pipeline/entity_shadow fragment: FLIP_VERTEX_Y pattern not found, z is NOT remapped to [0,1] (depth may be wrong)
17:33:21.890 [diag] Z clip-space remap MISS on minecraft:pipeline/end_portal fragment: FLIP_VERTEX_Y pattern not found, z is NOT remapped to [0,1] (depth may be wrong)
17:33:21.916 [diag] Z clip-space remap MISS on minecraft:pipeline/text_intensity fragment: FLIP_VERTEX_Y pattern not found, z is NOT remapped to [0,1] (depth may be wrong)
17:33:21.942 [diag] Z clip-space remap MISS on minecraft:pipeline/eyes fragment: FLIP_VERTEX_Y pattern not found, z is NOT remapped to [0,1] (depth may be wrong)
17:33:21.967 [diag] Z clip-space remap MISS on minecraft:pipeline/debug_filled_box fragment: FLIP_VERTEX_Y pattern not found, z is NOT remapped to [0,1] (depth may be wrong)
17:33:21.993 [diag] Z clip-space remap MISS on minecraft:pipeline/glint fragment: FLIP_VERTEX_Y pattern not found, z is NOT remapped to [0,1] (depth may be wrong)
17:33:22.019 [diag] Z clip-space remap MISS on minecraft:pipeline/sky fragment: FLIP_VERTEX_Y pattern not found, z is NOT remapped to [0,1] (depth may be wrong)
17:33:22.044 [diag] Z clip-space remap MISS on minecraft:pipeline/text_polygon_offset fragment: FLIP_VERTEX_Y pattern not found, z is NOT remapped to [0,1] (depth may be wrong)
17:33:22.070 [diag] Z clip-space remap MISS on minecraft:pipeline/energy_swirl fragment: FLIP_VERTEX_Y pattern not found, z is NOT remapped to [0,1] (depth may be wrong)
17:33:22.097 [diag] Z clip-space remap MISS on minecraft:pipeline/translucent_terrain fragment: FLIP_VERTEX_Y pattern not found, z is NOT remapped to [0,1] (depth may be wrong)
17:33:22.122 [diag] Z clip-space remap MISS on minecraft:pipeline/tracy_blit fragment: FLIP_VERTEX_Y pattern not found, z is NOT remapped to [0,1] (depth may be wrong)
17:33:22.147 [diag] Z clip-space remap MISS on minecraft:pipeline/entity_cutout fragment: FLIP_VERTEX_Y pattern not found, z is NOT remapped to [0,1] (depth may be wrong)
17:33:22.173 [diag] Z clip-space remap MISS on minecraft:pipeline/leash fragment: FLIP_VERTEX_Y pattern not found, z is NOT remapped to [0,1] (depth may be wrong)
17:33:22.199 [diag] Z clip-space remap MISS on minecraft:pipeline/clouds fragment: FLIP_VERTEX_Y pattern not found, z is NOT remapped to [0,1] (depth may be wrong)
17:33:22.223 [diag] Z clip-space remap MISS on minecraft:pipeline/gui_opaque_textured_background fragment: FLIP_VERTEX_Y pattern not found, z is NOT remapped to [0,1] (depth may be wrong)
17:33:22.249 [diag] Z clip-space remap MISS on minecraft:pipeline/crumbling fragment: FLIP_VERTEX_Y pattern not found, z is NOT remapped to [0,1] (depth may be wrong)
17:33:22.275 [diag] Z clip-space remap MISS on minecraft:pipeline/armor_translucent fragment: FLIP_VERTEX_Y pattern not found, z is NOT remapped to [0,1] (depth may be wrong)
17:33:22.300 [diag] Z clip-space remap MISS on minecraft:pipeline/dragon_explosion_alpha fragment: FLIP_VERTEX_Y pattern not found, z is NOT remapped to [0,1] (depth may be wrong)
17:33:22.325 [diag] Z clip-space remap MISS on minecraft:pipeline/mojang_logo fragment: FLIP_VERTEX_Y pattern not found, z is NOT remapped to [0,1] (depth may be wrong)
17:33:22.350 [diag] Z clip-space remap MISS on minecraft:pipeline/solid_block fragment: FLIP_VERTEX_Y pattern not found, z is NOT remapped to [0,1] (depth may be wrong)
17:33:22.375 [diag] Z clip-space remap MISS on minecraft:pipeline/translucent_particle fragment: FLIP_VERTEX_Y pattern not found, z is NOT remapped to [0,1] (depth may be wrong)
17:33:22.400 [diag] Z clip-space remap MISS on minecraft:pipeline/gui_text_highlight fragment: FLIP_VERTEX_Y pattern not found, z is NOT remapped to [0,1] (depth may be wrong)
17:33:22.425 [diag] Z clip-space remap MISS on minecraft:pipeline/entity_solid_offset_forward fragment: FLIP_VERTEX_Y pattern not found, z is NOT remapped to [0,1] (depth may be wrong)
17:33:22.451 [diag] Z clip-space remap MISS on minecraft:pipeline/entity_smooth_cutout fragment: FLIP_VERTEX_Y pattern not found, z is NOT remapped to [0,1] (depth may be wrong)
17:33:22.476 [diag] Z clip-space remap MISS on minecraft:pipeline/debug_triangle_fan fragment: FLIP_VERTEX_Y pattern not found, z is NOT remapped to [0,1] (depth may be wrong)
17:33:22.501 [diag] Z clip-space remap MISS on minecraft:pipeline/end_gateway fragment: FLIP_VERTEX_Y pattern not found, z is NOT remapped to [0,1] (depth may be wrong)
17:33:22.527 [diag] Z clip-space remap MISS on minecraft:pipeline/entity_decal fragment: FLIP_VERTEX_Y pattern not found, z is NOT remapped to [0,1] (depth may be wrong)
17:33:22.552 [diag] Z clip-space remap MISS on minecraft:pipeline/tripwire_block fragment: FLIP_VERTEX_Y pattern not found, z is NOT remapped to [0,1] (depth may be wrong)
17:33:22.577 [diag] Z clip-space remap MISS on minecraft:pipeline/debug_quads fragment: FLIP_VERTEX_Y pattern not found, z is NOT remapped to [0,1] (depth may be wrong)
17:33:22.602 [diag] Z clip-space remap MISS on minecraft:pipeline/flat_clouds fragment: FLIP_VERTEX_Y pattern not found, z is NOT remapped to [0,1] (depth may be wrong)
17:33:22.627 [diag] Z clip-space remap MISS on minecraft:pipeline/secondary_block_outline fragment: FLIP_VERTEX_Y pattern not found, z is NOT remapped to [0,1] (depth may be wrong)
17:33:22.652 [diag] Z clip-space remap MISS on minecraft:pipeline/animate_sprite_blit fragment: FLIP_VERTEX_Y pattern not found, z is NOT remapped to [0,1] (depth may be wrong)
17:33:22.676 [diag] Z clip-space remap MISS on minecraft:pipeline/crosshair fragment: FLIP_VERTEX_Y pattern not found, z is NOT remapped to [0,1] (depth may be wrong)
17:33:22.701 [diag] Z clip-space remap MISS on minecraft:pipeline/sunrise_sunset fragment: FLIP_VERTEX_Y pattern not found, z is NOT remapped to [0,1] (depth may be wrong)
17:33:22.726 [diag] Z clip-space remap MISS on minecraft:pipeline/entity_translucent_emissive fragment: FLIP_VERTEX_Y pattern not found, z is NOT remapped to [0,1] (depth may be wrong)
17:33:22.751 [diag] Z clip-space remap MISS on minecraft:pipeline/panorama fragment: FLIP_VERTEX_Y pattern not found, z is NOT remapped to [0,1] (depth may be wrong)
17:33:22.776 [diag] Z clip-space remap MISS on minecraft:pipeline/opaque_particle fragment: FLIP_VERTEX_Y pattern not found, z is NOT remapped to [0,1] (depth may be wrong)
17:33:22.801 [diag] Z clip-space remap MISS on minecraft:pipeline/text_intensity_see_through fragment: FLIP_VERTEX_Y pattern not found, z is NOT remapped to [0,1] (depth may be wrong)
17:33:22.825 [diag] Z clip-space remap MISS on minecraft:pipeline/outline_cull fragment: FLIP_VERTEX_Y pattern not found, z is NOT remapped to [0,1] (depth may be wrong)
17:33:22.850 [diag] Z clip-space remap MISS on minecraft:pipeline/gui_nausea_overlay fragment: FLIP_VERTEX_Y pattern not found, z is NOT remapped to [0,1] (depth may be wrong)
17:33:22.875 [diag] Z clip-space remap MISS on minecraft:pipeline/armor_cutout_no_cull fragment: FLIP_VERTEX_Y pattern not found, z is NOT remapped to [0,1] (depth may be wrong)
17:33:22.900 [diag] Z clip-space remap MISS on minecraft:pipeline/breeze_wind fragment: FLIP_VERTEX_Y pattern not found, z is NOT remapped to [0,1] (depth may be wrong)
17:33:22.925 [diag] Z clip-space remap MISS on minecraft:pipeline/water_mask fragment: FLIP_VERTEX_Y pattern not found, z is NOT remapped to [0,1] (depth may be wrong)
17:33:22.951 [diag] Z clip-space remap MISS on minecraft:pipeline/outline_no_cull fragment: FLIP_VERTEX_Y pattern not found, z is NOT remapped to [0,1] (depth may be wrong)
17:33:22.977 [diag] Z clip-space remap MISS on minecraft:pipeline/entity_cutout_no_cull fragment: FLIP_VERTEX_Y pattern not found, z is NOT remapped to [0,1] (depth may be wrong)
17:33:23.004 [diag] Z clip-space remap MISS on minecraft:pipeline/weather_depth_write fragment: FLIP_VERTEX_Y pattern not found, z is NOT remapped to [0,1] (depth may be wrong)
17:33:23.029 [diag] Z clip-space remap MISS on minecraft:pipeline/celestial fragment: FLIP_VERTEX_Y pattern not found, z is NOT remapped to [0,1] (depth may be wrong)
17:33:23.054 [diag] Z clip-space remap MISS on minecraft:pipeline/dragon_rays fragment: FLIP_VERTEX_Y pattern not found, z is NOT remapped to [0,1] (depth may be wrong)
17:33:23.081 [diag] Z clip-space remap MISS on minecraft:pipeline/cutout_terrain fragment: FLIP_VERTEX_Y pattern not found, z is NOT remapped to [0,1] (depth may be wrong)
17:33:23.106 [diag] Z clip-space remap MISS on minecraft:pipeline/entity_cutout_no_cull_z_offset fragment: FLIP_VERTEX_Y pattern not found, z is NOT remapped to [0,1] (depth may be wrong)
17:33:23.133 [diag] Z clip-space remap MISS on minecraft:pipeline/solid_terrain fragment: FLIP_VERTEX_Y pattern not found, z is NOT remapped to [0,1] (depth may be wrong)
17:33:23.158 [diag] Z clip-space remap MISS on minecraft:pipeline/world_border fragment: FLIP_VERTEX_Y pattern not found, z is NOT remapped to [0,1] (depth may be wrong)
17:33:23.184 [diag] Z clip-space remap MISS on minecraft:pipeline/entity_no_outline fragment: FLIP_VERTEX_Y pattern not found, z is NOT remapped to [0,1] (depth may be wrong)
17:33:23.208 [diag] Z clip-space remap MISS on minecraft:pipeline/entity_outline_blit fragment: FLIP_VERTEX_Y pattern not found, z is NOT remapped to [0,1] (depth may be wrong)
17:33:23.233 [diag] Z clip-space remap MISS on minecraft:pipeline/text_background_see_through fragment: FLIP_VERTEX_Y pattern not found, z is NOT remapped to [0,1] (depth may be wrong)
17:33:23.258 [diag] Z clip-space remap MISS on minecraft:pipeline/text fragment: FLIP_VERTEX_Y pattern not found, z is NOT remapped to [0,1] (depth may be wrong)
17:33:23.284 [diag] Z clip-space remap MISS on minecraft:pipeline/weather_no_depth_write fragment: FLIP_VERTEX_Y pattern not found, z is NOT remapped to [0,1] (depth may be wrong)
17:33:23.308 [diag] Z clip-space remap MISS on minecraft:pipeline/text_see_through fragment: FLIP_VERTEX_Y pattern not found, z is NOT remapped to [0,1] (depth may be wrong)
17:33:23.333 [diag] Z clip-space remap MISS on minecraft:pipeline/text_background fragment: FLIP_VERTEX_Y pattern not found, z is NOT remapped to [0,1] (depth may be wrong)
17:33:23.358 [diag] Z clip-space remap MISS on minecraft:pipeline/gui_invert fragment: FLIP_VERTEX_Y pattern not found, z is NOT remapped to [0,1] (depth may be wrong)
17:33:23.383 [diag] Z clip-space remap MISS on minecraft:pipeline/dragon_rays_depth fragment: FLIP_VERTEX_Y pattern not found, z is NOT remapped to [0,1] (depth may be wrong)
17:33:23.409 [diag] Z clip-space remap MISS on minecraft:pipeline/item_entity_translucent_cull fragment: FLIP_VERTEX_Y pattern not found, z is NOT remapped to [0,1] (depth may be wrong)
17:33:23.436 [diag] Z clip-space remap MISS on minecraft:pipeline/tripwire_terrain fragment: FLIP_VERTEX_Y pattern not found, z is NOT remapped to [0,1] (depth may be wrong)
17:33:23.462 [diag] Z clip-space remap MISS on minecraft:pipeline/translucent_moving_block fragment: FLIP_VERTEX_Y pattern not found, z is NOT remapped to [0,1] (depth may be wrong)
17:33:23.487 [diag] Z clip-space remap MISS on minecraft:pipeline/vignette fragment: FLIP_VERTEX_Y pattern not found, z is NOT remapped to [0,1] (depth may be wrong)
17:33:23.513 [diag] Z clip-space remap MISS on minecraft:pipeline/gui_text fragment: FLIP_VERTEX_Y pattern not found, z is NOT remapped to [0,1] (depth may be wrong)
17:33:23.538 [diag] Z clip-space remap MISS on minecraft:pipeline/lightning fragment: FLIP_VERTEX_Y pattern not found, z is NOT remapped to [0,1] (depth may be wrong)
17:33:23.564 [diag] Z clip-space remap MISS on minecraft:pipeline/lines fragment: FLIP_VERTEX_Y pattern not found, z is NOT remapped to [0,1] (depth may be wrong)
17:33:23.588 [diag] Z clip-space remap MISS on minecraft:pipeline/gui_textured fragment: FLIP_VERTEX_Y pattern not found, z is NOT remapped to [0,1] (depth may be wrong)
17:33:23.613 [diag] Z clip-space remap MISS on minecraft:pipeline/animate_sprite_interpolate fragment: FLIP_VERTEX_Y pattern not found, z is NOT remapped to [0,1] (depth may be wrong)
17:33:23.638 [diag] Z clip-space remap MISS on minecraft:pipeline/gui_textured_premultiplied_alpha fragment: FLIP_VERTEX_Y pattern not found, z is NOT remapped to [0,1] (depth may be wrong)
17:33:23.663 [diag] Z clip-space remap MISS on minecraft:pipeline/beacon_beam_opaque fragment: FLIP_VERTEX_Y pattern not found, z is NOT remapped to [0,1] (depth may be wrong)
17:33:23.688 [diag] Z clip-space remap MISS on minecraft:pipeline/cutout_block fragment: FLIP_VERTEX_Y pattern not found, z is NOT remapped to [0,1] (depth may be wrong)
17:33:23.714 [diag] Z clip-space remap MISS on minecraft:pipeline/lightmap fragment: FLIP_VERTEX_Y pattern not found, z is NOT remapped to [0,1] (depth may be wrong)
17:33:23.740 [diag] Z clip-space remap MISS on minecraft:pipeline/entity_translucent fragment: FLIP_VERTEX_Y pattern not found, z is NOT remapped to [0,1] (depth may be wrong)
17:33:23.765 [diag] Z clip-space remap MISS on minecraft:pipeline/lines_translucent fragment: FLIP_VERTEX_Y pattern not found, z is NOT remapped to [0,1] (depth may be wrong)
17:33:23.790 [diag] Z clip-space remap MISS on minecraft:pipeline/gui fragment: FLIP_VERTEX_Y pattern not found, z is NOT remapped to [0,1] (depth may be wrong)
17:33:23.814 [diag] Z clip-space remap MISS on minecraft:pipeline/end_sky fragment: FLIP_VERTEX_Y pattern not found, z is NOT remapped to [0,1] (depth may be wrong)
17:33:23.839 [diag] Z clip-space remap MISS on minecraft:pipeline/entity_solid fragment: FLIP_VERTEX_Y pattern not found, z is NOT remapped to [0,1] (depth may be wrong)
17:33:23.864 [diag] Z clip-space remap MISS on minecraft:pipeline/stars fragment: FLIP_VERTEX_Y pattern not found, z is NOT remapped to [0,1] (depth may be wrong)
17:33:23.904 createBuffer stack sample #1:
  knot//com.metallum.client.metal.render.MetalDevice.createBuffer(MetalDevice.java:149)
  knot//net.minecraft.class_1059.method_45848(class_1059.java:116)
  knot//net.minecraft.class_11697$class_11699.method_73035(class_11697.java:168)
  knot//net.minecraft.class_11697$class_11700.method_73039(class_11697.java:212)
  java.base/java.util.ArrayList.forEach(Unknown Source)
  knot//net.minecraft.class_11697$class_11700.method_73037(class_11697.java:212)
  knot//net.minecraft.class_11697.method_76671(class_11697.java:146)
  knot//net.minecraft.class_11697.method_73029(class_11697.java:142)
  java.base/java.util.concurrent.CompletableFuture$UniAccept.tryFire(Unknown Source)
  java.base/java.util.concurrent.CompletableFuture$Completion.run(Unknown Source)
  knot//net.minecraft.class_4014.method_67574(class_4014.java:59)
  knot//net.minecraft.class_1255.method_18859(class_1255.java:169)
17:33:23.924 createBuffer stack sample #2:
  knot//com.metallum.client.metal.render.MetalDevice.createBuffer(MetalDevice.java:149)
  knot//net.minecraft.class_1059.method_76314(class_1059.java:173)
  knot//net.minecraft.class_1059.method_45848(class_1059.java:135)
  knot//net.minecraft.class_11697$class_11699.method_73035(class_11697.java:168)
  knot//net.minecraft.class_11697$class_11700.method_73039(class_11697.java:212)
  java.base/java.util.ArrayList.forEach(Unknown Source)
  knot//net.minecraft.class_11697$class_11700.method_73037(class_11697.java:212)
  knot//net.minecraft.class_11697.method_76671(class_11697.java:146)
  knot//net.minecraft.class_11697.method_73029(class_11697.java:142)
  java.base/java.util.concurrent.CompletableFuture$UniAccept.tryFire(Unknown Source)
  java.base/java.util.concurrent.CompletableFuture$Completion.run(Unknown Source)
  knot//net.minecraft.class_4014.method_67574(class_4014.java:59)
17:33:23.929 createBuffer stack sample #3:
  knot//com.metallum.client.metal.render.MetalDevice.createBuffer(MetalDevice.java:149)
  knot//net.minecraft.class_1059.method_76314(class_1059.java:173)
  knot//net.minecraft.class_1059.method_45848(class_1059.java:135)
  knot//net.minecraft.class_11697$class_11699.method_73035(class_11697.java:168)
  knot//net.minecraft.class_11697$class_11700.method_73039(class_11697.java:212)
  java.base/java.util.ArrayList.forEach(Unknown Source)
  knot//net.minecraft.class_11697$class_11700.method_73037(class_11697.java:212)
  knot//net.minecraft.class_11697.method_76671(class_11697.java:146)
  knot//net.minecraft.class_11697.method_73029(class_11697.java:142)
  java.base/java.util.concurrent.CompletableFuture$UniAccept.tryFire(Unknown Source)
  java.base/java.util.concurrent.CompletableFuture$Completion.run(Unknown Source)
  knot//net.minecraft.class_4014.method_67574(class_4014.java:59)
17:33:23.947 createBuffer stack sample #4:
  knot//com.metallum.client.metal.render.MetalDevice.createBuffer(MetalDevice.java:149)
  knot//net.minecraft.class_1059.method_76314(class_1059.java:173)
  knot//net.minecraft.class_1059.method_45848(class_1059.java:135)
  knot//net.minecraft.class_11697$class_11699.method_73035(class_11697.java:168)
  knot//net.minecraft.class_11697$class_11700.method_73039(class_11697.java:212)
  java.base/java.util.ArrayList.forEach(Unknown Source)
  knot//net.minecraft.class_11697$class_11700.method_73037(class_11697.java:212)
  knot//net.minecraft.class_11697.method_76671(class_11697.java:146)
  knot//net.minecraft.class_11697.method_73029(class_11697.java:142)
  java.base/java.util.concurrent.CompletableFuture$UniAccept.tryFire(Unknown Source)
  java.base/java.util.concurrent.CompletableFuture$Completion.run(Unknown Source)
  knot//net.minecraft.class_4014.method_67574(class_4014.java:59)
17:33:23.953 createBuffer stack sample #5:
  knot//com.metallum.client.metal.render.MetalDevice.createBuffer(MetalDevice.java:149)
  knot//net.minecraft.class_1059.method_76314(class_1059.java:173)
  knot//net.minecraft.class_1059.method_45848(class_1059.java:135)
  knot//net.minecraft.class_11697$class_11699.method_73035(class_11697.java:168)
  knot//net.minecraft.class_11697$class_11700.method_73039(class_11697.java:212)
  java.base/java.util.ArrayList.forEach(Unknown Source)
  knot//net.minecraft.class_11697$class_11700.method_73037(class_11697.java:212)
  knot//net.minecraft.class_11697.method_76671(class_11697.java:146)
  knot//net.minecraft.class_11697.method_73029(class_11697.java:142)
  java.base/java.util.concurrent.CompletableFuture$UniAccept.tryFire(Unknown Source)
  java.base/java.util.concurrent.CompletableFuture$Completion.run(Unknown Source)
  knot//net.minecraft.class_4014.method_67574(class_4014.java:59)
17:33:25.991 frame_time fps=53.3 avg=18.77ms max=205.96ms gpuBehind=0
17:33:28.177 [diag] Z clip-space remap MISS on minecraft:blur/0 fragment: FLIP_VERTEX_Y pattern not found, z is NOT remapped to [0,1] (depth may be wrong)
17:33:28.204 [diag] Z clip-space remap MISS on minecraft:blur/1 fragment: FLIP_VERTEX_Y pattern not found, z is NOT remapped to [0,1] (depth may be wrong)
17:33:28.230 [diag] Z clip-space remap MISS on minecraft:blur/2 fragment: FLIP_VERTEX_Y pattern not found, z is NOT remapped to [0,1] (depth may be wrong)
17:33:28.255 [diag] Z clip-space remap MISS on minecraft:blur/3 fragment: FLIP_VERTEX_Y pattern not found, z is NOT remapped to [0,1] (depth may be wrong)
17:33:28.281 [diag] Z clip-space remap MISS on minecraft:blur/4 fragment: FLIP_VERTEX_Y pattern not found, z is NOT remapped to [0,1] (depth may be wrong)
17:33:28.307 [diag] Z clip-space remap MISS on minecraft:blur/5 fragment: FLIP_VERTEX_Y pattern not found, z is NOT remapped to [0,1] (depth may be wrong)
17:33:31.010 frame_time fps=55.2 avg=18.12ms max=183.41ms gpuBehind=0
==== Metallum diag start ====
17:48:17.699 [diag] Z clip-space remap MISS on minecraft:pipeline/gui fragment: FLIP_VERTEX_Y pattern not found, z is NOT remapped to [0,1] (depth may be wrong)
17:48:17.728 [diag] Z clip-space remap MISS on minecraft:pipeline/gui_textured fragment: FLIP_VERTEX_Y pattern not found, z is NOT remapped to [0,1] (depth may be wrong)
17:48:18.013 [diag] Z clip-space remap MISS on minecraft:pipeline/mojang_logo fragment: FLIP_VERTEX_Y pattern not found, z is NOT remapped to [0,1] (depth may be wrong)
17:48:18.027 buffers total=42 | usage=0x82 count=15 req=0.0MB alloc=0.0MB | usage=0x22 count=6 req=0.0MB alloc=0.0MB | usage=0x3 count=2 req=1.5MB alloc=1.5MB | usage=0x88 count=15 req=0.0MB alloc=0.0MB | usage=0x28 count=3 req=0.0MB alloc=0.0MB | usage=0x48 count=1 req=0.0MB alloc=0.0MB | sum count=42 req=1.5MB alloc=1.5MB | poolHit=0 poolMiss=42 poolReturn=0 poolHitRate=0%
17:48:18.734 [diag] Z clip-space remap MISS on minecraft:pipeline/panorama fragment: FLIP_VERTEX_Y pattern not found, z is NOT remapped to [0,1] (depth may be wrong)
17:48:18.764 [diag] Z clip-space remap MISS on minecraft:pipeline/breeze_wind fragment: FLIP_VERTEX_Y pattern not found, z is NOT remapped to [0,1] (depth may be wrong)
17:48:18.791 [diag] Z clip-space remap MISS on minecraft:pipeline/gui_textured fragment: FLIP_VERTEX_Y pattern not found, z is NOT remapped to [0,1] (depth may be wrong)
17:48:18.817 [diag] Z clip-space remap MISS on minecraft:pipeline/lines_translucent fragment: FLIP_VERTEX_Y pattern not found, z is NOT remapped to [0,1] (depth may be wrong)
17:48:18.844 [diag] Z clip-space remap MISS on minecraft:pipeline/beacon_beam_opaque fragment: FLIP_VERTEX_Y pattern not found, z is NOT remapped to [0,1] (depth may be wrong)
17:48:18.871 [diag] Z clip-space remap MISS on minecraft:pipeline/cutout_terrain fragment: FLIP_VERTEX_Y pattern not found, z is NOT remapped to [0,1] (depth may be wrong)
17:48:18.897 [diag] Z clip-space remap MISS on minecraft:pipeline/lightning fragment: FLIP_VERTEX_Y pattern not found, z is NOT remapped to [0,1] (depth may be wrong)
17:48:18.922 [diag] Z clip-space remap MISS on minecraft:pipeline/gui_invert fragment: FLIP_VERTEX_Y pattern not found, z is NOT remapped to [0,1] (depth may be wrong)
17:48:18.947 [diag] Z clip-space remap MISS on minecraft:pipeline/water_mask fragment: FLIP_VERTEX_Y pattern not found, z is NOT remapped to [0,1] (depth may be wrong)
17:48:18.972 [diag] Z clip-space remap MISS on minecraft:pipeline/end_sky fragment: FLIP_VERTEX_Y pattern not found, z is NOT remapped to [0,1] (depth may be wrong)
17:48:18.998 [diag] Z clip-space remap MISS on minecraft:pipeline/secondary_block_outline fragment: FLIP_VERTEX_Y pattern not found, z is NOT remapped to [0,1] (depth may be wrong)
17:48:19.024 [diag] Z clip-space remap MISS on minecraft:pipeline/sky fragment: FLIP_VERTEX_Y pattern not found, z is NOT remapped to [0,1] (depth may be wrong)
17:48:19.050 [diag] Z clip-space remap MISS on minecraft:pipeline/entity_translucent_emissive fragment: FLIP_VERTEX_Y pattern not found, z is NOT remapped to [0,1] (depth may be wrong)
17:48:19.076 [diag] Z clip-space remap MISS on minecraft:pipeline/armor_decal_cutout_no_cull fragment: FLIP_VERTEX_Y pattern not found, z is NOT remapped to [0,1] (depth may be wrong)
17:48:19.101 [diag] Z clip-space remap MISS on minecraft:pipeline/sunrise_sunset fragment: FLIP_VERTEX_Y pattern not found, z is NOT remapped to [0,1] (depth may be wrong)
17:48:19.125 [diag] Z clip-space remap MISS on minecraft:pipeline/dragon_explosion_alpha fragment: FLIP_VERTEX_Y pattern not found, z is NOT remapped to [0,1] (depth may be wrong)
17:48:19.152 [diag] Z clip-space remap MISS on minecraft:pipeline/armor_cutout_no_cull fragment: FLIP_VERTEX_Y pattern not found, z is NOT remapped to [0,1] (depth may be wrong)
17:48:19.176 [diag] Z clip-space remap MISS on minecraft:pipeline/entity_outline_blit fragment: FLIP_VERTEX_Y pattern not found, z is NOT remapped to [0,1] (depth may be wrong)
17:48:19.202 [diag] Z clip-space remap MISS on minecraft:pipeline/entity_cutout fragment: FLIP_VERTEX_Y pattern not found, z is NOT remapped to [0,1] (depth may be wrong)
17:48:19.227 [diag] Z clip-space remap MISS on minecraft:pipeline/text_intensity fragment: FLIP_VERTEX_Y pattern not found, z is NOT remapped to [0,1] (depth may be wrong)
17:48:19.253 [diag] Z clip-space remap MISS on minecraft:pipeline/entity_cutout_no_cull fragment: FLIP_VERTEX_Y pattern not found, z is NOT remapped to [0,1] (depth may be wrong)
17:48:19.277 [diag] Z clip-space remap MISS on minecraft:pipeline/debug_quads fragment: FLIP_VERTEX_Y pattern not found, z is NOT remapped to [0,1] (depth may be wrong)
17:48:19.302 [diag] Z clip-space remap MISS on minecraft:pipeline/cutout_block fragment: FLIP_VERTEX_Y pattern not found, z is NOT remapped to [0,1] (depth may be wrong)
17:48:19.329 [diag] Z clip-space remap MISS on minecraft:pipeline/wireframe fragment: FLIP_VERTEX_Y pattern not found, z is NOT remapped to [0,1] (depth may be wrong)
17:48:19.355 [diag] Z clip-space remap MISS on minecraft:pipeline/entity_no_outline fragment: FLIP_VERTEX_Y pattern not found, z is NOT remapped to [0,1] (depth may be wrong)
17:48:19.380 [diag] Z clip-space remap MISS on minecraft:pipeline/flat_clouds fragment: FLIP_VERTEX_Y pattern not found, z is NOT remapped to [0,1] (depth may be wrong)
17:48:19.405 [diag] Z clip-space remap MISS on minecraft:pipeline/debug_points fragment: FLIP_VERTEX_Y pattern not found, z is NOT remapped to [0,1] (depth may be wrong)
17:48:19.431 [diag] Z clip-space remap MISS on minecraft:pipeline/tripwire_terrain fragment: FLIP_VERTEX_Y pattern not found, z is NOT remapped to [0,1] (depth may be wrong)
17:48:19.456 [diag] Z clip-space remap MISS on minecraft:pipeline/translucent_particle fragment: FLIP_VERTEX_Y pattern not found, z is NOT remapped to [0,1] (depth may be wrong)
17:48:19.481 [diag] Z clip-space remap MISS on minecraft:pipeline/debug_triangle_fan fragment: FLIP_VERTEX_Y pattern not found, z is NOT remapped to [0,1] (depth may be wrong)
17:48:19.506 [diag] Z clip-space remap MISS on minecraft:pipeline/translucent_moving_block fragment: FLIP_VERTEX_Y pattern not found, z is NOT remapped to [0,1] (depth may be wrong)
17:48:19.532 [diag] Z clip-space remap MISS on minecraft:pipeline/weather_no_depth_write fragment: FLIP_VERTEX_Y pattern not found, z is NOT remapped to [0,1] (depth may be wrong)
17:48:19.557 [diag] Z clip-space remap MISS on minecraft:pipeline/gui_text_intensity fragment: FLIP_VERTEX_Y pattern not found, z is NOT remapped to [0,1] (depth may be wrong)
17:48:19.583 [diag] Z clip-space remap MISS on minecraft:pipeline/gui_text fragment: FLIP_VERTEX_Y pattern not found, z is NOT remapped to [0,1] (depth may be wrong)
17:48:19.608 [diag] Z clip-space remap MISS on minecraft:pipeline/text_background_see_through fragment: FLIP_VERTEX_Y pattern not found, z is NOT remapped to [0,1] (depth may be wrong)
17:48:19.632 [diag] Z clip-space remap MISS on minecraft:pipeline/outline_cull fragment: FLIP_VERTEX_Y pattern not found, z is NOT remapped to [0,1] (depth may be wrong)
17:48:19.658 [diag] Z clip-space remap MISS on minecraft:pipeline/armor_translucent fragment: FLIP_VERTEX_Y pattern not found, z is NOT remapped to [0,1] (depth may be wrong)
17:48:19.683 [diag] Z clip-space remap MISS on minecraft:pipeline/world_border fragment: FLIP_VERTEX_Y pattern not found, z is NOT remapped to [0,1] (depth may be wrong)
17:48:19.708 [diag] Z clip-space remap MISS on minecraft:pipeline/item_entity_translucent_cull fragment: FLIP_VERTEX_Y pattern not found, z is NOT remapped to [0,1] (depth may be wrong)
17:48:19.733 [diag] Z clip-space remap MISS on minecraft:pipeline/text_see_through fragment: FLIP_VERTEX_Y pattern not found, z is NOT remapped to [0,1] (depth may be wrong)
17:48:19.759 [diag] Z clip-space remap MISS on minecraft:pipeline/beacon_beam_translucent fragment: FLIP_VERTEX_Y pattern not found, z is NOT remapped to [0,1] (depth may be wrong)
17:48:19.784 [diag] Z clip-space remap MISS on minecraft:pipeline/entity_solid fragment: FLIP_VERTEX_Y pattern not found, z is NOT remapped to [0,1] (depth may be wrong)
17:48:19.812 [diag] Z clip-space remap MISS on minecraft:pipeline/vignette fragment: FLIP_VERTEX_Y pattern not found, z is NOT remapped to [0,1] (depth may be wrong)
17:48:19.837 [diag] Z clip-space remap MISS on minecraft:pipeline/glint fragment: FLIP_VERTEX_Y pattern not found, z is NOT remapped to [0,1] (depth may be wrong)
17:48:19.862 [diag] Z clip-space remap MISS on minecraft:pipeline/crosshair fragment: FLIP_VERTEX_Y pattern not found, z is NOT remapped to [0,1] (depth may be wrong)
17:48:19.887 [diag] Z clip-space remap MISS on minecraft:pipeline/solid_block fragment: FLIP_VERTEX_Y pattern not found, z is NOT remapped to [0,1] (depth may be wrong)
17:48:19.912 [diag] Z clip-space remap MISS on minecraft:pipeline/dragon_rays fragment: FLIP_VERTEX_Y pattern not found, z is NOT remapped to [0,1] (depth may be wrong)
17:48:19.937 [diag] Z clip-space remap MISS on minecraft:pipeline/text_background fragment: FLIP_VERTEX_Y pattern not found, z is NOT remapped to [0,1] (depth may be wrong)
17:48:19.963 [diag] Z clip-space remap MISS on minecraft:pipeline/entity_cutout_no_cull_z_offset fragment: FLIP_VERTEX_Y pattern not found, z is NOT remapped to [0,1] (depth may be wrong)
17:48:19.988 [diag] Z clip-space remap MISS on minecraft:pipeline/leash fragment: FLIP_VERTEX_Y pattern not found, z is NOT remapped to [0,1] (depth may be wrong)
17:48:20.014 [diag] Z clip-space remap MISS on minecraft:pipeline/lines fragment: FLIP_VERTEX_Y pattern not found, z is NOT remapped to [0,1] (depth may be wrong)
17:48:20.040 [diag] Z clip-space remap MISS on minecraft:pipeline/entity_solid_offset_forward fragment: FLIP_VERTEX_Y pattern not found, z is NOT remapped to [0,1] (depth may be wrong)
17:48:20.064 [diag] Z clip-space remap MISS on minecraft:pipeline/debug_filled_box fragment: FLIP_VERTEX_Y pattern not found, z is NOT remapped to [0,1] (depth may be wrong)
17:48:20.090 [diag] Z clip-space remap MISS on minecraft:pipeline/dragon_rays_depth fragment: FLIP_VERTEX_Y pattern not found, z is NOT remapped to [0,1] (depth may be wrong)
17:48:20.115 [diag] Z clip-space remap MISS on minecraft:pipeline/opaque_particle fragment: FLIP_VERTEX_Y pattern not found, z is NOT remapped to [0,1] (depth may be wrong)
17:48:20.140 [diag] Z clip-space remap MISS on minecraft:pipeline/clouds fragment: FLIP_VERTEX_Y pattern not found, z is NOT remapped to [0,1] (depth may be wrong)
17:48:20.166 [diag] Z clip-space remap MISS on minecraft:pipeline/text_polygon_offset fragment: FLIP_VERTEX_Y pattern not found, z is NOT remapped to [0,1] (depth may be wrong)
17:48:20.192 [diag] Z clip-space remap MISS on minecraft:pipeline/translucent_terrain fragment: FLIP_VERTEX_Y pattern not found, z is NOT remapped to [0,1] (depth may be wrong)
17:48:20.217 [diag] Z clip-space remap MISS on minecraft:pipeline/tracy_blit fragment: FLIP_VERTEX_Y pattern not found, z is NOT remapped to [0,1] (depth may be wrong)
17:48:20.241 [diag] Z clip-space remap MISS on minecraft:pipeline/gui_textured_premultiplied_alpha fragment: FLIP_VERTEX_Y pattern not found, z is NOT remapped to [0,1] (depth may be wrong)
17:48:20.266 [diag] Z clip-space remap MISS on minecraft:pipeline/mojang_logo fragment: FLIP_VERTEX_Y pattern not found, z is NOT remapped to [0,1] (depth may be wrong)
17:48:20.291 [diag] Z clip-space remap MISS on minecraft:pipeline/celestial fragment: FLIP_VERTEX_Y pattern not found, z is NOT remapped to [0,1] (depth may be wrong)
17:48:20.315 [diag] Z clip-space remap MISS on minecraft:pipeline/outline_no_cull fragment: FLIP_VERTEX_Y pattern not found, z is NOT remapped to [0,1] (depth may be wrong)
17:48:20.340 [diag] Z clip-space remap MISS on minecraft:pipeline/entity_smooth_cutout fragment: FLIP_VERTEX_Y pattern not found, z is NOT remapped to [0,1] (depth may be wrong)
17:48:20.366 [diag] Z clip-space remap MISS on minecraft:pipeline/end_gateway fragment: FLIP_VERTEX_Y pattern not found, z is NOT remapped to [0,1] (depth may be wrong)
17:48:20.391 [diag] Z clip-space remap MISS on minecraft:pipeline/gui fragment: FLIP_VERTEX_Y pattern not found, z is NOT remapped to [0,1] (depth may be wrong)
17:48:20.417 [diag] Z clip-space remap MISS on minecraft:pipeline/solid_terrain fragment: FLIP_VERTEX_Y pattern not found, z is NOT remapped to [0,1] (depth may be wrong)
17:48:20.442 [diag] Z clip-space remap MISS on minecraft:pipeline/text_intensity_see_through fragment: FLIP_VERTEX_Y pattern not found, z is NOT remapped to [0,1] (depth may be wrong)
17:48:20.467 [diag] Z clip-space remap MISS on minecraft:pipeline/entity_shadow fragment: FLIP_VERTEX_Y pattern not found, z is NOT remapped to [0,1] (depth may be wrong)
17:48:20.492 [diag] Z clip-space remap MISS on minecraft:pipeline/fire_screen_effect fragment: FLIP_VERTEX_Y pattern not found, z is NOT remapped to [0,1] (depth may be wrong)
17:48:20.517 [diag] Z clip-space remap MISS on minecraft:pipeline/animate_sprite_interpolate fragment: FLIP_VERTEX_Y pattern not found, z is NOT remapped to [0,1] (depth may be wrong)
17:48:20.541 [diag] Z clip-space remap MISS on minecraft:pipeline/gui_nausea_overlay fragment: FLIP_VERTEX_Y pattern not found, z is NOT remapped to [0,1] (depth may be wrong)
17:48:20.567 [diag] Z clip-space remap MISS on minecraft:pipeline/entity_decal fragment: FLIP_VERTEX_Y pattern not found, z is NOT remapped to [0,1] (depth may be wrong)
17:48:20.593 [diag] Z clip-space remap MISS on minecraft:pipeline/end_portal fragment: FLIP_VERTEX_Y pattern not found, z is NOT remapped to [0,1] (depth may be wrong)
17:48:20.619 [diag] Z clip-space remap MISS on minecraft:pipeline/entity_translucent fragment: FLIP_VERTEX_Y pattern not found, z is NOT remapped to [0,1] (depth may be wrong)
17:48:20.643 [diag] Z clip-space remap MISS on minecraft:pipeline/block_screen_effect fragment: FLIP_VERTEX_Y pattern not found, z is NOT remapped to [0,1] (depth may be wrong)
17:48:20.668 [diag] Z clip-space remap MISS on minecraft:pipeline/weather_depth_write fragment: FLIP_VERTEX_Y pattern not found, z is NOT remapped to [0,1] (depth may be wrong)
17:48:20.694 [diag] Z clip-space remap MISS on minecraft:pipeline/text fragment: FLIP_VERTEX_Y pattern not found, z is NOT remapped to [0,1] (depth may be wrong)
17:48:20.719 [diag] Z clip-space remap MISS on minecraft:pipeline/eyes fragment: FLIP_VERTEX_Y pattern not found, z is NOT remapped to [0,1] (depth may be wrong)
17:48:20.744 [diag] Z clip-space remap MISS on minecraft:pipeline/energy_swirl fragment: FLIP_VERTEX_Y pattern not found, z is NOT remapped to [0,1] (depth may be wrong)
17:48:20.769 [diag] Z clip-space remap MISS on minecraft:pipeline/gui_text_highlight fragment: FLIP_VERTEX_Y pattern not found, z is NOT remapped to [0,1] (depth may be wrong)
17:48:20.794 [diag] Z clip-space remap MISS on minecraft:pipeline/tripwire_block fragment: FLIP_VERTEX_Y pattern not found, z is NOT remapped to [0,1] (depth may be wrong)
17:48:20.819 [diag] Z clip-space remap MISS on minecraft:pipeline/lightmap fragment: FLIP_VERTEX_Y pattern not found, z is NOT remapped to [0,1] (depth may be wrong)
17:48:20.844 [diag] Z clip-space remap MISS on minecraft:pipeline/stars fragment: FLIP_VERTEX_Y pattern not found, z is NOT remapped to [0,1] (depth may be wrong)
17:48:20.868 [diag] Z clip-space remap MISS on minecraft:pipeline/animate_sprite_blit fragment: FLIP_VERTEX_Y pattern not found, z is NOT remapped to [0,1] (depth may be wrong)
17:48:20.894 [diag] Z clip-space remap MISS on minecraft:pipeline/crumbling fragment: FLIP_VERTEX_Y pattern not found, z is NOT remapped to [0,1] (depth may be wrong)
17:48:20.918 [diag] Z clip-space remap MISS on minecraft:pipeline/gui_opaque_textured_background fragment: FLIP_VERTEX_Y pattern not found, z is NOT remapped to [0,1] (depth may be wrong)
17:48:20.955 createBuffer stack sample #1:
  knot//com.metallum.client.metal.render.MetalDevice.createBuffer(MetalDevice.java:149)
  knot//net.minecraft.class_1059.method_45848(class_1059.java:116)
  knot//net.minecraft.class_11697$class_11699.method_73035(class_11697.java:168)
  knot//net.minecraft.class_11697$class_11700.method_73039(class_11697.java:212)
  java.base/java.util.ArrayList.forEach(Unknown Source)
  knot//net.minecraft.class_11697$class_11700.method_73037(class_11697.java:212)
  knot//net.minecraft.class_11697.method_76671(class_11697.java:146)
  knot//net.minecraft.class_11697.method_73029(class_11697.java:142)
  java.base/java.util.concurrent.CompletableFuture$UniAccept.tryFire(Unknown Source)
  java.base/java.util.concurrent.CompletableFuture$Completion.run(Unknown Source)
  knot//net.minecraft.class_4014.method_67574(class_4014.java:59)
  knot//net.minecraft.class_1255.method_18859(class_1255.java:169)
17:48:20.968 createBuffer stack sample #2:
  knot//com.metallum.client.metal.render.MetalDevice.createBuffer(MetalDevice.java:149)
  knot//net.minecraft.class_1059.method_76314(class_1059.java:173)
  knot//net.minecraft.class_1059.method_45848(class_1059.java:135)
  knot//net.minecraft.class_11697$class_11699.method_73035(class_11697.java:168)
  knot//net.minecraft.class_11697$class_11700.method_73039(class_11697.java:212)
  java.base/java.util.ArrayList.forEach(Unknown Source)
  knot//net.minecraft.class_11697$class_11700.method_73037(class_11697.java:212)
  knot//net.minecraft.class_11697.method_76671(class_11697.java:146)
  knot//net.minecraft.class_11697.method_73029(class_11697.java:142)
  java.base/java.util.concurrent.CompletableFuture$UniAccept.tryFire(Unknown Source)
  java.base/java.util.concurrent.CompletableFuture$Completion.run(Unknown Source)
  knot//net.minecraft.class_4014.method_67574(class_4014.java:59)
17:48:20.972 createBuffer stack sample #3:
  knot//com.metallum.client.metal.render.MetalDevice.createBuffer(MetalDevice.java:149)
  knot//net.minecraft.class_1059.method_76314(class_1059.java:173)
  knot//net.minecraft.class_1059.method_45848(class_1059.java:135)
  knot//net.minecraft.class_11697$class_11699.method_73035(class_11697.java:168)
  knot//net.minecraft.class_11697$class_11700.method_73039(class_11697.java:212)
  java.base/java.util.ArrayList.forEach(Unknown Source)
  knot//net.minecraft.class_11697$class_11700.method_73037(class_11697.java:212)
  knot//net.minecraft.class_11697.method_76671(class_11697.java:146)
  knot//net.minecraft.class_11697.method_73029(class_11697.java:142)
  java.base/java.util.concurrent.CompletableFuture$UniAccept.tryFire(Unknown Source)
  java.base/java.util.concurrent.CompletableFuture$Completion.run(Unknown Source)
  knot//net.minecraft.class_4014.method_67574(class_4014.java:59)
17:48:20.989 createBuffer stack sample #4:
  knot//com.metallum.client.metal.render.MetalDevice.createBuffer(MetalDevice.java:149)
  knot//net.minecraft.class_1059.method_76314(class_1059.java:173)
  knot//net.minecraft.class_1059.method_45848(class_1059.java:135)
  knot//net.minecraft.class_11697$class_11699.method_73035(class_11697.java:168)
  knot//net.minecraft.class_11697$class_11700.method_73039(class_11697.java:212)
  java.base/java.util.ArrayList.forEach(Unknown Source)
  knot//net.minecraft.class_11697$class_11700.method_73037(class_11697.java:212)
  knot//net.minecraft.class_11697.method_76671(class_11697.java:146)
  knot//net.minecraft.class_11697.method_73029(class_11697.java:142)
  java.base/java.util.concurrent.CompletableFuture$UniAccept.tryFire(Unknown Source)
  java.base/java.util.concurrent.CompletableFuture$Completion.run(Unknown Source)
  knot//net.minecraft.class_4014.method_67574(class_4014.java:59)
17:48:20.994 createBuffer stack sample #5:
  knot//com.metallum.client.metal.render.MetalDevice.createBuffer(MetalDevice.java:149)
  knot//net.minecraft.class_1059.method_76314(class_1059.java:173)
  knot//net.minecraft.class_1059.method_45848(class_1059.java:135)
  knot//net.minecraft.class_11697$class_11699.method_73035(class_11697.java:168)
  knot//net.minecraft.class_11697$class_11700.method_73039(class_11697.java:212)
  java.base/java.util.ArrayList.forEach(Unknown Source)
  knot//net.minecraft.class_11697$class_11700.method_73037(class_11697.java:212)
  knot//net.minecraft.class_11697.method_76671(class_11697.java:146)
  knot//net.minecraft.class_11697.method_73029(class_11697.java:142)
  java.base/java.util.concurrent.CompletableFuture$UniAccept.tryFire(Unknown Source)
  java.base/java.util.concurrent.CompletableFuture$Completion.run(Unknown Source)
  knot//net.minecraft.class_4014.method_67574(class_4014.java:59)
17:48:23.031 frame_time fps=53.7 avg=18.63ms max=227.95ms gpuBehind=0
17:48:24.608 [diag] Z clip-space remap MISS on minecraft:blur/0 fragment: FLIP_VERTEX_Y pattern not found, z is NOT remapped to [0,1] (depth may be wrong)
17:48:24.635 [diag] Z clip-space remap MISS on minecraft:blur/1 fragment: FLIP_VERTEX_Y pattern not found, z is NOT remapped to [0,1] (depth may be wrong)
17:48:24.663 [diag] Z clip-space remap MISS on minecraft:blur/2 fragment: FLIP_VERTEX_Y pattern not found, z is NOT remapped to [0,1] (depth may be wrong)
17:48:24.690 [diag] Z clip-space remap MISS on minecraft:blur/3 fragment: FLIP_VERTEX_Y pattern not found, z is NOT remapped to [0,1] (depth may be wrong)
17:48:24.716 [diag] Z clip-space remap MISS on minecraft:blur/4 fragment: FLIP_VERTEX_Y pattern not found, z is NOT remapped to [0,1] (depth may be wrong)
17:48:24.742 [diag] Z clip-space remap MISS on minecraft:blur/5 fragment: FLIP_VERTEX_Y pattern not found, z is NOT remapped to [0,1] (depth may be wrong)
17:48:27.785 [diag] Z clip-space remap MISS on sodium/blocks/block_layer_opaque fragment: FLIP_VERTEX_Y pattern not found, z is NOT remapped to [0,1] (depth may be wrong)
17:48:28.541 frame_time fps=54.2 avg=18.44ms max=194.85ms gpuBehind=0
==== Metallum diag start ====
18:06:53.419 [diag] Z clip-space remap MISS on minecraft:pipeline/gui fragment: FLIP_VERTEX_Y pattern not found, z is NOT remapped to [0,1] (depth may be wrong)
18:06:53.448 [diag] Z clip-space remap MISS on minecraft:pipeline/gui_textured fragment: FLIP_VERTEX_Y pattern not found, z is NOT remapped to [0,1] (depth may be wrong)
18:06:53.620 [diag] Z clip-space remap MISS on minecraft:pipeline/mojang_logo fragment: FLIP_VERTEX_Y pattern not found, z is NOT remapped to [0,1] (depth may be wrong)
18:06:53.632 buffers total=42 | usage=0x82 count=15 req=0.0MB alloc=0.0MB | usage=0x22 count=6 req=0.0MB alloc=0.0MB | usage=0x3 count=2 req=1.5MB alloc=1.5MB | usage=0x88 count=15 req=0.0MB alloc=0.0MB | usage=0x28 count=3 req=0.0MB alloc=0.0MB | usage=0x48 count=1 req=0.0MB alloc=0.0MB | sum count=42 req=1.5MB alloc=1.5MB | poolHit=0 poolMiss=42 poolReturn=0 poolHitRate=0%
18:06:54.308 [diag] Z clip-space remap MISS on minecraft:pipeline/energy_swirl fragment: FLIP_VERTEX_Y pattern not found, z is NOT remapped to [0,1] (depth may be wrong)
18:06:54.337 [diag] Z clip-space remap MISS on minecraft:pipeline/gui_text fragment: FLIP_VERTEX_Y pattern not found, z is NOT remapped to [0,1] (depth may be wrong)
18:06:54.365 [diag] Z clip-space remap MISS on minecraft:pipeline/solid_terrain fragment: FLIP_VERTEX_Y pattern not found, z is NOT remapped to [0,1] (depth may be wrong)
18:06:54.391 [diag] Z clip-space remap MISS on minecraft:pipeline/debug_filled_box fragment: FLIP_VERTEX_Y pattern not found, z is NOT remapped to [0,1] (depth may be wrong)
18:06:54.416 [diag] Z clip-space remap MISS on minecraft:pipeline/text_polygon_offset fragment: FLIP_VERTEX_Y pattern not found, z is NOT remapped to [0,1] (depth may be wrong)
18:06:54.442 [diag] Z clip-space remap MISS on minecraft:pipeline/entity_cutout fragment: FLIP_VERTEX_Y pattern not found, z is NOT remapped to [0,1] (depth may be wrong)
18:06:54.469 [diag] Z clip-space remap MISS on minecraft:pipeline/entity_translucent fragment: FLIP_VERTEX_Y pattern not found, z is NOT remapped to [0,1] (depth may be wrong)
18:06:54.495 [diag] Z clip-space remap MISS on minecraft:pipeline/tripwire_block fragment: FLIP_VERTEX_Y pattern not found, z is NOT remapped to [0,1] (depth may be wrong)
18:06:54.521 [diag] Z clip-space remap MISS on minecraft:pipeline/flat_clouds fragment: FLIP_VERTEX_Y pattern not found, z is NOT remapped to [0,1] (depth may be wrong)
18:06:54.548 [diag] Z clip-space remap MISS on minecraft:pipeline/entity_solid_offset_forward fragment: FLIP_VERTEX_Y pattern not found, z is NOT remapped to [0,1] (depth may be wrong)
18:06:54.574 [diag] Z clip-space remap MISS on minecraft:pipeline/beacon_beam_translucent fragment: FLIP_VERTEX_Y pattern not found, z is NOT remapped to [0,1] (depth may be wrong)
18:06:54.600 [diag] Z clip-space remap MISS on minecraft:pipeline/armor_decal_cutout_no_cull fragment: FLIP_VERTEX_Y pattern not found, z is NOT remapped to [0,1] (depth may be wrong)
18:06:54.626 [diag] Z clip-space remap MISS on minecraft:pipeline/entity_cutout_no_cull_z_offset fragment: FLIP_VERTEX_Y pattern not found, z is NOT remapped to [0,1] (depth may be wrong)
18:06:54.651 [diag] Z clip-space remap MISS on minecraft:pipeline/lightning fragment: FLIP_VERTEX_Y pattern not found, z is NOT remapped to [0,1] (depth may be wrong)
18:06:54.676 [diag] Z clip-space remap MISS on minecraft:pipeline/beacon_beam_opaque fragment: FLIP_VERTEX_Y pattern not found, z is NOT remapped to [0,1] (depth may be wrong)
18:06:54.701 [diag] Z clip-space remap MISS on minecraft:pipeline/text_intensity_see_through fragment: FLIP_VERTEX_Y pattern not found, z is NOT remapped to [0,1] (depth may be wrong)
18:06:54.726 [diag] Z clip-space remap MISS on minecraft:pipeline/entity_shadow fragment: FLIP_VERTEX_Y pattern not found, z is NOT remapped to [0,1] (depth may be wrong)
18:06:54.751 [diag] Z clip-space remap MISS on minecraft:pipeline/text_background_see_through fragment: FLIP_VERTEX_Y pattern not found, z is NOT remapped to [0,1] (depth may be wrong)
18:06:54.775 [diag] Z clip-space remap MISS on minecraft:pipeline/outline_no_cull fragment: FLIP_VERTEX_Y pattern not found, z is NOT remapped to [0,1] (depth may be wrong)
18:06:54.800 [diag] Z clip-space remap MISS on minecraft:pipeline/panorama fragment: FLIP_VERTEX_Y pattern not found, z is NOT remapped to [0,1] (depth may be wrong)
18:06:54.825 [diag] Z clip-space remap MISS on minecraft:pipeline/gui_text_highlight fragment: FLIP_VERTEX_Y pattern not found, z is NOT remapped to [0,1] (depth may be wrong)
18:06:54.849 [diag] Z clip-space remap MISS on minecraft:pipeline/celestial fragment: FLIP_VERTEX_Y pattern not found, z is NOT remapped to [0,1] (depth may be wrong)
18:06:54.875 [diag] Z clip-space remap MISS on minecraft:pipeline/end_gateway fragment: FLIP_VERTEX_Y pattern not found, z is NOT remapped to [0,1] (depth may be wrong)
18:06:54.900 [diag] Z clip-space remap MISS on minecraft:pipeline/mojang_logo fragment: FLIP_VERTEX_Y pattern not found, z is NOT remapped to [0,1] (depth may be wrong)
18:06:54.926 [diag] Z clip-space remap MISS on minecraft:pipeline/tripwire_terrain fragment: FLIP_VERTEX_Y pattern not found, z is NOT remapped to [0,1] (depth may be wrong)
18:06:54.952 [diag] Z clip-space remap MISS on minecraft:pipeline/entity_cutout_no_cull fragment: FLIP_VERTEX_Y pattern not found, z is NOT remapped to [0,1] (depth may be wrong)
18:06:54.978 [diag] Z clip-space remap MISS on minecraft:pipeline/entity_solid fragment: FLIP_VERTEX_Y pattern not found, z is NOT remapped to [0,1] (depth may be wrong)
18:06:55.002 [diag] Z clip-space remap MISS on minecraft:pipeline/crosshair fragment: FLIP_VERTEX_Y pattern not found, z is NOT remapped to [0,1] (depth may be wrong)
18:06:55.027 [diag] Z clip-space remap MISS on minecraft:pipeline/sunrise_sunset fragment: FLIP_VERTEX_Y pattern not found, z is NOT remapped to [0,1] (depth may be wrong)
18:06:55.051 [diag] Z clip-space remap MISS on minecraft:pipeline/debug_quads fragment: FLIP_VERTEX_Y pattern not found, z is NOT remapped to [0,1] (depth may be wrong)
18:06:55.075 [diag] Z clip-space remap MISS on minecraft:pipeline/vignette fragment: FLIP_VERTEX_Y pattern not found, z is NOT remapped to [0,1] (depth may be wrong)
18:06:55.101 [diag] Z clip-space remap MISS on minecraft:pipeline/entity_no_outline fragment: FLIP_VERTEX_Y pattern not found, z is NOT remapped to [0,1] (depth may be wrong)
18:06:55.126 [diag] Z clip-space remap MISS on minecraft:pipeline/animate_sprite_interpolate fragment: FLIP_VERTEX_Y pattern not found, z is NOT remapped to [0,1] (depth may be wrong)
18:06:55.150 [diag] Z clip-space remap MISS on minecraft:pipeline/stars fragment: FLIP_VERTEX_Y pattern not found, z is NOT remapped to [0,1] (depth may be wrong)
18:06:55.175 [diag] Z clip-space remap MISS on minecraft:pipeline/translucent_particle fragment: FLIP_VERTEX_Y pattern not found, z is NOT remapped to [0,1] (depth may be wrong)
18:06:55.200 [diag] Z clip-space remap MISS on minecraft:pipeline/translucent_moving_block fragment: FLIP_VERTEX_Y pattern not found, z is NOT remapped to [0,1] (depth may be wrong)
18:06:55.227 [diag] Z clip-space remap MISS on minecraft:pipeline/end_portal fragment: FLIP_VERTEX_Y pattern not found, z is NOT remapped to [0,1] (depth may be wrong)
18:06:55.252 [diag] Z clip-space remap MISS on minecraft:pipeline/debug_triangle_fan fragment: FLIP_VERTEX_Y pattern not found, z is NOT remapped to [0,1] (depth may be wrong)
18:06:55.277 [diag] Z clip-space remap MISS on minecraft:pipeline/tracy_blit fragment: FLIP_VERTEX_Y pattern not found, z is NOT remapped to [0,1] (depth may be wrong)
18:06:55.302 [diag] Z clip-space remap MISS on minecraft:pipeline/entity_smooth_cutout fragment: FLIP_VERTEX_Y pattern not found, z is NOT remapped to [0,1] (depth may be wrong)
18:06:55.328 [diag] Z clip-space remap MISS on minecraft:pipeline/weather_depth_write fragment: FLIP_VERTEX_Y pattern not found, z is NOT remapped to [0,1] (depth may be wrong)
18:06:55.355 [diag] Z clip-space remap MISS on minecraft:pipeline/cutout_terrain fragment: FLIP_VERTEX_Y pattern not found, z is NOT remapped to [0,1] (depth may be wrong)
18:06:55.381 [diag] Z clip-space remap MISS on minecraft:pipeline/armor_cutout_no_cull fragment: FLIP_VERTEX_Y pattern not found, z is NOT remapped to [0,1] (depth may be wrong)
18:06:55.406 [diag] Z clip-space remap MISS on minecraft:pipeline/text fragment: FLIP_VERTEX_Y pattern not found, z is NOT remapped to [0,1] (depth may be wrong)
18:06:55.431 [diag] Z clip-space remap MISS on minecraft:pipeline/leash fragment: FLIP_VERTEX_Y pattern not found, z is NOT remapped to [0,1] (depth may be wrong)
18:06:55.456 [diag] Z clip-space remap MISS on minecraft:pipeline/gui_opaque_textured_background fragment: FLIP_VERTEX_Y pattern not found, z is NOT remapped to [0,1] (depth may be wrong)
18:06:55.482 [diag] Z clip-space remap MISS on minecraft:pipeline/wireframe fragment: FLIP_VERTEX_Y pattern not found, z is NOT remapped to [0,1] (depth may be wrong)
18:06:55.508 [diag] Z clip-space remap MISS on minecraft:pipeline/solid_block fragment: FLIP_VERTEX_Y pattern not found, z is NOT remapped to [0,1] (depth may be wrong)
18:06:55.532 [diag] Z clip-space remap MISS on minecraft:pipeline/block_screen_effect fragment: FLIP_VERTEX_Y pattern not found, z is NOT remapped to [0,1] (depth may be wrong)
18:06:55.557 [diag] Z clip-space remap MISS on minecraft:pipeline/outline_cull fragment: FLIP_VERTEX_Y pattern not found, z is NOT remapped to [0,1] (depth may be wrong)
18:06:55.582 [diag] Z clip-space remap MISS on minecraft:pipeline/sky fragment: FLIP_VERTEX_Y pattern not found, z is NOT remapped to [0,1] (depth may be wrong)
18:06:55.607 [diag] Z clip-space remap MISS on minecraft:pipeline/glint fragment: FLIP_VERTEX_Y pattern not found, z is NOT remapped to [0,1] (depth may be wrong)
18:06:55.633 [diag] Z clip-space remap MISS on minecraft:pipeline/secondary_block_outline fragment: FLIP_VERTEX_Y pattern not found, z is NOT remapped to [0,1] (depth may be wrong)
18:06:55.658 [diag] Z clip-space remap MISS on minecraft:pipeline/lines fragment: FLIP_VERTEX_Y pattern not found, z is NOT remapped to [0,1] (depth may be wrong)
18:06:55.684 [diag] Z clip-space remap MISS on minecraft:pipeline/cutout_block fragment: FLIP_VERTEX_Y pattern not found, z is NOT remapped to [0,1] (depth may be wrong)
18:06:55.709 [diag] Z clip-space remap MISS on minecraft:pipeline/dragon_explosion_alpha fragment: FLIP_VERTEX_Y pattern not found, z is NOT remapped to [0,1] (depth may be wrong)
18:06:55.734 [diag] Z clip-space remap MISS on minecraft:pipeline/debug_points fragment: FLIP_VERTEX_Y pattern not found, z is NOT remapped to [0,1] (depth may be wrong)
18:06:55.758 [diag] Z clip-space remap MISS on minecraft:pipeline/gui_invert fragment: FLIP_VERTEX_Y pattern not found, z is NOT remapped to [0,1] (depth may be wrong)
18:06:55.784 [diag] Z clip-space remap MISS on minecraft:pipeline/entity_decal fragment: FLIP_VERTEX_Y pattern not found, z is NOT remapped to [0,1] (depth may be wrong)
18:06:55.809 [diag] Z clip-space remap MISS on minecraft:pipeline/gui_nausea_overlay fragment: FLIP_VERTEX_Y pattern not found, z is NOT remapped to [0,1] (depth may be wrong)
18:06:55.833 [diag] Z clip-space remap MISS on minecraft:pipeline/water_mask fragment: FLIP_VERTEX_Y pattern not found, z is NOT remapped to [0,1] (depth may be wrong)
18:06:55.859 [diag] Z clip-space remap MISS on minecraft:pipeline/eyes fragment: FLIP_VERTEX_Y pattern not found, z is NOT remapped to [0,1] (depth may be wrong)
18:06:55.885 [diag] Z clip-space remap MISS on minecraft:pipeline/clouds fragment: FLIP_VERTEX_Y pattern not found, z is NOT remapped to [0,1] (depth may be wrong)
18:06:55.910 [diag] Z clip-space remap MISS on minecraft:pipeline/armor_translucent fragment: FLIP_VERTEX_Y pattern not found, z is NOT remapped to [0,1] (depth may be wrong)
18:06:55.936 [diag] Z clip-space remap MISS on minecraft:pipeline/gui_text_intensity fragment: FLIP_VERTEX_Y pattern not found, z is NOT remapped to [0,1] (depth may be wrong)
18:06:55.961 [diag] Z clip-space remap MISS on minecraft:pipeline/breeze_wind fragment: FLIP_VERTEX_Y pattern not found, z is NOT remapped to [0,1] (depth may be wrong)
18:06:55.986 [diag] Z clip-space remap MISS on minecraft:pipeline/lightmap fragment: FLIP_VERTEX_Y pattern not found, z is NOT remapped to [0,1] (depth may be wrong)
18:06:56.012 [diag] Z clip-space remap MISS on minecraft:pipeline/text_see_through fragment: FLIP_VERTEX_Y pattern not found, z is NOT remapped to [0,1] (depth may be wrong)
18:06:56.037 [diag] Z clip-space remap MISS on minecraft:pipeline/end_sky fragment: FLIP_VERTEX_Y pattern not found, z is NOT remapped to [0,1] (depth may be wrong)
18:06:56.062 [diag] Z clip-space remap MISS on minecraft:pipeline/crumbling fragment: FLIP_VERTEX_Y pattern not found, z is NOT remapped to [0,1] (depth may be wrong)
18:06:56.088 [diag] Z clip-space remap MISS on minecraft:pipeline/item_entity_translucent_cull fragment: FLIP_VERTEX_Y pattern not found, z is NOT remapped to [0,1] (depth may be wrong)
18:06:56.114 [diag] Z clip-space remap MISS on minecraft:pipeline/dragon_rays_depth fragment: FLIP_VERTEX_Y pattern not found, z is NOT remapped to [0,1] (depth may be wrong)
18:06:56.138 [diag] Z clip-space remap MISS on minecraft:pipeline/gui_textured_premultiplied_alpha fragment: FLIP_VERTEX_Y pattern not found, z is NOT remapped to [0,1] (depth may be wrong)
18:06:56.164 [diag] Z clip-space remap MISS on minecraft:pipeline/text_intensity fragment: FLIP_VERTEX_Y pattern not found, z is NOT remapped to [0,1] (depth may be wrong)
18:06:56.189 [diag] Z clip-space remap MISS on minecraft:pipeline/dragon_rays fragment: FLIP_VERTEX_Y pattern not found, z is NOT remapped to [0,1] (depth may be wrong)
18:06:56.215 [diag] Z clip-space remap MISS on minecraft:pipeline/animate_sprite_blit fragment: FLIP_VERTEX_Y pattern not found, z is NOT remapped to [0,1] (depth may be wrong)
18:06:56.240 [diag] Z clip-space remap MISS on minecraft:pipeline/text_background fragment: FLIP_VERTEX_Y pattern not found, z is NOT remapped to [0,1] (depth may be wrong)
18:06:56.266 [diag] Z clip-space remap MISS on minecraft:pipeline/entity_translucent_emissive fragment: FLIP_VERTEX_Y pattern not found, z is NOT remapped to [0,1] (depth may be wrong)
18:06:56.292 [diag] Z clip-space remap MISS on minecraft:pipeline/opaque_particle fragment: FLIP_VERTEX_Y pattern not found, z is NOT remapped to [0,1] (depth may be wrong)
18:06:56.318 [diag] Z clip-space remap MISS on minecraft:pipeline/lines_translucent fragment: FLIP_VERTEX_Y pattern not found, z is NOT remapped to [0,1] (depth may be wrong)
18:06:56.343 [diag] Z clip-space remap MISS on minecraft:pipeline/fire_screen_effect fragment: FLIP_VERTEX_Y pattern not found, z is NOT remapped to [0,1] (depth may be wrong)
18:06:56.369 [diag] Z clip-space remap MISS on minecraft:pipeline/translucent_terrain fragment: FLIP_VERTEX_Y pattern not found, z is NOT remapped to [0,1] (depth may be wrong)
18:06:56.394 [diag] Z clip-space remap MISS on minecraft:pipeline/gui fragment: FLIP_VERTEX_Y pattern not found, z is NOT remapped to [0,1] (depth may be wrong)
18:06:56.419 [diag] Z clip-space remap MISS on minecraft:pipeline/world_border fragment: FLIP_VERTEX_Y pattern not found, z is NOT remapped to [0,1] (depth may be wrong)
18:06:56.444 [diag] Z clip-space remap MISS on minecraft:pipeline/gui_textured fragment: FLIP_VERTEX_Y pattern not found, z is NOT remapped to [0,1] (depth may be wrong)
18:06:56.470 [diag] Z clip-space remap MISS on minecraft:pipeline/weather_no_depth_write fragment: FLIP_VERTEX_Y pattern not found, z is NOT remapped to [0,1] (depth may be wrong)
18:06:56.494 [diag] Z clip-space remap MISS on minecraft:pipeline/entity_outline_blit fragment: FLIP_VERTEX_Y pattern not found, z is NOT remapped to [0,1] (depth may be wrong)
18:06:56.531 createBuffer stack sample #1:
  knot//com.metallum.client.metal.render.MetalDevice.createBuffer(MetalDevice.java:149)
  knot//net.minecraft.class_1059.method_45848(class_1059.java:116)
  knot//net.minecraft.class_11697$class_11699.method_73035(class_11697.java:168)
  knot//net.minecraft.class_11697$class_11700.method_73039(class_11697.java:212)
  java.base/java.util.ArrayList.forEach(Unknown Source)
  knot//net.minecraft.class_11697$class_11700.method_73037(class_11697.java:212)
  knot//net.minecraft.class_11697.method_76671(class_11697.java:146)
  knot//net.minecraft.class_11697.method_73029(class_11697.java:142)
  java.base/java.util.concurrent.CompletableFuture$UniAccept.tryFire(Unknown Source)
  java.base/java.util.concurrent.CompletableFuture$Completion.run(Unknown Source)
  knot//net.minecraft.class_4014.method_67574(class_4014.java:59)
  knot//net.minecraft.class_1255.method_18859(class_1255.java:169)
18:06:56.545 createBuffer stack sample #2:
  knot//com.metallum.client.metal.render.MetalDevice.createBuffer(MetalDevice.java:149)
  knot//net.minecraft.class_1059.method_76314(class_1059.java:173)
  knot//net.minecraft.class_1059.method_45848(class_1059.java:135)
  knot//net.minecraft.class_11697$class_11699.method_73035(class_11697.java:168)
  knot//net.minecraft.class_11697$class_11700.method_73039(class_11697.java:212)
  java.base/java.util.ArrayList.forEach(Unknown Source)
  knot//net.minecraft.class_11697$class_11700.method_73037(class_11697.java:212)
  knot//net.minecraft.class_11697.method_76671(class_11697.java:146)
  knot//net.minecraft.class_11697.method_73029(class_11697.java:142)
  java.base/java.util.concurrent.CompletableFuture$UniAccept.tryFire(Unknown Source)
  java.base/java.util.concurrent.CompletableFuture$Completion.run(Unknown Source)
  knot//net.minecraft.class_4014.method_67574(class_4014.java:59)
18:06:56.549 createBuffer stack sample #3:
  knot//com.metallum.client.metal.render.MetalDevice.createBuffer(MetalDevice.java:149)
  knot//net.minecraft.class_1059.method_76314(class_1059.java:173)
  knot//net.minecraft.class_1059.method_45848(class_1059.java:135)
  knot//net.minecraft.class_11697$class_11699.method_73035(class_11697.java:168)
  knot//net.minecraft.class_11697$class_11700.method_73039(class_11697.java:212)
  java.base/java.util.ArrayList.forEach(Unknown Source)
  knot//net.minecraft.class_11697$class_11700.method_73037(class_11697.java:212)
  knot//net.minecraft.class_11697.method_76671(class_11697.java:146)
  knot//net.minecraft.class_11697.method_73029(class_11697.java:142)
  java.base/java.util.concurrent.CompletableFuture$UniAccept.tryFire(Unknown Source)
  java.base/java.util.concurrent.CompletableFuture$Completion.run(Unknown Source)
  knot//net.minecraft.class_4014.method_67574(class_4014.java:59)
18:06:56.567 createBuffer stack sample #4:
  knot//com.metallum.client.metal.render.MetalDevice.createBuffer(MetalDevice.java:149)
  knot//net.minecraft.class_1059.method_76314(class_1059.java:173)
  knot//net.minecraft.class_1059.method_45848(class_1059.java:135)
  knot//net.minecraft.class_11697$class_11699.method_73035(class_11697.java:168)
  knot//net.minecraft.class_11697$class_11700.method_73039(class_11697.java:212)
  java.base/java.util.ArrayList.forEach(Unknown Source)
  knot//net.minecraft.class_11697$class_11700.method_73037(class_11697.java:212)
  knot//net.minecraft.class_11697.method_76671(class_11697.java:146)
  knot//net.minecraft.class_11697.method_73029(class_11697.java:142)
  java.base/java.util.concurrent.CompletableFuture$UniAccept.tryFire(Unknown Source)
  java.base/java.util.concurrent.CompletableFuture$Completion.run(Unknown Source)
  knot//net.minecraft.class_4014.method_67574(class_4014.java:59)
18:06:56.572 createBuffer stack sample #5:
  knot//com.metallum.client.metal.render.MetalDevice.createBuffer(MetalDevice.java:149)
  knot//net.minecraft.class_1059.method_76314(class_1059.java:173)
  knot//net.minecraft.class_1059.method_45848(class_1059.java:135)
  knot//net.minecraft.class_11697$class_11699.method_73035(class_11697.java:168)
  knot//net.minecraft.class_11697$class_11700.method_73039(class_11697.java:212)
  java.base/java.util.ArrayList.forEach(Unknown Source)
  knot//net.minecraft.class_11697$class_11700.method_73037(class_11697.java:212)
  knot//net.minecraft.class_11697.method_76671(class_11697.java:146)
  knot//net.minecraft.class_11697.method_73029(class_11697.java:142)
  java.base/java.util.concurrent.CompletableFuture$UniAccept.tryFire(Unknown Source)
  java.base/java.util.concurrent.CompletableFuture$Completion.run(Unknown Source)
  knot//net.minecraft.class_4014.method_67574(class_4014.java:59)
18:06:58.644 frame_time fps=52.5 avg=19.06ms max=271.41ms gpuBehind=0
18:06:59.672 [diag] Z clip-space remap MISS on minecraft:blur/0 fragment: FLIP_VERTEX_Y pattern not found, z is NOT remapped to [0,1] (depth may be wrong)
18:06:59.699 [diag] Z clip-space remap MISS on minecraft:blur/1 fragment: FLIP_VERTEX_Y pattern not found, z is NOT remapped to [0,1] (depth may be wrong)
18:06:59.724 [diag] Z clip-space remap MISS on minecraft:blur/2 fragment: FLIP_VERTEX_Y pattern not found, z is NOT remapped to [0,1] (depth may be wrong)
18:06:59.749 [diag] Z clip-space remap MISS on minecraft:blur/3 fragment: FLIP_VERTEX_Y pattern not found, z is NOT remapped to [0,1] (depth may be wrong)
18:06:59.774 [diag] Z clip-space remap MISS on minecraft:blur/4 fragment: FLIP_VERTEX_Y pattern not found, z is NOT remapped to [0,1] (depth may be wrong)
18:06:59.800 [diag] Z clip-space remap MISS on minecraft:blur/5 fragment: FLIP_VERTEX_Y pattern not found, z is NOT remapped to [0,1] (depth may be wrong)
18:07:02.481 [diag] Z clip-space remap MISS on sodium/blocks/block_layer_opaque fragment: FLIP_VERTEX_Y pattern not found, z is NOT remapped to [0,1] (depth may be wrong)
18:07:02.594 [diag] Z clip-space remap MISS on sodium/blocks/block_layer_opaque fragment: FLIP_VERTEX_Y pattern not found, z is NOT remapped to [0,1] (depth may be wrong)
18:07:02.658 [diag] Z clip-space remap MISS on sodium/blocks/block_layer_opaque fragment: FLIP_VERTEX_Y pattern not found, z is NOT remapped to [0,1] (depth may be wrong)
18:07:02.784 [diag] Z clip-space remap MISS on sodium/blocks/block_layer_opaque fragment: FLIP_VERTEX_Y pattern not found, z is NOT remapped to [0,1] (depth may be wrong)
18:07:02.821 [diag] Z clip-space remap MISS on sodium/blocks/block_layer_opaque fragment: FLIP_VERTEX_Y pattern not found, z is NOT remapped to [0,1] (depth may be wrong)
18:07:02.855 [diag] Z clip-space remap MISS on sodium/blocks/block_layer_opaque fragment: FLIP_VERTEX_Y pattern not found, z is NOT remapped to [0,1] (depth may be wrong)
18:07:03.710 frame_time fps=44.7 avg=22.39ms max=336.74ms gpuBehind=0
==== Metallum diag start ====
14:05:10.285 [diag] Z clip-space remap MISS on minecraft:pipeline/gui fragment: FLIP_VERTEX_Y pattern not found, z is NOT remapped to [0,1] (depth may be wrong)
14:05:10.335 [diag] Z clip-space remap MISS on minecraft:pipeline/gui_textured fragment: FLIP_VERTEX_Y pattern not found, z is NOT remapped to [0,1] (depth may be wrong)
14:05:10.576 [diag] Z clip-space remap MISS on minecraft:pipeline/mojang_logo fragment: FLIP_VERTEX_Y pattern not found, z is NOT remapped to [0,1] (depth may be wrong)
14:05:10.592 buffers total=42 | usage=0x82 count=15 req=0.0MB alloc=0.0MB | usage=0x22 count=6 req=0.0MB alloc=0.0MB | usage=0x3 count=2 req=1.5MB alloc=1.5MB | usage=0x88 count=15 req=0.0MB alloc=0.0MB | usage=0x28 count=3 req=0.0MB alloc=0.0MB | usage=0x48 count=1 req=0.0MB alloc=0.0MB | sum count=42 req=1.5MB alloc=1.5MB | poolHit=0 poolMiss=42 poolReturn=0 poolHitRate=0%
14:05:11.851 [diag] Z clip-space remap MISS on minecraft:pipeline/gui fragment: FLIP_VERTEX_Y pattern not found, z is NOT remapped to [0,1] (depth may be wrong)
14:05:11.900 [diag] Z clip-space remap MISS on minecraft:pipeline/solid_block fragment: FLIP_VERTEX_Y pattern not found, z is NOT remapped to [0,1] (depth may be wrong)
14:05:11.946 [diag] Z clip-space remap MISS on minecraft:pipeline/end_sky fragment: FLIP_VERTEX_Y pattern not found, z is NOT remapped to [0,1] (depth may be wrong)
14:05:11.993 [diag] Z clip-space remap MISS on minecraft:pipeline/text fragment: FLIP_VERTEX_Y pattern not found, z is NOT remapped to [0,1] (depth may be wrong)
14:05:12.042 [diag] Z clip-space remap MISS on minecraft:pipeline/cutout_terrain fragment: FLIP_VERTEX_Y pattern not found, z is NOT remapped to [0,1] (depth may be wrong)
14:05:12.088 [diag] Z clip-space remap MISS on minecraft:pipeline/debug_filled_box fragment: FLIP_VERTEX_Y pattern not found, z is NOT remapped to [0,1] (depth may be wrong)
14:05:12.132 [diag] Z clip-space remap MISS on minecraft:pipeline/debug_quads fragment: FLIP_VERTEX_Y pattern not found, z is NOT remapped to [0,1] (depth may be wrong)
14:05:12.178 [diag] Z clip-space remap MISS on minecraft:pipeline/crumbling fragment: FLIP_VERTEX_Y pattern not found, z is NOT remapped to [0,1] (depth may be wrong)
14:05:12.225 [diag] Z clip-space remap MISS on minecraft:pipeline/dragon_rays_depth fragment: FLIP_VERTEX_Y pattern not found, z is NOT remapped to [0,1] (depth may be wrong)
14:05:12.270 [diag] Z clip-space remap MISS on minecraft:pipeline/animate_sprite_interpolate fragment: FLIP_VERTEX_Y pattern not found, z is NOT remapped to [0,1] (depth may be wrong)
14:05:12.316 [diag] Z clip-space remap MISS on minecraft:pipeline/lines_translucent fragment: FLIP_VERTEX_Y pattern not found, z is NOT remapped to [0,1] (depth may be wrong)
14:05:12.362 [diag] Z clip-space remap MISS on minecraft:pipeline/entity_translucent_emissive fragment: FLIP_VERTEX_Y pattern not found, z is NOT remapped to [0,1] (depth may be wrong)
14:05:12.407 [diag] Z clip-space remap MISS on minecraft:pipeline/entity_shadow fragment: FLIP_VERTEX_Y pattern not found, z is NOT remapped to [0,1] (depth may be wrong)
14:05:12.452 [diag] Z clip-space remap MISS on minecraft:pipeline/crosshair fragment: FLIP_VERTEX_Y pattern not found, z is NOT remapped to [0,1] (depth may be wrong)
14:05:12.496 [diag] Z clip-space remap MISS on minecraft:pipeline/cutout_block fragment: FLIP_VERTEX_Y pattern not found, z is NOT remapped to [0,1] (depth may be wrong)
14:05:12.542 [diag] Z clip-space remap MISS on minecraft:pipeline/breeze_wind fragment: FLIP_VERTEX_Y pattern not found, z is NOT remapped to [0,1] (depth may be wrong)
14:05:12.587 [diag] Z clip-space remap MISS on minecraft:pipeline/item_entity_translucent_cull fragment: FLIP_VERTEX_Y pattern not found, z is NOT remapped to [0,1] (depth may be wrong)
14:05:12.631 [diag] Z clip-space remap MISS on minecraft:pipeline/block_screen_effect fragment: FLIP_VERTEX_Y pattern not found, z is NOT remapped to [0,1] (depth may be wrong)
14:05:12.673 [diag] Z clip-space remap MISS on minecraft:pipeline/mojang_logo fragment: FLIP_VERTEX_Y pattern not found, z is NOT remapped to [0,1] (depth may be wrong)
14:05:12.717 [diag] Z clip-space remap MISS on minecraft:pipeline/beacon_beam_translucent fragment: FLIP_VERTEX_Y pattern not found, z is NOT remapped to [0,1] (depth may be wrong)
14:05:12.761 [diag] Z clip-space remap MISS on minecraft:pipeline/lightning fragment: FLIP_VERTEX_Y pattern not found, z is NOT remapped to [0,1] (depth may be wrong)
14:05:12.804 [diag] Z clip-space remap MISS on minecraft:pipeline/gui_opaque_textured_background fragment: FLIP_VERTEX_Y pattern not found, z is NOT remapped to [0,1] (depth may be wrong)
14:05:12.847 [diag] Z clip-space remap MISS on minecraft:pipeline/tracy_blit fragment: FLIP_VERTEX_Y pattern not found, z is NOT remapped to [0,1] (depth may be wrong)
14:05:12.890 [diag] Z clip-space remap MISS on minecraft:pipeline/text_intensity_see_through fragment: FLIP_VERTEX_Y pattern not found, z is NOT remapped to [0,1] (depth may be wrong)
14:05:12.932 [diag] Z clip-space remap MISS on minecraft:pipeline/entity_outline_blit fragment: FLIP_VERTEX_Y pattern not found, z is NOT remapped to [0,1] (depth may be wrong)
14:05:12.977 [diag] Z clip-space remap MISS on minecraft:pipeline/entity_cutout_no_cull_z_offset fragment: FLIP_VERTEX_Y pattern not found, z is NOT remapped to [0,1] (depth may be wrong)
14:05:13.021 [diag] Z clip-space remap MISS on minecraft:pipeline/outline_no_cull fragment: FLIP_VERTEX_Y pattern not found, z is NOT remapped to [0,1] (depth may be wrong)
14:05:13.067 [diag] Z clip-space remap MISS on minecraft:pipeline/entity_smooth_cutout fragment: FLIP_VERTEX_Y pattern not found, z is NOT remapped to [0,1] (depth may be wrong)
14:05:13.111 [diag] Z clip-space remap MISS on minecraft:pipeline/text_intensity fragment: FLIP_VERTEX_Y pattern not found, z is NOT remapped to [0,1] (depth may be wrong)
14:05:13.155 [diag] Z clip-space remap MISS on minecraft:pipeline/fire_screen_effect fragment: FLIP_VERTEX_Y pattern not found, z is NOT remapped to [0,1] (depth may be wrong)
14:05:13.199 [diag] Z clip-space remap MISS on minecraft:pipeline/weather_no_depth_write fragment: FLIP_VERTEX_Y pattern not found, z is NOT remapped to [0,1] (depth may be wrong)
14:05:13.243 [diag] Z clip-space remap MISS on minecraft:pipeline/translucent_particle fragment: FLIP_VERTEX_Y pattern not found, z is NOT remapped to [0,1] (depth may be wrong)
14:05:13.286 [diag] Z clip-space remap MISS on minecraft:pipeline/dragon_rays fragment: FLIP_VERTEX_Y pattern not found, z is NOT remapped to [0,1] (depth may be wrong)
14:05:13.329 [diag] Z clip-space remap MISS on minecraft:pipeline/text_background_see_through fragment: FLIP_VERTEX_Y pattern not found, z is NOT remapped to [0,1] (depth may be wrong)
14:05:13.372 [diag] Z clip-space remap MISS on minecraft:pipeline/panorama fragment: FLIP_VERTEX_Y pattern not found, z is NOT remapped to [0,1] (depth may be wrong)
14:05:13.417 [diag] Z clip-space remap MISS on minecraft:pipeline/flat_clouds fragment: FLIP_VERTEX_Y pattern not found, z is NOT remapped to [0,1] (depth may be wrong)
14:05:13.460 [diag] Z clip-space remap MISS on minecraft:pipeline/gui_invert fragment: FLIP_VERTEX_Y pattern not found, z is NOT remapped to [0,1] (depth may be wrong)
14:05:13.503 [diag] Z clip-space remap MISS on minecraft:pipeline/vignette fragment: FLIP_VERTEX_Y pattern not found, z is NOT remapped to [0,1] (depth may be wrong)
14:05:13.547 [diag] Z clip-space remap MISS on minecraft:pipeline/armor_translucent fragment: FLIP_VERTEX_Y pattern not found, z is NOT remapped to [0,1] (depth may be wrong)
14:05:13.591 [diag] Z clip-space remap MISS on minecraft:pipeline/gui_text fragment: FLIP_VERTEX_Y pattern not found, z is NOT remapped to [0,1] (depth may be wrong)
14:05:13.635 [diag] Z clip-space remap MISS on minecraft:pipeline/lines fragment: FLIP_VERTEX_Y pattern not found, z is NOT remapped to [0,1] (depth may be wrong)
14:05:13.681 [diag] Z clip-space remap MISS on minecraft:pipeline/wireframe fragment: FLIP_VERTEX_Y pattern not found, z is NOT remapped to [0,1] (depth may be wrong)
14:05:13.726 [diag] Z clip-space remap MISS on minecraft:pipeline/entity_solid fragment: FLIP_VERTEX_Y pattern not found, z is NOT remapped to [0,1] (depth may be wrong)
14:05:13.771 [diag] Z clip-space remap MISS on minecraft:pipeline/solid_terrain fragment: FLIP_VERTEX_Y pattern not found, z is NOT remapped to [0,1] (depth may be wrong)
14:05:13.816 [diag] Z clip-space remap MISS on minecraft:pipeline/text_background fragment: FLIP_VERTEX_Y pattern not found, z is NOT remapped to [0,1] (depth may be wrong)
14:05:13.861 [diag] Z clip-space remap MISS on minecraft:pipeline/entity_cutout_no_cull fragment: FLIP_VERTEX_Y pattern not found, z is NOT remapped to [0,1] (depth may be wrong)
14:05:13.904 [diag] Z clip-space remap MISS on minecraft:pipeline/celestial fragment: FLIP_VERTEX_Y pattern not found, z is NOT remapped to [0,1] (depth may be wrong)
14:05:13.950 [diag] Z clip-space remap MISS on minecraft:pipeline/translucent_terrain fragment: FLIP_VERTEX_Y pattern not found, z is NOT remapped to [0,1] (depth may be wrong)
14:05:13.996 [diag] Z clip-space remap MISS on minecraft:pipeline/armor_decal_cutout_no_cull fragment: FLIP_VERTEX_Y pattern not found, z is NOT remapped to [0,1] (depth may be wrong)
14:05:14.039 [diag] Z clip-space remap MISS on minecraft:pipeline/gui_textured fragment: FLIP_VERTEX_Y pattern not found, z is NOT remapped to [0,1] (depth may be wrong)
14:05:14.081 [diag] Z clip-space remap MISS on minecraft:pipeline/water_mask fragment: FLIP_VERTEX_Y pattern not found, z is NOT remapped to [0,1] (depth may be wrong)
14:05:14.124 [diag] Z clip-space remap MISS on minecraft:pipeline/text_polygon_offset fragment: FLIP_VERTEX_Y pattern not found, z is NOT remapped to [0,1] (depth may be wrong)
14:05:14.170 [diag] Z clip-space remap MISS on minecraft:pipeline/tripwire_terrain fragment: FLIP_VERTEX_Y pattern not found, z is NOT remapped to [0,1] (depth may be wrong)
14:05:14.215 [diag] Z clip-space remap MISS on minecraft:pipeline/secondary_block_outline fragment: FLIP_VERTEX_Y pattern not found, z is NOT remapped to [0,1] (depth may be wrong)
14:05:14.258 [diag] Z clip-space remap MISS on minecraft:pipeline/stars fragment: FLIP_VERTEX_Y pattern not found, z is NOT remapped to [0,1] (depth may be wrong)
14:05:14.303 [diag] Z clip-space remap MISS on minecraft:pipeline/end_gateway fragment: FLIP_VERTEX_Y pattern not found, z is NOT remapped to [0,1] (depth may be wrong)
14:05:14.348 [diag] Z clip-space remap MISS on minecraft:pipeline/entity_solid_offset_forward fragment: FLIP_VERTEX_Y pattern not found, z is NOT remapped to [0,1] (depth may be wrong)
14:05:14.392 [diag] Z clip-space remap MISS on minecraft:pipeline/sky fragment: FLIP_VERTEX_Y pattern not found, z is NOT remapped to [0,1] (depth may be wrong)
14:05:14.437 [diag] Z clip-space remap MISS on minecraft:pipeline/entity_decal fragment: FLIP_VERTEX_Y pattern not found, z is NOT remapped to [0,1] (depth may be wrong)
14:05:14.481 [diag] Z clip-space remap MISS on minecraft:pipeline/glint fragment: FLIP_VERTEX_Y pattern not found, z is NOT remapped to [0,1] (depth may be wrong)
14:05:14.526 [diag] Z clip-space remap MISS on minecraft:pipeline/clouds fragment: FLIP_VERTEX_Y pattern not found, z is NOT remapped to [0,1] (depth may be wrong)
14:05:14.571 [diag] Z clip-space remap MISS on minecraft:pipeline/entity_no_outline fragment: FLIP_VERTEX_Y pattern not found, z is NOT remapped to [0,1] (depth may be wrong)
14:05:14.614 [diag] Z clip-space remap MISS on minecraft:pipeline/outline_cull fragment: FLIP_VERTEX_Y pattern not found, z is NOT remapped to [0,1] (depth may be wrong)
14:05:14.657 [diag] Z clip-space remap MISS on minecraft:pipeline/sunrise_sunset fragment: FLIP_VERTEX_Y pattern not found, z is NOT remapped to [0,1] (depth may be wrong)
14:05:14.701 [diag] Z clip-space remap MISS on minecraft:pipeline/eyes fragment: FLIP_VERTEX_Y pattern not found, z is NOT remapped to [0,1] (depth may be wrong)
14:05:14.743 [diag] Z clip-space remap MISS on minecraft:pipeline/gui_textured_premultiplied_alpha fragment: FLIP_VERTEX_Y pattern not found, z is NOT remapped to [0,1] (depth may be wrong)
14:05:14.786 [diag] Z clip-space remap MISS on minecraft:pipeline/gui_text_highlight fragment: FLIP_VERTEX_Y pattern not found, z is NOT remapped to [0,1] (depth may be wrong)
14:05:14.829 [diag] Z clip-space remap MISS on minecraft:pipeline/dragon_explosion_alpha fragment: FLIP_VERTEX_Y pattern not found, z is NOT remapped to [0,1] (depth may be wrong)
14:05:14.873 [diag] Z clip-space remap MISS on minecraft:pipeline/energy_swirl fragment: FLIP_VERTEX_Y pattern not found, z is NOT remapped to [0,1] (depth may be wrong)
14:05:14.917 [diag] Z clip-space remap MISS on minecraft:pipeline/leash fragment: FLIP_VERTEX_Y pattern not found, z is NOT remapped to [0,1] (depth may be wrong)
14:05:14.960 [diag] Z clip-space remap MISS on minecraft:pipeline/debug_points fragment: FLIP_VERTEX_Y pattern not found, z is NOT remapped to [0,1] (depth may be wrong)
14:05:15.005 [diag] Z clip-space remap MISS on minecraft:pipeline/entity_cutout fragment: FLIP_VERTEX_Y pattern not found, z is NOT remapped to [0,1] (depth may be wrong)
14:05:15.048 [diag] Z clip-space remap MISS on minecraft:pipeline/world_border fragment: FLIP_VERTEX_Y pattern not found, z is NOT remapped to [0,1] (depth may be wrong)
14:05:15.090 [diag] Z clip-space remap MISS on minecraft:pipeline/gui_nausea_overlay fragment: FLIP_VERTEX_Y pattern not found, z is NOT remapped to [0,1] (depth may be wrong)
14:05:15.134 [diag] Z clip-space remap MISS on minecraft:pipeline/translucent_moving_block fragment: FLIP_VERTEX_Y pattern not found, z is NOT remapped to [0,1] (depth may be wrong)
14:05:15.177 [diag] Z clip-space remap MISS on minecraft:pipeline/weather_depth_write fragment: FLIP_VERTEX_Y pattern not found, z is NOT remapped to [0,1] (depth may be wrong)
14:05:15.221 [diag] Z clip-space remap MISS on minecraft:pipeline/gui_text_intensity fragment: FLIP_VERTEX_Y pattern not found, z is NOT remapped to [0,1] (depth may be wrong)
14:05:15.263 [diag] Z clip-space remap MISS on minecraft:pipeline/text_see_through fragment: FLIP_VERTEX_Y pattern not found, z is NOT remapped to [0,1] (depth may be wrong)
14:05:15.307 [diag] Z clip-space remap MISS on minecraft:pipeline/opaque_particle fragment: FLIP_VERTEX_Y pattern not found, z is NOT remapped to [0,1] (depth may be wrong)
14:05:15.350 [diag] Z clip-space remap MISS on minecraft:pipeline/beacon_beam_opaque fragment: FLIP_VERTEX_Y pattern not found, z is NOT remapped to [0,1] (depth may be wrong)
14:05:15.393 [diag] Z clip-space remap MISS on minecraft:pipeline/animate_sprite_blit fragment: FLIP_VERTEX_Y pattern not found, z is NOT remapped to [0,1] (depth may be wrong)
14:05:15.438 [diag] Z clip-space remap MISS on minecraft:pipeline/entity_translucent fragment: FLIP_VERTEX_Y pattern not found, z is NOT remapped to [0,1] (depth may be wrong)
14:05:15.483 [diag] Z clip-space remap MISS on minecraft:pipeline/end_portal fragment: FLIP_VERTEX_Y pattern not found, z is NOT remapped to [0,1] (depth may be wrong)
14:05:15.527 [diag] Z clip-space remap MISS on minecraft:pipeline/armor_cutout_no_cull fragment: FLIP_VERTEX_Y pattern not found, z is NOT remapped to [0,1] (depth may be wrong)
14:05:15.570 [diag] Z clip-space remap MISS on minecraft:pipeline/debug_triangle_fan fragment: FLIP_VERTEX_Y pattern not found, z is NOT remapped to [0,1] (depth may be wrong)
14:05:15.613 [diag] Z clip-space remap MISS on minecraft:pipeline/lightmap fragment: FLIP_VERTEX_Y pattern not found, z is NOT remapped to [0,1] (depth may be wrong)
14:05:15.658 [diag] Z clip-space remap MISS on minecraft:pipeline/tripwire_block fragment: FLIP_VERTEX_Y pattern not found, z is NOT remapped to [0,1] (depth may be wrong)
14:05:15.722 createBuffer stack sample #1:
  knot//com.metallum.client.metal.render.MetalDevice.createBuffer(MetalDevice.java:149)
  knot//net.minecraft.class_1059.method_45848(class_1059.java:116)
  knot//net.minecraft.class_11697$class_11699.method_73035(class_11697.java:168)
  knot//net.minecraft.class_11697$class_11700.method_73039(class_11697.java:212)
  java.base/java.util.ArrayList.forEach(Unknown Source)
  knot//net.minecraft.class_11697$class_11700.method_73037(class_11697.java:212)
  knot//net.minecraft.class_11697.method_76671(class_11697.java:146)
  knot//net.minecraft.class_11697.method_73029(class_11697.java:142)
  java.base/java.util.concurrent.CompletableFuture$UniAccept.tryFire(Unknown Source)
  java.base/java.util.concurrent.CompletableFuture$Completion.run(Unknown Source)
  knot//net.minecraft.class_4014.method_67574(class_4014.java:59)
  knot//net.minecraft.class_1255.method_18859(class_1255.java:169)
14:05:15.744 createBuffer stack sample #2:
  knot//com.metallum.client.metal.render.MetalDevice.createBuffer(MetalDevice.java:149)
  knot//net.minecraft.class_1059.method_76314(class_1059.java:173)
  knot//net.minecraft.class_1059.method_45848(class_1059.java:135)
  knot//net.minecraft.class_11697$class_11699.method_73035(class_11697.java:168)
  knot//net.minecraft.class_11697$class_11700.method_73039(class_11697.java:212)
  java.base/java.util.ArrayList.forEach(Unknown Source)
  knot//net.minecraft.class_11697$class_11700.method_73037(class_11697.java:212)
  knot//net.minecraft.class_11697.method_76671(class_11697.java:146)
  knot//net.minecraft.class_11697.method_73029(class_11697.java:142)
  java.base/java.util.concurrent.CompletableFuture$UniAccept.tryFire(Unknown Source)
  java.base/java.util.concurrent.CompletableFuture$Completion.run(Unknown Source)
  knot//net.minecraft.class_4014.method_67574(class_4014.java:59)
14:05:15.751 createBuffer stack sample #3:
  knot//com.metallum.client.metal.render.MetalDevice.createBuffer(MetalDevice.java:149)
  knot//net.minecraft.class_1059.method_76314(class_1059.java:173)
  knot//net.minecraft.class_1059.method_45848(class_1059.java:135)
  knot//net.minecraft.class_11697$class_11699.method_73035(class_11697.java:168)
  knot//net.minecraft.class_11697$class_11700.method_73039(class_11697.java:212)
  java.base/java.util.ArrayList.forEach(Unknown Source)
  knot//net.minecraft.class_11697$class_11700.method_73037(class_11697.java:212)
  knot//net.minecraft.class_11697.method_76671(class_11697.java:146)
  knot//net.minecraft.class_11697.method_73029(class_11697.java:142)
  java.base/java.util.concurrent.CompletableFuture$UniAccept.tryFire(Unknown Source)
  java.base/java.util.concurrent.CompletableFuture$Completion.run(Unknown Source)
  knot//net.minecraft.class_4014.method_67574(class_4014.java:59)
14:05:15.780 createBuffer stack sample #4:
  knot//com.metallum.client.metal.render.MetalDevice.createBuffer(MetalDevice.java:149)
  knot//net.minecraft.class_1059.method_76314(class_1059.java:173)
  knot//net.minecraft.class_1059.method_45848(class_1059.java:135)
  knot//net.minecraft.class_11697$class_11699.method_73035(class_11697.java:168)
  knot//net.minecraft.class_11697$class_11700.method_73039(class_11697.java:212)
  java.base/java.util.ArrayList.forEach(Unknown Source)
  knot//net.minecraft.class_11697$class_11700.method_73037(class_11697.java:212)
  knot//net.minecraft.class_11697.method_76671(class_11697.java:146)
  knot//net.minecraft.class_11697.method_73029(class_11697.java:142)
  java.base/java.util.concurrent.CompletableFuture$UniAccept.tryFire(Unknown Source)
  java.base/java.util.concurrent.CompletableFuture$Completion.run(Unknown Source)
  knot//net.minecraft.class_4014.method_67574(class_4014.java:59)
14:05:15.787 createBuffer stack sample #5:
  knot//com.metallum.client.metal.render.MetalDevice.createBuffer(MetalDevice.java:149)
  knot//net.minecraft.class_1059.method_76314(class_1059.java:173)
  knot//net.minecraft.class_1059.method_45848(class_1059.java:135)
  knot//net.minecraft.class_11697$class_11699.method_73035(class_11697.java:168)
  knot//net.minecraft.class_11697$class_11700.method_73039(class_11697.java:212)
  java.base/java.util.ArrayList.forEach(Unknown Source)
  knot//net.minecraft.class_11697$class_11700.method_73037(class_11697.java:212)
  knot//net.minecraft.class_11697.method_76671(class_11697.java:146)
  knot//net.minecraft.class_11697.method_73029(class_11697.java:142)
  java.base/java.util.concurrent.CompletableFuture$UniAccept.tryFire(Unknown Source)
  java.base/java.util.concurrent.CompletableFuture$Completion.run(Unknown Source)
  knot//net.minecraft.class_4014.method_67574(class_4014.java:59)
14:05:15.991 frame_time fps=52.5 avg=19.07ms max=125.03ms gpuBehind=0
14:05:20.293 [diag] Z clip-space remap MISS on minecraft:blur/0 fragment: FLIP_VERTEX_Y pattern not found, z is NOT remapped to [0,1] (depth may be wrong)
14:05:20.342 [diag] Z clip-space remap MISS on minecraft:blur/1 fragment: FLIP_VERTEX_Y pattern not found, z is NOT remapped to [0,1] (depth may be wrong)
14:05:20.388 [diag] Z clip-space remap MISS on minecraft:blur/2 fragment: FLIP_VERTEX_Y pattern not found, z is NOT remapped to [0,1] (depth may be wrong)
14:05:20.432 [diag] Z clip-space remap MISS on minecraft:blur/3 fragment: FLIP_VERTEX_Y pattern not found, z is NOT remapped to [0,1] (depth may be wrong)
14:05:20.476 [diag] Z clip-space remap MISS on minecraft:blur/4 fragment: FLIP_VERTEX_Y pattern not found, z is NOT remapped to [0,1] (depth may be wrong)
14:05:20.520 [diag] Z clip-space remap MISS on minecraft:blur/5 fragment: FLIP_VERTEX_Y pattern not found, z is NOT remapped to [0,1] (depth may be wrong)
14:05:20.994 frame_time fps=51.4 avg=19.46ms max=394.77ms gpuBehind=0
14:05:26.194 [diag] Z clip-space remap MISS on sodium/blocks/block_layer_opaque fragment: FLIP_VERTEX_Y pattern not found, z is NOT remapped to [0,1] (depth may be wrong)
14:05:26.248 [diag] Z clip-space remap MISS on sodium/blocks/block_layer_opaque fragment: FLIP_VERTEX_Y pattern not found, z is NOT remapped to [0,1] (depth may be wrong)
14:05:26.312 [diag] Z clip-space remap MISS on sodium/blocks/block_layer_opaque fragment: FLIP_VERTEX_Y pattern not found, z is NOT remapped to [0,1] (depth may be wrong)
14:05:26.347 frame_time fps=54.2 avg=18.44ms max=140.31ms gpuBehind=0
14:05:26.516 [diag] Z clip-space remap MISS on sodium/blocks/block_layer_opaque fragment: FLIP_VERTEX_Y pattern not found, z is NOT remapped to [0,1] (depth may be wrong)
14:05:26.568 [diag] Z clip-space remap MISS on sodium/blocks/block_layer_opaque fragment: FLIP_VERTEX_Y pattern not found, z is NOT remapped to [0,1] (depth may be wrong)
14:05:26.620 [diag] Z clip-space remap MISS on sodium/blocks/block_layer_opaque fragment: FLIP_VERTEX_Y pattern not found, z is NOT remapped to [0,1] (depth may be wrong)
==== Metallum diag start ====
14:19:07.756 [diag] Z clip-space remap MISS on minecraft:pipeline/gui fragment: FLIP_VERTEX_Y pattern not found, z is NOT remapped to [0,1] (depth may be wrong)
14:19:07.785 [diag] Z clip-space remap MISS on minecraft:pipeline/gui_textured fragment: FLIP_VERTEX_Y pattern not found, z is NOT remapped to [0,1] (depth may be wrong)
14:19:07.963 [diag] Z clip-space remap MISS on minecraft:pipeline/mojang_logo fragment: FLIP_VERTEX_Y pattern not found, z is NOT remapped to [0,1] (depth may be wrong)
14:19:07.976 buffers total=42 | usage=0x82 count=15 req=0.0MB alloc=0.0MB | usage=0x22 count=6 req=0.0MB alloc=0.0MB | usage=0x3 count=2 req=1.5MB alloc=1.5MB | usage=0x88 count=15 req=0.0MB alloc=0.0MB | usage=0x28 count=3 req=0.0MB alloc=0.0MB | usage=0x48 count=1 req=0.0MB alloc=0.0MB | sum count=42 req=1.5MB alloc=1.5MB | poolHit=0 poolMiss=42 poolReturn=0 poolHitRate=0%
14:19:08.783 [diag] Z clip-space remap MISS on minecraft:pipeline/entity_solid_offset_forward fragment: FLIP_VERTEX_Y pattern not found, z is NOT remapped to [0,1] (depth may be wrong)
14:19:08.812 [diag] Z clip-space remap MISS on minecraft:pipeline/weather_no_depth_write fragment: FLIP_VERTEX_Y pattern not found, z is NOT remapped to [0,1] (depth may be wrong)
14:19:08.840 [diag] Z clip-space remap MISS on minecraft:pipeline/end_sky fragment: FLIP_VERTEX_Y pattern not found, z is NOT remapped to [0,1] (depth may be wrong)
14:19:08.866 [diag] Z clip-space remap MISS on minecraft:pipeline/water_mask fragment: FLIP_VERTEX_Y pattern not found, z is NOT remapped to [0,1] (depth may be wrong)
14:19:08.892 [diag] Z clip-space remap MISS on minecraft:pipeline/mojang_logo fragment: FLIP_VERTEX_Y pattern not found, z is NOT remapped to [0,1] (depth may be wrong)
14:19:08.917 [diag] Z clip-space remap MISS on minecraft:pipeline/translucent_particle fragment: FLIP_VERTEX_Y pattern not found, z is NOT remapped to [0,1] (depth may be wrong)
14:19:08.943 [diag] Z clip-space remap MISS on minecraft:pipeline/beacon_beam_translucent fragment: FLIP_VERTEX_Y pattern not found, z is NOT remapped to [0,1] (depth may be wrong)
14:19:08.968 [diag] Z clip-space remap MISS on minecraft:pipeline/gui_nausea_overlay fragment: FLIP_VERTEX_Y pattern not found, z is NOT remapped to [0,1] (depth may be wrong)
14:19:08.993 [diag] Z clip-space remap MISS on minecraft:pipeline/world_border fragment: FLIP_VERTEX_Y pattern not found, z is NOT remapped to [0,1] (depth may be wrong)
14:19:09.019 [diag] Z clip-space remap MISS on minecraft:pipeline/gui_text_intensity fragment: FLIP_VERTEX_Y pattern not found, z is NOT remapped to [0,1] (depth may be wrong)
14:19:09.045 [diag] Z clip-space remap MISS on minecraft:pipeline/dragon_rays fragment: FLIP_VERTEX_Y pattern not found, z is NOT remapped to [0,1] (depth may be wrong)
14:19:09.070 [diag] Z clip-space remap MISS on minecraft:pipeline/sunrise_sunset fragment: FLIP_VERTEX_Y pattern not found, z is NOT remapped to [0,1] (depth may be wrong)
14:19:09.096 [diag] Z clip-space remap MISS on minecraft:pipeline/text_intensity fragment: FLIP_VERTEX_Y pattern not found, z is NOT remapped to [0,1] (depth may be wrong)
14:19:09.122 [diag] Z clip-space remap MISS on minecraft:pipeline/entity_cutout fragment: FLIP_VERTEX_Y pattern not found, z is NOT remapped to [0,1] (depth may be wrong)
14:19:09.147 [diag] Z clip-space remap MISS on minecraft:pipeline/entity_outline_blit fragment: FLIP_VERTEX_Y pattern not found, z is NOT remapped to [0,1] (depth may be wrong)
14:19:09.172 [diag] Z clip-space remap MISS on minecraft:pipeline/text_background_see_through fragment: FLIP_VERTEX_Y pattern not found, z is NOT remapped to [0,1] (depth may be wrong)
14:19:09.197 [diag] Z clip-space remap MISS on minecraft:pipeline/translucent_moving_block fragment: FLIP_VERTEX_Y pattern not found, z is NOT remapped to [0,1] (depth may be wrong)
14:19:09.223 [diag] Z clip-space remap MISS on minecraft:pipeline/lightning fragment: FLIP_VERTEX_Y pattern not found, z is NOT remapped to [0,1] (depth may be wrong)
14:19:09.248 [diag] Z clip-space remap MISS on minecraft:pipeline/celestial fragment: FLIP_VERTEX_Y pattern not found, z is NOT remapped to [0,1] (depth may be wrong)
14:19:09.274 [diag] Z clip-space remap MISS on minecraft:pipeline/entity_no_outline fragment: FLIP_VERTEX_Y pattern not found, z is NOT remapped to [0,1] (depth may be wrong)
14:19:09.300 [diag] Z clip-space remap MISS on minecraft:pipeline/entity_decal fragment: FLIP_VERTEX_Y pattern not found, z is NOT remapped to [0,1] (depth may be wrong)
14:19:09.325 [diag] Z clip-space remap MISS on minecraft:pipeline/tripwire_block fragment: FLIP_VERTEX_Y pattern not found, z is NOT remapped to [0,1] (depth may be wrong)
14:19:09.350 [diag] Z clip-space remap MISS on minecraft:pipeline/outline_cull fragment: FLIP_VERTEX_Y pattern not found, z is NOT remapped to [0,1] (depth may be wrong)
14:19:09.375 [diag] Z clip-space remap MISS on minecraft:pipeline/animate_sprite_interpolate fragment: FLIP_VERTEX_Y pattern not found, z is NOT remapped to [0,1] (depth may be wrong)
14:19:09.401 [diag] Z clip-space remap MISS on minecraft:pipeline/entity_cutout_no_cull fragment: FLIP_VERTEX_Y pattern not found, z is NOT remapped to [0,1] (depth may be wrong)
14:19:09.426 [diag] Z clip-space remap MISS on minecraft:pipeline/animate_sprite_blit fragment: FLIP_VERTEX_Y pattern not found, z is NOT remapped to [0,1] (depth may be wrong)
14:19:09.452 [diag] Z clip-space remap MISS on minecraft:pipeline/end_portal fragment: FLIP_VERTEX_Y pattern not found, z is NOT remapped to [0,1] (depth may be wrong)
14:19:09.477 [diag] Z clip-space remap MISS on minecraft:pipeline/block_screen_effect fragment: FLIP_VERTEX_Y pattern not found, z is NOT remapped to [0,1] (depth may be wrong)
14:19:09.502 [diag] Z clip-space remap MISS on minecraft:pipeline/tracy_blit fragment: FLIP_VERTEX_Y pattern not found, z is NOT remapped to [0,1] (depth may be wrong)
14:19:09.526 [diag] Z clip-space remap MISS on minecraft:pipeline/dragon_explosion_alpha fragment: FLIP_VERTEX_Y pattern not found, z is NOT remapped to [0,1] (depth may be wrong)
14:19:09.553 [diag] Z clip-space remap MISS on minecraft:pipeline/entity_translucent_emissive fragment: FLIP_VERTEX_Y pattern not found, z is NOT remapped to [0,1] (depth may be wrong)
14:19:09.578 [diag] Z clip-space remap MISS on minecraft:pipeline/vignette fragment: FLIP_VERTEX_Y pattern not found, z is NOT remapped to [0,1] (depth may be wrong)
14:19:09.604 [diag] Z clip-space remap MISS on minecraft:pipeline/item_entity_translucent_cull fragment: FLIP_VERTEX_Y pattern not found, z is NOT remapped to [0,1] (depth may be wrong)
14:19:09.630 [diag] Z clip-space remap MISS on minecraft:pipeline/armor_decal_cutout_no_cull fragment: FLIP_VERTEX_Y pattern not found, z is NOT remapped to [0,1] (depth may be wrong)
14:19:09.656 [diag] Z clip-space remap MISS on minecraft:pipeline/glint fragment: FLIP_VERTEX_Y pattern not found, z is NOT remapped to [0,1] (depth may be wrong)
14:19:09.682 [diag] Z clip-space remap MISS on minecraft:pipeline/cutout_block fragment: FLIP_VERTEX_Y pattern not found, z is NOT remapped to [0,1] (depth may be wrong)
14:19:09.707 [diag] Z clip-space remap MISS on minecraft:pipeline/dragon_rays_depth fragment: FLIP_VERTEX_Y pattern not found, z is NOT remapped to [0,1] (depth may be wrong)
14:19:09.732 [diag] Z clip-space remap MISS on minecraft:pipeline/debug_points fragment: FLIP_VERTEX_Y pattern not found, z is NOT remapped to [0,1] (depth may be wrong)
14:19:09.756 [diag] Z clip-space remap MISS on minecraft:pipeline/gui_text_highlight fragment: FLIP_VERTEX_Y pattern not found, z is NOT remapped to [0,1] (depth may be wrong)
14:19:09.782 [diag] Z clip-space remap MISS on minecraft:pipeline/lines_translucent fragment: FLIP_VERTEX_Y pattern not found, z is NOT remapped to [0,1] (depth may be wrong)
14:19:09.809 [diag] Z clip-space remap MISS on minecraft:pipeline/wireframe fragment: FLIP_VERTEX_Y pattern not found, z is NOT remapped to [0,1] (depth may be wrong)
14:19:09.834 [diag] Z clip-space remap MISS on minecraft:pipeline/debug_filled_box fragment: FLIP_VERTEX_Y pattern not found, z is NOT remapped to [0,1] (depth may be wrong)
14:19:09.859 [diag] Z clip-space remap MISS on minecraft:pipeline/entity_translucent fragment: FLIP_VERTEX_Y pattern not found, z is NOT remapped to [0,1] (depth may be wrong)
14:19:09.884 [diag] Z clip-space remap MISS on minecraft:pipeline/text_see_through fragment: FLIP_VERTEX_Y pattern not found, z is NOT remapped to [0,1] (depth may be wrong)
14:19:09.909 [diag] Z clip-space remap MISS on minecraft:pipeline/clouds fragment: FLIP_VERTEX_Y pattern not found, z is NOT remapped to [0,1] (depth may be wrong)
14:19:09.935 [diag] Z clip-space remap MISS on minecraft:pipeline/secondary_block_outline fragment: FLIP_VERTEX_Y pattern not found, z is NOT remapped to [0,1] (depth may be wrong)
14:19:09.960 [diag] Z clip-space remap MISS on minecraft:pipeline/weather_depth_write fragment: FLIP_VERTEX_Y pattern not found, z is NOT remapped to [0,1] (depth may be wrong)
14:19:09.986 [diag] Z clip-space remap MISS on minecraft:pipeline/entity_shadow fragment: FLIP_VERTEX_Y pattern not found, z is NOT remapped to [0,1] (depth may be wrong)
14:19:10.012 [diag] Z clip-space remap MISS on minecraft:pipeline/entity_cutout_no_cull_z_offset fragment: FLIP_VERTEX_Y pattern not found, z is NOT remapped to [0,1] (depth may be wrong)
14:19:10.037 [diag] Z clip-space remap MISS on minecraft:pipeline/gui_textured fragment: FLIP_VERTEX_Y pattern not found, z is NOT remapped to [0,1] (depth may be wrong)
14:19:10.062 [diag] Z clip-space remap MISS on minecraft:pipeline/opaque_particle fragment: FLIP_VERTEX_Y pattern not found, z is NOT remapped to [0,1] (depth may be wrong)
14:19:10.087 [diag] Z clip-space remap MISS on minecraft:pipeline/armor_cutout_no_cull fragment: FLIP_VERTEX_Y pattern not found, z is NOT remapped to [0,1] (depth may be wrong)
14:19:10.113 [diag] Z clip-space remap MISS on minecraft:pipeline/breeze_wind fragment: FLIP_VERTEX_Y pattern not found, z is NOT remapped to [0,1] (depth may be wrong)
14:19:10.139 [diag] Z clip-space remap MISS on minecraft:pipeline/text_background fragment: FLIP_VERTEX_Y pattern not found, z is NOT remapped to [0,1] (depth may be wrong)
14:19:10.164 [diag] Z clip-space remap MISS on minecraft:pipeline/flat_clouds fragment: FLIP_VERTEX_Y pattern not found, z is NOT remapped to [0,1] (depth may be wrong)
14:19:10.189 [diag] Z clip-space remap MISS on minecraft:pipeline/gui_opaque_textured_background fragment: FLIP_VERTEX_Y pattern not found, z is NOT remapped to [0,1] (depth may be wrong)
14:19:10.214 [diag] Z clip-space remap MISS on minecraft:pipeline/text fragment: FLIP_VERTEX_Y pattern not found, z is NOT remapped to [0,1] (depth may be wrong)
14:19:10.240 [diag] Z clip-space remap MISS on minecraft:pipeline/energy_swirl fragment: FLIP_VERTEX_Y pattern not found, z is NOT remapped to [0,1] (depth may be wrong)
14:19:10.265 [diag] Z clip-space remap MISS on minecraft:pipeline/leash fragment: FLIP_VERTEX_Y pattern not found, z is NOT remapped to [0,1] (depth may be wrong)
14:19:10.291 [diag] Z clip-space remap MISS on minecraft:pipeline/armor_translucent fragment: FLIP_VERTEX_Y pattern not found, z is NOT remapped to [0,1] (depth may be wrong)
14:19:10.316 [diag] Z clip-space remap MISS on minecraft:pipeline/lightmap fragment: FLIP_VERTEX_Y pattern not found, z is NOT remapped to [0,1] (depth may be wrong)
14:19:10.341 [diag] Z clip-space remap MISS on minecraft:pipeline/gui_textured_premultiplied_alpha fragment: FLIP_VERTEX_Y pattern not found, z is NOT remapped to [0,1] (depth may be wrong)
14:19:10.366 [diag] Z clip-space remap MISS on minecraft:pipeline/stars fragment: FLIP_VERTEX_Y pattern not found, z is NOT remapped to [0,1] (depth may be wrong)
14:19:10.391 [diag] Z clip-space remap MISS on minecraft:pipeline/solid_block fragment: FLIP_VERTEX_Y pattern not found, z is NOT remapped to [0,1] (depth may be wrong)
14:19:10.416 [diag] Z clip-space remap MISS on minecraft:pipeline/beacon_beam_opaque fragment: FLIP_VERTEX_Y pattern not found, z is NOT remapped to [0,1] (depth may be wrong)
14:19:10.440 [diag] Z clip-space remap MISS on minecraft:pipeline/gui fragment: FLIP_VERTEX_Y pattern not found, z is NOT remapped to [0,1] (depth may be wrong)
14:19:10.464 [diag] Z clip-space remap MISS on minecraft:pipeline/outline_no_cull fragment: FLIP_VERTEX_Y pattern not found, z is NOT remapped to [0,1] (depth may be wrong)
14:19:10.489 [diag] Z clip-space remap MISS on minecraft:pipeline/debug_quads fragment: FLIP_VERTEX_Y pattern not found, z is NOT remapped to [0,1] (depth may be wrong)
14:19:10.515 [diag] Z clip-space remap MISS on minecraft:pipeline/tripwire_terrain fragment: FLIP_VERTEX_Y pattern not found, z is NOT remapped to [0,1] (depth may be wrong)
14:19:10.541 [diag] Z clip-space remap MISS on minecraft:pipeline/entity_smooth_cutout fragment: FLIP_VERTEX_Y pattern not found, z is NOT remapped to [0,1] (depth may be wrong)
14:19:10.567 [diag] Z clip-space remap MISS on minecraft:pipeline/solid_terrain fragment: FLIP_VERTEX_Y pattern not found, z is NOT remapped to [0,1] (depth may be wrong)
14:19:10.594 [diag] Z clip-space remap MISS on minecraft:pipeline/cutout_terrain fragment: FLIP_VERTEX_Y pattern not found, z is NOT remapped to [0,1] (depth may be wrong)
14:19:10.618 [diag] Z clip-space remap MISS on minecraft:pipeline/fire_screen_effect fragment: FLIP_VERTEX_Y pattern not found, z is NOT remapped to [0,1] (depth may be wrong)
14:19:10.644 [diag] Z clip-space remap MISS on minecraft:pipeline/eyes fragment: FLIP_VERTEX_Y pattern not found, z is NOT remapped to [0,1] (depth may be wrong)
14:19:10.669 [diag] Z clip-space remap MISS on minecraft:pipeline/debug_triangle_fan fragment: FLIP_VERTEX_Y pattern not found, z is NOT remapped to [0,1] (depth may be wrong)
14:19:10.693 [diag] Z clip-space remap MISS on minecraft:pipeline/crosshair fragment: FLIP_VERTEX_Y pattern not found, z is NOT remapped to [0,1] (depth may be wrong)
14:19:10.718 [diag] Z clip-space remap MISS on minecraft:pipeline/lines fragment: FLIP_VERTEX_Y pattern not found, z is NOT remapped to [0,1] (depth may be wrong)
14:19:10.743 [diag] Z clip-space remap MISS on minecraft:pipeline/text_intensity_see_through fragment: FLIP_VERTEX_Y pattern not found, z is NOT remapped to [0,1] (depth may be wrong)
14:19:10.769 [diag] Z clip-space remap MISS on minecraft:pipeline/translucent_terrain fragment: FLIP_VERTEX_Y pattern not found, z is NOT remapped to [0,1] (depth may be wrong)
14:19:10.794 [diag] Z clip-space remap MISS on minecraft:pipeline/sky fragment: FLIP_VERTEX_Y pattern not found, z is NOT remapped to [0,1] (depth may be wrong)
14:19:10.819 [diag] Z clip-space remap MISS on minecraft:pipeline/panorama fragment: FLIP_VERTEX_Y pattern not found, z is NOT remapped to [0,1] (depth may be wrong)
14:19:10.845 [diag] Z clip-space remap MISS on minecraft:pipeline/crumbling fragment: FLIP_VERTEX_Y pattern not found, z is NOT remapped to [0,1] (depth may be wrong)
14:19:10.870 [diag] Z clip-space remap MISS on minecraft:pipeline/entity_solid fragment: FLIP_VERTEX_Y pattern not found, z is NOT remapped to [0,1] (depth may be wrong)
14:19:10.896 [diag] Z clip-space remap MISS on minecraft:pipeline/end_gateway fragment: FLIP_VERTEX_Y pattern not found, z is NOT remapped to [0,1] (depth may be wrong)
14:19:10.921 [diag] Z clip-space remap MISS on minecraft:pipeline/gui_invert fragment: FLIP_VERTEX_Y pattern not found, z is NOT remapped to [0,1] (depth may be wrong)
14:19:10.946 [diag] Z clip-space remap MISS on minecraft:pipeline/text_polygon_offset fragment: FLIP_VERTEX_Y pattern not found, z is NOT remapped to [0,1] (depth may be wrong)
14:19:10.971 [diag] Z clip-space remap MISS on minecraft:pipeline/gui_text fragment: FLIP_VERTEX_Y pattern not found, z is NOT remapped to [0,1] (depth may be wrong)
14:19:11.015 createBuffer stack sample #1:
  knot//com.metallum.client.metal.render.MetalDevice.createBuffer(MetalDevice.java:149)
  knot//net.minecraft.class_1059.method_45848(class_1059.java:116)
  knot//net.minecraft.class_11697$class_11699.method_73035(class_11697.java:168)
  knot//net.minecraft.class_11697$class_11700.method_73039(class_11697.java:212)
  java.base/java.util.ArrayList.forEach(Unknown Source)
  knot//net.minecraft.class_11697$class_11700.method_73037(class_11697.java:212)
  knot//net.minecraft.class_11697.method_76671(class_11697.java:146)
  knot//net.minecraft.class_11697.method_73029(class_11697.java:142)
  java.base/java.util.concurrent.CompletableFuture$UniAccept.tryFire(Unknown Source)
  java.base/java.util.concurrent.CompletableFuture$Completion.run(Unknown Source)
  knot//net.minecraft.class_4014.method_67574(class_4014.java:59)
  knot//net.minecraft.class_1255.method_18859(class_1255.java:169)
14:19:11.029 createBuffer stack sample #2:
  knot//com.metallum.client.metal.render.MetalDevice.createBuffer(MetalDevice.java:149)
  knot//net.minecraft.class_1059.method_76314(class_1059.java:173)
  knot//net.minecraft.class_1059.method_45848(class_1059.java:135)
  knot//net.minecraft.class_11697$class_11699.method_73035(class_11697.java:168)
  knot//net.minecraft.class_11697$class_11700.method_73039(class_11697.java:212)
  java.base/java.util.ArrayList.forEach(Unknown Source)
  knot//net.minecraft.class_11697$class_11700.method_73037(class_11697.java:212)
  knot//net.minecraft.class_11697.method_76671(class_11697.java:146)
  knot//net.minecraft.class_11697.method_73029(class_11697.java:142)
  java.base/java.util.concurrent.CompletableFuture$UniAccept.tryFire(Unknown Source)
  java.base/java.util.concurrent.CompletableFuture$Completion.run(Unknown Source)
  knot//net.minecraft.class_4014.method_67574(class_4014.java:59)
14:19:11.033 createBuffer stack sample #3:
  knot//com.metallum.client.metal.render.MetalDevice.createBuffer(MetalDevice.java:149)
  knot//net.minecraft.class_1059.method_76314(class_1059.java:173)
  knot//net.minecraft.class_1059.method_45848(class_1059.java:135)
  knot//net.minecraft.class_11697$class_11699.method_73035(class_11697.java:168)
  knot//net.minecraft.class_11697$class_11700.method_73039(class_11697.java:212)
  java.base/java.util.ArrayList.forEach(Unknown Source)
  knot//net.minecraft.class_11697$class_11700.method_73037(class_11697.java:212)
  knot//net.minecraft.class_11697.method_76671(class_11697.java:146)
  knot//net.minecraft.class_11697.method_73029(class_11697.java:142)
  java.base/java.util.concurrent.CompletableFuture$UniAccept.tryFire(Unknown Source)
  java.base/java.util.concurrent.CompletableFuture$Completion.run(Unknown Source)
  knot//net.minecraft.class_4014.method_67574(class_4014.java:59)
14:19:11.051 createBuffer stack sample #4:
  knot//com.metallum.client.metal.render.MetalDevice.createBuffer(MetalDevice.java:149)
  knot//net.minecraft.class_1059.method_76314(class_1059.java:173)
  knot//net.minecraft.class_1059.method_45848(class_1059.java:135)
  knot//net.minecraft.class_11697$class_11699.method_73035(class_11697.java:168)
  knot//net.minecraft.class_11697$class_11700.method_73039(class_11697.java:212)
  java.base/java.util.ArrayList.forEach(Unknown Source)
  knot//net.minecraft.class_11697$class_11700.method_73037(class_11697.java:212)
  knot//net.minecraft.class_11697.method_76671(class_11697.java:146)
  knot//net.minecraft.class_11697.method_73029(class_11697.java:142)
  java.base/java.util.concurrent.CompletableFuture$UniAccept.tryFire(Unknown Source)
  java.base/java.util.concurrent.CompletableFuture$Completion.run(Unknown Source)
  knot//net.minecraft.class_4014.method_67574(class_4014.java:59)
14:19:11.055 createBuffer stack sample #5:
  knot//com.metallum.client.metal.render.MetalDevice.createBuffer(MetalDevice.java:149)
  knot//net.minecraft.class_1059.method_76314(class_1059.java:173)
  knot//net.minecraft.class_1059.method_45848(class_1059.java:135)
  knot//net.minecraft.class_11697$class_11699.method_73035(class_11697.java:168)
  knot//net.minecraft.class_11697$class_11700.method_73039(class_11697.java:212)
  java.base/java.util.ArrayList.forEach(Unknown Source)
  knot//net.minecraft.class_11697$class_11700.method_73037(class_11697.java:212)
  knot//net.minecraft.class_11697.method_76671(class_11697.java:146)
  knot//net.minecraft.class_11697.method_73029(class_11697.java:142)
  java.base/java.util.concurrent.CompletableFuture$UniAccept.tryFire(Unknown Source)
  java.base/java.util.concurrent.CompletableFuture$Completion.run(Unknown Source)
  knot//net.minecraft.class_4014.method_67574(class_4014.java:59)
14:19:12.982 frame_time fps=53.4 avg=18.73ms max=210.11ms gpuBehind=0
14:19:15.170 [diag] Z clip-space remap MISS on minecraft:blur/0 fragment: FLIP_VERTEX_Y pattern not found, z is NOT remapped to [0,1] (depth may be wrong)
14:19:15.198 [diag] Z clip-space remap MISS on minecraft:blur/1 fragment: FLIP_VERTEX_Y pattern not found, z is NOT remapped to [0,1] (depth may be wrong)
14:19:15.224 [diag] Z clip-space remap MISS on minecraft:blur/2 fragment: FLIP_VERTEX_Y pattern not found, z is NOT remapped to [0,1] (depth may be wrong)
14:19:15.250 [diag] Z clip-space remap MISS on minecraft:blur/3 fragment: FLIP_VERTEX_Y pattern not found, z is NOT remapped to [0,1] (depth may be wrong)
14:19:15.276 [diag] Z clip-space remap MISS on minecraft:blur/4 fragment: FLIP_VERTEX_Y pattern not found, z is NOT remapped to [0,1] (depth may be wrong)
14:19:15.302 [diag] Z clip-space remap MISS on minecraft:blur/5 fragment: FLIP_VERTEX_Y pattern not found, z is NOT remapped to [0,1] (depth may be wrong)
14:19:17.999 frame_time fps=55.0 avg=18.17ms max=187.43ms gpuBehind=0
14:19:19.047 [diag] Z clip-space remap MISS on sodium/blocks/block_layer_opaque fragment: FLIP_VERTEX_Y pattern not found, z is NOT remapped to [0,1] (depth may be wrong)
14:19:19.084 [diag] Z clip-space remap MISS on sodium/blocks/block_layer_opaque fragment: FLIP_VERTEX_Y pattern not found, z is NOT remapped to [0,1] (depth may be wrong)
14:19:19.119 [diag] Z clip-space remap MISS on sodium/blocks/block_layer_opaque fragment: FLIP_VERTEX_Y pattern not found, z is NOT remapped to [0,1] (depth may be wrong)
14:19:19.264 [diag] Z clip-space remap MISS on sodium/blocks/block_layer_opaque fragment: FLIP_VERTEX_Y pattern not found, z is NOT remapped to [0,1] (depth may be wrong)
14:19:19.300 [diag] Z clip-space remap MISS on sodium/blocks/block_layer_opaque fragment: FLIP_VERTEX_Y pattern not found, z is NOT remapped to [0,1] (depth may be wrong)
14:19:19.335 [diag] Z clip-space remap MISS on sodium/blocks/block_layer_opaque fragment: FLIP_VERTEX_Y pattern not found, z is NOT remapped to [0,1] (depth may be wrong)
==== Metallum diag start ====
14:34:07.515 [diag] Z clip-space remap MISS on minecraft:pipeline/gui fragment: FLIP_VERTEX_Y pattern not found, z is NOT remapped to [0,1] (depth may be wrong)
14:34:07.544 [diag] Z clip-space remap MISS on minecraft:pipeline/gui_textured fragment: FLIP_VERTEX_Y pattern not found, z is NOT remapped to [0,1] (depth may be wrong)
14:34:07.835 [diag] Z clip-space remap MISS on minecraft:pipeline/mojang_logo fragment: FLIP_VERTEX_Y pattern not found, z is NOT remapped to [0,1] (depth may be wrong)
14:34:07.850 buffers total=42 | usage=0x82 count=15 req=0.0MB alloc=0.0MB | usage=0x22 count=6 req=0.0MB alloc=0.0MB | usage=0x3 count=2 req=1.5MB alloc=1.5MB | usage=0x88 count=15 req=0.0MB alloc=0.0MB | usage=0x28 count=3 req=0.0MB alloc=0.0MB | usage=0x48 count=1 req=0.0MB alloc=0.0MB | sum count=42 req=1.5MB alloc=1.5MB | poolHit=0 poolMiss=42 poolReturn=0 poolHitRate=0%
14:34:08.563 [diag] Z clip-space remap MISS on minecraft:pipeline/entity_solid_offset_forward fragment: FLIP_VERTEX_Y pattern not found, z is NOT remapped to [0,1] (depth may be wrong)
14:34:08.592 [diag] Z clip-space remap MISS on minecraft:pipeline/mojang_logo fragment: FLIP_VERTEX_Y pattern not found, z is NOT remapped to [0,1] (depth may be wrong)
14:34:08.618 [diag] Z clip-space remap MISS on minecraft:pipeline/end_sky fragment: FLIP_VERTEX_Y pattern not found, z is NOT remapped to [0,1] (depth may be wrong)
14:34:08.644 [diag] Z clip-space remap MISS on minecraft:pipeline/gui_nausea_overlay fragment: FLIP_VERTEX_Y pattern not found, z is NOT remapped to [0,1] (depth may be wrong)
14:34:08.670 [diag] Z clip-space remap MISS on minecraft:pipeline/breeze_wind fragment: FLIP_VERTEX_Y pattern not found, z is NOT remapped to [0,1] (depth may be wrong)
14:34:08.698 [diag] Z clip-space remap MISS on minecraft:pipeline/armor_cutout_no_cull fragment: FLIP_VERTEX_Y pattern not found, z is NOT remapped to [0,1] (depth may be wrong)
14:34:08.724 [diag] Z clip-space remap MISS on minecraft:pipeline/water_mask fragment: FLIP_VERTEX_Y pattern not found, z is NOT remapped to [0,1] (depth may be wrong)
14:34:08.751 [diag] Z clip-space remap MISS on minecraft:pipeline/secondary_block_outline fragment: FLIP_VERTEX_Y pattern not found, z is NOT remapped to [0,1] (depth may be wrong)
14:34:08.777 [diag] Z clip-space remap MISS on minecraft:pipeline/text fragment: FLIP_VERTEX_Y pattern not found, z is NOT remapped to [0,1] (depth may be wrong)
14:34:08.802 [diag] Z clip-space remap MISS on minecraft:pipeline/world_border fragment: FLIP_VERTEX_Y pattern not found, z is NOT remapped to [0,1] (depth may be wrong)
14:34:08.827 [diag] Z clip-space remap MISS on minecraft:pipeline/translucent_moving_block fragment: FLIP_VERTEX_Y pattern not found, z is NOT remapped to [0,1] (depth may be wrong)
14:34:08.852 [diag] Z clip-space remap MISS on minecraft:pipeline/gui_text_highlight fragment: FLIP_VERTEX_Y pattern not found, z is NOT remapped to [0,1] (depth may be wrong)
14:34:08.876 [diag] Z clip-space remap MISS on minecraft:pipeline/gui_textured_premultiplied_alpha fragment: FLIP_VERTEX_Y pattern not found, z is NOT remapped to [0,1] (depth may be wrong)
14:34:08.903 [diag] Z clip-space remap MISS on minecraft:pipeline/end_gateway fragment: FLIP_VERTEX_Y pattern not found, z is NOT remapped to [0,1] (depth may be wrong)
14:34:08.928 [diag] Z clip-space remap MISS on minecraft:pipeline/text_polygon_offset fragment: FLIP_VERTEX_Y pattern not found, z is NOT remapped to [0,1] (depth may be wrong)
14:34:08.954 [diag] Z clip-space remap MISS on minecraft:pipeline/text_intensity fragment: FLIP_VERTEX_Y pattern not found, z is NOT remapped to [0,1] (depth may be wrong)
14:34:08.980 [diag] Z clip-space remap MISS on minecraft:pipeline/beacon_beam_opaque fragment: FLIP_VERTEX_Y pattern not found, z is NOT remapped to [0,1] (depth may be wrong)
14:34:09.005 [diag] Z clip-space remap MISS on minecraft:pipeline/tracy_blit fragment: FLIP_VERTEX_Y pattern not found, z is NOT remapped to [0,1] (depth may be wrong)
14:34:09.031 [diag] Z clip-space remap MISS on minecraft:pipeline/gui_text_intensity fragment: FLIP_VERTEX_Y pattern not found, z is NOT remapped to [0,1] (depth may be wrong)
14:34:09.055 [diag] Z clip-space remap MISS on minecraft:pipeline/gui_invert fragment: FLIP_VERTEX_Y pattern not found, z is NOT remapped to [0,1] (depth may be wrong)
14:34:09.080 [diag] Z clip-space remap MISS on minecraft:pipeline/weather_no_depth_write fragment: FLIP_VERTEX_Y pattern not found, z is NOT remapped to [0,1] (depth may be wrong)
14:34:09.105 [diag] Z clip-space remap MISS on minecraft:pipeline/vignette fragment: FLIP_VERTEX_Y pattern not found, z is NOT remapped to [0,1] (depth may be wrong)
14:34:09.132 [diag] Z clip-space remap MISS on minecraft:pipeline/cutout_terrain fragment: FLIP_VERTEX_Y pattern not found, z is NOT remapped to [0,1] (depth may be wrong)
14:34:09.157 [diag] Z clip-space remap MISS on minecraft:pipeline/debug_quads fragment: FLIP_VERTEX_Y pattern not found, z is NOT remapped to [0,1] (depth may be wrong)
14:34:09.181 [diag] Z clip-space remap MISS on minecraft:pipeline/fire_screen_effect fragment: FLIP_VERTEX_Y pattern not found, z is NOT remapped to [0,1] (depth may be wrong)
14:34:09.206 [diag] Z clip-space remap MISS on minecraft:pipeline/text_background fragment: FLIP_VERTEX_Y pattern not found, z is NOT remapped to [0,1] (depth may be wrong)
14:34:09.232 [diag] Z clip-space remap MISS on minecraft:pipeline/lightmap fragment: FLIP_VERTEX_Y pattern not found, z is NOT remapped to [0,1] (depth may be wrong)
14:34:09.257 [diag] Z clip-space remap MISS on minecraft:pipeline/lines fragment: FLIP_VERTEX_Y pattern not found, z is NOT remapped to [0,1] (depth may be wrong)
14:34:09.282 [diag] Z clip-space remap MISS on minecraft:pipeline/text_intensity_see_through fragment: FLIP_VERTEX_Y pattern not found, z is NOT remapped to [0,1] (depth may be wrong)
14:34:09.307 [diag] Z clip-space remap MISS on minecraft:pipeline/block_screen_effect fragment: FLIP_VERTEX_Y pattern not found, z is NOT remapped to [0,1] (depth may be wrong)
14:34:09.332 [diag] Z clip-space remap MISS on minecraft:pipeline/crumbling fragment: FLIP_VERTEX_Y pattern not found, z is NOT remapped to [0,1] (depth may be wrong)
14:34:09.357 [diag] Z clip-space remap MISS on minecraft:pipeline/dragon_rays_depth fragment: FLIP_VERTEX_Y pattern not found, z is NOT remapped to [0,1] (depth may be wrong)
14:34:09.382 [diag] Z clip-space remap MISS on minecraft:pipeline/sky fragment: FLIP_VERTEX_Y pattern not found, z is NOT remapped to [0,1] (depth may be wrong)
14:34:09.408 [diag] Z clip-space remap MISS on minecraft:pipeline/cutout_block fragment: FLIP_VERTEX_Y pattern not found, z is NOT remapped to [0,1] (depth may be wrong)
14:34:09.432 [diag] Z clip-space remap MISS on minecraft:pipeline/entity_outline_blit fragment: FLIP_VERTEX_Y pattern not found, z is NOT remapped to [0,1] (depth may be wrong)
14:34:09.457 [diag] Z clip-space remap MISS on minecraft:pipeline/leash fragment: FLIP_VERTEX_Y pattern not found, z is NOT remapped to [0,1] (depth may be wrong)
14:34:09.482 [diag] Z clip-space remap MISS on minecraft:pipeline/debug_points fragment: FLIP_VERTEX_Y pattern not found, z is NOT remapped to [0,1] (depth may be wrong)
14:34:09.509 [diag] Z clip-space remap MISS on minecraft:pipeline/tripwire_terrain fragment: FLIP_VERTEX_Y pattern not found, z is NOT remapped to [0,1] (depth may be wrong)
14:34:09.535 [diag] Z clip-space remap MISS on minecraft:pipeline/entity_cutout_no_cull_z_offset fragment: FLIP_VERTEX_Y pattern not found, z is NOT remapped to [0,1] (depth may be wrong)
14:34:09.560 [diag] Z clip-space remap MISS on minecraft:pipeline/energy_swirl fragment: FLIP_VERTEX_Y pattern not found, z is NOT remapped to [0,1] (depth may be wrong)
14:34:09.586 [diag] Z clip-space remap MISS on minecraft:pipeline/dragon_rays fragment: FLIP_VERTEX_Y pattern not found, z is NOT remapped to [0,1] (depth may be wrong)
14:34:09.611 [diag] Z clip-space remap MISS on minecraft:pipeline/armor_decal_cutout_no_cull fragment: FLIP_VERTEX_Y pattern not found, z is NOT remapped to [0,1] (depth may be wrong)
14:34:09.636 [diag] Z clip-space remap MISS on minecraft:pipeline/armor_translucent fragment: FLIP_VERTEX_Y pattern not found, z is NOT remapped to [0,1] (depth may be wrong)
14:34:09.662 [diag] Z clip-space remap MISS on minecraft:pipeline/clouds fragment: FLIP_VERTEX_Y pattern not found, z is NOT remapped to [0,1] (depth may be wrong)
14:34:09.686 [diag] Z clip-space remap MISS on minecraft:pipeline/gui_textured fragment: FLIP_VERTEX_Y pattern not found, z is NOT remapped to [0,1] (depth may be wrong)
14:34:09.711 [diag] Z clip-space remap MISS on minecraft:pipeline/translucent_particle fragment: FLIP_VERTEX_Y pattern not found, z is NOT remapped to [0,1] (depth may be wrong)
14:34:09.737 [diag] Z clip-space remap MISS on minecraft:pipeline/panorama fragment: FLIP_VERTEX_Y pattern not found, z is NOT remapped to [0,1] (depth may be wrong)
14:34:09.764 [diag] Z clip-space remap MISS on minecraft:pipeline/tripwire_block fragment: FLIP_VERTEX_Y pattern not found, z is NOT remapped to [0,1] (depth may be wrong)
14:34:09.789 [diag] Z clip-space remap MISS on minecraft:pipeline/item_entity_translucent_cull fragment: FLIP_VERTEX_Y pattern not found, z is NOT remapped to [0,1] (depth may be wrong)
14:34:09.815 [diag] Z clip-space remap MISS on minecraft:pipeline/entity_smooth_cutout fragment: FLIP_VERTEX_Y pattern not found, z is NOT remapped to [0,1] (depth may be wrong)
14:34:09.840 [diag] Z clip-space remap MISS on minecraft:pipeline/text_background_see_through fragment: FLIP_VERTEX_Y pattern not found, z is NOT remapped to [0,1] (depth may be wrong)
14:34:09.865 [diag] Z clip-space remap MISS on minecraft:pipeline/solid_block fragment: FLIP_VERTEX_Y pattern not found, z is NOT remapped to [0,1] (depth may be wrong)
14:34:09.891 [diag] Z clip-space remap MISS on minecraft:pipeline/lines_translucent fragment: FLIP_VERTEX_Y pattern not found, z is NOT remapped to [0,1] (depth may be wrong)
14:34:09.916 [diag] Z clip-space remap MISS on minecraft:pipeline/animate_sprite_blit fragment: FLIP_VERTEX_Y pattern not found, z is NOT remapped to [0,1] (depth may be wrong)
14:34:09.943 [diag] Z clip-space remap MISS on minecraft:pipeline/solid_terrain fragment: FLIP_VERTEX_Y pattern not found, z is NOT remapped to [0,1] (depth may be wrong)
14:34:09.969 [diag] Z clip-space remap MISS on minecraft:pipeline/weather_depth_write fragment: FLIP_VERTEX_Y pattern not found, z is NOT remapped to [0,1] (depth may be wrong)
14:34:09.995 [diag] Z clip-space remap MISS on minecraft:pipeline/entity_decal fragment: FLIP_VERTEX_Y pattern not found, z is NOT remapped to [0,1] (depth may be wrong)
14:34:10.022 [diag] Z clip-space remap MISS on minecraft:pipeline/wireframe fragment: FLIP_VERTEX_Y pattern not found, z is NOT remapped to [0,1] (depth may be wrong)
14:34:10.048 [diag] Z clip-space remap MISS on minecraft:pipeline/eyes fragment: FLIP_VERTEX_Y pattern not found, z is NOT remapped to [0,1] (depth may be wrong)
14:34:10.074 [diag] Z clip-space remap MISS on minecraft:pipeline/entity_cutout_no_cull fragment: FLIP_VERTEX_Y pattern not found, z is NOT remapped to [0,1] (depth may be wrong)
14:34:10.100 [diag] Z clip-space remap MISS on minecraft:pipeline/entity_solid fragment: FLIP_VERTEX_Y pattern not found, z is NOT remapped to [0,1] (depth may be wrong)
14:34:10.127 [diag] Z clip-space remap MISS on minecraft:pipeline/translucent_terrain fragment: FLIP_VERTEX_Y pattern not found, z is NOT remapped to [0,1] (depth may be wrong)
14:34:10.152 [diag] Z clip-space remap MISS on minecraft:pipeline/text_see_through fragment: FLIP_VERTEX_Y pattern not found, z is NOT remapped to [0,1] (depth may be wrong)
14:34:10.177 [diag] Z clip-space remap MISS on minecraft:pipeline/beacon_beam_translucent fragment: FLIP_VERTEX_Y pattern not found, z is NOT remapped to [0,1] (depth may be wrong)
14:34:10.202 [diag] Z clip-space remap MISS on minecraft:pipeline/debug_filled_box fragment: FLIP_VERTEX_Y pattern not found, z is NOT remapped to [0,1] (depth may be wrong)
14:34:10.227 [diag] Z clip-space remap MISS on minecraft:pipeline/gui_text fragment: FLIP_VERTEX_Y pattern not found, z is NOT remapped to [0,1] (depth may be wrong)
14:34:10.253 [diag] Z clip-space remap MISS on minecraft:pipeline/entity_translucent_emissive fragment: FLIP_VERTEX_Y pattern not found, z is NOT remapped to [0,1] (depth may be wrong)
14:34:10.277 [diag] Z clip-space remap MISS on minecraft:pipeline/dragon_explosion_alpha fragment: FLIP_VERTEX_Y pattern not found, z is NOT remapped to [0,1] (depth may be wrong)
14:34:10.303 [diag] Z clip-space remap MISS on minecraft:pipeline/end_portal fragment: FLIP_VERTEX_Y pattern not found, z is NOT remapped to [0,1] (depth may be wrong)
14:34:10.330 [diag] Z clip-space remap MISS on minecraft:pipeline/entity_translucent fragment: FLIP_VERTEX_Y pattern not found, z is NOT remapped to [0,1] (depth may be wrong)
14:34:10.354 [diag] Z clip-space remap MISS on minecraft:pipeline/sunrise_sunset fragment: FLIP_VERTEX_Y pattern not found, z is NOT remapped to [0,1] (depth may be wrong)
14:34:10.380 [diag] Z clip-space remap MISS on minecraft:pipeline/flat_clouds fragment: FLIP_VERTEX_Y pattern not found, z is NOT remapped to [0,1] (depth may be wrong)
14:34:10.404 [diag] Z clip-space remap MISS on minecraft:pipeline/gui fragment: FLIP_VERTEX_Y pattern not found, z is NOT remapped to [0,1] (depth may be wrong)
14:34:10.430 [diag] Z clip-space remap MISS on minecraft:pipeline/glint fragment: FLIP_VERTEX_Y pattern not found, z is NOT remapped to [0,1] (depth may be wrong)
14:34:10.455 [diag] Z clip-space remap MISS on minecraft:pipeline/lightning fragment: FLIP_VERTEX_Y pattern not found, z is NOT remapped to [0,1] (depth may be wrong)
14:34:10.480 [diag] Z clip-space remap MISS on minecraft:pipeline/entity_shadow fragment: FLIP_VERTEX_Y pattern not found, z is NOT remapped to [0,1] (depth may be wrong)
14:34:10.505 [diag] Z clip-space remap MISS on minecraft:pipeline/gui_opaque_textured_background fragment: FLIP_VERTEX_Y pattern not found, z is NOT remapped to [0,1] (depth may be wrong)
14:34:10.530 [diag] Z clip-space remap MISS on minecraft:pipeline/outline_cull fragment: FLIP_VERTEX_Y pattern not found, z is NOT remapped to [0,1] (depth may be wrong)
14:34:10.556 [diag] Z clip-space remap MISS on minecraft:pipeline/entity_no_outline fragment: FLIP_VERTEX_Y pattern not found, z is NOT remapped to [0,1] (depth may be wrong)
14:34:10.581 [diag] Z clip-space remap MISS on minecraft:pipeline/entity_cutout fragment: FLIP_VERTEX_Y pattern not found, z is NOT remapped to [0,1] (depth may be wrong)
14:34:10.606 [diag] Z clip-space remap MISS on minecraft:pipeline/debug_triangle_fan fragment: FLIP_VERTEX_Y pattern not found, z is NOT remapped to [0,1] (depth may be wrong)
14:34:10.631 [diag] Z clip-space remap MISS on minecraft:pipeline/celestial fragment: FLIP_VERTEX_Y pattern not found, z is NOT remapped to [0,1] (depth may be wrong)
14:34:10.656 [diag] Z clip-space remap MISS on minecraft:pipeline/outline_no_cull fragment: FLIP_VERTEX_Y pattern not found, z is NOT remapped to [0,1] (depth may be wrong)
14:34:10.680 [diag] Z clip-space remap MISS on minecraft:pipeline/stars fragment: FLIP_VERTEX_Y pattern not found, z is NOT remapped to [0,1] (depth may be wrong)
14:34:10.705 [diag] Z clip-space remap MISS on minecraft:pipeline/animate_sprite_interpolate fragment: FLIP_VERTEX_Y pattern not found, z is NOT remapped to [0,1] (depth may be wrong)
14:34:10.730 [diag] Z clip-space remap MISS on minecraft:pipeline/opaque_particle fragment: FLIP_VERTEX_Y pattern not found, z is NOT remapped to [0,1] (depth may be wrong)
14:34:10.755 [diag] Z clip-space remap MISS on minecraft:pipeline/crosshair fragment: FLIP_VERTEX_Y pattern not found, z is NOT remapped to [0,1] (depth may be wrong)
14:34:10.794 createBuffer stack sample #1:
  knot//com.metallum.client.metal.render.MetalDevice.createBuffer(MetalDevice.java:149)
  knot//net.minecraft.class_1059.method_45848(class_1059.java:116)
  knot//net.minecraft.class_11697$class_11699.method_73035(class_11697.java:168)
  knot//net.minecraft.class_11697$class_11700.method_73039(class_11697.java:212)
  java.base/java.util.ArrayList.forEach(Unknown Source)
  knot//net.minecraft.class_11697$class_11700.method_73037(class_11697.java:212)
  knot//net.minecraft.class_11697.method_76671(class_11697.java:146)
  knot//net.minecraft.class_11697.method_73029(class_11697.java:142)
  java.base/java.util.concurrent.CompletableFuture$UniAccept.tryFire(Unknown Source)
  java.base/java.util.concurrent.CompletableFuture$Completion.run(Unknown Source)
  knot//net.minecraft.class_4014.method_67574(class_4014.java:59)
  knot//net.minecraft.class_1255.method_18859(class_1255.java:169)
14:34:10.808 createBuffer stack sample #2:
  knot//com.metallum.client.metal.render.MetalDevice.createBuffer(MetalDevice.java:149)
  knot//net.minecraft.class_1059.method_76314(class_1059.java:173)
  knot//net.minecraft.class_1059.method_45848(class_1059.java:135)
  knot//net.minecraft.class_11697$class_11699.method_73035(class_11697.java:168)
  knot//net.minecraft.class_11697$class_11700.method_73039(class_11697.java:212)
  java.base/java.util.ArrayList.forEach(Unknown Source)
  knot//net.minecraft.class_11697$class_11700.method_73037(class_11697.java:212)
  knot//net.minecraft.class_11697.method_76671(class_11697.java:146)
  knot//net.minecraft.class_11697.method_73029(class_11697.java:142)
  java.base/java.util.concurrent.CompletableFuture$UniAccept.tryFire(Unknown Source)
  java.base/java.util.concurrent.CompletableFuture$Completion.run(Unknown Source)
  knot//net.minecraft.class_4014.method_67574(class_4014.java:59)
14:34:10.812 createBuffer stack sample #3:
  knot//com.metallum.client.metal.render.MetalDevice.createBuffer(MetalDevice.java:149)
  knot//net.minecraft.class_1059.method_76314(class_1059.java:173)
  knot//net.minecraft.class_1059.method_45848(class_1059.java:135)
  knot//net.minecraft.class_11697$class_11699.method_73035(class_11697.java:168)
  knot//net.minecraft.class_11697$class_11700.method_73039(class_11697.java:212)
  java.base/java.util.ArrayList.forEach(Unknown Source)
  knot//net.minecraft.class_11697$class_11700.method_73037(class_11697.java:212)
  knot//net.minecraft.class_11697.method_76671(class_11697.java:146)
  knot//net.minecraft.class_11697.method_73029(class_11697.java:142)
  java.base/java.util.concurrent.CompletableFuture$UniAccept.tryFire(Unknown Source)
  java.base/java.util.concurrent.CompletableFuture$Completion.run(Unknown Source)
  knot//net.minecraft.class_4014.method_67574(class_4014.java:59)
14:34:10.851 createBuffer stack sample #4:
  knot//com.metallum.client.metal.render.MetalDevice.createBuffer(MetalDevice.java:149)
  knot//net.minecraft.class_1059.method_76314(class_1059.java:173)
  knot//net.minecraft.class_1059.method_45848(class_1059.java:135)
  knot//net.minecraft.class_11697$class_11699.method_73035(class_11697.java:168)
  knot//net.minecraft.class_11697$class_11700.method_73039(class_11697.java:212)
  java.base/java.util.ArrayList.forEach(Unknown Source)
  knot//net.minecraft.class_11697$class_11700.method_73037(class_11697.java:212)
  knot//net.minecraft.class_11697.method_76671(class_11697.java:146)
  knot//net.minecraft.class_11697.method_73029(class_11697.java:142)
  java.base/java.util.concurrent.CompletableFuture$UniAccept.tryFire(Unknown Source)
  java.base/java.util.concurrent.CompletableFuture$Completion.run(Unknown Source)
  knot//net.minecraft.class_4014.method_67574(class_4014.java:59)
14:34:10.856 createBuffer stack sample #5:
  knot//com.metallum.client.metal.render.MetalDevice.createBuffer(MetalDevice.java:149)
  knot//net.minecraft.class_1059.method_76314(class_1059.java:173)
  knot//net.minecraft.class_1059.method_45848(class_1059.java:135)
  knot//net.minecraft.class_11697$class_11699.method_73035(class_11697.java:168)
  knot//net.minecraft.class_11697$class_11700.method_73039(class_11697.java:212)
  java.base/java.util.ArrayList.forEach(Unknown Source)
  knot//net.minecraft.class_11697$class_11700.method_73037(class_11697.java:212)
  knot//net.minecraft.class_11697.method_76671(class_11697.java:146)
  knot//net.minecraft.class_11697.method_73029(class_11697.java:142)
  java.base/java.util.concurrent.CompletableFuture$UniAccept.tryFire(Unknown Source)
  java.base/java.util.concurrent.CompletableFuture$Completion.run(Unknown Source)
  knot//net.minecraft.class_4014.method_67574(class_4014.java:59)
14:34:12.852 frame_time fps=51.6 avg=19.39ms max=311.51ms gpuBehind=0
14:34:14.161 [diag] Z clip-space remap MISS on minecraft:blur/0 fragment: FLIP_VERTEX_Y pattern not found, z is NOT remapped to [0,1] (depth may be wrong)
14:34:14.188 [diag] Z clip-space remap MISS on minecraft:blur/1 fragment: FLIP_VERTEX_Y pattern not found, z is NOT remapped to [0,1] (depth may be wrong)
14:34:14.214 [diag] Z clip-space remap MISS on minecraft:blur/2 fragment: FLIP_VERTEX_Y pattern not found, z is NOT remapped to [0,1] (depth may be wrong)
14:34:14.239 [diag] Z clip-space remap MISS on minecraft:blur/3 fragment: FLIP_VERTEX_Y pattern not found, z is NOT remapped to [0,1] (depth may be wrong)
14:34:14.264 [diag] Z clip-space remap MISS on minecraft:blur/4 fragment: FLIP_VERTEX_Y pattern not found, z is NOT remapped to [0,1] (depth may be wrong)
14:34:14.289 [diag] Z clip-space remap MISS on minecraft:blur/5 fragment: FLIP_VERTEX_Y pattern not found, z is NOT remapped to [0,1] (depth may be wrong)
14:34:17.351 [diag] Z clip-space remap MISS on sodium/blocks/block_layer_opaque fragment: FLIP_VERTEX_Y pattern not found, z is NOT remapped to [0,1] (depth may be wrong)
14:34:17.387 [diag] Z clip-space remap MISS on sodium/blocks/block_layer_opaque fragment: FLIP_VERTEX_Y pattern not found, z is NOT remapped to [0,1] (depth may be wrong)
14:34:17.422 [diag] Z clip-space remap MISS on sodium/blocks/block_layer_opaque fragment: FLIP_VERTEX_Y pattern not found, z is NOT remapped to [0,1] (depth may be wrong)
14:34:17.854 frame_time fps=47.7 avg=20.97ms max=285.98ms gpuBehind=0
14:34:22.867 frame_time fps=52.7 avg=18.99ms max=158.41ms gpuBehind=0
14:34:27.883 frame_time fps=60.0 avg=16.66ms max=17.72ms gpuBehind=0
14:34:32.899 frame_time fps=60.0 avg=16.67ms max=20.30ms gpuBehind=0
14:34:37.916 frame_time fps=59.6 avg=16.78ms max=39.69ms gpuBehind=0
14:34:42.931 frame_time fps=60.0 avg=16.67ms max=22.82ms gpuBehind=0
14:34:47.947 frame_time fps=60.0 avg=16.66ms max=18.54ms gpuBehind=0
14:34:52.963 frame_time fps=60.0 avg=16.67ms max=18.51ms gpuBehind=0
14:34:57.980 frame_time fps=60.0 avg=16.67ms max=19.06ms gpuBehind=0
14:35:02.980 frame_time fps=59.8 avg=16.72ms max=31.94ms gpuBehind=0
14:35:07.846 buffers total=3137 | usage=0x82 count=51 req=0.0MB alloc=0.0MB | usage=0x22 count=45 req=0.8MB alloc=0.8MB | usage=0x2 count=1 req=0.4MB alloc=0.4MB | usage=0x102 count=3 req=2.0MB alloc=2.0MB | usage=0x3 count=40 req=43.2MB alloc=43.2MB | usage=0x14 count=2793 req=119.0MB alloc=119.0MB | usage=0x88 count=53 req=0.9MB alloc=0.9MB | usage=0x28 count=135 req=289.9MB alloc=289.9MB | usage=0x48 count=11 req=1.7MB alloc=1.7MB | usage=0x9 count=5 req=73.8MB alloc=73.8MB | sum count=3137 req=531.8MB alloc=531.8MB | poolHit=3226 poolMiss=3137 poolReturn=6102 poolHitRate=51%
14:35:07.996 frame_time fps=59.8 avg=16.72ms max=29.10ms gpuBehind=0
14:35:13.012 frame_time fps=60.0 avg=16.67ms max=18.80ms gpuBehind=0
14:35:18.028 frame_time fps=60.0 avg=16.67ms max=19.45ms gpuBehind=0
14:35:23.028 frame_time fps=60.0 avg=16.67ms max=19.39ms gpuBehind=0
14:35:28.044 frame_time fps=60.0 avg=16.66ms max=18.35ms gpuBehind=0
14:35:33.060 frame_time fps=60.0 avg=16.67ms max=18.78ms gpuBehind=0
14:35:38.078 frame_time fps=60.0 avg=16.67ms max=20.34ms gpuBehind=0
14:35:43.093 frame_time fps=60.0 avg=16.66ms max=20.17ms gpuBehind=0
14:35:48.110 frame_time fps=60.0 avg=16.66ms max=23.43ms gpuBehind=0
14:35:53.109 frame_time fps=60.0 avg=16.67ms max=22.74ms gpuBehind=0
14:35:58.125 frame_time fps=59.0 avg=16.95ms max=55.24ms gpuBehind=0
14:36:03.141 frame_time fps=58.6 avg=17.06ms max=93.21ms gpuBehind=0
==== Metallum diag start ====
14:53:20.366 [diag] Z clip-space remap MISS on minecraft:pipeline/gui fragment: FLIP_VERTEX_Y pattern not found, z is NOT remapped to [0,1] (depth may be wrong)
14:53:20.395 [diag] Z clip-space remap MISS on minecraft:pipeline/gui_textured fragment: FLIP_VERTEX_Y pattern not found, z is NOT remapped to [0,1] (depth may be wrong)
14:53:20.594 [diag] Z clip-space remap MISS on minecraft:pipeline/mojang_logo fragment: FLIP_VERTEX_Y pattern not found, z is NOT remapped to [0,1] (depth may be wrong)
14:53:20.607 buffers total=42 | usage=0x82 count=15 req=0.0MB alloc=0.0MB | usage=0x22 count=6 req=0.0MB alloc=0.0MB | usage=0x3 count=2 req=1.5MB alloc=1.5MB | usage=0x88 count=15 req=0.0MB alloc=0.0MB | usage=0x28 count=3 req=0.0MB alloc=0.0MB | usage=0x48 count=1 req=0.0MB alloc=0.0MB | sum count=42 req=1.5MB alloc=1.5MB | poolHit=0 poolMiss=42 poolReturn=0 poolHitRate=0%
14:53:21.367 [diag] Z clip-space remap MISS on minecraft:pipeline/entity_translucent_emissive fragment: FLIP_VERTEX_Y pattern not found, z is NOT remapped to [0,1] (depth may be wrong)
14:53:21.396 [diag] Z clip-space remap MISS on minecraft:pipeline/debug_points fragment: FLIP_VERTEX_Y pattern not found, z is NOT remapped to [0,1] (depth may be wrong)
14:53:21.424 [diag] Z clip-space remap MISS on minecraft:pipeline/animate_sprite_interpolate fragment: FLIP_VERTEX_Y pattern not found, z is NOT remapped to [0,1] (depth may be wrong)
14:53:21.451 [diag] Z clip-space remap MISS on minecraft:pipeline/dragon_rays fragment: FLIP_VERTEX_Y pattern not found, z is NOT remapped to [0,1] (depth may be wrong)
14:53:21.478 [diag] Z clip-space remap MISS on minecraft:pipeline/entity_translucent fragment: FLIP_VERTEX_Y pattern not found, z is NOT remapped to [0,1] (depth may be wrong)
14:53:21.504 [diag] Z clip-space remap MISS on minecraft:pipeline/celestial fragment: FLIP_VERTEX_Y pattern not found, z is NOT remapped to [0,1] (depth may be wrong)
14:53:21.531 [diag] Z clip-space remap MISS on minecraft:pipeline/flat_clouds fragment: FLIP_VERTEX_Y pattern not found, z is NOT remapped to [0,1] (depth may be wrong)
14:53:21.556 [diag] Z clip-space remap MISS on minecraft:pipeline/crosshair fragment: FLIP_VERTEX_Y pattern not found, z is NOT remapped to [0,1] (depth may be wrong)
14:53:21.582 [diag] Z clip-space remap MISS on minecraft:pipeline/sky fragment: FLIP_VERTEX_Y pattern not found, z is NOT remapped to [0,1] (depth may be wrong)
14:53:21.608 [diag] Z clip-space remap MISS on minecraft:pipeline/lines_translucent fragment: FLIP_VERTEX_Y pattern not found, z is NOT remapped to [0,1] (depth may be wrong)
14:53:21.633 [diag] Z clip-space remap MISS on minecraft:pipeline/animate_sprite_blit fragment: FLIP_VERTEX_Y pattern not found, z is NOT remapped to [0,1] (depth may be wrong)
14:53:21.659 [diag] Z clip-space remap MISS on minecraft:pipeline/entity_decal fragment: FLIP_VERTEX_Y pattern not found, z is NOT remapped to [0,1] (depth may be wrong)
14:53:21.686 [diag] Z clip-space remap MISS on minecraft:pipeline/translucent_moving_block fragment: FLIP_VERTEX_Y pattern not found, z is NOT remapped to [0,1] (depth may be wrong)
14:53:21.712 [diag] Z clip-space remap MISS on minecraft:pipeline/gui_text_intensity fragment: FLIP_VERTEX_Y pattern not found, z is NOT remapped to [0,1] (depth may be wrong)
14:53:21.736 [diag] Z clip-space remap MISS on minecraft:pipeline/world_border fragment: FLIP_VERTEX_Y pattern not found, z is NOT remapped to [0,1] (depth may be wrong)
14:53:21.761 [diag] Z clip-space remap MISS on minecraft:pipeline/gui_textured fragment: FLIP_VERTEX_Y pattern not found, z is NOT remapped to [0,1] (depth may be wrong)
14:53:21.786 [diag] Z clip-space remap MISS on minecraft:pipeline/gui_invert fragment: FLIP_VERTEX_Y pattern not found, z is NOT remapped to [0,1] (depth may be wrong)
14:53:21.812 [diag] Z clip-space remap MISS on minecraft:pipeline/cutout_terrain fragment: FLIP_VERTEX_Y pattern not found, z is NOT remapped to [0,1] (depth may be wrong)
14:53:21.838 [diag] Z clip-space remap MISS on minecraft:pipeline/gui_text_highlight fragment: FLIP_VERTEX_Y pattern not found, z is NOT remapped to [0,1] (depth may be wrong)
14:53:21.864 [diag] Z clip-space remap MISS on minecraft:pipeline/dragon_rays_depth fragment: FLIP_VERTEX_Y pattern not found, z is NOT remapped to [0,1] (depth may be wrong)
14:53:21.888 [diag] Z clip-space remap MISS on minecraft:pipeline/fire_screen_effect fragment: FLIP_VERTEX_Y pattern not found, z is NOT remapped to [0,1] (depth may be wrong)
14:53:21.914 [diag] Z clip-space remap MISS on minecraft:pipeline/gui_text fragment: FLIP_VERTEX_Y pattern not found, z is NOT remapped to [0,1] (depth may be wrong)
14:53:21.939 [diag] Z clip-space remap MISS on minecraft:pipeline/armor_translucent fragment: FLIP_VERTEX_Y pattern not found, z is NOT remapped to [0,1] (depth may be wrong)
14:53:21.965 [diag] Z clip-space remap MISS on minecraft:pipeline/solid_block fragment: FLIP_VERTEX_Y pattern not found, z is NOT remapped to [0,1] (depth may be wrong)
14:53:21.990 [diag] Z clip-space remap MISS on minecraft:pipeline/panorama fragment: FLIP_VERTEX_Y pattern not found, z is NOT remapped to [0,1] (depth may be wrong)
14:53:22.016 [diag] Z clip-space remap MISS on minecraft:pipeline/beacon_beam_translucent fragment: FLIP_VERTEX_Y pattern not found, z is NOT remapped to [0,1] (depth may be wrong)
14:53:22.042 [diag] Z clip-space remap MISS on minecraft:pipeline/energy_swirl fragment: FLIP_VERTEX_Y pattern not found, z is NOT remapped to [0,1] (depth may be wrong)
14:53:22.067 [diag] Z clip-space remap MISS on minecraft:pipeline/gui_textured_premultiplied_alpha fragment: FLIP_VERTEX_Y pattern not found, z is NOT remapped to [0,1] (depth may be wrong)
14:53:22.093 [diag] Z clip-space remap MISS on minecraft:pipeline/translucent_terrain fragment: FLIP_VERTEX_Y pattern not found, z is NOT remapped to [0,1] (depth may be wrong)
14:53:22.120 [diag] Z clip-space remap MISS on minecraft:pipeline/entity_cutout fragment: FLIP_VERTEX_Y pattern not found, z is NOT remapped to [0,1] (depth may be wrong)
14:53:22.145 [diag] Z clip-space remap MISS on minecraft:pipeline/breeze_wind fragment: FLIP_VERTEX_Y pattern not found, z is NOT remapped to [0,1] (depth may be wrong)
14:53:22.170 [diag] Z clip-space remap MISS on minecraft:pipeline/entity_outline_blit fragment: FLIP_VERTEX_Y pattern not found, z is NOT remapped to [0,1] (depth may be wrong)
14:53:22.196 [diag] Z clip-space remap MISS on minecraft:pipeline/entity_cutout_no_cull fragment: FLIP_VERTEX_Y pattern not found, z is NOT remapped to [0,1] (depth may be wrong)
14:53:22.221 [diag] Z clip-space remap MISS on minecraft:pipeline/secondary_block_outline fragment: FLIP_VERTEX_Y pattern not found, z is NOT remapped to [0,1] (depth may be wrong)
14:53:22.247 [diag] Z clip-space remap MISS on minecraft:pipeline/entity_smooth_cutout fragment: FLIP_VERTEX_Y pattern not found, z is NOT remapped to [0,1] (depth may be wrong)
14:53:22.272 [diag] Z clip-space remap MISS on minecraft:pipeline/block_screen_effect fragment: FLIP_VERTEX_Y pattern not found, z is NOT remapped to [0,1] (depth may be wrong)
14:53:22.297 [diag] Z clip-space remap MISS on minecraft:pipeline/lightning fragment: FLIP_VERTEX_Y pattern not found, z is NOT remapped to [0,1] (depth may be wrong)
14:53:22.322 [diag] Z clip-space remap MISS on minecraft:pipeline/outline_no_cull fragment: FLIP_VERTEX_Y pattern not found, z is NOT remapped to [0,1] (depth may be wrong)
14:53:22.346 [diag] Z clip-space remap MISS on minecraft:pipeline/stars fragment: FLIP_VERTEX_Y pattern not found, z is NOT remapped to [0,1] (depth may be wrong)
14:53:22.372 [diag] Z clip-space remap MISS on minecraft:pipeline/text_background_see_through fragment: FLIP_VERTEX_Y pattern not found, z is NOT remapped to [0,1] (depth may be wrong)
14:53:22.396 [diag] Z clip-space remap MISS on minecraft:pipeline/tracy_blit fragment: FLIP_VERTEX_Y pattern not found, z is NOT remapped to [0,1] (depth may be wrong)
14:53:22.421 [diag] Z clip-space remap MISS on minecraft:pipeline/vignette fragment: FLIP_VERTEX_Y pattern not found, z is NOT remapped to [0,1] (depth may be wrong)
14:53:22.446 [diag] Z clip-space remap MISS on minecraft:pipeline/text_background fragment: FLIP_VERTEX_Y pattern not found, z is NOT remapped to [0,1] (depth may be wrong)
14:53:22.471 [diag] Z clip-space remap MISS on minecraft:pipeline/entity_shadow fragment: FLIP_VERTEX_Y pattern not found, z is NOT remapped to [0,1] (depth may be wrong)
14:53:22.496 [diag] Z clip-space remap MISS on minecraft:pipeline/gui_nausea_overlay fragment: FLIP_VERTEX_Y pattern not found, z is NOT remapped to [0,1] (depth may be wrong)
14:53:22.520 [diag] Z clip-space remap MISS on minecraft:pipeline/dragon_explosion_alpha fragment: FLIP_VERTEX_Y pattern not found, z is NOT remapped to [0,1] (depth may be wrong)
14:53:22.546 [diag] Z clip-space remap MISS on minecraft:pipeline/weather_no_depth_write fragment: FLIP_VERTEX_Y pattern not found, z is NOT remapped to [0,1] (depth may be wrong)
14:53:22.571 [diag] Z clip-space remap MISS on minecraft:pipeline/mojang_logo fragment: FLIP_VERTEX_Y pattern not found, z is NOT remapped to [0,1] (depth may be wrong)
14:53:22.596 [diag] Z clip-space remap MISS on minecraft:pipeline/entity_cutout_no_cull_z_offset fragment: FLIP_VERTEX_Y pattern not found, z is NOT remapped to [0,1] (depth may be wrong)
14:53:22.621 [diag] Z clip-space remap MISS on minecraft:pipeline/beacon_beam_opaque fragment: FLIP_VERTEX_Y pattern not found, z is NOT remapped to [0,1] (depth may be wrong)
14:53:22.647 [diag] Z clip-space remap MISS on minecraft:pipeline/entity_solid fragment: FLIP_VERTEX_Y pattern not found, z is NOT remapped to [0,1] (depth may be wrong)
14:53:22.673 [diag] Z clip-space remap MISS on minecraft:pipeline/solid_terrain fragment: FLIP_VERTEX_Y pattern not found, z is NOT remapped to [0,1] (depth may be wrong)
14:53:22.699 [diag] Z clip-space remap MISS on minecraft:pipeline/tripwire_block fragment: FLIP_VERTEX_Y pattern not found, z is NOT remapped to [0,1] (depth may be wrong)
14:53:22.726 [diag] Z clip-space remap MISS on minecraft:pipeline/tripwire_terrain fragment: FLIP_VERTEX_Y pattern not found, z is NOT remapped to [0,1] (depth may be wrong)
14:53:22.752 [diag] Z clip-space remap MISS on minecraft:pipeline/end_gateway fragment: FLIP_VERTEX_Y pattern not found, z is NOT remapped to [0,1] (depth may be wrong)
14:53:22.778 [diag] Z clip-space remap MISS on minecraft:pipeline/cutout_block fragment: FLIP_VERTEX_Y pattern not found, z is NOT remapped to [0,1] (depth may be wrong)
14:53:22.803 [diag] Z clip-space remap MISS on minecraft:pipeline/weather_depth_write fragment: FLIP_VERTEX_Y pattern not found, z is NOT remapped to [0,1] (depth may be wrong)
14:53:22.828 [diag] Z clip-space remap MISS on minecraft:pipeline/glint fragment: FLIP_VERTEX_Y pattern not found, z is NOT remapped to [0,1] (depth may be wrong)
14:53:22.853 [diag] Z clip-space remap MISS on minecraft:pipeline/translucent_particle fragment: FLIP_VERTEX_Y pattern not found, z is NOT remapped to [0,1] (depth may be wrong)
14:53:22.878 [diag] Z clip-space remap MISS on minecraft:pipeline/text_see_through fragment: FLIP_VERTEX_Y pattern not found, z is NOT remapped to [0,1] (depth may be wrong)
14:53:22.904 [diag] Z clip-space remap MISS on minecraft:pipeline/wireframe fragment: FLIP_VERTEX_Y pattern not found, z is NOT remapped to [0,1] (depth may be wrong)
14:53:22.929 [diag] Z clip-space remap MISS on minecraft:pipeline/leash fragment: FLIP_VERTEX_Y pattern not found, z is NOT remapped to [0,1] (depth may be wrong)
14:53:22.954 [diag] Z clip-space remap MISS on minecraft:pipeline/gui fragment: FLIP_VERTEX_Y pattern not found, z is NOT remapped to [0,1] (depth may be wrong)
14:53:22.979 [diag] Z clip-space remap MISS on minecraft:pipeline/item_entity_translucent_cull fragment: FLIP_VERTEX_Y pattern not found, z is NOT remapped to [0,1] (depth may be wrong)
14:53:23.004 [diag] Z clip-space remap MISS on minecraft:pipeline/gui_opaque_textured_background fragment: FLIP_VERTEX_Y pattern not found, z is NOT remapped to [0,1] (depth may be wrong)
14:53:23.029 [diag] Z clip-space remap MISS on minecraft:pipeline/text_polygon_offset fragment: FLIP_VERTEX_Y pattern not found, z is NOT remapped to [0,1] (depth may be wrong)
14:53:23.054 [diag] Z clip-space remap MISS on minecraft:pipeline/opaque_particle fragment: FLIP_VERTEX_Y pattern not found, z is NOT remapped to [0,1] (depth may be wrong)
14:53:23.079 [diag] Z clip-space remap MISS on minecraft:pipeline/outline_cull fragment: FLIP_VERTEX_Y pattern not found, z is NOT remapped to [0,1] (depth may be wrong)
14:53:23.104 [diag] Z clip-space remap MISS on minecraft:pipeline/entity_solid_offset_forward fragment: FLIP_VERTEX_Y pattern not found, z is NOT remapped to [0,1] (depth may be wrong)
14:53:23.130 [diag] Z clip-space remap MISS on minecraft:pipeline/armor_cutout_no_cull fragment: FLIP_VERTEX_Y pattern not found, z is NOT remapped to [0,1] (depth may be wrong)
14:53:23.155 [diag] Z clip-space remap MISS on minecraft:pipeline/text_intensity fragment: FLIP_VERTEX_Y pattern not found, z is NOT remapped to [0,1] (depth may be wrong)
14:53:23.181 [diag] Z clip-space remap MISS on minecraft:pipeline/end_portal fragment: FLIP_VERTEX_Y pattern not found, z is NOT remapped to [0,1] (depth may be wrong)
14:53:23.207 [diag] Z clip-space remap MISS on minecraft:pipeline/eyes fragment: FLIP_VERTEX_Y pattern not found, z is NOT remapped to [0,1] (depth may be wrong)
14:53:23.232 [diag] Z clip-space remap MISS on minecraft:pipeline/water_mask fragment: FLIP_VERTEX_Y pattern not found, z is NOT remapped to [0,1] (depth may be wrong)
14:53:23.256 [diag] Z clip-space remap MISS on minecraft:pipeline/debug_filled_box fragment: FLIP_VERTEX_Y pattern not found, z is NOT remapped to [0,1] (depth may be wrong)
14:53:23.282 [diag] Z clip-space remap MISS on minecraft:pipeline/lightmap fragment: FLIP_VERTEX_Y pattern not found, z is NOT remapped to [0,1] (depth may be wrong)
14:53:23.308 [diag] Z clip-space remap MISS on minecraft:pipeline/crumbling fragment: FLIP_VERTEX_Y pattern not found, z is NOT remapped to [0,1] (depth may be wrong)
14:53:23.333 [diag] Z clip-space remap MISS on minecraft:pipeline/debug_triangle_fan fragment: FLIP_VERTEX_Y pattern not found, z is NOT remapped to [0,1] (depth may be wrong)
14:53:23.359 [diag] Z clip-space remap MISS on minecraft:pipeline/armor_decal_cutout_no_cull fragment: FLIP_VERTEX_Y pattern not found, z is NOT remapped to [0,1] (depth may be wrong)
14:53:23.384 [diag] Z clip-space remap MISS on minecraft:pipeline/end_sky fragment: FLIP_VERTEX_Y pattern not found, z is NOT remapped to [0,1] (depth may be wrong)
14:53:23.410 [diag] Z clip-space remap MISS on minecraft:pipeline/entity_no_outline fragment: FLIP_VERTEX_Y pattern not found, z is NOT remapped to [0,1] (depth may be wrong)
14:53:23.436 [diag] Z clip-space remap MISS on minecraft:pipeline/text fragment: FLIP_VERTEX_Y pattern not found, z is NOT remapped to [0,1] (depth may be wrong)
14:53:23.462 [diag] Z clip-space remap MISS on minecraft:pipeline/lines fragment: FLIP_VERTEX_Y pattern not found, z is NOT remapped to [0,1] (depth may be wrong)
14:53:23.487 [diag] Z clip-space remap MISS on minecraft:pipeline/clouds fragment: FLIP_VERTEX_Y pattern not found, z is NOT remapped to [0,1] (depth may be wrong)
14:53:23.513 [diag] Z clip-space remap MISS on minecraft:pipeline/sunrise_sunset fragment: FLIP_VERTEX_Y pattern not found, z is NOT remapped to [0,1] (depth may be wrong)
14:53:23.538 [diag] Z clip-space remap MISS on minecraft:pipeline/text_intensity_see_through fragment: FLIP_VERTEX_Y pattern not found, z is NOT remapped to [0,1] (depth may be wrong)
14:53:23.563 [diag] Z clip-space remap MISS on minecraft:pipeline/debug_quads fragment: FLIP_VERTEX_Y pattern not found, z is NOT remapped to [0,1] (depth may be wrong)
14:53:23.601 createBuffer stack sample #1:
  knot//com.metallum.client.metal.render.MetalDevice.createBuffer(MetalDevice.java:149)
  knot//net.minecraft.class_1059.method_45848(class_1059.java:116)
  knot//net.minecraft.class_11697$class_11699.method_73035(class_11697.java:168)
  knot//net.minecraft.class_11697$class_11700.method_73039(class_11697.java:212)
  java.base/java.util.ArrayList.forEach(Unknown Source)
  knot//net.minecraft.class_11697$class_11700.method_73037(class_11697.java:212)
  knot//net.minecraft.class_11697.method_76671(class_11697.java:146)
  knot//net.minecraft.class_11697.method_73029(class_11697.java:142)
  java.base/java.util.concurrent.CompletableFuture$UniAccept.tryFire(Unknown Source)
  java.base/java.util.concurrent.CompletableFuture$Completion.run(Unknown Source)
  knot//net.minecraft.class_4014.method_67574(class_4014.java:59)
  knot//net.minecraft.class_1255.method_18859(class_1255.java:169)
14:53:23.614 createBuffer stack sample #2:
  knot//com.metallum.client.metal.render.MetalDevice.createBuffer(MetalDevice.java:149)
  knot//net.minecraft.class_1059.method_76314(class_1059.java:173)
  knot//net.minecraft.class_1059.method_45848(class_1059.java:135)
  knot//net.minecraft.class_11697$class_11699.method_73035(class_11697.java:168)
  knot//net.minecraft.class_11697$class_11700.method_73039(class_11697.java:212)
  java.base/java.util.ArrayList.forEach(Unknown Source)
  knot//net.minecraft.class_11697$class_11700.method_73037(class_11697.java:212)
  knot//net.minecraft.class_11697.method_76671(class_11697.java:146)
  knot//net.minecraft.class_11697.method_73029(class_11697.java:142)
  java.base/java.util.concurrent.CompletableFuture$UniAccept.tryFire(Unknown Source)
  java.base/java.util.concurrent.CompletableFuture$Completion.run(Unknown Source)
  knot//net.minecraft.class_4014.method_67574(class_4014.java:59)
14:53:23.618 createBuffer stack sample #3:
  knot//com.metallum.client.metal.render.MetalDevice.createBuffer(MetalDevice.java:149)
  knot//net.minecraft.class_1059.method_76314(class_1059.java:173)
  knot//net.minecraft.class_1059.method_45848(class_1059.java:135)
  knot//net.minecraft.class_11697$class_11699.method_73035(class_11697.java:168)
  knot//net.minecraft.class_11697$class_11700.method_73039(class_11697.java:212)
  java.base/java.util.ArrayList.forEach(Unknown Source)
  knot//net.minecraft.class_11697$class_11700.method_73037(class_11697.java:212)
  knot//net.minecraft.class_11697.method_76671(class_11697.java:146)
  knot//net.minecraft.class_11697.method_73029(class_11697.java:142)
  java.base/java.util.concurrent.CompletableFuture$UniAccept.tryFire(Unknown Source)
  java.base/java.util.concurrent.CompletableFuture$Completion.run(Unknown Source)
  knot//net.minecraft.class_4014.method_67574(class_4014.java:59)
14:53:23.636 createBuffer stack sample #4:
  knot//com.metallum.client.metal.render.MetalDevice.createBuffer(MetalDevice.java:149)
  knot//net.minecraft.class_1059.method_76314(class_1059.java:173)
  knot//net.minecraft.class_1059.method_45848(class_1059.java:135)
  knot//net.minecraft.class_11697$class_11699.method_73035(class_11697.java:168)
  knot//net.minecraft.class_11697$class_11700.method_73039(class_11697.java:212)
  java.base/java.util.ArrayList.forEach(Unknown Source)
  knot//net.minecraft.class_11697$class_11700.method_73037(class_11697.java:212)
  knot//net.minecraft.class_11697.method_76671(class_11697.java:146)
  knot//net.minecraft.class_11697.method_73029(class_11697.java:142)
  java.base/java.util.concurrent.CompletableFuture$UniAccept.tryFire(Unknown Source)
  java.base/java.util.concurrent.CompletableFuture$Completion.run(Unknown Source)
  knot//net.minecraft.class_4014.method_67574(class_4014.java:59)
14:53:23.642 createBuffer stack sample #5:
  knot//com.metallum.client.metal.render.MetalDevice.createBuffer(MetalDevice.java:149)
  knot//net.minecraft.class_1059.method_76314(class_1059.java:173)
  knot//net.minecraft.class_1059.method_45848(class_1059.java:135)
  knot//net.minecraft.class_11697$class_11699.method_73035(class_11697.java:168)
  knot//net.minecraft.class_11697$class_11700.method_73039(class_11697.java:212)
  java.base/java.util.ArrayList.forEach(Unknown Source)
  knot//net.minecraft.class_11697$class_11700.method_73037(class_11697.java:212)
  knot//net.minecraft.class_11697.method_76671(class_11697.java:146)
  knot//net.minecraft.class_11697.method_73029(class_11697.java:142)
  java.base/java.util.concurrent.CompletableFuture$UniAccept.tryFire(Unknown Source)
  java.base/java.util.concurrent.CompletableFuture$Completion.run(Unknown Source)
  knot//net.minecraft.class_4014.method_67574(class_4014.java:59)
14:53:25.618 frame_time fps=53.9 avg=18.55ms max=184.30ms gpuBehind=0
14:53:26.472 [diag] Z clip-space remap MISS on minecraft:blur/0 fragment: FLIP_VERTEX_Y pattern not found, z is NOT remapped to [0,1] (depth may be wrong)
14:53:26.499 [diag] Z clip-space remap MISS on minecraft:blur/1 fragment: FLIP_VERTEX_Y pattern not found, z is NOT remapped to [0,1] (depth may be wrong)
14:53:26.524 [diag] Z clip-space remap MISS on minecraft:blur/2 fragment: FLIP_VERTEX_Y pattern not found, z is NOT remapped to [0,1] (depth may be wrong)
14:53:26.549 [diag] Z clip-space remap MISS on minecraft:blur/3 fragment: FLIP_VERTEX_Y pattern not found, z is NOT remapped to [0,1] (depth may be wrong)
14:53:26.574 [diag] Z clip-space remap MISS on minecraft:blur/4 fragment: FLIP_VERTEX_Y pattern not found, z is NOT remapped to [0,1] (depth may be wrong)
14:53:26.600 [diag] Z clip-space remap MISS on minecraft:blur/5 fragment: FLIP_VERTEX_Y pattern not found, z is NOT remapped to [0,1] (depth may be wrong)
14:53:30.634 frame_time fps=54.7 avg=18.27ms max=183.30ms gpuBehind=0
14:53:31.386 [diag] Z clip-space remap MISS on sodium/blocks/block_layer_opaque fragment: FLIP_VERTEX_Y pattern not found, z is NOT remapped to [0,1] (depth may be wrong)
14:53:31.434 [diag] Z clip-space remap MISS on sodium/blocks/block_layer_opaque fragment: FLIP_VERTEX_Y pattern not found, z is NOT remapped to [0,1] (depth may be wrong)
14:53:31.499 [diag] Z clip-space remap MISS on sodium/blocks/block_layer_opaque fragment: FLIP_VERTEX_Y pattern not found, z is NOT remapped to [0,1] (depth may be wrong)
14:53:35.656 frame_time fps=47.4 avg=21.08ms max=434.19ms gpuBehind=0
14:53:40.667 frame_time fps=59.4 avg=16.83ms max=36.26ms gpuBehind=0
14:53:45.682 frame_time fps=60.0 avg=16.66ms max=17.59ms gpuBehind=0
14:53:50.698 frame_time fps=60.0 avg=16.67ms max=17.42ms gpuBehind=0
14:53:55.714 frame_time fps=59.0 avg=16.95ms max=95.91ms gpuBehind=0
14:54:00.731 frame_time fps=59.8 avg=16.72ms max=33.02ms gpuBehind=0
14:54:05.747 frame_time fps=60.0 avg=16.67ms max=18.39ms gpuBehind=0
14:54:10.762 frame_time fps=60.0 avg=16.66ms max=18.62ms gpuBehind=0
14:54:15.779 frame_time fps=60.0 avg=16.67ms max=18.72ms gpuBehind=0
14:54:20.614 buffers total=3467 | usage=0x82 count=51 req=0.0MB alloc=0.0MB | usage=0x22 count=54 req=1.0MB alloc=1.0MB | usage=0x102 count=3 req=2.0MB alloc=2.0MB | usage=0x2 count=1 req=0.4MB alloc=0.4MB | usage=0x3 count=40 req=43.2MB alloc=43.2MB | usage=0x14 count=3122 req=127.2MB alloc=127.2MB | usage=0x88 count=53 req=0.9MB alloc=0.9MB | usage=0x28 count=124 req=270.6MB alloc=270.6MB | usage=0x48 count=9 req=1.7MB alloc=1.7MB | usage=0x9 count=10 req=147.6MB alloc=147.6MB | sum count=3467 req=594.6MB alloc=594.6MB | poolHit=3381 poolMiss=3467 poolReturn=6600 poolHitRate=49%
14:54:20.795 frame_time fps=59.2 avg=16.89ms max=61.25ms gpuBehind=0
14:54:25.813 frame_time fps=60.0 avg=16.67ms max=19.60ms gpuBehind=0
14:54:30.827 frame_time fps=60.0 avg=16.66ms max=23.06ms gpuBehind=0
14:54:35.844 frame_time fps=59.8 avg=16.72ms max=33.32ms gpuBehind=0
14:54:40.860 frame_time fps=59.6 avg=16.78ms max=34.71ms gpuBehind=0
14:54:45.876 frame_time fps=60.0 avg=16.67ms max=19.15ms gpuBehind=0
14:54:50.893 frame_time fps=59.4 avg=16.83ms max=56.55ms gpuBehind=0
14:54:55.909 frame_time fps=60.0 avg=16.67ms max=22.75ms gpuBehind=0
14:55:00.910 frame_time fps=60.0 avg=16.67ms max=18.66ms gpuBehind=0
14:55:05.926 frame_time fps=59.8 avg=16.71ms max=47.88ms gpuBehind=0
14:55:10.940 frame_time fps=60.0 avg=16.66ms max=20.28ms gpuBehind=0
14:55:15.959 frame_time fps=59.8 avg=16.72ms max=33.33ms gpuBehind=0
==== Metallum diag start ====
17:22:01.907 [diag] Z clip-space remap MISS on minecraft:pipeline/gui fragment: FLIP_VERTEX_Y pattern not found, z is NOT remapped to [0,1] (depth may be wrong)
17:22:01.936 [diag] Z clip-space remap MISS on minecraft:pipeline/gui_textured fragment: FLIP_VERTEX_Y pattern not found, z is NOT remapped to [0,1] (depth may be wrong)
17:22:02.130 [diag] Z clip-space remap MISS on minecraft:pipeline/mojang_logo fragment: FLIP_VERTEX_Y pattern not found, z is NOT remapped to [0,1] (depth may be wrong)
17:22:02.143 buffers total=42 | usage=0x82 count=15 req=0.0MB alloc=0.0MB | usage=0x22 count=6 req=0.0MB alloc=0.0MB | usage=0x3 count=2 req=1.5MB alloc=1.5MB | usage=0x88 count=15 req=0.0MB alloc=0.0MB | usage=0x28 count=3 req=0.0MB alloc=0.0MB | usage=0x48 count=1 req=0.0MB alloc=0.0MB | sum count=42 req=1.5MB alloc=1.5MB | poolHit=0 poolMiss=42 poolReturn=0 poolHitRate=0%
17:22:02.973 [diag] Z clip-space remap MISS on minecraft:pipeline/beacon_beam_opaque fragment: FLIP_VERTEX_Y pattern not found, z is NOT remapped to [0,1] (depth may be wrong)
17:22:03.002 [diag] Z clip-space remap MISS on minecraft:pipeline/entity_cutout_no_cull_z_offset fragment: FLIP_VERTEX_Y pattern not found, z is NOT remapped to [0,1] (depth may be wrong)
17:22:03.029 [diag] Z clip-space remap MISS on minecraft:pipeline/entity_decal fragment: FLIP_VERTEX_Y pattern not found, z is NOT remapped to [0,1] (depth may be wrong)
17:22:03.055 [diag] Z clip-space remap MISS on minecraft:pipeline/lines fragment: FLIP_VERTEX_Y pattern not found, z is NOT remapped to [0,1] (depth may be wrong)
17:22:03.081 [diag] Z clip-space remap MISS on minecraft:pipeline/gui_text_intensity fragment: FLIP_VERTEX_Y pattern not found, z is NOT remapped to [0,1] (depth may be wrong)
17:22:03.107 [diag] Z clip-space remap MISS on minecraft:pipeline/gui_opaque_textured_background fragment: FLIP_VERTEX_Y pattern not found, z is NOT remapped to [0,1] (depth may be wrong)
17:22:03.133 [diag] Z clip-space remap MISS on minecraft:pipeline/end_portal fragment: FLIP_VERTEX_Y pattern not found, z is NOT remapped to [0,1] (depth may be wrong)
17:22:03.158 [diag] Z clip-space remap MISS on minecraft:pipeline/gui_text_highlight fragment: FLIP_VERTEX_Y pattern not found, z is NOT remapped to [0,1] (depth may be wrong)
17:22:03.183 [diag] Z clip-space remap MISS on minecraft:pipeline/outline_no_cull fragment: FLIP_VERTEX_Y pattern not found, z is NOT remapped to [0,1] (depth may be wrong)
17:22:03.209 [diag] Z clip-space remap MISS on minecraft:pipeline/lightmap fragment: FLIP_VERTEX_Y pattern not found, z is NOT remapped to [0,1] (depth may be wrong)
17:22:03.234 [diag] Z clip-space remap MISS on minecraft:pipeline/animate_sprite_interpolate fragment: FLIP_VERTEX_Y pattern not found, z is NOT remapped to [0,1] (depth may be wrong)
17:22:03.259 [diag] Z clip-space remap MISS on minecraft:pipeline/world_border fragment: FLIP_VERTEX_Y pattern not found, z is NOT remapped to [0,1] (depth may be wrong)
17:22:03.285 [diag] Z clip-space remap MISS on minecraft:pipeline/flat_clouds fragment: FLIP_VERTEX_Y pattern not found, z is NOT remapped to [0,1] (depth may be wrong)
17:22:03.309 [diag] Z clip-space remap MISS on minecraft:pipeline/text_see_through fragment: FLIP_VERTEX_Y pattern not found, z is NOT remapped to [0,1] (depth may be wrong)
17:22:03.334 [diag] Z clip-space remap MISS on minecraft:pipeline/end_sky fragment: FLIP_VERTEX_Y pattern not found, z is NOT remapped to [0,1] (depth may be wrong)
17:22:03.360 [diag] Z clip-space remap MISS on minecraft:pipeline/solid_terrain fragment: FLIP_VERTEX_Y pattern not found, z is NOT remapped to [0,1] (depth may be wrong)
17:22:03.387 [diag] Z clip-space remap MISS on minecraft:pipeline/entity_translucent_emissive fragment: FLIP_VERTEX_Y pattern not found, z is NOT remapped to [0,1] (depth may be wrong)
17:22:03.412 [diag] Z clip-space remap MISS on minecraft:pipeline/clouds fragment: FLIP_VERTEX_Y pattern not found, z is NOT remapped to [0,1] (depth may be wrong)
17:22:03.437 [diag] Z clip-space remap MISS on minecraft:pipeline/vignette fragment: FLIP_VERTEX_Y pattern not found, z is NOT remapped to [0,1] (depth may be wrong)
17:22:03.462 [diag] Z clip-space remap MISS on minecraft:pipeline/entity_translucent fragment: FLIP_VERTEX_Y pattern not found, z is NOT remapped to [0,1] (depth may be wrong)
17:22:03.487 [diag] Z clip-space remap MISS on minecraft:pipeline/dragon_explosion_alpha fragment: FLIP_VERTEX_Y pattern not found, z is NOT remapped to [0,1] (depth may be wrong)
17:22:03.514 [diag] Z clip-space remap MISS on minecraft:pipeline/wireframe fragment: FLIP_VERTEX_Y pattern not found, z is NOT remapped to [0,1] (depth may be wrong)
17:22:03.540 [diag] Z clip-space remap MISS on minecraft:pipeline/weather_no_depth_write fragment: FLIP_VERTEX_Y pattern not found, z is NOT remapped to [0,1] (depth may be wrong)
17:22:03.566 [diag] Z clip-space remap MISS on minecraft:pipeline/armor_cutout_no_cull fragment: FLIP_VERTEX_Y pattern not found, z is NOT remapped to [0,1] (depth may be wrong)
17:22:03.591 [diag] Z clip-space remap MISS on minecraft:pipeline/leash fragment: FLIP_VERTEX_Y pattern not found, z is NOT remapped to [0,1] (depth may be wrong)
17:22:03.618 [diag] Z clip-space remap MISS on minecraft:pipeline/eyes fragment: FLIP_VERTEX_Y pattern not found, z is NOT remapped to [0,1] (depth may be wrong)
17:22:03.643 [diag] Z clip-space remap MISS on minecraft:pipeline/block_screen_effect fragment: FLIP_VERTEX_Y pattern not found, z is NOT remapped to [0,1] (depth may be wrong)
17:22:03.668 [diag] Z clip-space remap MISS on minecraft:pipeline/gui_text fragment: FLIP_VERTEX_Y pattern not found, z is NOT remapped to [0,1] (depth may be wrong)
17:22:03.693 [diag] Z clip-space remap MISS on minecraft:pipeline/lines_translucent fragment: FLIP_VERTEX_Y pattern not found, z is NOT remapped to [0,1] (depth may be wrong)
17:22:03.719 [diag] Z clip-space remap MISS on minecraft:pipeline/beacon_beam_translucent fragment: FLIP_VERTEX_Y pattern not found, z is NOT remapped to [0,1] (depth may be wrong)
17:22:03.744 [diag] Z clip-space remap MISS on minecraft:pipeline/text_background fragment: FLIP_VERTEX_Y pattern not found, z is NOT remapped to [0,1] (depth may be wrong)
17:22:03.768 [diag] Z clip-space remap MISS on minecraft:pipeline/stars fragment: FLIP_VERTEX_Y pattern not found, z is NOT remapped to [0,1] (depth may be wrong)
17:22:03.793 [diag] Z clip-space remap MISS on minecraft:pipeline/solid_block fragment: FLIP_VERTEX_Y pattern not found, z is NOT remapped to [0,1] (depth may be wrong)
17:22:03.819 [diag] Z clip-space remap MISS on minecraft:pipeline/weather_depth_write fragment: FLIP_VERTEX_Y pattern not found, z is NOT remapped to [0,1] (depth may be wrong)
17:22:03.843 [diag] Z clip-space remap MISS on minecraft:pipeline/crosshair fragment: FLIP_VERTEX_Y pattern not found, z is NOT remapped to [0,1] (depth may be wrong)
17:22:03.869 [diag] Z clip-space remap MISS on minecraft:pipeline/breeze_wind fragment: FLIP_VERTEX_Y pattern not found, z is NOT remapped to [0,1] (depth may be wrong)
17:22:03.894 [diag] Z clip-space remap MISS on minecraft:pipeline/sky fragment: FLIP_VERTEX_Y pattern not found, z is NOT remapped to [0,1] (depth may be wrong)
17:22:03.920 [diag] Z clip-space remap MISS on minecraft:pipeline/entity_cutout fragment: FLIP_VERTEX_Y pattern not found, z is NOT remapped to [0,1] (depth may be wrong)
17:22:03.946 [diag] Z clip-space remap MISS on minecraft:pipeline/tripwire_block fragment: FLIP_VERTEX_Y pattern not found, z is NOT remapped to [0,1] (depth may be wrong)
17:22:03.970 [diag] Z clip-space remap MISS on minecraft:pipeline/tracy_blit fragment: FLIP_VERTEX_Y pattern not found, z is NOT remapped to [0,1] (depth may be wrong)
17:22:03.996 [diag] Z clip-space remap MISS on minecraft:pipeline/animate_sprite_blit fragment: FLIP_VERTEX_Y pattern not found, z is NOT remapped to [0,1] (depth may be wrong)
17:22:04.020 [diag] Z clip-space remap MISS on minecraft:pipeline/debug_triangle_fan fragment: FLIP_VERTEX_Y pattern not found, z is NOT remapped to [0,1] (depth may be wrong)
17:22:04.045 [diag] Z clip-space remap MISS on minecraft:pipeline/gui_textured_premultiplied_alpha fragment: FLIP_VERTEX_Y pattern not found, z is NOT remapped to [0,1] (depth may be wrong)
17:22:04.069 [diag] Z clip-space remap MISS on minecraft:pipeline/gui_textured fragment: FLIP_VERTEX_Y pattern not found, z is NOT remapped to [0,1] (depth may be wrong)
17:22:04.095 [diag] Z clip-space remap MISS on minecraft:pipeline/translucent_terrain fragment: FLIP_VERTEX_Y pattern not found, z is NOT remapped to [0,1] (depth may be wrong)
17:22:04.121 [diag] Z clip-space remap MISS on minecraft:pipeline/entity_no_outline fragment: FLIP_VERTEX_Y pattern not found, z is NOT remapped to [0,1] (depth may be wrong)
17:22:04.147 [diag] Z clip-space remap MISS on minecraft:pipeline/cutout_terrain fragment: FLIP_VERTEX_Y pattern not found, z is NOT remapped to [0,1] (depth may be wrong)
17:22:04.173 [diag] Z clip-space remap MISS on minecraft:pipeline/entity_solid fragment: FLIP_VERTEX_Y pattern not found, z is NOT remapped to [0,1] (depth may be wrong)
17:22:04.199 [diag] Z clip-space remap MISS on minecraft:pipeline/glint fragment: FLIP_VERTEX_Y pattern not found, z is NOT remapped to [0,1] (depth may be wrong)
17:22:04.224 [diag] Z clip-space remap MISS on minecraft:pipeline/text_polygon_offset fragment: FLIP_VERTEX_Y pattern not found, z is NOT remapped to [0,1] (depth may be wrong)
17:22:04.249 [diag] Z clip-space remap MISS on minecraft:pipeline/translucent_particle fragment: FLIP_VERTEX_Y pattern not found, z is NOT remapped to [0,1] (depth may be wrong)
17:22:04.273 [diag] Z clip-space remap MISS on minecraft:pipeline/fire_screen_effect fragment: FLIP_VERTEX_Y pattern not found, z is NOT remapped to [0,1] (depth may be wrong)
17:22:04.298 [diag] Z clip-space remap MISS on minecraft:pipeline/entity_shadow fragment: FLIP_VERTEX_Y pattern not found, z is NOT remapped to [0,1] (depth may be wrong)
17:22:04.324 [diag] Z clip-space remap MISS on minecraft:pipeline/armor_translucent fragment: FLIP_VERTEX_Y pattern not found, z is NOT remapped to [0,1] (depth may be wrong)
17:22:04.349 [diag] Z clip-space remap MISS on minecraft:pipeline/crumbling fragment: FLIP_VERTEX_Y pattern not found, z is NOT remapped to [0,1] (depth may be wrong)
17:22:04.374 [diag] Z clip-space remap MISS on minecraft:pipeline/dragon_rays fragment: FLIP_VERTEX_Y pattern not found, z is NOT remapped to [0,1] (depth may be wrong)
17:22:04.399 [diag] Z clip-space remap MISS on minecraft:pipeline/sunrise_sunset fragment: FLIP_VERTEX_Y pattern not found, z is NOT remapped to [0,1] (depth may be wrong)
17:22:04.424 [diag] Z clip-space remap MISS on minecraft:pipeline/entity_cutout_no_cull fragment: FLIP_VERTEX_Y pattern not found, z is NOT remapped to [0,1] (depth may be wrong)
17:22:04.448 [diag] Z clip-space remap MISS on minecraft:pipeline/debug_quads fragment: FLIP_VERTEX_Y pattern not found, z is NOT remapped to [0,1] (depth may be wrong)
17:22:04.474 [diag] Z clip-space remap MISS on minecraft:pipeline/dragon_rays_depth fragment: FLIP_VERTEX_Y pattern not found, z is NOT remapped to [0,1] (depth may be wrong)
17:22:04.499 [diag] Z clip-space remap MISS on minecraft:pipeline/gui_nausea_overlay fragment: FLIP_VERTEX_Y pattern not found, z is NOT remapped to [0,1] (depth may be wrong)
17:22:04.524 [diag] Z clip-space remap MISS on minecraft:pipeline/text_intensity_see_through fragment: FLIP_VERTEX_Y pattern not found, z is NOT remapped to [0,1] (depth may be wrong)
17:22:04.548 [diag] Z clip-space remap MISS on minecraft:pipeline/gui fragment: FLIP_VERTEX_Y pattern not found, z is NOT remapped to [0,1] (depth may be wrong)
17:22:04.573 [diag] Z clip-space remap MISS on minecraft:pipeline/translucent_moving_block fragment: FLIP_VERTEX_Y pattern not found, z is NOT remapped to [0,1] (depth may be wrong)
17:22:04.598 [diag] Z clip-space remap MISS on minecraft:pipeline/outline_cull fragment: FLIP_VERTEX_Y pattern not found, z is NOT remapped to [0,1] (depth may be wrong)
17:22:04.623 [diag] Z clip-space remap MISS on minecraft:pipeline/armor_decal_cutout_no_cull fragment: FLIP_VERTEX_Y pattern not found, z is NOT remapped to [0,1] (depth may be wrong)
17:22:04.649 [diag] Z clip-space remap MISS on minecraft:pipeline/cutout_block fragment: FLIP_VERTEX_Y pattern not found, z is NOT remapped to [0,1] (depth may be wrong)
17:22:04.673 [diag] Z clip-space remap MISS on minecraft:pipeline/water_mask fragment: FLIP_VERTEX_Y pattern not found, z is NOT remapped to [0,1] (depth may be wrong)
17:22:04.698 [diag] Z clip-space remap MISS on minecraft:pipeline/text_intensity fragment: FLIP_VERTEX_Y pattern not found, z is NOT remapped to [0,1] (depth may be wrong)
17:22:04.723 [diag] Z clip-space remap MISS on minecraft:pipeline/panorama fragment: FLIP_VERTEX_Y pattern not found, z is NOT remapped to [0,1] (depth may be wrong)
17:22:04.748 [diag] Z clip-space remap MISS on minecraft:pipeline/lightning fragment: FLIP_VERTEX_Y pattern not found, z is NOT remapped to [0,1] (depth may be wrong)
17:22:04.773 [diag] Z clip-space remap MISS on minecraft:pipeline/text_background_see_through fragment: FLIP_VERTEX_Y pattern not found, z is NOT remapped to [0,1] (depth may be wrong)
17:22:04.797 [diag] Z clip-space remap MISS on minecraft:pipeline/entity_outline_blit fragment: FLIP_VERTEX_Y pattern not found, z is NOT remapped to [0,1] (depth may be wrong)
17:22:04.822 [diag] Z clip-space remap MISS on minecraft:pipeline/debug_points fragment: FLIP_VERTEX_Y pattern not found, z is NOT remapped to [0,1] (depth may be wrong)
17:22:04.846 [diag] Z clip-space remap MISS on minecraft:pipeline/gui_invert fragment: FLIP_VERTEX_Y pattern not found, z is NOT remapped to [0,1] (depth may be wrong)
17:22:04.873 [diag] Z clip-space remap MISS on minecraft:pipeline/tripwire_terrain fragment: FLIP_VERTEX_Y pattern not found, z is NOT remapped to [0,1] (depth may be wrong)
17:22:04.899 [diag] Z clip-space remap MISS on minecraft:pipeline/secondary_block_outline fragment: FLIP_VERTEX_Y pattern not found, z is NOT remapped to [0,1] (depth may be wrong)
17:22:04.923 [diag] Z clip-space remap MISS on minecraft:pipeline/debug_filled_box fragment: FLIP_VERTEX_Y pattern not found, z is NOT remapped to [0,1] (depth may be wrong)
17:22:04.949 [diag] Z clip-space remap MISS on minecraft:pipeline/item_entity_translucent_cull fragment: FLIP_VERTEX_Y pattern not found, z is NOT remapped to [0,1] (depth may be wrong)
17:22:04.973 [diag] Z clip-space remap MISS on minecraft:pipeline/mojang_logo fragment: FLIP_VERTEX_Y pattern not found, z is NOT remapped to [0,1] (depth may be wrong)
17:22:04.999 [diag] Z clip-space remap MISS on minecraft:pipeline/end_gateway fragment: FLIP_VERTEX_Y pattern not found, z is NOT remapped to [0,1] (depth may be wrong)
17:22:05.025 [diag] Z clip-space remap MISS on minecraft:pipeline/opaque_particle fragment: FLIP_VERTEX_Y pattern not found, z is NOT remapped to [0,1] (depth may be wrong)
17:22:05.049 [diag] Z clip-space remap MISS on minecraft:pipeline/celestial fragment: FLIP_VERTEX_Y pattern not found, z is NOT remapped to [0,1] (depth may be wrong)
17:22:05.075 [diag] Z clip-space remap MISS on minecraft:pipeline/text fragment: FLIP_VERTEX_Y pattern not found, z is NOT remapped to [0,1] (depth may be wrong)
17:22:05.100 [diag] Z clip-space remap MISS on minecraft:pipeline/entity_solid_offset_forward fragment: FLIP_VERTEX_Y pattern not found, z is NOT remapped to [0,1] (depth may be wrong)
17:22:05.126 [diag] Z clip-space remap MISS on minecraft:pipeline/energy_swirl fragment: FLIP_VERTEX_Y pattern not found, z is NOT remapped to [0,1] (depth may be wrong)
17:22:05.151 [diag] Z clip-space remap MISS on minecraft:pipeline/entity_smooth_cutout fragment: FLIP_VERTEX_Y pattern not found, z is NOT remapped to [0,1] (depth may be wrong)
17:22:05.190 createBuffer stack sample #1:
  knot//com.metallum.client.metal.render.MetalDevice.createBuffer(MetalDevice.java:149)
  knot//net.minecraft.class_1059.method_45848(class_1059.java:116)
  knot//net.minecraft.class_11697$class_11699.method_73035(class_11697.java:168)
  knot//net.minecraft.class_11697$class_11700.method_73039(class_11697.java:212)
  java.base/java.util.ArrayList.forEach(Unknown Source)
  knot//net.minecraft.class_11697$class_11700.method_73037(class_11697.java:212)
  knot//net.minecraft.class_11697.method_76671(class_11697.java:146)
  knot//net.minecraft.class_11697.method_73029(class_11697.java:142)
  java.base/java.util.concurrent.CompletableFuture$UniAccept.tryFire(Unknown Source)
  java.base/java.util.concurrent.CompletableFuture$Completion.run(Unknown Source)
  knot//net.minecraft.class_4014.method_67574(class_4014.java:59)
  knot//net.minecraft.class_1255.method_18859(class_1255.java:169)
17:22:05.203 createBuffer stack sample #2:
  knot//com.metallum.client.metal.render.MetalDevice.createBuffer(MetalDevice.java:149)
  knot//net.minecraft.class_1059.method_76314(class_1059.java:173)
  knot//net.minecraft.class_1059.method_45848(class_1059.java:135)
  knot//net.minecraft.class_11697$class_11699.method_73035(class_11697.java:168)
  knot//net.minecraft.class_11697$class_11700.method_73039(class_11697.java:212)
  java.base/java.util.ArrayList.forEach(Unknown Source)
  knot//net.minecraft.class_11697$class_11700.method_73037(class_11697.java:212)
  knot//net.minecraft.class_11697.method_76671(class_11697.java:146)
  knot//net.minecraft.class_11697.method_73029(class_11697.java:142)
  java.base/java.util.concurrent.CompletableFuture$UniAccept.tryFire(Unknown Source)
  java.base/java.util.concurrent.CompletableFuture$Completion.run(Unknown Source)
  knot//net.minecraft.class_4014.method_67574(class_4014.java:59)
17:22:05.207 createBuffer stack sample #3:
  knot//com.metallum.client.metal.render.MetalDevice.createBuffer(MetalDevice.java:149)
  knot//net.minecraft.class_1059.method_76314(class_1059.java:173)
  knot//net.minecraft.class_1059.method_45848(class_1059.java:135)
  knot//net.minecraft.class_11697$class_11699.method_73035(class_11697.java:168)
  knot//net.minecraft.class_11697$class_11700.method_73039(class_11697.java:212)
  java.base/java.util.ArrayList.forEach(Unknown Source)
  knot//net.minecraft.class_11697$class_11700.method_73037(class_11697.java:212)
  knot//net.minecraft.class_11697.method_76671(class_11697.java:146)
  knot//net.minecraft.class_11697.method_73029(class_11697.java:142)
  java.base/java.util.concurrent.CompletableFuture$UniAccept.tryFire(Unknown Source)
  java.base/java.util.concurrent.CompletableFuture$Completion.run(Unknown Source)
  knot//net.minecraft.class_4014.method_67574(class_4014.java:59)
17:22:05.224 createBuffer stack sample #4:
  knot//com.metallum.client.metal.render.MetalDevice.createBuffer(MetalDevice.java:149)
  knot//net.minecraft.class_1059.method_76314(class_1059.java:173)
  knot//net.minecraft.class_1059.method_45848(class_1059.java:135)
  knot//net.minecraft.class_11697$class_11699.method_73035(class_11697.java:168)
  knot//net.minecraft.class_11697$class_11700.method_73039(class_11697.java:212)
  java.base/java.util.ArrayList.forEach(Unknown Source)
  knot//net.minecraft.class_11697$class_11700.method_73037(class_11697.java:212)
  knot//net.minecraft.class_11697.method_76671(class_11697.java:146)
  knot//net.minecraft.class_11697.method_73029(class_11697.java:142)
  java.base/java.util.concurrent.CompletableFuture$UniAccept.tryFire(Unknown Source)
  java.base/java.util.concurrent.CompletableFuture$Completion.run(Unknown Source)
  knot//net.minecraft.class_4014.method_67574(class_4014.java:59)
17:22:05.229 createBuffer stack sample #5:
  knot//com.metallum.client.metal.render.MetalDevice.createBuffer(MetalDevice.java:149)
  knot//net.minecraft.class_1059.method_76314(class_1059.java:173)
  knot//net.minecraft.class_1059.method_45848(class_1059.java:135)
  knot//net.minecraft.class_11697$class_11699.method_73035(class_11697.java:168)
  knot//net.minecraft.class_11697$class_11700.method_73039(class_11697.java:212)
  java.base/java.util.ArrayList.forEach(Unknown Source)
  knot//net.minecraft.class_11697$class_11700.method_73037(class_11697.java:212)
  knot//net.minecraft.class_11697.method_76671(class_11697.java:146)
  knot//net.minecraft.class_11697.method_73029(class_11697.java:142)
  java.base/java.util.concurrent.CompletableFuture$UniAccept.tryFire(Unknown Source)
  java.base/java.util.concurrent.CompletableFuture$Completion.run(Unknown Source)
  knot//net.minecraft.class_4014.method_67574(class_4014.java:59)
17:22:07.145 frame_time fps=50.8 avg=19.68ms max=320.34ms gpuBehind=0
17:22:09.894 [diag] Z clip-space remap MISS on minecraft:blur/0 fragment: FLIP_VERTEX_Y pattern not found, z is NOT remapped to [0,1] (depth may be wrong)
17:22:09.922 [diag] Z clip-space remap MISS on minecraft:blur/1 fragment: FLIP_VERTEX_Y pattern not found, z is NOT remapped to [0,1] (depth may be wrong)
17:22:09.948 [diag] Z clip-space remap MISS on minecraft:blur/2 fragment: FLIP_VERTEX_Y pattern not found, z is NOT remapped to [0,1] (depth may be wrong)
17:22:09.975 [diag] Z clip-space remap MISS on minecraft:blur/3 fragment: FLIP_VERTEX_Y pattern not found, z is NOT remapped to [0,1] (depth may be wrong)
17:22:10.001 [diag] Z clip-space remap MISS on minecraft:blur/4 fragment: FLIP_VERTEX_Y pattern not found, z is NOT remapped to [0,1] (depth may be wrong)
17:22:10.027 [diag] Z clip-space remap MISS on minecraft:blur/5 fragment: FLIP_VERTEX_Y pattern not found, z is NOT remapped to [0,1] (depth may be wrong)
17:22:12.149 frame_time fps=54.9 avg=18.20ms max=200.99ms gpuBehind=0
17:22:13.031 [diag] Z clip-space remap MISS on sodium/blocks/block_layer_opaque fragment: FLIP_VERTEX_Y pattern not found, z is NOT remapped to [0,1] (depth may be wrong)
17:22:13.065 [diag] Z clip-space remap MISS on sodium/blocks/block_layer_opaque fragment: FLIP_VERTEX_Y pattern not found, z is NOT remapped to [0,1] (depth may be wrong)
17:22:13.096 [diag] Z clip-space remap MISS on sodium/blocks/block_layer_opaque fragment: FLIP_VERTEX_Y pattern not found, z is NOT remapped to [0,1] (depth may be wrong)
17:22:17.161 frame_time fps=51.1 avg=19.58ms max=266.52ms gpuBehind=0
17:22:22.177 frame_time fps=59.8 avg=16.72ms max=33.04ms gpuBehind=0
17:22:27.194 frame_time fps=59.6 avg=16.78ms max=34.60ms gpuBehind=0
17:22:32.194 frame_time fps=60.0 avg=16.67ms max=20.45ms gpuBehind=0
==== Metallum diag start ====
19:07:10.762 [diag] Z clip-space remap MISS on minecraft:pipeline/gui fragment: FLIP_VERTEX_Y pattern not found, z is NOT remapped to [0,1] (depth may be wrong)
19:07:10.791 [diag] Z clip-space remap MISS on minecraft:pipeline/gui_textured fragment: FLIP_VERTEX_Y pattern not found, z is NOT remapped to [0,1] (depth may be wrong)
19:07:10.958 [diag] Z clip-space remap MISS on minecraft:pipeline/mojang_logo fragment: FLIP_VERTEX_Y pattern not found, z is NOT remapped to [0,1] (depth may be wrong)
19:07:10.970 buffers total=42 | usage=0x82 count=15 req=0.0MB alloc=0.0MB | usage=0x22 count=6 req=0.0MB alloc=0.0MB | usage=0x3 count=2 req=1.5MB alloc=1.5MB | usage=0x88 count=15 req=0.0MB alloc=0.0MB | usage=0x28 count=3 req=0.0MB alloc=0.0MB | usage=0x48 count=1 req=0.0MB alloc=0.0MB | sum count=42 req=1.5MB alloc=1.5MB | poolHit=0 poolMiss=42 poolReturn=0 poolHitRate=0%
19:07:11.693 [diag] Z clip-space remap MISS on minecraft:pipeline/entity_cutout_no_cull_z_offset fragment: FLIP_VERTEX_Y pattern not found, z is NOT remapped to [0,1] (depth may be wrong)
19:07:11.720 [diag] Z clip-space remap MISS on minecraft:pipeline/panorama fragment: FLIP_VERTEX_Y pattern not found, z is NOT remapped to [0,1] (depth may be wrong)
19:07:11.749 [diag] Z clip-space remap MISS on minecraft:pipeline/flat_clouds fragment: FLIP_VERTEX_Y pattern not found, z is NOT remapped to [0,1] (depth may be wrong)
19:07:11.775 [diag] Z clip-space remap MISS on minecraft:pipeline/entity_outline_blit fragment: FLIP_VERTEX_Y pattern not found, z is NOT remapped to [0,1] (depth may be wrong)
19:07:11.803 [diag] Z clip-space remap MISS on minecraft:pipeline/secondary_block_outline fragment: FLIP_VERTEX_Y pattern not found, z is NOT remapped to [0,1] (depth may be wrong)
19:07:11.829 [diag] Z clip-space remap MISS on minecraft:pipeline/tripwire_block fragment: FLIP_VERTEX_Y pattern not found, z is NOT remapped to [0,1] (depth may be wrong)
19:07:11.854 [diag] Z clip-space remap MISS on minecraft:pipeline/dragon_rays fragment: FLIP_VERTEX_Y pattern not found, z is NOT remapped to [0,1] (depth may be wrong)
19:07:11.880 [diag] Z clip-space remap MISS on minecraft:pipeline/tracy_blit fragment: FLIP_VERTEX_Y pattern not found, z is NOT remapped to [0,1] (depth may be wrong)
19:07:11.905 [diag] Z clip-space remap MISS on minecraft:pipeline/gui_text_intensity fragment: FLIP_VERTEX_Y pattern not found, z is NOT remapped to [0,1] (depth may be wrong)
19:07:11.932 [diag] Z clip-space remap MISS on minecraft:pipeline/translucent_moving_block fragment: FLIP_VERTEX_Y pattern not found, z is NOT remapped to [0,1] (depth may be wrong)
19:07:11.959 [diag] Z clip-space remap MISS on minecraft:pipeline/end_portal fragment: FLIP_VERTEX_Y pattern not found, z is NOT remapped to [0,1] (depth may be wrong)
19:07:11.986 [diag] Z clip-space remap MISS on minecraft:pipeline/weather_depth_write fragment: FLIP_VERTEX_Y pattern not found, z is NOT remapped to [0,1] (depth may be wrong)
19:07:12.011 [diag] Z clip-space remap MISS on minecraft:pipeline/dragon_explosion_alpha fragment: FLIP_VERTEX_Y pattern not found, z is NOT remapped to [0,1] (depth may be wrong)
19:07:12.037 [diag] Z clip-space remap MISS on minecraft:pipeline/dragon_rays_depth fragment: FLIP_VERTEX_Y pattern not found, z is NOT remapped to [0,1] (depth may be wrong)
19:07:12.062 [diag] Z clip-space remap MISS on minecraft:pipeline/mojang_logo fragment: FLIP_VERTEX_Y pattern not found, z is NOT remapped to [0,1] (depth may be wrong)
19:07:12.087 [diag] Z clip-space remap MISS on minecraft:pipeline/debug_points fragment: FLIP_VERTEX_Y pattern not found, z is NOT remapped to [0,1] (depth may be wrong)
19:07:12.113 [diag] Z clip-space remap MISS on minecraft:pipeline/lines fragment: FLIP_VERTEX_Y pattern not found, z is NOT remapped to [0,1] (depth may be wrong)
19:07:12.139 [diag] Z clip-space remap MISS on minecraft:pipeline/entity_solid_offset_forward fragment: FLIP_VERTEX_Y pattern not found, z is NOT remapped to [0,1] (depth may be wrong)
19:07:12.164 [diag] Z clip-space remap MISS on minecraft:pipeline/debug_triangle_fan fragment: FLIP_VERTEX_Y pattern not found, z is NOT remapped to [0,1] (depth may be wrong)
19:07:12.190 [diag] Z clip-space remap MISS on minecraft:pipeline/armor_decal_cutout_no_cull fragment: FLIP_VERTEX_Y pattern not found, z is NOT remapped to [0,1] (depth may be wrong)
19:07:12.217 [diag] Z clip-space remap MISS on minecraft:pipeline/tripwire_terrain fragment: FLIP_VERTEX_Y pattern not found, z is NOT remapped to [0,1] (depth may be wrong)
19:07:12.242 [diag] Z clip-space remap MISS on minecraft:pipeline/crosshair fragment: FLIP_VERTEX_Y pattern not found, z is NOT remapped to [0,1] (depth may be wrong)
19:07:12.267 [diag] Z clip-space remap MISS on minecraft:pipeline/block_screen_effect fragment: FLIP_VERTEX_Y pattern not found, z is NOT remapped to [0,1] (depth may be wrong)
19:07:12.292 [diag] Z clip-space remap MISS on minecraft:pipeline/text_background fragment: FLIP_VERTEX_Y pattern not found, z is NOT remapped to [0,1] (depth may be wrong)
19:07:12.319 [diag] Z clip-space remap MISS on minecraft:pipeline/entity_decal fragment: FLIP_VERTEX_Y pattern not found, z is NOT remapped to [0,1] (depth may be wrong)
19:07:12.345 [diag] Z clip-space remap MISS on minecraft:pipeline/entity_translucent_emissive fragment: FLIP_VERTEX_Y pattern not found, z is NOT remapped to [0,1] (depth may be wrong)
19:07:12.372 [diag] Z clip-space remap MISS on minecraft:pipeline/wireframe fragment: FLIP_VERTEX_Y pattern not found, z is NOT remapped to [0,1] (depth may be wrong)
19:07:12.397 [diag] Z clip-space remap MISS on minecraft:pipeline/crumbling fragment: FLIP_VERTEX_Y pattern not found, z is NOT remapped to [0,1] (depth may be wrong)
19:07:12.423 [diag] Z clip-space remap MISS on minecraft:pipeline/entity_translucent fragment: FLIP_VERTEX_Y pattern not found, z is NOT remapped to [0,1] (depth may be wrong)
19:07:12.448 [diag] Z clip-space remap MISS on minecraft:pipeline/animate_sprite_interpolate fragment: FLIP_VERTEX_Y pattern not found, z is NOT remapped to [0,1] (depth may be wrong)
19:07:12.474 [diag] Z clip-space remap MISS on minecraft:pipeline/entity_no_outline fragment: FLIP_VERTEX_Y pattern not found, z is NOT remapped to [0,1] (depth may be wrong)
19:07:12.499 [diag] Z clip-space remap MISS on minecraft:pipeline/lightmap fragment: FLIP_VERTEX_Y pattern not found, z is NOT remapped to [0,1] (depth may be wrong)
19:07:12.524 [diag] Z clip-space remap MISS on minecraft:pipeline/energy_swirl fragment: FLIP_VERTEX_Y pattern not found, z is NOT remapped to [0,1] (depth may be wrong)
19:07:12.550 [diag] Z clip-space remap MISS on minecraft:pipeline/sky fragment: FLIP_VERTEX_Y pattern not found, z is NOT remapped to [0,1] (depth may be wrong)
19:07:12.575 [diag] Z clip-space remap MISS on minecraft:pipeline/cutout_block fragment: FLIP_VERTEX_Y pattern not found, z is NOT remapped to [0,1] (depth may be wrong)
19:07:12.600 [diag] Z clip-space remap MISS on minecraft:pipeline/gui_nausea_overlay fragment: FLIP_VERTEX_Y pattern not found, z is NOT remapped to [0,1] (depth may be wrong)
19:07:12.625 [diag] Z clip-space remap MISS on minecraft:pipeline/text_background_see_through fragment: FLIP_VERTEX_Y pattern not found, z is NOT remapped to [0,1] (depth may be wrong)
19:07:12.649 [diag] Z clip-space remap MISS on minecraft:pipeline/animate_sprite_blit fragment: FLIP_VERTEX_Y pattern not found, z is NOT remapped to [0,1] (depth may be wrong)
19:07:12.674 [diag] Z clip-space remap MISS on minecraft:pipeline/gui_invert fragment: FLIP_VERTEX_Y pattern not found, z is NOT remapped to [0,1] (depth may be wrong)
19:07:12.698 [diag] Z clip-space remap MISS on minecraft:pipeline/end_sky fragment: FLIP_VERTEX_Y pattern not found, z is NOT remapped to [0,1] (depth may be wrong)
19:07:12.723 [diag] Z clip-space remap MISS on minecraft:pipeline/item_entity_translucent_cull fragment: FLIP_VERTEX_Y pattern not found, z is NOT remapped to [0,1] (depth may be wrong)
19:07:12.748 [diag] Z clip-space remap MISS on minecraft:pipeline/text_intensity fragment: FLIP_VERTEX_Y pattern not found, z is NOT remapped to [0,1] (depth may be wrong)
19:07:12.775 [diag] Z clip-space remap MISS on minecraft:pipeline/end_gateway fragment: FLIP_VERTEX_Y pattern not found, z is NOT remapped to [0,1] (depth may be wrong)
19:07:12.800 [diag] Z clip-space remap MISS on minecraft:pipeline/fire_screen_effect fragment: FLIP_VERTEX_Y pattern not found, z is NOT remapped to [0,1] (depth may be wrong)
19:07:12.825 [diag] Z clip-space remap MISS on minecraft:pipeline/text_polygon_offset fragment: FLIP_VERTEX_Y pattern not found, z is NOT remapped to [0,1] (depth may be wrong)
19:07:12.853 [diag] Z clip-space remap MISS on minecraft:pipeline/weather_no_depth_write fragment: FLIP_VERTEX_Y pattern not found, z is NOT remapped to [0,1] (depth may be wrong)
19:07:12.878 [diag] Z clip-space remap MISS on minecraft:pipeline/debug_filled_box fragment: FLIP_VERTEX_Y pattern not found, z is NOT remapped to [0,1] (depth may be wrong)
19:07:12.902 [diag] Z clip-space remap MISS on minecraft:pipeline/gui_text_highlight fragment: FLIP_VERTEX_Y pattern not found, z is NOT remapped to [0,1] (depth may be wrong)
19:07:12.927 [diag] Z clip-space remap MISS on minecraft:pipeline/leash fragment: FLIP_VERTEX_Y pattern not found, z is NOT remapped to [0,1] (depth may be wrong)
19:07:12.952 [diag] Z clip-space remap MISS on minecraft:pipeline/beacon_beam_opaque fragment: FLIP_VERTEX_Y pattern not found, z is NOT remapped to [0,1] (depth may be wrong)
19:07:12.977 [diag] Z clip-space remap MISS on minecraft:pipeline/glint fragment: FLIP_VERTEX_Y pattern not found, z is NOT remapped to [0,1] (depth may be wrong)
19:07:13.003 [diag] Z clip-space remap MISS on minecraft:pipeline/clouds fragment: FLIP_VERTEX_Y pattern not found, z is NOT remapped to [0,1] (depth may be wrong)
19:07:13.027 [diag] Z clip-space remap MISS on minecraft:pipeline/vignette fragment: FLIP_VERTEX_Y pattern not found, z is NOT remapped to [0,1] (depth may be wrong)
19:07:13.053 [diag] Z clip-space remap MISS on minecraft:pipeline/cutout_terrain fragment: FLIP_VERTEX_Y pattern not found, z is NOT remapped to [0,1] (depth may be wrong)
19:07:13.079 [diag] Z clip-space remap MISS on minecraft:pipeline/solid_terrain fragment: FLIP_VERTEX_Y pattern not found, z is NOT remapped to [0,1] (depth may be wrong)
19:07:13.105 [diag] Z clip-space remap MISS on minecraft:pipeline/entity_smooth_cutout fragment: FLIP_VERTEX_Y pattern not found, z is NOT remapped to [0,1] (depth may be wrong)
19:07:13.130 [diag] Z clip-space remap MISS on minecraft:pipeline/translucent_particle fragment: FLIP_VERTEX_Y pattern not found, z is NOT remapped to [0,1] (depth may be wrong)
19:07:13.155 [diag] Z clip-space remap MISS on minecraft:pipeline/water_mask fragment: FLIP_VERTEX_Y pattern not found, z is NOT remapped to [0,1] (depth may be wrong)
19:07:13.179 [diag] Z clip-space remap MISS on minecraft:pipeline/outline_no_cull fragment: FLIP_VERTEX_Y pattern not found, z is NOT remapped to [0,1] (depth may be wrong)
19:07:13.203 [diag] Z clip-space remap MISS on minecraft:pipeline/text_intensity_see_through fragment: FLIP_VERTEX_Y pattern not found, z is NOT remapped to [0,1] (depth may be wrong)
19:07:13.228 [diag] Z clip-space remap MISS on minecraft:pipeline/text fragment: FLIP_VERTEX_Y pattern not found, z is NOT remapped to [0,1] (depth may be wrong)
19:07:13.253 [diag] Z clip-space remap MISS on minecraft:pipeline/sunrise_sunset fragment: FLIP_VERTEX_Y pattern not found, z is NOT remapped to [0,1] (depth may be wrong)
19:07:13.278 [diag] Z clip-space remap MISS on minecraft:pipeline/armor_translucent fragment: FLIP_VERTEX_Y pattern not found, z is NOT remapped to [0,1] (depth may be wrong)
19:07:13.302 [diag] Z clip-space remap MISS on minecraft:pipeline/gui_textured_premultiplied_alpha fragment: FLIP_VERTEX_Y pattern not found, z is NOT remapped to [0,1] (depth may be wrong)
19:07:13.327 [diag] Z clip-space remap MISS on minecraft:pipeline/entity_shadow fragment: FLIP_VERTEX_Y pattern not found, z is NOT remapped to [0,1] (depth may be wrong)
19:07:13.352 [diag] Z clip-space remap MISS on minecraft:pipeline/entity_cutout_no_cull fragment: FLIP_VERTEX_Y pattern not found, z is NOT remapped to [0,1] (depth may be wrong)
19:07:13.377 [diag] Z clip-space remap MISS on minecraft:pipeline/outline_cull fragment: FLIP_VERTEX_Y pattern not found, z is NOT remapped to [0,1] (depth may be wrong)
19:07:13.404 [diag] Z clip-space remap MISS on minecraft:pipeline/translucent_terrain fragment: FLIP_VERTEX_Y pattern not found, z is NOT remapped to [0,1] (depth may be wrong)
19:07:13.429 [diag] Z clip-space remap MISS on minecraft:pipeline/beacon_beam_translucent fragment: FLIP_VERTEX_Y pattern not found, z is NOT remapped to [0,1] (depth may be wrong)
19:07:13.454 [diag] Z clip-space remap MISS on minecraft:pipeline/breeze_wind fragment: FLIP_VERTEX_Y pattern not found, z is NOT remapped to [0,1] (depth may be wrong)
19:07:13.480 [diag] Z clip-space remap MISS on minecraft:pipeline/eyes fragment: FLIP_VERTEX_Y pattern not found, z is NOT remapped to [0,1] (depth may be wrong)
19:07:13.504 [diag] Z clip-space remap MISS on minecraft:pipeline/world_border fragment: FLIP_VERTEX_Y pattern not found, z is NOT remapped to [0,1] (depth may be wrong)
19:07:13.529 [diag] Z clip-space remap MISS on minecraft:pipeline/lines_translucent fragment: FLIP_VERTEX_Y pattern not found, z is NOT remapped to [0,1] (depth may be wrong)
19:07:13.554 [diag] Z clip-space remap MISS on minecraft:pipeline/armor_cutout_no_cull fragment: FLIP_VERTEX_Y pattern not found, z is NOT remapped to [0,1] (depth may be wrong)
19:07:13.579 [diag] Z clip-space remap MISS on minecraft:pipeline/text_see_through fragment: FLIP_VERTEX_Y pattern not found, z is NOT remapped to [0,1] (depth may be wrong)
19:07:13.603 [diag] Z clip-space remap MISS on minecraft:pipeline/debug_quads fragment: FLIP_VERTEX_Y pattern not found, z is NOT remapped to [0,1] (depth may be wrong)
19:07:13.628 [diag] Z clip-space remap MISS on minecraft:pipeline/lightning fragment: FLIP_VERTEX_Y pattern not found, z is NOT remapped to [0,1] (depth may be wrong)
19:07:13.654 [diag] Z clip-space remap MISS on minecraft:pipeline/solid_block fragment: FLIP_VERTEX_Y pattern not found, z is NOT remapped to [0,1] (depth may be wrong)
19:07:13.680 [diag] Z clip-space remap MISS on minecraft:pipeline/entity_solid fragment: FLIP_VERTEX_Y pattern not found, z is NOT remapped to [0,1] (depth may be wrong)
19:07:13.704 [diag] Z clip-space remap MISS on minecraft:pipeline/gui_opaque_textured_background fragment: FLIP_VERTEX_Y pattern not found, z is NOT remapped to [0,1] (depth may be wrong)
19:07:13.729 [diag] Z clip-space remap MISS on minecraft:pipeline/stars fragment: FLIP_VERTEX_Y pattern not found, z is NOT remapped to [0,1] (depth may be wrong)
19:07:13.753 [diag] Z clip-space remap MISS on minecraft:pipeline/celestial fragment: FLIP_VERTEX_Y pattern not found, z is NOT remapped to [0,1] (depth may be wrong)
19:07:13.777 [diag] Z clip-space remap MISS on minecraft:pipeline/gui fragment: FLIP_VERTEX_Y pattern not found, z is NOT remapped to [0,1] (depth may be wrong)
19:07:13.802 [diag] Z clip-space remap MISS on minecraft:pipeline/entity_cutout fragment: FLIP_VERTEX_Y pattern not found, z is NOT remapped to [0,1] (depth may be wrong)
19:07:13.827 [diag] Z clip-space remap MISS on minecraft:pipeline/gui_text fragment: FLIP_VERTEX_Y pattern not found, z is NOT remapped to [0,1] (depth may be wrong)
19:07:13.851 [diag] Z clip-space remap MISS on minecraft:pipeline/gui_textured fragment: FLIP_VERTEX_Y pattern not found, z is NOT remapped to [0,1] (depth may be wrong)
19:07:13.876 [diag] Z clip-space remap MISS on minecraft:pipeline/opaque_particle fragment: FLIP_VERTEX_Y pattern not found, z is NOT remapped to [0,1] (depth may be wrong)
19:07:13.917 createBuffer stack sample #1:
  knot//com.metallum.client.metal.render.MetalDevice.createBuffer(MetalDevice.java:149)
  knot//net.minecraft.class_1059.method_45848(class_1059.java:116)
  knot//net.minecraft.class_11697$class_11699.method_73035(class_11697.java:168)
  knot//net.minecraft.class_11697$class_11700.method_73039(class_11697.java:212)
  java.base/java.util.ArrayList.forEach(Unknown Source)
  knot//net.minecraft.class_11697$class_11700.method_73037(class_11697.java:212)
  knot//net.minecraft.class_11697.method_76671(class_11697.java:146)
  knot//net.minecraft.class_11697.method_73029(class_11697.java:142)
  java.base/java.util.concurrent.CompletableFuture$UniAccept.tryFire(Unknown Source)
  java.base/java.util.concurrent.CompletableFuture$Completion.run(Unknown Source)
  knot//net.minecraft.class_4014.method_67574(class_4014.java:59)
  knot//net.minecraft.class_1255.method_18859(class_1255.java:169)
19:07:13.930 createBuffer stack sample #2:
  knot//com.metallum.client.metal.render.MetalDevice.createBuffer(MetalDevice.java:149)
  knot//net.minecraft.class_1059.method_76314(class_1059.java:173)
  knot//net.minecraft.class_1059.method_45848(class_1059.java:135)
  knot//net.minecraft.class_11697$class_11699.method_73035(class_11697.java:168)
  knot//net.minecraft.class_11697$class_11700.method_73039(class_11697.java:212)
  java.base/java.util.ArrayList.forEach(Unknown Source)
  knot//net.minecraft.class_11697$class_11700.method_73037(class_11697.java:212)
  knot//net.minecraft.class_11697.method_76671(class_11697.java:146)
  knot//net.minecraft.class_11697.method_73029(class_11697.java:142)
  java.base/java.util.concurrent.CompletableFuture$UniAccept.tryFire(Unknown Source)
  java.base/java.util.concurrent.CompletableFuture$Completion.run(Unknown Source)
  knot//net.minecraft.class_4014.method_67574(class_4014.java:59)
19:07:13.934 createBuffer stack sample #3:
  knot//com.metallum.client.metal.render.MetalDevice.createBuffer(MetalDevice.java:149)
  knot//net.minecraft.class_1059.method_76314(class_1059.java:173)
  knot//net.minecraft.class_1059.method_45848(class_1059.java:135)
  knot//net.minecraft.class_11697$class_11699.method_73035(class_11697.java:168)
  knot//net.minecraft.class_11697$class_11700.method_73039(class_11697.java:212)
  java.base/java.util.ArrayList.forEach(Unknown Source)
  knot//net.minecraft.class_11697$class_11700.method_73037(class_11697.java:212)
  knot//net.minecraft.class_11697.method_76671(class_11697.java:146)
  knot//net.minecraft.class_11697.method_73029(class_11697.java:142)
  java.base/java.util.concurrent.CompletableFuture$UniAccept.tryFire(Unknown Source)
  java.base/java.util.concurrent.CompletableFuture$Completion.run(Unknown Source)
  knot//net.minecraft.class_4014.method_67574(class_4014.java:59)
19:07:13.952 createBuffer stack sample #4:
  knot//com.metallum.client.metal.render.MetalDevice.createBuffer(MetalDevice.java:149)
  knot//net.minecraft.class_1059.method_76314(class_1059.java:173)
  knot//net.minecraft.class_1059.method_45848(class_1059.java:135)
  knot//net.minecraft.class_11697$class_11699.method_73035(class_11697.java:168)
  knot//net.minecraft.class_11697$class_11700.method_73039(class_11697.java:212)
  java.base/java.util.ArrayList.forEach(Unknown Source)
  knot//net.minecraft.class_11697$class_11700.method_73037(class_11697.java:212)
  knot//net.minecraft.class_11697.method_76671(class_11697.java:146)
  knot//net.minecraft.class_11697.method_73029(class_11697.java:142)
  java.base/java.util.concurrent.CompletableFuture$UniAccept.tryFire(Unknown Source)
  java.base/java.util.concurrent.CompletableFuture$Completion.run(Unknown Source)
  knot//net.minecraft.class_4014.method_67574(class_4014.java:59)
19:07:13.957 createBuffer stack sample #5:
  knot//com.metallum.client.metal.render.MetalDevice.createBuffer(MetalDevice.java:149)
  knot//net.minecraft.class_1059.method_76314(class_1059.java:173)
  knot//net.minecraft.class_1059.method_45848(class_1059.java:135)
  knot//net.minecraft.class_11697$class_11699.method_73035(class_11697.java:168)
  knot//net.minecraft.class_11697$class_11700.method_73039(class_11697.java:212)
  java.base/java.util.ArrayList.forEach(Unknown Source)
  knot//net.minecraft.class_11697$class_11700.method_73037(class_11697.java:212)
  knot//net.minecraft.class_11697.method_76671(class_11697.java:146)
  knot//net.minecraft.class_11697.method_73029(class_11697.java:142)
  java.base/java.util.concurrent.CompletableFuture$UniAccept.tryFire(Unknown Source)
  java.base/java.util.concurrent.CompletableFuture$Completion.run(Unknown Source)
  knot//net.minecraft.class_4014.method_67574(class_4014.java:59)
19:07:15.981 frame_time fps=52.5 avg=19.06ms max=270.73ms gpuBehind=0
19:07:17.309 [diag] Z clip-space remap MISS on minecraft:blur/0 fragment: FLIP_VERTEX_Y pattern not found, z is NOT remapped to [0,1] (depth may be wrong)
19:07:17.336 [diag] Z clip-space remap MISS on minecraft:blur/1 fragment: FLIP_VERTEX_Y pattern not found, z is NOT remapped to [0,1] (depth may be wrong)
19:07:17.361 [diag] Z clip-space remap MISS on minecraft:blur/2 fragment: FLIP_VERTEX_Y pattern not found, z is NOT remapped to [0,1] (depth may be wrong)
19:07:17.386 [diag] Z clip-space remap MISS on minecraft:blur/3 fragment: FLIP_VERTEX_Y pattern not found, z is NOT remapped to [0,1] (depth may be wrong)
19:07:17.411 [diag] Z clip-space remap MISS on minecraft:blur/4 fragment: FLIP_VERTEX_Y pattern not found, z is NOT remapped to [0,1] (depth may be wrong)
19:07:17.436 [diag] Z clip-space remap MISS on minecraft:blur/5 fragment: FLIP_VERTEX_Y pattern not found, z is NOT remapped to [0,1] (depth may be wrong)
19:07:20.866 [diag] Z clip-space remap MISS on sodium/blocks/block_layer_opaque fragment: FLIP_VERTEX_Y pattern not found, z is NOT remapped to [0,1] (depth may be wrong)
19:07:20.899 [diag] Z clip-space remap MISS on sodium/blocks/block_layer_opaque fragment: FLIP_VERTEX_Y pattern not found, z is NOT remapped to [0,1] (depth may be wrong)
19:07:20.933 [diag] Z clip-space remap MISS on sodium/blocks/block_layer_opaque fragment: FLIP_VERTEX_Y pattern not found, z is NOT remapped to [0,1] (depth may be wrong)
19:07:21.039 frame_time fps=48.5 avg=20.61ms max=302.44ms gpuBehind=0
19:07:26.048 frame_time fps=53.5 avg=18.69ms max=118.82ms gpuBehind=0
19:07:31.063 frame_time fps=59.8 avg=16.72ms max=34.80ms gpuBehind=0
19:07:36.080 frame_time fps=60.0 avg=16.67ms max=19.49ms gpuBehind=0
19:07:41.096 frame_time fps=60.0 avg=16.67ms max=17.01ms gpuBehind=0
19:07:46.115 frame_time fps=59.8 avg=16.72ms max=30.22ms gpuBehind=0
19:07:51.129 frame_time fps=60.0 avg=16.67ms max=17.71ms gpuBehind=0
19:07:56.145 frame_time fps=60.0 avg=16.67ms max=17.30ms gpuBehind=0
19:08:01.162 frame_time fps=59.8 avg=16.72ms max=28.64ms gpuBehind=0
19:08:06.179 frame_time fps=59.8 avg=16.72ms max=35.17ms gpuBehind=0
19:08:10.977 buffers total=3352 | usage=0x82 count=51 req=0.0MB alloc=0.0MB | usage=0x22 count=60 req=0.8MB alloc=0.8MB | usage=0x102 count=3 req=2.0MB alloc=2.0MB | usage=0x2 count=1 req=0.4MB alloc=0.4MB | usage=0x3 count=40 req=43.2MB alloc=43.2MB | usage=0x14 count=2996 req=122.6MB alloc=122.6MB | usage=0x88 count=51 req=0.9MB alloc=0.9MB | usage=0x28 count=128 req=242.1MB alloc=242.1MB | usage=0x48 count=11 req=1.7MB alloc=1.7MB | usage=0x9 count=11 req=162.4MB alloc=162.4MB | sum count=3352 req=576.1MB alloc=576.1MB | poolHit=3199 poolMiss=3352 poolReturn=6308 poolHitRate=49%
19:08:11.194 frame_time fps=60.0 avg=16.67ms max=17.44ms gpuBehind=0
19:08:16.211 frame_time fps=60.0 avg=16.67ms max=22.06ms gpuBehind=0
19:08:21.227 frame_time fps=60.0 avg=16.66ms max=18.48ms gpuBehind=0
19:08:26.245 frame_time fps=59.6 avg=16.78ms max=38.40ms gpuBehind=0
19:08:31.259 frame_time fps=60.0 avg=16.67ms max=19.66ms gpuBehind=0
19:08:36.276 frame_time fps=58.6 avg=17.06ms max=59.21ms gpuBehind=0
19:08:41.293 frame_time fps=59.2 avg=16.89ms max=51.56ms gpuBehind=0
19:08:46.308 frame_time fps=59.8 avg=16.72ms max=29.96ms gpuBehind=0
19:08:51.308 frame_time fps=60.0 avg=16.67ms max=19.52ms gpuBehind=0
19:08:56.324 frame_time fps=60.0 avg=16.67ms max=18.86ms gpuBehind=0
19:09:01.342 frame_time fps=59.8 avg=16.72ms max=34.11ms gpuBehind=0
19:09:06.356 frame_time fps=60.0 avg=16.66ms max=21.66ms gpuBehind=0
==== Metallum diag start ====
20:05:33.698 [diag] Z clip-space remap MISS on minecraft:pipeline/gui fragment: FLIP_VERTEX_Y pattern not found, z is NOT remapped to [0,1] (depth may be wrong)
20:05:33.727 [diag] Z clip-space remap MISS on minecraft:pipeline/gui_textured fragment: FLIP_VERTEX_Y pattern not found, z is NOT remapped to [0,1] (depth may be wrong)
20:05:33.994 [diag] Z clip-space remap MISS on minecraft:pipeline/mojang_logo fragment: FLIP_VERTEX_Y pattern not found, z is NOT remapped to [0,1] (depth may be wrong)
20:05:34.005 buffers total=42 | usage=0x82 count=15 req=0.0MB alloc=0.0MB | usage=0x22 count=6 req=0.0MB alloc=0.0MB | usage=0x3 count=2 req=1.5MB alloc=1.5MB | usage=0x88 count=15 req=0.0MB alloc=0.0MB | usage=0x28 count=3 req=0.0MB alloc=0.0MB | usage=0x48 count=1 req=0.0MB alloc=0.0MB | sum count=42 req=1.5MB alloc=1.5MB | poolHit=0 poolMiss=42 poolReturn=0 poolHitRate=0%
20:05:34.772 [diag] Z clip-space remap MISS on minecraft:pipeline/text_polygon_offset fragment: FLIP_VERTEX_Y pattern not found, z is NOT remapped to [0,1] (depth may be wrong)
20:05:34.799 [diag] Z clip-space remap MISS on minecraft:pipeline/glint fragment: FLIP_VERTEX_Y pattern not found, z is NOT remapped to [0,1] (depth may be wrong)
20:05:34.825 [diag] Z clip-space remap MISS on minecraft:pipeline/world_border fragment: FLIP_VERTEX_Y pattern not found, z is NOT remapped to [0,1] (depth may be wrong)
20:05:34.851 [diag] Z clip-space remap MISS on minecraft:pipeline/celestial fragment: FLIP_VERTEX_Y pattern not found, z is NOT remapped to [0,1] (depth may be wrong)
20:05:34.876 [diag] Z clip-space remap MISS on minecraft:pipeline/text_see_through fragment: FLIP_VERTEX_Y pattern not found, z is NOT remapped to [0,1] (depth may be wrong)
20:05:34.902 [diag] Z clip-space remap MISS on minecraft:pipeline/outline_cull fragment: FLIP_VERTEX_Y pattern not found, z is NOT remapped to [0,1] (depth may be wrong)
20:05:34.928 [diag] Z clip-space remap MISS on minecraft:pipeline/clouds fragment: FLIP_VERTEX_Y pattern not found, z is NOT remapped to [0,1] (depth may be wrong)
20:05:34.955 [diag] Z clip-space remap MISS on minecraft:pipeline/entity_cutout fragment: FLIP_VERTEX_Y pattern not found, z is NOT remapped to [0,1] (depth may be wrong)
20:05:34.980 [diag] Z clip-space remap MISS on minecraft:pipeline/gui_invert fragment: FLIP_VERTEX_Y pattern not found, z is NOT remapped to [0,1] (depth may be wrong)
20:05:35.007 [diag] Z clip-space remap MISS on minecraft:pipeline/entity_decal fragment: FLIP_VERTEX_Y pattern not found, z is NOT remapped to [0,1] (depth may be wrong)
20:05:35.032 [diag] Z clip-space remap MISS on minecraft:pipeline/end_sky fragment: FLIP_VERTEX_Y pattern not found, z is NOT remapped to [0,1] (depth may be wrong)
20:05:35.059 [diag] Z clip-space remap MISS on minecraft:pipeline/end_portal fragment: FLIP_VERTEX_Y pattern not found, z is NOT remapped to [0,1] (depth may be wrong)
20:05:35.086 [diag] Z clip-space remap MISS on minecraft:pipeline/dragon_rays_depth fragment: FLIP_VERTEX_Y pattern not found, z is NOT remapped to [0,1] (depth may be wrong)
20:05:35.113 [diag] Z clip-space remap MISS on minecraft:pipeline/item_entity_translucent_cull fragment: FLIP_VERTEX_Y pattern not found, z is NOT remapped to [0,1] (depth may be wrong)
20:05:35.139 [diag] Z clip-space remap MISS on minecraft:pipeline/fire_screen_effect fragment: FLIP_VERTEX_Y pattern not found, z is NOT remapped to [0,1] (depth may be wrong)
20:05:35.165 [diag] Z clip-space remap MISS on minecraft:pipeline/beacon_beam_opaque fragment: FLIP_VERTEX_Y pattern not found, z is NOT remapped to [0,1] (depth may be wrong)
20:05:35.190 [diag] Z clip-space remap MISS on minecraft:pipeline/text fragment: FLIP_VERTEX_Y pattern not found, z is NOT remapped to [0,1] (depth may be wrong)
20:05:35.215 [diag] Z clip-space remap MISS on minecraft:pipeline/debug_triangle_fan fragment: FLIP_VERTEX_Y pattern not found, z is NOT remapped to [0,1] (depth may be wrong)
20:05:35.240 [diag] Z clip-space remap MISS on minecraft:pipeline/gui_text_intensity fragment: FLIP_VERTEX_Y pattern not found, z is NOT remapped to [0,1] (depth may be wrong)
20:05:35.267 [diag] Z clip-space remap MISS on minecraft:pipeline/cutout_terrain fragment: FLIP_VERTEX_Y pattern not found, z is NOT remapped to [0,1] (depth may be wrong)
20:05:35.293 [diag] Z clip-space remap MISS on minecraft:pipeline/gui_nausea_overlay fragment: FLIP_VERTEX_Y pattern not found, z is NOT remapped to [0,1] (depth may be wrong)
20:05:35.319 [diag] Z clip-space remap MISS on minecraft:pipeline/entity_solid fragment: FLIP_VERTEX_Y pattern not found, z is NOT remapped to [0,1] (depth may be wrong)
20:05:35.343 [diag] Z clip-space remap MISS on minecraft:pipeline/panorama fragment: FLIP_VERTEX_Y pattern not found, z is NOT remapped to [0,1] (depth may be wrong)
20:05:35.368 [diag] Z clip-space remap MISS on minecraft:pipeline/text_intensity_see_through fragment: FLIP_VERTEX_Y pattern not found, z is NOT remapped to [0,1] (depth may be wrong)
20:05:35.393 [diag] Z clip-space remap MISS on minecraft:pipeline/text_background_see_through fragment: FLIP_VERTEX_Y pattern not found, z is NOT remapped to [0,1] (depth may be wrong)
20:05:35.419 [diag] Z clip-space remap MISS on minecraft:pipeline/breeze_wind fragment: FLIP_VERTEX_Y pattern not found, z is NOT remapped to [0,1] (depth may be wrong)
20:05:35.445 [diag] Z clip-space remap MISS on minecraft:pipeline/wireframe fragment: FLIP_VERTEX_Y pattern not found, z is NOT remapped to [0,1] (depth may be wrong)
20:05:35.471 [diag] Z clip-space remap MISS on minecraft:pipeline/lightmap fragment: FLIP_VERTEX_Y pattern not found, z is NOT remapped to [0,1] (depth may be wrong)
20:05:35.498 [diag] Z clip-space remap MISS on minecraft:pipeline/eyes fragment: FLIP_VERTEX_Y pattern not found, z is NOT remapped to [0,1] (depth may be wrong)
20:05:35.523 [diag] Z clip-space remap MISS on minecraft:pipeline/gui_textured_premultiplied_alpha fragment: FLIP_VERTEX_Y pattern not found, z is NOT remapped to [0,1] (depth may be wrong)
20:05:35.548 [diag] Z clip-space remap MISS on minecraft:pipeline/tripwire_block fragment: FLIP_VERTEX_Y pattern not found, z is NOT remapped to [0,1] (depth may be wrong)
20:05:35.574 [diag] Z clip-space remap MISS on minecraft:pipeline/armor_cutout_no_cull fragment: FLIP_VERTEX_Y pattern not found, z is NOT remapped to [0,1] (depth may be wrong)
20:05:35.599 [diag] Z clip-space remap MISS on minecraft:pipeline/sunrise_sunset fragment: FLIP_VERTEX_Y pattern not found, z is NOT remapped to [0,1] (depth may be wrong)
20:05:35.624 [diag] Z clip-space remap MISS on minecraft:pipeline/gui_text_highlight fragment: FLIP_VERTEX_Y pattern not found, z is NOT remapped to [0,1] (depth may be wrong)
20:05:35.649 [diag] Z clip-space remap MISS on minecraft:pipeline/text_background fragment: FLIP_VERTEX_Y pattern not found, z is NOT remapped to [0,1] (depth may be wrong)
20:05:35.674 [diag] Z clip-space remap MISS on minecraft:pipeline/outline_no_cull fragment: FLIP_VERTEX_Y pattern not found, z is NOT remapped to [0,1] (depth may be wrong)
20:05:35.701 [diag] Z clip-space remap MISS on minecraft:pipeline/beacon_beam_translucent fragment: FLIP_VERTEX_Y pattern not found, z is NOT remapped to [0,1] (depth may be wrong)
20:05:35.726 [diag] Z clip-space remap MISS on minecraft:pipeline/entity_shadow fragment: FLIP_VERTEX_Y pattern not found, z is NOT remapped to [0,1] (depth may be wrong)
20:05:35.752 [diag] Z clip-space remap MISS on minecraft:pipeline/animate_sprite_blit fragment: FLIP_VERTEX_Y pattern not found, z is NOT remapped to [0,1] (depth may be wrong)
20:05:35.777 [diag] Z clip-space remap MISS on minecraft:pipeline/animate_sprite_interpolate fragment: FLIP_VERTEX_Y pattern not found, z is NOT remapped to [0,1] (depth may be wrong)
20:05:35.803 [diag] Z clip-space remap MISS on minecraft:pipeline/secondary_block_outline fragment: FLIP_VERTEX_Y pattern not found, z is NOT remapped to [0,1] (depth may be wrong)
20:05:35.828 [diag] Z clip-space remap MISS on minecraft:pipeline/gui_text fragment: FLIP_VERTEX_Y pattern not found, z is NOT remapped to [0,1] (depth may be wrong)
20:05:35.853 [diag] Z clip-space remap MISS on minecraft:pipeline/gui_textured fragment: FLIP_VERTEX_Y pattern not found, z is NOT remapped to [0,1] (depth may be wrong)
20:05:35.878 [diag] Z clip-space remap MISS on minecraft:pipeline/lines_translucent fragment: FLIP_VERTEX_Y pattern not found, z is NOT remapped to [0,1] (depth may be wrong)
20:05:35.903 [diag] Z clip-space remap MISS on minecraft:pipeline/dragon_explosion_alpha fragment: FLIP_VERTEX_Y pattern not found, z is NOT remapped to [0,1] (depth may be wrong)
20:05:35.929 [diag] Z clip-space remap MISS on minecraft:pipeline/end_gateway fragment: FLIP_VERTEX_Y pattern not found, z is NOT remapped to [0,1] (depth may be wrong)
20:05:35.955 [diag] Z clip-space remap MISS on minecraft:pipeline/entity_translucent_emissive fragment: FLIP_VERTEX_Y pattern not found, z is NOT remapped to [0,1] (depth may be wrong)
20:05:35.980 [diag] Z clip-space remap MISS on minecraft:pipeline/translucent_particle fragment: FLIP_VERTEX_Y pattern not found, z is NOT remapped to [0,1] (depth may be wrong)
20:05:36.007 [diag] Z clip-space remap MISS on minecraft:pipeline/entity_cutout_no_cull fragment: FLIP_VERTEX_Y pattern not found, z is NOT remapped to [0,1] (depth may be wrong)
20:05:36.032 [diag] Z clip-space remap MISS on minecraft:pipeline/armor_decal_cutout_no_cull fragment: FLIP_VERTEX_Y pattern not found, z is NOT remapped to [0,1] (depth may be wrong)
20:05:36.057 [diag] Z clip-space remap MISS on minecraft:pipeline/debug_quads fragment: FLIP_VERTEX_Y pattern not found, z is NOT remapped to [0,1] (depth may be wrong)
20:05:36.083 [diag] Z clip-space remap MISS on minecraft:pipeline/entity_translucent fragment: FLIP_VERTEX_Y pattern not found, z is NOT remapped to [0,1] (depth may be wrong)
20:05:36.109 [diag] Z clip-space remap MISS on minecraft:pipeline/translucent_terrain fragment: FLIP_VERTEX_Y pattern not found, z is NOT remapped to [0,1] (depth may be wrong)
20:05:36.135 [diag] Z clip-space remap MISS on minecraft:pipeline/weather_no_depth_write fragment: FLIP_VERTEX_Y pattern not found, z is NOT remapped to [0,1] (depth may be wrong)
20:05:36.161 [diag] Z clip-space remap MISS on minecraft:pipeline/tripwire_terrain fragment: FLIP_VERTEX_Y pattern not found, z is NOT remapped to [0,1] (depth may be wrong)
20:05:36.186 [diag] Z clip-space remap MISS on minecraft:pipeline/lines fragment: FLIP_VERTEX_Y pattern not found, z is NOT remapped to [0,1] (depth may be wrong)
20:05:36.211 [diag] Z clip-space remap MISS on minecraft:pipeline/entity_solid_offset_forward fragment: FLIP_VERTEX_Y pattern not found, z is NOT remapped to [0,1] (depth may be wrong)
20:05:36.237 [diag] Z clip-space remap MISS on minecraft:pipeline/solid_block fragment: FLIP_VERTEX_Y pattern not found, z is NOT remapped to [0,1] (depth may be wrong)
20:05:36.262 [diag] Z clip-space remap MISS on minecraft:pipeline/entity_smooth_cutout fragment: FLIP_VERTEX_Y pattern not found, z is NOT remapped to [0,1] (depth may be wrong)
20:05:36.287 [diag] Z clip-space remap MISS on minecraft:pipeline/vignette fragment: FLIP_VERTEX_Y pattern not found, z is NOT remapped to [0,1] (depth may be wrong)
20:05:36.312 [diag] Z clip-space remap MISS on minecraft:pipeline/entity_no_outline fragment: FLIP_VERTEX_Y pattern not found, z is NOT remapped to [0,1] (depth may be wrong)
20:05:36.338 [diag] Z clip-space remap MISS on minecraft:pipeline/energy_swirl fragment: FLIP_VERTEX_Y pattern not found, z is NOT remapped to [0,1] (depth may be wrong)
20:05:36.362 [diag] Z clip-space remap MISS on minecraft:pipeline/gui fragment: FLIP_VERTEX_Y pattern not found, z is NOT remapped to [0,1] (depth may be wrong)
20:05:36.387 [diag] Z clip-space remap MISS on minecraft:pipeline/flat_clouds fragment: FLIP_VERTEX_Y pattern not found, z is NOT remapped to [0,1] (depth may be wrong)
20:05:36.412 [diag] Z clip-space remap MISS on minecraft:pipeline/water_mask fragment: FLIP_VERTEX_Y pattern not found, z is NOT remapped to [0,1] (depth may be wrong)
20:05:36.436 [diag] Z clip-space remap MISS on minecraft:pipeline/debug_filled_box fragment: FLIP_VERTEX_Y pattern not found, z is NOT remapped to [0,1] (depth may be wrong)
20:05:36.461 [diag] Z clip-space remap MISS on minecraft:pipeline/dragon_rays fragment: FLIP_VERTEX_Y pattern not found, z is NOT remapped to [0,1] (depth may be wrong)
20:05:36.486 [diag] Z clip-space remap MISS on minecraft:pipeline/entity_outline_blit fragment: FLIP_VERTEX_Y pattern not found, z is NOT remapped to [0,1] (depth may be wrong)
20:05:36.510 [diag] Z clip-space remap MISS on minecraft:pipeline/lightning fragment: FLIP_VERTEX_Y pattern not found, z is NOT remapped to [0,1] (depth may be wrong)
20:05:36.535 [diag] Z clip-space remap MISS on minecraft:pipeline/leash fragment: FLIP_VERTEX_Y pattern not found, z is NOT remapped to [0,1] (depth may be wrong)
20:05:36.560 [diag] Z clip-space remap MISS on minecraft:pipeline/sky fragment: FLIP_VERTEX_Y pattern not found, z is NOT remapped to [0,1] (depth may be wrong)
20:05:36.585 [diag] Z clip-space remap MISS on minecraft:pipeline/tracy_blit fragment: FLIP_VERTEX_Y pattern not found, z is NOT remapped to [0,1] (depth may be wrong)
20:05:36.611 [diag] Z clip-space remap MISS on minecraft:pipeline/stars fragment: FLIP_VERTEX_Y pattern not found, z is NOT remapped to [0,1] (depth may be wrong)
20:05:36.638 [diag] Z clip-space remap MISS on minecraft:pipeline/entity_cutout_no_cull_z_offset fragment: FLIP_VERTEX_Y pattern not found, z is NOT remapped to [0,1] (depth may be wrong)
20:05:36.666 [diag] Z clip-space remap MISS on minecraft:pipeline/solid_terrain fragment: FLIP_VERTEX_Y pattern not found, z is NOT remapped to [0,1] (depth may be wrong)
20:05:36.692 [diag] Z clip-space remap MISS on minecraft:pipeline/mojang_logo fragment: FLIP_VERTEX_Y pattern not found, z is NOT remapped to [0,1] (depth may be wrong)
20:05:36.717 [diag] Z clip-space remap MISS on minecraft:pipeline/armor_translucent fragment: FLIP_VERTEX_Y pattern not found, z is NOT remapped to [0,1] (depth may be wrong)
20:05:36.743 [diag] Z clip-space remap MISS on minecraft:pipeline/weather_depth_write fragment: FLIP_VERTEX_Y pattern not found, z is NOT remapped to [0,1] (depth may be wrong)
20:05:36.767 [diag] Z clip-space remap MISS on minecraft:pipeline/debug_points fragment: FLIP_VERTEX_Y pattern not found, z is NOT remapped to [0,1] (depth may be wrong)
20:05:36.793 [diag] Z clip-space remap MISS on minecraft:pipeline/translucent_moving_block fragment: FLIP_VERTEX_Y pattern not found, z is NOT remapped to [0,1] (depth may be wrong)
20:05:36.819 [diag] Z clip-space remap MISS on minecraft:pipeline/crumbling fragment: FLIP_VERTEX_Y pattern not found, z is NOT remapped to [0,1] (depth may be wrong)
20:05:36.844 [diag] Z clip-space remap MISS on minecraft:pipeline/cutout_block fragment: FLIP_VERTEX_Y pattern not found, z is NOT remapped to [0,1] (depth may be wrong)
20:05:36.868 [diag] Z clip-space remap MISS on minecraft:pipeline/gui_opaque_textured_background fragment: FLIP_VERTEX_Y pattern not found, z is NOT remapped to [0,1] (depth may be wrong)
20:05:36.893 [diag] Z clip-space remap MISS on minecraft:pipeline/opaque_particle fragment: FLIP_VERTEX_Y pattern not found, z is NOT remapped to [0,1] (depth may be wrong)
20:05:36.918 [diag] Z clip-space remap MISS on minecraft:pipeline/text_intensity fragment: FLIP_VERTEX_Y pattern not found, z is NOT remapped to [0,1] (depth may be wrong)
20:05:36.942 [diag] Z clip-space remap MISS on minecraft:pipeline/block_screen_effect fragment: FLIP_VERTEX_Y pattern not found, z is NOT remapped to [0,1] (depth may be wrong)
20:05:36.967 [diag] Z clip-space remap MISS on minecraft:pipeline/crosshair fragment: FLIP_VERTEX_Y pattern not found, z is NOT remapped to [0,1] (depth may be wrong)
20:05:37.005 createBuffer stack sample #1:
  knot//com.metallum.client.metal.render.MetalDevice.createBuffer(MetalDevice.java:149)
  knot//net.minecraft.class_1059.method_45848(class_1059.java:116)
  knot//net.minecraft.class_11697$class_11699.method_73035(class_11697.java:168)
  knot//net.minecraft.class_11697$class_11700.method_73039(class_11697.java:212)
  java.base/java.util.ArrayList.forEach(Unknown Source)
  knot//net.minecraft.class_11697$class_11700.method_73037(class_11697.java:212)
  knot//net.minecraft.class_11697.method_76671(class_11697.java:146)
  knot//net.minecraft.class_11697.method_73029(class_11697.java:142)
  java.base/java.util.concurrent.CompletableFuture$UniAccept.tryFire(Unknown Source)
  java.base/java.util.concurrent.CompletableFuture$Completion.run(Unknown Source)
  knot//net.minecraft.class_4014.method_67574(class_4014.java:59)
  knot//net.minecraft.class_1255.method_18859(class_1255.java:169)
20:05:37.018 createBuffer stack sample #2:
  knot//com.metallum.client.metal.render.MetalDevice.createBuffer(MetalDevice.java:149)
  knot//net.minecraft.class_1059.method_76314(class_1059.java:173)
  knot//net.minecraft.class_1059.method_45848(class_1059.java:135)
  knot//net.minecraft.class_11697$class_11699.method_73035(class_11697.java:168)
  knot//net.minecraft.class_11697$class_11700.method_73039(class_11697.java:212)
  java.base/java.util.ArrayList.forEach(Unknown Source)
  knot//net.minecraft.class_11697$class_11700.method_73037(class_11697.java:212)
  knot//net.minecraft.class_11697.method_76671(class_11697.java:146)
  knot//net.minecraft.class_11697.method_73029(class_11697.java:142)
  java.base/java.util.concurrent.CompletableFuture$UniAccept.tryFire(Unknown Source)
  java.base/java.util.concurrent.CompletableFuture$Completion.run(Unknown Source)
  knot//net.minecraft.class_4014.method_67574(class_4014.java:59)
20:05:37.022 createBuffer stack sample #3:
  knot//com.metallum.client.metal.render.MetalDevice.createBuffer(MetalDevice.java:149)
  knot//net.minecraft.class_1059.method_76314(class_1059.java:173)
  knot//net.minecraft.class_1059.method_45848(class_1059.java:135)
  knot//net.minecraft.class_11697$class_11699.method_73035(class_11697.java:168)
  knot//net.minecraft.class_11697$class_11700.method_73039(class_11697.java:212)
  java.base/java.util.ArrayList.forEach(Unknown Source)
  knot//net.minecraft.class_11697$class_11700.method_73037(class_11697.java:212)
  knot//net.minecraft.class_11697.method_76671(class_11697.java:146)
  knot//net.minecraft.class_11697.method_73029(class_11697.java:142)
  java.base/java.util.concurrent.CompletableFuture$UniAccept.tryFire(Unknown Source)
  java.base/java.util.concurrent.CompletableFuture$Completion.run(Unknown Source)
  knot//net.minecraft.class_4014.method_67574(class_4014.java:59)
20:05:37.039 createBuffer stack sample #4:
  knot//com.metallum.client.metal.render.MetalDevice.createBuffer(MetalDevice.java:149)
  knot//net.minecraft.class_1059.method_76314(class_1059.java:173)
  knot//net.minecraft.class_1059.method_45848(class_1059.java:135)
  knot//net.minecraft.class_11697$class_11699.method_73035(class_11697.java:168)
  knot//net.minecraft.class_11697$class_11700.method_73039(class_11697.java:212)
  java.base/java.util.ArrayList.forEach(Unknown Source)
  knot//net.minecraft.class_11697$class_11700.method_73037(class_11697.java:212)
  knot//net.minecraft.class_11697.method_76671(class_11697.java:146)
  knot//net.minecraft.class_11697.method_73029(class_11697.java:142)
  java.base/java.util.concurrent.CompletableFuture$UniAccept.tryFire(Unknown Source)
  java.base/java.util.concurrent.CompletableFuture$Completion.run(Unknown Source)
  knot//net.minecraft.class_4014.method_67574(class_4014.java:59)
20:05:37.044 createBuffer stack sample #5:
  knot//com.metallum.client.metal.render.MetalDevice.createBuffer(MetalDevice.java:149)
  knot//net.minecraft.class_1059.method_76314(class_1059.java:173)
  knot//net.minecraft.class_1059.method_45848(class_1059.java:135)
  knot//net.minecraft.class_11697$class_11699.method_73035(class_11697.java:168)
  knot//net.minecraft.class_11697$class_11700.method_73039(class_11697.java:212)
  java.base/java.util.ArrayList.forEach(Unknown Source)
  knot//net.minecraft.class_11697$class_11700.method_73037(class_11697.java:212)
  knot//net.minecraft.class_11697.method_76671(class_11697.java:146)
  knot//net.minecraft.class_11697.method_73029(class_11697.java:142)
  java.base/java.util.concurrent.CompletableFuture$UniAccept.tryFire(Unknown Source)
  java.base/java.util.concurrent.CompletableFuture$Completion.run(Unknown Source)
  knot//net.minecraft.class_4014.method_67574(class_4014.java:59)
20:05:39.012 frame_time fps=53.5 avg=18.70ms max=257.05ms gpuBehind=0
20:05:41.100 [diag] Z clip-space remap MISS on minecraft:blur/0 fragment: FLIP_VERTEX_Y pattern not found, z is NOT remapped to [0,1] (depth may be wrong)
20:05:41.128 [diag] Z clip-space remap MISS on minecraft:blur/1 fragment: FLIP_VERTEX_Y pattern not found, z is NOT remapped to [0,1] (depth may be wrong)
20:05:41.155 [diag] Z clip-space remap MISS on minecraft:blur/2 fragment: FLIP_VERTEX_Y pattern not found, z is NOT remapped to [0,1] (depth may be wrong)
20:05:41.181 [diag] Z clip-space remap MISS on minecraft:blur/3 fragment: FLIP_VERTEX_Y pattern not found, z is NOT remapped to [0,1] (depth may be wrong)
20:05:41.207 [diag] Z clip-space remap MISS on minecraft:blur/4 fragment: FLIP_VERTEX_Y pattern not found, z is NOT remapped to [0,1] (depth may be wrong)
20:05:41.234 [diag] Z clip-space remap MISS on minecraft:blur/5 fragment: FLIP_VERTEX_Y pattern not found, z is NOT remapped to [0,1] (depth may be wrong)
20:05:44.028 frame_time fps=54.6 avg=18.31ms max=189.63ms gpuBehind=0
20:05:44.463 [diag] Z clip-space remap MISS on sodium/blocks/block_layer_opaque fragment: FLIP_VERTEX_Y pattern not found, z is NOT remapped to [0,1] (depth may be wrong)
20:05:44.504 [diag] Z clip-space remap MISS on sodium/blocks/block_layer_opaque fragment: FLIP_VERTEX_Y pattern not found, z is NOT remapped to [0,1] (depth may be wrong)
20:05:44.542 [diag] Z clip-space remap MISS on sodium/blocks/block_layer_opaque fragment: FLIP_VERTEX_Y pattern not found, z is NOT remapped to [0,1] (depth may be wrong)
20:05:49.045 frame_time fps=48.6 avg=20.56ms max=313.60ms gpuBehind=0
20:05:54.060 frame_time fps=60.0 avg=16.66ms max=23.07ms gpuBehind=0
20:05:59.077 frame_time fps=59.8 avg=16.72ms max=35.57ms gpuBehind=0
20:06:04.093 frame_time fps=60.0 avg=16.67ms max=22.01ms gpuBehind=0
20:06:09.109 frame_time fps=60.0 avg=16.67ms max=26.09ms gpuBehind=0
20:06:14.125 frame_time fps=59.8 avg=16.72ms max=35.02ms gpuBehind=0
20:06:19.145 frame_time fps=59.4 avg=16.84ms max=48.96ms gpuBehind=0
20:06:24.159 frame_time fps=60.0 avg=16.66ms max=19.46ms gpuBehind=0
20:06:29.174 frame_time fps=60.0 avg=16.66ms max=18.70ms gpuBehind=0
20:06:34.008 buffers total=3213 | usage=0x82 count=51 req=0.0MB alloc=0.0MB | usage=0x22 count=33 req=0.7MB alloc=0.7MB | usage=0x102 count=3 req=2.0MB alloc=2.0MB | usage=0x2 count=1 req=0.4MB alloc=0.4MB | usage=0x3 count=41 req=43.7MB alloc=43.7MB | usage=0x14 count=2877 req=120.6MB alloc=120.6MB | usage=0x88 count=51 req=0.9MB alloc=0.9MB | usage=0x28 count=141 req=301.4MB alloc=301.4MB | usage=0x48 count=8 req=1.7MB alloc=1.7MB | usage=0x9 count=7 req=103.4MB alloc=103.4MB | sum count=3213 req=574.8MB alloc=574.8MB | poolHit=3189 poolMiss=3213 poolReturn=6148 poolHitRate=50%
20:06:34.190 frame_time fps=60.0 avg=16.66ms max=26.51ms gpuBehind=0
20:06:39.207 frame_time fps=59.8 avg=16.72ms max=33.39ms gpuBehind=0
20:06:44.223 frame_time fps=60.0 avg=16.66ms max=18.95ms gpuBehind=0
20:06:49.241 frame_time fps=59.8 avg=16.72ms max=29.72ms gpuBehind=0
20:06:54.256 frame_time fps=60.0 avg=16.67ms max=19.13ms gpuBehind=0
20:06:59.275 frame_time fps=60.0 avg=16.67ms max=26.17ms gpuBehind=0
20:07:04.274 frame_time fps=59.8 avg=16.72ms max=33.30ms gpuBehind=0
20:07:09.288 frame_time fps=60.0 avg=16.66ms max=20.06ms gpuBehind=0
==== Metallum diag start ====
21:54:24.656 [diag] Z clip-space remap MISS on minecraft:pipeline/gui fragment: FLIP_VERTEX_Y pattern not found, z is NOT remapped to [0,1] (depth may be wrong)
21:54:24.685 [diag] Z clip-space remap MISS on minecraft:pipeline/gui_textured fragment: FLIP_VERTEX_Y pattern not found, z is NOT remapped to [0,1] (depth may be wrong)
21:54:24.857 [diag] Z clip-space remap MISS on minecraft:pipeline/mojang_logo fragment: FLIP_VERTEX_Y pattern not found, z is NOT remapped to [0,1] (depth may be wrong)
21:54:24.869 buffers total=42 | usage=0x82 count=15 req=0.0MB alloc=0.0MB | usage=0x22 count=6 req=0.0MB alloc=0.0MB | usage=0x3 count=2 req=1.5MB alloc=1.5MB | usage=0x88 count=15 req=0.0MB alloc=0.0MB | usage=0x28 count=3 req=0.0MB alloc=0.0MB | usage=0x48 count=1 req=0.0MB alloc=0.0MB | sum count=42 req=1.5MB alloc=1.5MB | poolHit=0 poolMiss=42 poolReturn=0 poolHitRate=0%
21:54:25.669 [diag] Z clip-space remap MISS on minecraft:pipeline/energy_swirl fragment: FLIP_VERTEX_Y pattern not found, z is NOT remapped to [0,1] (depth may be wrong)
21:54:25.699 [diag] Z clip-space remap MISS on minecraft:pipeline/item_entity_translucent_cull fragment: FLIP_VERTEX_Y pattern not found, z is NOT remapped to [0,1] (depth may be wrong)
21:54:25.726 [diag] Z clip-space remap MISS on minecraft:pipeline/entity_shadow fragment: FLIP_VERTEX_Y pattern not found, z is NOT remapped to [0,1] (depth may be wrong)
21:54:25.751 [diag] Z clip-space remap MISS on minecraft:pipeline/tracy_blit fragment: FLIP_VERTEX_Y pattern not found, z is NOT remapped to [0,1] (depth may be wrong)
21:54:25.776 [diag] Z clip-space remap MISS on minecraft:pipeline/end_sky fragment: FLIP_VERTEX_Y pattern not found, z is NOT remapped to [0,1] (depth may be wrong)
21:54:25.802 [diag] Z clip-space remap MISS on minecraft:pipeline/entity_smooth_cutout fragment: FLIP_VERTEX_Y pattern not found, z is NOT remapped to [0,1] (depth may be wrong)
21:54:25.829 [diag] Z clip-space remap MISS on minecraft:pipeline/end_gateway fragment: FLIP_VERTEX_Y pattern not found, z is NOT remapped to [0,1] (depth may be wrong)
21:54:25.855 [diag] Z clip-space remap MISS on minecraft:pipeline/gui_nausea_overlay fragment: FLIP_VERTEX_Y pattern not found, z is NOT remapped to [0,1] (depth may be wrong)
21:54:25.880 [diag] Z clip-space remap MISS on minecraft:pipeline/gui_invert fragment: FLIP_VERTEX_Y pattern not found, z is NOT remapped to [0,1] (depth may be wrong)
21:54:25.905 [diag] Z clip-space remap MISS on minecraft:pipeline/gui_textured fragment: FLIP_VERTEX_Y pattern not found, z is NOT remapped to [0,1] (depth may be wrong)
21:54:25.931 [diag] Z clip-space remap MISS on minecraft:pipeline/entity_decal fragment: FLIP_VERTEX_Y pattern not found, z is NOT remapped to [0,1] (depth may be wrong)
21:54:25.957 [diag] Z clip-space remap MISS on minecraft:pipeline/text_intensity fragment: FLIP_VERTEX_Y pattern not found, z is NOT remapped to [0,1] (depth may be wrong)
21:54:25.983 [diag] Z clip-space remap MISS on minecraft:pipeline/debug_points fragment: FLIP_VERTEX_Y pattern not found, z is NOT remapped to [0,1] (depth may be wrong)
21:54:26.009 [diag] Z clip-space remap MISS on minecraft:pipeline/armor_cutout_no_cull fragment: FLIP_VERTEX_Y pattern not found, z is NOT remapped to [0,1] (depth may be wrong)
21:54:26.034 [diag] Z clip-space remap MISS on minecraft:pipeline/entity_outline_blit fragment: FLIP_VERTEX_Y pattern not found, z is NOT remapped to [0,1] (depth may be wrong)
21:54:26.059 [diag] Z clip-space remap MISS on minecraft:pipeline/weather_depth_write fragment: FLIP_VERTEX_Y pattern not found, z is NOT remapped to [0,1] (depth may be wrong)
21:54:26.086 [diag] Z clip-space remap MISS on minecraft:pipeline/tripwire_terrain fragment: FLIP_VERTEX_Y pattern not found, z is NOT remapped to [0,1] (depth may be wrong)
21:54:26.111 [diag] Z clip-space remap MISS on minecraft:pipeline/gui_text_highlight fragment: FLIP_VERTEX_Y pattern not found, z is NOT remapped to [0,1] (depth may be wrong)
21:54:26.135 [diag] Z clip-space remap MISS on minecraft:pipeline/stars fragment: FLIP_VERTEX_Y pattern not found, z is NOT remapped to [0,1] (depth may be wrong)
21:54:26.161 [diag] Z clip-space remap MISS on minecraft:pipeline/beacon_beam_opaque fragment: FLIP_VERTEX_Y pattern not found, z is NOT remapped to [0,1] (depth may be wrong)
21:54:26.185 [diag] Z clip-space remap MISS on minecraft:pipeline/sunrise_sunset fragment: FLIP_VERTEX_Y pattern not found, z is NOT remapped to [0,1] (depth may be wrong)
21:54:26.210 [diag] Z clip-space remap MISS on minecraft:pipeline/water_mask fragment: FLIP_VERTEX_Y pattern not found, z is NOT remapped to [0,1] (depth may be wrong)
21:54:26.235 [diag] Z clip-space remap MISS on minecraft:pipeline/leash fragment: FLIP_VERTEX_Y pattern not found, z is NOT remapped to [0,1] (depth may be wrong)
21:54:26.261 [diag] Z clip-space remap MISS on minecraft:pipeline/solid_terrain fragment: FLIP_VERTEX_Y pattern not found, z is NOT remapped to [0,1] (depth may be wrong)
21:54:26.286 [diag] Z clip-space remap MISS on minecraft:pipeline/lightning fragment: FLIP_VERTEX_Y pattern not found, z is NOT remapped to [0,1] (depth may be wrong)
21:54:26.311 [diag] Z clip-space remap MISS on minecraft:pipeline/text_intensity_see_through fragment: FLIP_VERTEX_Y pattern not found, z is NOT remapped to [0,1] (depth may be wrong)
21:54:26.336 [diag] Z clip-space remap MISS on minecraft:pipeline/text_background_see_through fragment: FLIP_VERTEX_Y pattern not found, z is NOT remapped to [0,1] (depth may be wrong)
21:54:26.363 [diag] Z clip-space remap MISS on minecraft:pipeline/end_portal fragment: FLIP_VERTEX_Y pattern not found, z is NOT remapped to [0,1] (depth may be wrong)
21:54:26.389 [diag] Z clip-space remap MISS on minecraft:pipeline/lines_translucent fragment: FLIP_VERTEX_Y pattern not found, z is NOT remapped to [0,1] (depth may be wrong)
21:54:26.414 [diag] Z clip-space remap MISS on minecraft:pipeline/world_border fragment: FLIP_VERTEX_Y pattern not found, z is NOT remapped to [0,1] (depth may be wrong)
21:54:26.440 [diag] Z clip-space remap MISS on minecraft:pipeline/solid_block fragment: FLIP_VERTEX_Y pattern not found, z is NOT remapped to [0,1] (depth may be wrong)
21:54:26.466 [diag] Z clip-space remap MISS on minecraft:pipeline/entity_translucent fragment: FLIP_VERTEX_Y pattern not found, z is NOT remapped to [0,1] (depth may be wrong)
21:54:26.492 [diag] Z clip-space remap MISS on minecraft:pipeline/breeze_wind fragment: FLIP_VERTEX_Y pattern not found, z is NOT remapped to [0,1] (depth may be wrong)
21:54:26.518 [diag] Z clip-space remap MISS on minecraft:pipeline/crumbling fragment: FLIP_VERTEX_Y pattern not found, z is NOT remapped to [0,1] (depth may be wrong)
21:54:26.543 [diag] Z clip-space remap MISS on minecraft:pipeline/vignette fragment: FLIP_VERTEX_Y pattern not found, z is NOT remapped to [0,1] (depth may be wrong)
21:54:26.568 [diag] Z clip-space remap MISS on minecraft:pipeline/weather_no_depth_write fragment: FLIP_VERTEX_Y pattern not found, z is NOT remapped to [0,1] (depth may be wrong)
21:54:26.593 [diag] Z clip-space remap MISS on minecraft:pipeline/glint fragment: FLIP_VERTEX_Y pattern not found, z is NOT remapped to [0,1] (depth may be wrong)
21:54:26.619 [diag] Z clip-space remap MISS on minecraft:pipeline/entity_cutout_no_cull_z_offset fragment: FLIP_VERTEX_Y pattern not found, z is NOT remapped to [0,1] (depth may be wrong)
21:54:26.645 [diag] Z clip-space remap MISS on minecraft:pipeline/translucent_moving_block fragment: FLIP_VERTEX_Y pattern not found, z is NOT remapped to [0,1] (depth may be wrong)
21:54:26.670 [diag] Z clip-space remap MISS on minecraft:pipeline/gui fragment: FLIP_VERTEX_Y pattern not found, z is NOT remapped to [0,1] (depth may be wrong)
21:54:26.695 [diag] Z clip-space remap MISS on minecraft:pipeline/outline_cull fragment: FLIP_VERTEX_Y pattern not found, z is NOT remapped to [0,1] (depth may be wrong)
21:54:26.719 [diag] Z clip-space remap MISS on minecraft:pipeline/panorama fragment: FLIP_VERTEX_Y pattern not found, z is NOT remapped to [0,1] (depth may be wrong)
21:54:26.744 [diag] Z clip-space remap MISS on minecraft:pipeline/cutout_block fragment: FLIP_VERTEX_Y pattern not found, z is NOT remapped to [0,1] (depth may be wrong)
21:54:26.769 [diag] Z clip-space remap MISS on minecraft:pipeline/crosshair fragment: FLIP_VERTEX_Y pattern not found, z is NOT remapped to [0,1] (depth may be wrong)
21:54:26.794 [diag] Z clip-space remap MISS on minecraft:pipeline/dragon_rays_depth fragment: FLIP_VERTEX_Y pattern not found, z is NOT remapped to [0,1] (depth may be wrong)
21:54:26.819 [diag] Z clip-space remap MISS on minecraft:pipeline/animate_sprite_interpolate fragment: FLIP_VERTEX_Y pattern not found, z is NOT remapped to [0,1] (depth may be wrong)
21:54:26.844 [diag] Z clip-space remap MISS on minecraft:pipeline/text_polygon_offset fragment: FLIP_VERTEX_Y pattern not found, z is NOT remapped to [0,1] (depth may be wrong)
21:54:26.869 [diag] Z clip-space remap MISS on minecraft:pipeline/beacon_beam_translucent fragment: FLIP_VERTEX_Y pattern not found, z is NOT remapped to [0,1] (depth may be wrong)
21:54:26.894 [diag] Z clip-space remap MISS on minecraft:pipeline/gui_text_intensity fragment: FLIP_VERTEX_Y pattern not found, z is NOT remapped to [0,1] (depth may be wrong)
21:54:26.919 [diag] Z clip-space remap MISS on minecraft:pipeline/block_screen_effect fragment: FLIP_VERTEX_Y pattern not found, z is NOT remapped to [0,1] (depth may be wrong)
21:54:26.943 [diag] Z clip-space remap MISS on minecraft:pipeline/celestial fragment: FLIP_VERTEX_Y pattern not found, z is NOT remapped to [0,1] (depth may be wrong)
21:54:26.968 [diag] Z clip-space remap MISS on minecraft:pipeline/gui_textured_premultiplied_alpha fragment: FLIP_VERTEX_Y pattern not found, z is NOT remapped to [0,1] (depth may be wrong)
21:54:26.993 [diag] Z clip-space remap MISS on minecraft:pipeline/armor_translucent fragment: FLIP_VERTEX_Y pattern not found, z is NOT remapped to [0,1] (depth may be wrong)
21:54:27.018 [diag] Z clip-space remap MISS on minecraft:pipeline/mojang_logo fragment: FLIP_VERTEX_Y pattern not found, z is NOT remapped to [0,1] (depth may be wrong)
21:54:27.043 [diag] Z clip-space remap MISS on minecraft:pipeline/sky fragment: FLIP_VERTEX_Y pattern not found, z is NOT remapped to [0,1] (depth may be wrong)
21:54:27.069 [diag] Z clip-space remap MISS on minecraft:pipeline/entity_translucent_emissive fragment: FLIP_VERTEX_Y pattern not found, z is NOT remapped to [0,1] (depth may be wrong)
21:54:27.095 [diag] Z clip-space remap MISS on minecraft:pipeline/entity_cutout_no_cull fragment: FLIP_VERTEX_Y pattern not found, z is NOT remapped to [0,1] (depth may be wrong)
21:54:27.121 [diag] Z clip-space remap MISS on minecraft:pipeline/entity_no_outline fragment: FLIP_VERTEX_Y pattern not found, z is NOT remapped to [0,1] (depth may be wrong)
21:54:27.146 [diag] Z clip-space remap MISS on minecraft:pipeline/dragon_rays fragment: FLIP_VERTEX_Y pattern not found, z is NOT remapped to [0,1] (depth may be wrong)
21:54:27.171 [diag] Z clip-space remap MISS on minecraft:pipeline/flat_clouds fragment: FLIP_VERTEX_Y pattern not found, z is NOT remapped to [0,1] (depth may be wrong)
21:54:27.198 [diag] Z clip-space remap MISS on minecraft:pipeline/cutout_terrain fragment: FLIP_VERTEX_Y pattern not found, z is NOT remapped to [0,1] (depth may be wrong)
21:54:27.225 [diag] Z clip-space remap MISS on minecraft:pipeline/gui_text fragment: FLIP_VERTEX_Y pattern not found, z is NOT remapped to [0,1] (depth may be wrong)
21:54:27.251 [diag] Z clip-space remap MISS on minecraft:pipeline/translucent_particle fragment: FLIP_VERTEX_Y pattern not found, z is NOT remapped to [0,1] (depth may be wrong)
21:54:27.277 [diag] Z clip-space remap MISS on minecraft:pipeline/entity_solid_offset_forward fragment: FLIP_VERTEX_Y pattern not found, z is NOT remapped to [0,1] (depth may be wrong)
21:54:27.302 [diag] Z clip-space remap MISS on minecraft:pipeline/text fragment: FLIP_VERTEX_Y pattern not found, z is NOT remapped to [0,1] (depth may be wrong)
21:54:27.328 [diag] Z clip-space remap MISS on minecraft:pipeline/clouds fragment: FLIP_VERTEX_Y pattern not found, z is NOT remapped to [0,1] (depth may be wrong)
21:54:27.354 [diag] Z clip-space remap MISS on minecraft:pipeline/entity_cutout fragment: FLIP_VERTEX_Y pattern not found, z is NOT remapped to [0,1] (depth may be wrong)
21:54:27.379 [diag] Z clip-space remap MISS on minecraft:pipeline/debug_quads fragment: FLIP_VERTEX_Y pattern not found, z is NOT remapped to [0,1] (depth may be wrong)
21:54:27.403 [diag] Z clip-space remap MISS on minecraft:pipeline/dragon_explosion_alpha fragment: FLIP_VERTEX_Y pattern not found, z is NOT remapped to [0,1] (depth may be wrong)
21:54:27.428 [diag] Z clip-space remap MISS on minecraft:pipeline/animate_sprite_blit fragment: FLIP_VERTEX_Y pattern not found, z is NOT remapped to [0,1] (depth may be wrong)
21:54:27.453 [diag] Z clip-space remap MISS on minecraft:pipeline/secondary_block_outline fragment: FLIP_VERTEX_Y pattern not found, z is NOT remapped to [0,1] (depth may be wrong)
21:54:27.479 [diag] Z clip-space remap MISS on minecraft:pipeline/tripwire_block fragment: FLIP_VERTEX_Y pattern not found, z is NOT remapped to [0,1] (depth may be wrong)
21:54:27.504 [diag] Z clip-space remap MISS on minecraft:pipeline/text_background fragment: FLIP_VERTEX_Y pattern not found, z is NOT remapped to [0,1] (depth may be wrong)
21:54:27.530 [diag] Z clip-space remap MISS on minecraft:pipeline/opaque_particle fragment: FLIP_VERTEX_Y pattern not found, z is NOT remapped to [0,1] (depth may be wrong)
21:54:27.554 [diag] Z clip-space remap MISS on minecraft:pipeline/fire_screen_effect fragment: FLIP_VERTEX_Y pattern not found, z is NOT remapped to [0,1] (depth may be wrong)
21:54:27.579 [diag] Z clip-space remap MISS on minecraft:pipeline/gui_opaque_textured_background fragment: FLIP_VERTEX_Y pattern not found, z is NOT remapped to [0,1] (depth may be wrong)
21:54:27.604 [diag] Z clip-space remap MISS on minecraft:pipeline/lightmap fragment: FLIP_VERTEX_Y pattern not found, z is NOT remapped to [0,1] (depth may be wrong)
21:54:27.630 [diag] Z clip-space remap MISS on minecraft:pipeline/armor_decal_cutout_no_cull fragment: FLIP_VERTEX_Y pattern not found, z is NOT remapped to [0,1] (depth may be wrong)
21:54:27.655 [diag] Z clip-space remap MISS on minecraft:pipeline/debug_filled_box fragment: FLIP_VERTEX_Y pattern not found, z is NOT remapped to [0,1] (depth may be wrong)
21:54:27.679 [diag] Z clip-space remap MISS on minecraft:pipeline/text_see_through fragment: FLIP_VERTEX_Y pattern not found, z is NOT remapped to [0,1] (depth may be wrong)
21:54:27.704 [diag] Z clip-space remap MISS on minecraft:pipeline/debug_triangle_fan fragment: FLIP_VERTEX_Y pattern not found, z is NOT remapped to [0,1] (depth may be wrong)
21:54:27.730 [diag] Z clip-space remap MISS on minecraft:pipeline/wireframe fragment: FLIP_VERTEX_Y pattern not found, z is NOT remapped to [0,1] (depth may be wrong)
21:54:27.756 [diag] Z clip-space remap MISS on minecraft:pipeline/translucent_terrain fragment: FLIP_VERTEX_Y pattern not found, z is NOT remapped to [0,1] (depth may be wrong)
21:54:27.781 [diag] Z clip-space remap MISS on minecraft:pipeline/outline_no_cull fragment: FLIP_VERTEX_Y pattern not found, z is NOT remapped to [0,1] (depth may be wrong)
21:54:27.806 [diag] Z clip-space remap MISS on minecraft:pipeline/eyes fragment: FLIP_VERTEX_Y pattern not found, z is NOT remapped to [0,1] (depth may be wrong)
21:54:27.832 [diag] Z clip-space remap MISS on minecraft:pipeline/entity_solid fragment: FLIP_VERTEX_Y pattern not found, z is NOT remapped to [0,1] (depth may be wrong)
21:54:27.857 [diag] Z clip-space remap MISS on minecraft:pipeline/lines fragment: FLIP_VERTEX_Y pattern not found, z is NOT remapped to [0,1] (depth may be wrong)
21:54:27.896 createBuffer stack sample #1:
  knot//com.metallum.client.metal.render.MetalDevice.createBuffer(MetalDevice.java:149)
  knot//net.minecraft.class_1059.method_45848(class_1059.java:116)
  knot//net.minecraft.class_11697$class_11699.method_73035(class_11697.java:168)
  knot//net.minecraft.class_11697$class_11700.method_73039(class_11697.java:212)
  java.base/java.util.ArrayList.forEach(Unknown Source)
  knot//net.minecraft.class_11697$class_11700.method_73037(class_11697.java:212)
  knot//net.minecraft.class_11697.method_76671(class_11697.java:146)
  knot//net.minecraft.class_11697.method_73029(class_11697.java:142)
  java.base/java.util.concurrent.CompletableFuture$UniAccept.tryFire(Unknown Source)
  java.base/java.util.concurrent.CompletableFuture$Completion.run(Unknown Source)
  knot//net.minecraft.class_4014.method_67574(class_4014.java:59)
  knot//net.minecraft.class_1255.method_18859(class_1255.java:169)
21:54:27.916 createBuffer stack sample #2:
  knot//com.metallum.client.metal.render.MetalDevice.createBuffer(MetalDevice.java:149)
  knot//net.minecraft.class_1059.method_76314(class_1059.java:173)
  knot//net.minecraft.class_1059.method_45848(class_1059.java:135)
  knot//net.minecraft.class_11697$class_11699.method_73035(class_11697.java:168)
  knot//net.minecraft.class_11697$class_11700.method_73039(class_11697.java:212)
  java.base/java.util.ArrayList.forEach(Unknown Source)
  knot//net.minecraft.class_11697$class_11700.method_73037(class_11697.java:212)
  knot//net.minecraft.class_11697.method_76671(class_11697.java:146)
  knot//net.minecraft.class_11697.method_73029(class_11697.java:142)
  java.base/java.util.concurrent.CompletableFuture$UniAccept.tryFire(Unknown Source)
  java.base/java.util.concurrent.CompletableFuture$Completion.run(Unknown Source)
  knot//net.minecraft.class_4014.method_67574(class_4014.java:59)
21:54:27.920 createBuffer stack sample #3:
  knot//com.metallum.client.metal.render.MetalDevice.createBuffer(MetalDevice.java:149)
  knot//net.minecraft.class_1059.method_76314(class_1059.java:173)
  knot//net.minecraft.class_1059.method_45848(class_1059.java:135)
  knot//net.minecraft.class_11697$class_11699.method_73035(class_11697.java:168)
  knot//net.minecraft.class_11697$class_11700.method_73039(class_11697.java:212)
  java.base/java.util.ArrayList.forEach(Unknown Source)
  knot//net.minecraft.class_11697$class_11700.method_73037(class_11697.java:212)
  knot//net.minecraft.class_11697.method_76671(class_11697.java:146)
  knot//net.minecraft.class_11697.method_73029(class_11697.java:142)
  java.base/java.util.concurrent.CompletableFuture$UniAccept.tryFire(Unknown Source)
  java.base/java.util.concurrent.CompletableFuture$Completion.run(Unknown Source)
  knot//net.minecraft.class_4014.method_67574(class_4014.java:59)
21:54:27.938 createBuffer stack sample #4:
  knot//com.metallum.client.metal.render.MetalDevice.createBuffer(MetalDevice.java:149)
  knot//net.minecraft.class_1059.method_76314(class_1059.java:173)
  knot//net.minecraft.class_1059.method_45848(class_1059.java:135)
  knot//net.minecraft.class_11697$class_11699.method_73035(class_11697.java:168)
  knot//net.minecraft.class_11697$class_11700.method_73039(class_11697.java:212)
  java.base/java.util.ArrayList.forEach(Unknown Source)
  knot//net.minecraft.class_11697$class_11700.method_73037(class_11697.java:212)
  knot//net.minecraft.class_11697.method_76671(class_11697.java:146)
  knot//net.minecraft.class_11697.method_73029(class_11697.java:142)
  java.base/java.util.concurrent.CompletableFuture$UniAccept.tryFire(Unknown Source)
  java.base/java.util.concurrent.CompletableFuture$Completion.run(Unknown Source)
  knot//net.minecraft.class_4014.method_67574(class_4014.java:59)
21:54:27.943 createBuffer stack sample #5:
  knot//com.metallum.client.metal.render.MetalDevice.createBuffer(MetalDevice.java:149)
  knot//net.minecraft.class_1059.method_76314(class_1059.java:173)
  knot//net.minecraft.class_1059.method_45848(class_1059.java:135)
  knot//net.minecraft.class_11697$class_11699.method_73035(class_11697.java:168)
  knot//net.minecraft.class_11697$class_11700.method_73039(class_11697.java:212)
  java.base/java.util.ArrayList.forEach(Unknown Source)
  knot//net.minecraft.class_11697$class_11700.method_73037(class_11697.java:212)
  knot//net.minecraft.class_11697.method_76671(class_11697.java:146)
  knot//net.minecraft.class_11697.method_73029(class_11697.java:142)
  java.base/java.util.concurrent.CompletableFuture$UniAccept.tryFire(Unknown Source)
  java.base/java.util.concurrent.CompletableFuture$Completion.run(Unknown Source)
  knot//net.minecraft.class_4014.method_67574(class_4014.java:59)
21:54:29.875 frame_time fps=51.5 avg=19.41ms max=224.42ms gpuBehind=0
21:54:31.136 [diag] Z clip-space remap MISS on minecraft:blur/0 fragment: FLIP_VERTEX_Y pattern not found, z is NOT remapped to [0,1] (depth may be wrong)
21:54:31.163 [diag] Z clip-space remap MISS on minecraft:blur/1 fragment: FLIP_VERTEX_Y pattern not found, z is NOT remapped to [0,1] (depth may be wrong)
21:54:31.189 [diag] Z clip-space remap MISS on minecraft:blur/2 fragment: FLIP_VERTEX_Y pattern not found, z is NOT remapped to [0,1] (depth may be wrong)
21:54:31.214 [diag] Z clip-space remap MISS on minecraft:blur/3 fragment: FLIP_VERTEX_Y pattern not found, z is NOT remapped to [0,1] (depth may be wrong)
21:54:31.239 [diag] Z clip-space remap MISS on minecraft:blur/4 fragment: FLIP_VERTEX_Y pattern not found, z is NOT remapped to [0,1] (depth may be wrong)
21:54:31.264 [diag] Z clip-space remap MISS on minecraft:blur/5 fragment: FLIP_VERTEX_Y pattern not found, z is NOT remapped to [0,1] (depth may be wrong)
21:54:34.731 [diag] Z clip-space remap MISS on sodium/blocks/block_layer_opaque fragment: FLIP_VERTEX_Y pattern not found, z is NOT remapped to [0,1] (depth may be wrong)
21:54:34.764 [diag] Z clip-space remap MISS on sodium/blocks/block_layer_opaque fragment: FLIP_VERTEX_Y pattern not found, z is NOT remapped to [0,1] (depth may be wrong)
21:54:34.802 [diag] Z clip-space remap MISS on sodium/blocks/block_layer_opaque fragment: FLIP_VERTEX_Y pattern not found, z is NOT remapped to [0,1] (depth may be wrong)
21:54:34.889 frame_time fps=50.2 avg=19.91ms max=279.81ms gpuBehind=0
21:54:39.889 frame_time fps=54.0 avg=18.52ms max=105.49ms gpuBehind=0
21:54:44.906 frame_time fps=59.6 avg=16.78ms max=36.94ms gpuBehind=0
21:54:49.922 frame_time fps=60.0 avg=16.67ms max=17.78ms gpuBehind=0
21:54:54.938 frame_time fps=60.0 avg=16.67ms max=17.27ms gpuBehind=0
21:54:59.955 frame_time fps=59.6 avg=16.78ms max=38.50ms gpuBehind=0
21:55:04.971 frame_time fps=59.4 avg=16.83ms max=43.97ms gpuBehind=0
21:55:09.987 frame_time fps=60.0 avg=16.67ms max=16.81ms gpuBehind=0
21:55:15.004 frame_time fps=59.6 avg=16.78ms max=45.25ms gpuBehind=0
21:55:20.020 frame_time fps=59.4 avg=16.83ms max=37.57ms gpuBehind=0
21:55:24.870 buffers total=5553 | usage=0x82 count=51 req=0.0MB alloc=0.0MB | usage=0x22 count=93 req=1.0MB alloc=1.0MB | usage=0x2 count=1 req=0.4MB alloc=0.4MB | usage=0x102 count=3 req=2.0MB alloc=2.0MB | usage=0x3 count=40 req=43.2MB alloc=43.2MB | usage=0x14 count=5101 req=209.4MB alloc=209.4MB | usage=0x88 count=51 req=0.9MB alloc=0.9MB | usage=0x28 count=171 req=373.4MB alloc=373.4MB | usage=0x48 count=15 req=1.8MB alloc=1.8MB | usage=0x9 count=27 req=398.6MB alloc=398.6MB | sum count=5553 req=1030.7MB alloc=1030.7MB | poolHit=3349 poolMiss=5553 poolReturn=8658 poolHitRate=38%
21:55:25.036 frame_time fps=60.0 avg=16.67ms max=17.59ms gpuBehind=0
21:55:30.053 frame_time fps=58.0 avg=17.24ms max=82.24ms gpuBehind=0
21:55:35.070 frame_time fps=58.8 avg=17.00ms max=47.00ms gpuBehind=0
21:55:40.086 frame_time fps=60.0 avg=16.67ms max=27.04ms gpuBehind=0
21:55:45.103 frame_time fps=59.6 avg=16.78ms max=32.20ms gpuBehind=0
21:55:50.118 frame_time fps=60.0 avg=16.67ms max=22.44ms gpuBehind=0
21:55:55.134 frame_time fps=60.0 avg=16.67ms max=28.20ms gpuBehind=0
21:56:00.153 frame_time fps=60.0 avg=16.67ms max=20.86ms gpuBehind=0
21:56:05.167 frame_time fps=60.0 avg=16.67ms max=17.51ms gpuBehind=0
21:56:10.183 frame_time fps=60.0 avg=16.66ms max=17.09ms gpuBehind=0
21:56:15.200 frame_time fps=60.0 avg=16.67ms max=23.28ms gpuBehind=0
21:56:20.217 frame_time fps=59.4 avg=16.83ms max=48.49ms gpuBehind=0
==== Metallum diag start ====
21:58:00.142 [diag] Z clip-space remap MISS on minecraft:pipeline/gui fragment: FLIP_VERTEX_Y pattern not found, z is NOT remapped to [0,1] (depth may be wrong)
21:58:00.176 [diag] Z clip-space remap MISS on minecraft:pipeline/gui_textured fragment: FLIP_VERTEX_Y pattern not found, z is NOT remapped to [0,1] (depth may be wrong)
21:58:00.416 [diag] Z clip-space remap MISS on minecraft:pipeline/mojang_logo fragment: FLIP_VERTEX_Y pattern not found, z is NOT remapped to [0,1] (depth may be wrong)
21:58:00.457 buffers total=42 | usage=0x82 count=15 req=0.0MB alloc=0.0MB | usage=0x22 count=6 req=0.0MB alloc=0.0MB | usage=0x3 count=2 req=1.5MB alloc=1.5MB | usage=0x88 count=15 req=0.0MB alloc=0.0MB | usage=0x28 count=3 req=0.0MB alloc=0.0MB | usage=0x48 count=1 req=0.0MB alloc=0.0MB | sum count=42 req=1.5MB alloc=1.5MB | poolHit=0 poolMiss=42 poolReturn=0 poolHitRate=0%
21:58:01.552 [diag] Z clip-space remap MISS on minecraft:pipeline/celestial fragment: FLIP_VERTEX_Y pattern not found, z is NOT remapped to [0,1] (depth may be wrong)
21:58:01.599 [diag] Z clip-space remap MISS on minecraft:pipeline/lightmap fragment: FLIP_VERTEX_Y pattern not found, z is NOT remapped to [0,1] (depth may be wrong)
21:58:01.642 [diag] Z clip-space remap MISS on minecraft:pipeline/wireframe fragment: FLIP_VERTEX_Y pattern not found, z is NOT remapped to [0,1] (depth may be wrong)
21:58:01.679 [diag] Z clip-space remap MISS on minecraft:pipeline/text_intensity_see_through fragment: FLIP_VERTEX_Y pattern not found, z is NOT remapped to [0,1] (depth may be wrong)
21:58:01.715 [diag] Z clip-space remap MISS on minecraft:pipeline/beacon_beam_translucent fragment: FLIP_VERTEX_Y pattern not found, z is NOT remapped to [0,1] (depth may be wrong)
21:58:01.750 [diag] Z clip-space remap MISS on minecraft:pipeline/entity_cutout_no_cull fragment: FLIP_VERTEX_Y pattern not found, z is NOT remapped to [0,1] (depth may be wrong)
21:58:01.783 [diag] Z clip-space remap MISS on minecraft:pipeline/entity_solid fragment: FLIP_VERTEX_Y pattern not found, z is NOT remapped to [0,1] (depth may be wrong)
21:58:01.817 [diag] Z clip-space remap MISS on minecraft:pipeline/translucent_terrain fragment: FLIP_VERTEX_Y pattern not found, z is NOT remapped to [0,1] (depth may be wrong)
21:58:01.849 [diag] Z clip-space remap MISS on minecraft:pipeline/translucent_moving_block fragment: FLIP_VERTEX_Y pattern not found, z is NOT remapped to [0,1] (depth may be wrong)
21:58:01.880 [diag] Z clip-space remap MISS on minecraft:pipeline/armor_decal_cutout_no_cull fragment: FLIP_VERTEX_Y pattern not found, z is NOT remapped to [0,1] (depth may be wrong)
21:58:01.910 [diag] Z clip-space remap MISS on minecraft:pipeline/breeze_wind fragment: FLIP_VERTEX_Y pattern not found, z is NOT remapped to [0,1] (depth may be wrong)
21:58:01.940 [diag] Z clip-space remap MISS on minecraft:pipeline/outline_no_cull fragment: FLIP_VERTEX_Y pattern not found, z is NOT remapped to [0,1] (depth may be wrong)
21:58:01.969 [diag] Z clip-space remap MISS on minecraft:pipeline/outline_cull fragment: FLIP_VERTEX_Y pattern not found, z is NOT remapped to [0,1] (depth may be wrong)
21:58:01.998 [diag] Z clip-space remap MISS on minecraft:pipeline/text_intensity fragment: FLIP_VERTEX_Y pattern not found, z is NOT remapped to [0,1] (depth may be wrong)
21:58:02.027 [diag] Z clip-space remap MISS on minecraft:pipeline/flat_clouds fragment: FLIP_VERTEX_Y pattern not found, z is NOT remapped to [0,1] (depth may be wrong)
21:58:02.055 [diag] Z clip-space remap MISS on minecraft:pipeline/text_background fragment: FLIP_VERTEX_Y pattern not found, z is NOT remapped to [0,1] (depth may be wrong)
21:58:02.083 [diag] Z clip-space remap MISS on minecraft:pipeline/opaque_particle fragment: FLIP_VERTEX_Y pattern not found, z is NOT remapped to [0,1] (depth may be wrong)
21:58:02.110 [diag] Z clip-space remap MISS on minecraft:pipeline/tracy_blit fragment: FLIP_VERTEX_Y pattern not found, z is NOT remapped to [0,1] (depth may be wrong)
21:58:02.137 [diag] Z clip-space remap MISS on minecraft:pipeline/entity_translucent_emissive fragment: FLIP_VERTEX_Y pattern not found, z is NOT remapped to [0,1] (depth may be wrong)
21:58:02.164 [diag] Z clip-space remap MISS on minecraft:pipeline/gui_nausea_overlay fragment: FLIP_VERTEX_Y pattern not found, z is NOT remapped to [0,1] (depth may be wrong)
21:58:02.190 [diag] Z clip-space remap MISS on minecraft:pipeline/gui_text_highlight fragment: FLIP_VERTEX_Y pattern not found, z is NOT remapped to [0,1] (depth may be wrong)
21:58:02.215 [diag] Z clip-space remap MISS on minecraft:pipeline/animate_sprite_blit fragment: FLIP_VERTEX_Y pattern not found, z is NOT remapped to [0,1] (depth may be wrong)
21:58:02.242 [diag] Z clip-space remap MISS on minecraft:pipeline/armor_translucent fragment: FLIP_VERTEX_Y pattern not found, z is NOT remapped to [0,1] (depth may be wrong)
21:58:02.267 [diag] Z clip-space remap MISS on minecraft:pipeline/crosshair fragment: FLIP_VERTEX_Y pattern not found, z is NOT remapped to [0,1] (depth may be wrong)
21:58:02.293 [diag] Z clip-space remap MISS on minecraft:pipeline/eyes fragment: FLIP_VERTEX_Y pattern not found, z is NOT remapped to [0,1] (depth may be wrong)
21:58:02.319 [diag] Z clip-space remap MISS on minecraft:pipeline/entity_solid_offset_forward fragment: FLIP_VERTEX_Y pattern not found, z is NOT remapped to [0,1] (depth may be wrong)
21:58:02.345 [diag] Z clip-space remap MISS on minecraft:pipeline/water_mask fragment: FLIP_VERTEX_Y pattern not found, z is NOT remapped to [0,1] (depth may be wrong)
21:58:02.370 [diag] Z clip-space remap MISS on minecraft:pipeline/block_screen_effect fragment: FLIP_VERTEX_Y pattern not found, z is NOT remapped to [0,1] (depth may be wrong)
21:58:02.397 [diag] Z clip-space remap MISS on minecraft:pipeline/entity_cutout_no_cull_z_offset fragment: FLIP_VERTEX_Y pattern not found, z is NOT remapped to [0,1] (depth may be wrong)
21:58:02.423 [diag] Z clip-space remap MISS on minecraft:pipeline/clouds fragment: FLIP_VERTEX_Y pattern not found, z is NOT remapped to [0,1] (depth may be wrong)
21:58:02.448 [diag] Z clip-space remap MISS on minecraft:pipeline/gui_text fragment: FLIP_VERTEX_Y pattern not found, z is NOT remapped to [0,1] (depth may be wrong)
21:58:02.474 [diag] Z clip-space remap MISS on minecraft:pipeline/glint fragment: FLIP_VERTEX_Y pattern not found, z is NOT remapped to [0,1] (depth may be wrong)
21:58:02.500 [diag] Z clip-space remap MISS on minecraft:pipeline/gui_text_intensity fragment: FLIP_VERTEX_Y pattern not found, z is NOT remapped to [0,1] (depth may be wrong)
21:58:02.525 [diag] Z clip-space remap MISS on minecraft:pipeline/solid_block fragment: FLIP_VERTEX_Y pattern not found, z is NOT remapped to [0,1] (depth may be wrong)
21:58:02.551 [diag] Z clip-space remap MISS on minecraft:pipeline/gui_textured_premultiplied_alpha fragment: FLIP_VERTEX_Y pattern not found, z is NOT remapped to [0,1] (depth may be wrong)
21:58:02.576 [diag] Z clip-space remap MISS on minecraft:pipeline/debug_points fragment: FLIP_VERTEX_Y pattern not found, z is NOT remapped to [0,1] (depth may be wrong)
21:58:02.602 [diag] Z clip-space remap MISS on minecraft:pipeline/armor_cutout_no_cull fragment: FLIP_VERTEX_Y pattern not found, z is NOT remapped to [0,1] (depth may be wrong)
21:58:02.627 [diag] Z clip-space remap MISS on minecraft:pipeline/debug_triangle_fan fragment: FLIP_VERTEX_Y pattern not found, z is NOT remapped to [0,1] (depth may be wrong)
21:58:02.652 [diag] Z clip-space remap MISS on minecraft:pipeline/entity_smooth_cutout fragment: FLIP_VERTEX_Y pattern not found, z is NOT remapped to [0,1] (depth may be wrong)
21:58:02.678 [diag] Z clip-space remap MISS on minecraft:pipeline/cutout_block fragment: FLIP_VERTEX_Y pattern not found, z is NOT remapped to [0,1] (depth may be wrong)
21:58:02.706 [diag] Z clip-space remap MISS on minecraft:pipeline/crumbling fragment: FLIP_VERTEX_Y pattern not found, z is NOT remapped to [0,1] (depth may be wrong)
21:58:02.731 [diag] Z clip-space remap MISS on minecraft:pipeline/weather_no_depth_write fragment: FLIP_VERTEX_Y pattern not found, z is NOT remapped to [0,1] (depth may be wrong)
21:58:02.756 [diag] Z clip-space remap MISS on minecraft:pipeline/gui_invert fragment: FLIP_VERTEX_Y pattern not found, z is NOT remapped to [0,1] (depth may be wrong)
21:58:02.782 [diag] Z clip-space remap MISS on minecraft:pipeline/lightning fragment: FLIP_VERTEX_Y pattern not found, z is NOT remapped to [0,1] (depth may be wrong)
21:58:02.807 [diag] Z clip-space remap MISS on minecraft:pipeline/lines fragment: FLIP_VERTEX_Y pattern not found, z is NOT remapped to [0,1] (depth may be wrong)
21:58:02.832 [diag] Z clip-space remap MISS on minecraft:pipeline/fire_screen_effect fragment: FLIP_VERTEX_Y pattern not found, z is NOT remapped to [0,1] (depth may be wrong)
21:58:02.858 [diag] Z clip-space remap MISS on minecraft:pipeline/text_polygon_offset fragment: FLIP_VERTEX_Y pattern not found, z is NOT remapped to [0,1] (depth may be wrong)
21:58:02.883 [diag] Z clip-space remap MISS on minecraft:pipeline/gui_textured fragment: FLIP_VERTEX_Y pattern not found, z is NOT remapped to [0,1] (depth may be wrong)
21:58:02.907 [diag] Z clip-space remap MISS on minecraft:pipeline/entity_outline_blit fragment: FLIP_VERTEX_Y pattern not found, z is NOT remapped to [0,1] (depth may be wrong)
21:58:02.933 [diag] Z clip-space remap MISS on minecraft:pipeline/sky fragment: FLIP_VERTEX_Y pattern not found, z is NOT remapped to [0,1] (depth may be wrong)
21:58:02.957 [diag] Z clip-space remap MISS on minecraft:pipeline/dragon_explosion_alpha fragment: FLIP_VERTEX_Y pattern not found, z is NOT remapped to [0,1] (depth may be wrong)
21:58:02.983 [diag] Z clip-space remap MISS on minecraft:pipeline/stars fragment: FLIP_VERTEX_Y pattern not found, z is NOT remapped to [0,1] (depth may be wrong)
21:58:03.007 [diag] Z clip-space remap MISS on minecraft:pipeline/sunrise_sunset fragment: FLIP_VERTEX_Y pattern not found, z is NOT remapped to [0,1] (depth may be wrong)
21:58:03.033 [diag] Z clip-space remap MISS on minecraft:pipeline/entity_decal fragment: FLIP_VERTEX_Y pattern not found, z is NOT remapped to [0,1] (depth may be wrong)
21:58:03.059 [diag] Z clip-space remap MISS on minecraft:pipeline/end_sky fragment: FLIP_VERTEX_Y pattern not found, z is NOT remapped to [0,1] (depth may be wrong)
21:58:03.084 [diag] Z clip-space remap MISS on minecraft:pipeline/beacon_beam_opaque fragment: FLIP_VERTEX_Y pattern not found, z is NOT remapped to [0,1] (depth may be wrong)
21:58:03.109 [diag] Z clip-space remap MISS on minecraft:pipeline/text_background_see_through fragment: FLIP_VERTEX_Y pattern not found, z is NOT remapped to [0,1] (depth may be wrong)
21:58:03.133 [diag] Z clip-space remap MISS on minecraft:pipeline/panorama fragment: FLIP_VERTEX_Y pattern not found, z is NOT remapped to [0,1] (depth may be wrong)
21:58:03.158 [diag] Z clip-space remap MISS on minecraft:pipeline/mojang_logo fragment: FLIP_VERTEX_Y pattern not found, z is NOT remapped to [0,1] (depth may be wrong)
21:58:03.184 [diag] Z clip-space remap MISS on minecraft:pipeline/entity_no_outline fragment: FLIP_VERTEX_Y pattern not found, z is NOT remapped to [0,1] (depth may be wrong)
21:58:03.211 [diag] Z clip-space remap MISS on minecraft:pipeline/solid_terrain fragment: FLIP_VERTEX_Y pattern not found, z is NOT remapped to [0,1] (depth may be wrong)
21:58:03.236 [diag] Z clip-space remap MISS on minecraft:pipeline/debug_quads fragment: FLIP_VERTEX_Y pattern not found, z is NOT remapped to [0,1] (depth may be wrong)
21:58:03.261 [diag] Z clip-space remap MISS on minecraft:pipeline/translucent_particle fragment: FLIP_VERTEX_Y pattern not found, z is NOT remapped to [0,1] (depth may be wrong)
21:58:03.286 [diag] Z clip-space remap MISS on minecraft:pipeline/gui_opaque_textured_background fragment: FLIP_VERTEX_Y pattern not found, z is NOT remapped to [0,1] (depth may be wrong)
21:58:03.311 [diag] Z clip-space remap MISS on minecraft:pipeline/vignette fragment: FLIP_VERTEX_Y pattern not found, z is NOT remapped to [0,1] (depth may be wrong)
21:58:03.336 [diag] Z clip-space remap MISS on minecraft:pipeline/item_entity_translucent_cull fragment: FLIP_VERTEX_Y pattern not found, z is NOT remapped to [0,1] (depth may be wrong)
21:58:03.362 [diag] Z clip-space remap MISS on minecraft:pipeline/tripwire_block fragment: FLIP_VERTEX_Y pattern not found, z is NOT remapped to [0,1] (depth may be wrong)
21:58:03.387 [diag] Z clip-space remap MISS on minecraft:pipeline/weather_depth_write fragment: FLIP_VERTEX_Y pattern not found, z is NOT remapped to [0,1] (depth may be wrong)
21:58:03.412 [diag] Z clip-space remap MISS on minecraft:pipeline/world_border fragment: FLIP_VERTEX_Y pattern not found, z is NOT remapped to [0,1] (depth may be wrong)
21:58:03.436 [diag] Z clip-space remap MISS on minecraft:pipeline/debug_filled_box fragment: FLIP_VERTEX_Y pattern not found, z is NOT remapped to [0,1] (depth may be wrong)
21:58:03.462 [diag] Z clip-space remap MISS on minecraft:pipeline/secondary_block_outline fragment: FLIP_VERTEX_Y pattern not found, z is NOT remapped to [0,1] (depth may be wrong)
21:58:03.487 [diag] Z clip-space remap MISS on minecraft:pipeline/entity_cutout fragment: FLIP_VERTEX_Y pattern not found, z is NOT remapped to [0,1] (depth may be wrong)
21:58:03.514 [diag] Z clip-space remap MISS on minecraft:pipeline/cutout_terrain fragment: FLIP_VERTEX_Y pattern not found, z is NOT remapped to [0,1] (depth may be wrong)
21:58:03.540 [diag] Z clip-space remap MISS on minecraft:pipeline/text fragment: FLIP_VERTEX_Y pattern not found, z is NOT remapped to [0,1] (depth may be wrong)
21:58:03.565 [diag] Z clip-space remap MISS on minecraft:pipeline/entity_shadow fragment: FLIP_VERTEX_Y pattern not found, z is NOT remapped to [0,1] (depth may be wrong)
21:58:03.590 [diag] Z clip-space remap MISS on minecraft:pipeline/dragon_rays_depth fragment: FLIP_VERTEX_Y pattern not found, z is NOT remapped to [0,1] (depth may be wrong)
21:58:03.616 [diag] Z clip-space remap MISS on minecraft:pipeline/animate_sprite_interpolate fragment: FLIP_VERTEX_Y pattern not found, z is NOT remapped to [0,1] (depth may be wrong)
21:58:03.640 [diag] Z clip-space remap MISS on minecraft:pipeline/gui fragment: FLIP_VERTEX_Y pattern not found, z is NOT remapped to [0,1] (depth may be wrong)
21:58:03.665 [diag] Z clip-space remap MISS on minecraft:pipeline/dragon_rays fragment: FLIP_VERTEX_Y pattern not found, z is NOT remapped to [0,1] (depth may be wrong)
21:58:03.691 [diag] Z clip-space remap MISS on minecraft:pipeline/leash fragment: FLIP_VERTEX_Y pattern not found, z is NOT remapped to [0,1] (depth may be wrong)
21:58:03.717 [diag] Z clip-space remap MISS on minecraft:pipeline/end_portal fragment: FLIP_VERTEX_Y pattern not found, z is NOT remapped to [0,1] (depth may be wrong)
21:58:03.743 [diag] Z clip-space remap MISS on minecraft:pipeline/entity_translucent fragment: FLIP_VERTEX_Y pattern not found, z is NOT remapped to [0,1] (depth may be wrong)
21:58:03.769 [diag] Z clip-space remap MISS on minecraft:pipeline/tripwire_terrain fragment: FLIP_VERTEX_Y pattern not found, z is NOT remapped to [0,1] (depth may be wrong)
21:58:03.796 [diag] Z clip-space remap MISS on minecraft:pipeline/end_gateway fragment: FLIP_VERTEX_Y pattern not found, z is NOT remapped to [0,1] (depth may be wrong)
21:58:03.821 [diag] Z clip-space remap MISS on minecraft:pipeline/text_see_through fragment: FLIP_VERTEX_Y pattern not found, z is NOT remapped to [0,1] (depth may be wrong)
21:58:03.846 [diag] Z clip-space remap MISS on minecraft:pipeline/lines_translucent fragment: FLIP_VERTEX_Y pattern not found, z is NOT remapped to [0,1] (depth may be wrong)
21:58:03.872 [diag] Z clip-space remap MISS on minecraft:pipeline/energy_swirl fragment: FLIP_VERTEX_Y pattern not found, z is NOT remapped to [0,1] (depth may be wrong)
21:58:03.910 createBuffer stack sample #1:
  knot//com.metallum.client.metal.render.MetalDevice.createBuffer(MetalDevice.java:149)
  knot//net.minecraft.class_1059.method_45848(class_1059.java:116)
  knot//net.minecraft.class_11697$class_11699.method_73035(class_11697.java:168)
  knot//net.minecraft.class_11697$class_11700.method_73039(class_11697.java:212)
  java.base/java.util.ArrayList.forEach(Unknown Source)
  knot//net.minecraft.class_11697$class_11700.method_73037(class_11697.java:212)
  knot//net.minecraft.class_11697.method_76671(class_11697.java:146)
  knot//net.minecraft.class_11697.method_73029(class_11697.java:142)
  java.base/java.util.concurrent.CompletableFuture$UniAccept.tryFire(Unknown Source)
  java.base/java.util.concurrent.CompletableFuture$Completion.run(Unknown Source)
  knot//net.minecraft.class_4014.method_67574(class_4014.java:59)
  knot//net.minecraft.class_1255.method_18859(class_1255.java:169)
21:58:03.924 createBuffer stack sample #2:
  knot//com.metallum.client.metal.render.MetalDevice.createBuffer(MetalDevice.java:149)
  knot//net.minecraft.class_1059.method_76314(class_1059.java:173)
  knot//net.minecraft.class_1059.method_45848(class_1059.java:135)
  knot//net.minecraft.class_11697$class_11699.method_73035(class_11697.java:168)
  knot//net.minecraft.class_11697$class_11700.method_73039(class_11697.java:212)
  java.base/java.util.ArrayList.forEach(Unknown Source)
  knot//net.minecraft.class_11697$class_11700.method_73037(class_11697.java:212)
  knot//net.minecraft.class_11697.method_76671(class_11697.java:146)
  knot//net.minecraft.class_11697.method_73029(class_11697.java:142)
  java.base/java.util.concurrent.CompletableFuture$UniAccept.tryFire(Unknown Source)
  java.base/java.util.concurrent.CompletableFuture$Completion.run(Unknown Source)
  knot//net.minecraft.class_4014.method_67574(class_4014.java:59)
21:58:03.928 createBuffer stack sample #3:
  knot//com.metallum.client.metal.render.MetalDevice.createBuffer(MetalDevice.java:149)
  knot//net.minecraft.class_1059.method_76314(class_1059.java:173)
  knot//net.minecraft.class_1059.method_45848(class_1059.java:135)
  knot//net.minecraft.class_11697$class_11699.method_73035(class_11697.java:168)
  knot//net.minecraft.class_11697$class_11700.method_73039(class_11697.java:212)
  java.base/java.util.ArrayList.forEach(Unknown Source)
  knot//net.minecraft.class_11697$class_11700.method_73037(class_11697.java:212)
  knot//net.minecraft.class_11697.method_76671(class_11697.java:146)
  knot//net.minecraft.class_11697.method_73029(class_11697.java:142)
  java.base/java.util.concurrent.CompletableFuture$UniAccept.tryFire(Unknown Source)
  java.base/java.util.concurrent.CompletableFuture$Completion.run(Unknown Source)
  knot//net.minecraft.class_4014.method_67574(class_4014.java:59)
21:58:03.944 createBuffer stack sample #4:
  knot//com.metallum.client.metal.render.MetalDevice.createBuffer(MetalDevice.java:149)
  knot//net.minecraft.class_1059.method_76314(class_1059.java:173)
  knot//net.minecraft.class_1059.method_45848(class_1059.java:135)
  knot//net.minecraft.class_11697$class_11699.method_73035(class_11697.java:168)
  knot//net.minecraft.class_11697$class_11700.method_73039(class_11697.java:212)
  java.base/java.util.ArrayList.forEach(Unknown Source)
  knot//net.minecraft.class_11697$class_11700.method_73037(class_11697.java:212)
  knot//net.minecraft.class_11697.method_76671(class_11697.java:146)
  knot//net.minecraft.class_11697.method_73029(class_11697.java:142)
  java.base/java.util.concurrent.CompletableFuture$UniAccept.tryFire(Unknown Source)
  java.base/java.util.concurrent.CompletableFuture$Completion.run(Unknown Source)
  knot//net.minecraft.class_4014.method_67574(class_4014.java:59)
21:58:03.949 createBuffer stack sample #5:
  knot//com.metallum.client.metal.render.MetalDevice.createBuffer(MetalDevice.java:149)
  knot//net.minecraft.class_1059.method_76314(class_1059.java:173)
  knot//net.minecraft.class_1059.method_45848(class_1059.java:135)
  knot//net.minecraft.class_11697$class_11699.method_73035(class_11697.java:168)
  knot//net.minecraft.class_11697$class_11700.method_73039(class_11697.java:212)
  java.base/java.util.ArrayList.forEach(Unknown Source)
  knot//net.minecraft.class_11697$class_11700.method_73037(class_11697.java:212)
  knot//net.minecraft.class_11697.method_76671(class_11697.java:146)
  knot//net.minecraft.class_11697.method_73029(class_11697.java:142)
  java.base/java.util.concurrent.CompletableFuture$UniAccept.tryFire(Unknown Source)
  java.base/java.util.concurrent.CompletableFuture$Completion.run(Unknown Source)
  knot//net.minecraft.class_4014.method_67574(class_4014.java:59)
21:58:05.459 frame_time fps=50.7 avg=19.73ms max=191.46ms gpuBehind=0
21:58:06.754 [diag] Z clip-space remap MISS on minecraft:blur/0 fragment: FLIP_VERTEX_Y pattern not found, z is NOT remapped to [0,1] (depth may be wrong)
21:58:06.781 [diag] Z clip-space remap MISS on minecraft:blur/1 fragment: FLIP_VERTEX_Y pattern not found, z is NOT remapped to [0,1] (depth may be wrong)
21:58:06.806 [diag] Z clip-space remap MISS on minecraft:blur/2 fragment: FLIP_VERTEX_Y pattern not found, z is NOT remapped to [0,1] (depth may be wrong)
21:58:06.831 [diag] Z clip-space remap MISS on minecraft:blur/3 fragment: FLIP_VERTEX_Y pattern not found, z is NOT remapped to [0,1] (depth may be wrong)
21:58:06.856 [diag] Z clip-space remap MISS on minecraft:blur/4 fragment: FLIP_VERTEX_Y pattern not found, z is NOT remapped to [0,1] (depth may be wrong)
21:58:06.881 [diag] Z clip-space remap MISS on minecraft:blur/5 fragment: FLIP_VERTEX_Y pattern not found, z is NOT remapped to [0,1] (depth may be wrong)
21:58:10.471 frame_time fps=54.5 avg=18.35ms max=190.08ms gpuBehind=0
21:58:11.177 [diag] Z clip-space remap MISS on sodium/blocks/block_layer_opaque fragment: FLIP_VERTEX_Y pattern not found, z is NOT remapped to [0,1] (depth may be wrong)
21:58:11.247 [diag] Z clip-space remap MISS on sodium/blocks/block_layer_opaque fragment: FLIP_VERTEX_Y pattern not found, z is NOT remapped to [0,1] (depth may be wrong)
21:58:11.303 [diag] Z clip-space remap MISS on sodium/blocks/block_layer_opaque fragment: FLIP_VERTEX_Y pattern not found, z is NOT remapped to [0,1] (depth may be wrong)
21:58:16.056 frame_time fps=47.7 avg=20.98ms max=471.75ms gpuBehind=0
21:58:21.058 frame_time fps=46.2 avg=21.66ms max=210.63ms gpuBehind=0
21:58:26.058 frame_time fps=59.8 avg=16.73ms max=41.72ms gpuBehind=0
